datetime,arduino_millis,voltage
2026-06-23T13:23:49.331724,,34
2026-06-23T13:23:49.331833,610397,34
2026-06-23T13:23:49.331877,610398,34
2026-06-23T13:23:49.331961,610399,34
2026-06-23T13:23:49.332012,610400,34
2026-06-23T13:23:49.332053,610401,34
2026-06-23T13:23:49.332089,610402,34
2026-06-23T13:23:49.332125,610403,34
2026-06-23T13:23:49.332160,610404,33
2026-06-23T13:23:49.332194,610405,33
2026-06-23T13:23:49.332227,610406,33
2026-06-23T13:23:49.342149,610407,33
2026-06-23T13:23:49.342194,610408,33
2026-06-23T13:23:49.342254,610409,33
2026-06-23T13:23:49.342296,610410,33
2026-06-23T13:23:49.342335,610411,33
2026-06-23T13:23:49.342372,610412,33
2026-06-23T13:23:49.342408,610413,33
2026-06-23T13:23:49.342445,610414,33
2026-06-23T13:23:49.342484,610414,33
2026-06-23T13:23:49.342523,610415,33
2026-06-23T13:23:49.342560,610416,33
2026-06-23T13:23:49.352593,610417,33
2026-06-23T13:23:49.352665,610418,33
2026-06-23T13:23:49.352706,610419,33
2026-06-23T13:23:49.352745,610420,33
2026-06-23T13:23:49.352783,610421,33
2026-06-23T13:23:49.352820,610422,33
2026-06-23T13:23:49.352857,610423,33
2026-06-23T13:23:49.352894,610424,33
2026-06-23T13:23:49.352930,610425,32
2026-06-23T13:23:49.352967,610426,32
2026-06-23T13:23:49.353003,610427,32
2026-06-23T13:23:49.363164,610428,32
2026-06-23T13:23:49.363209,610429,32
2026-06-23T13:23:49.363248,610430,32
2026-06-23T13:23:49.363285,610431,32
2026-06-23T13:23:49.363322,610432,32
2026-06-23T13:23:49.363358,610433,32
2026-06-23T13:23:49.363395,610434,32
2026-06-23T13:23:49.363431,610435,32
2026-06-23T13:23:49.363468,610435,31
2026-06-23T13:23:49.363504,610436,32
2026-06-23T13:23:49.363540,610437,32
2026-06-23T13:23:49.373431,610438,32
2026-06-23T13:23:49.373497,610439,32
2026-06-23T13:23:49.373538,610440,32
2026-06-23T13:23:49.373577,610441,31
2026-06-23T13:23:49.373615,610442,31
2026-06-23T13:23:49.373652,610443,32
2026-06-23T13:23:49.373689,610444,31
2026-06-23T13:23:49.373743,610445,26
2026-06-23T13:23:49.373789,610446,32
2026-06-23T13:23:49.373826,610447,32
2026-06-23T13:23:49.373862,610448,31
2026-06-23T13:23:49.384012,610449,32
2026-06-23T13:23:49.384075,610450,32
2026-06-23T13:23:49.384138,610451,32
2026-06-23T13:23:49.384182,610452,32
2026-06-23T13:23:49.384221,610453,31
2026-06-23T13:23:49.384258,610454,31
2026-06-23T13:23:49.384295,610455,31
2026-06-23T13:23:49.384331,610456,32
2026-06-23T13:23:49.384369,610456,31
2026-06-23T13:23:49.384405,610457,32
2026-06-23T13:23:49.384441,610458,32
2026-06-23T13:23:49.394418,610459,32
2026-06-23T13:23:49.394467,610460,31
2026-06-23T13:23:49.394532,610461,32
2026-06-23T13:23:49.394578,610462,32
2026-06-23T13:23:49.394622,610463,31
2026-06-23T13:23:49.394662,610464,32
2026-06-23T13:23:49.394705,610465,32
2026-06-23T13:23:49.394748,610466,32
2026-06-23T13:23:49.394791,610467,32
2026-06-23T13:23:49.394832,610468,32
2026-06-23T13:23:49.404783,610469,32
2026-06-23T13:23:49.404858,610470,27
2026-06-23T13:23:49.404906,610471,32
2026-06-23T13:23:49.404950,610472,32
2026-06-23T13:23:49.404993,610473,32
2026-06-23T13:23:49.405037,610474,32
2026-06-23T13:23:49.405078,610475,32
2026-06-23T13:23:49.405119,610476,32
2026-06-23T13:23:49.405160,610477,32
2026-06-23T13:23:49.405200,610478,32
2026-06-23T13:23:49.405241,610478,32
2026-06-23T13:23:49.415228,610479,32
2026-06-23T13:23:49.415328,610480,32
2026-06-23T13:23:49.415393,610481,31
2026-06-23T13:23:49.415441,610482,31
2026-06-23T13:23:49.415485,610483,31
2026-06-23T13:23:49.415529,610484,31
2026-06-23T13:23:49.415572,610485,31
2026-06-23T13:23:49.415613,610486,31
2026-06-23T13:23:49.415655,610487,31
2026-06-23T13:23:49.415696,610488,31
2026-06-23T13:23:49.415737,610489,31
2026-06-23T13:23:49.425720,610490,31
2026-06-23T13:23:49.425779,610491,32
2026-06-23T13:23:49.425854,610492,32
2026-06-23T13:23:49.425908,610493,32
2026-06-23T13:23:49.425955,610494,32
2026-06-23T13:23:49.426002,610495,32
2026-06-23T13:23:49.426049,610496,31
2026-06-23T13:23:49.426096,610497,32
2026-06-23T13:23:49.426142,610498,32
2026-06-23T13:23:49.426187,610499,31
2026-06-23T13:23:49.426253,610499,30
2026-06-23T13:23:49.436182,610500,31
2026-06-23T13:23:49.436253,610501,31
2026-06-23T13:23:49.436301,610502,31
2026-06-23T13:23:49.436346,610503,31
2026-06-23T13:23:49.436392,610504,31
2026-06-23T13:23:49.436437,610505,31
2026-06-23T13:23:49.436482,610506,31
2026-06-23T13:23:49.436526,610507,31
2026-06-23T13:23:49.436570,610508,31
2026-06-23T13:23:49.436614,610509,31
2026-06-23T13:23:49.436675,610510,31
2026-06-23T13:23:49.446634,610511,31
2026-06-23T13:23:49.446727,610512,31
2026-06-23T13:23:49.446783,610513,31
2026-06-23T13:23:49.446831,610514,31
2026-06-23T13:23:49.446879,610515,31
2026-06-23T13:23:49.446925,610516,32
2026-06-23T13:23:49.446971,610517,32
2026-06-23T13:23:49.447016,610518,33
2026-06-23T13:23:49.447060,610519,33
2026-06-23T13:23:49.447105,610520,33
2026-06-23T13:23:49.447149,610520,33
2026-06-23T13:23:49.457016,610521,33
2026-06-23T13:23:49.457108,610522,32
2026-06-23T13:23:49.457152,610523,32
2026-06-23T13:23:49.457194,610524,32
2026-06-23T13:23:49.457235,610525,35
2026-06-23T13:23:49.457274,610526,32
2026-06-23T13:23:49.457314,610527,32
2026-06-23T13:23:49.457353,610528,32
2026-06-23T13:23:49.457392,610529,32
2026-06-23T13:23:49.457431,610530,32
2026-06-23T13:23:49.457470,610531,32
2026-06-23T13:23:49.467426,610532,32
2026-06-23T13:23:49.467498,610533,32
2026-06-23T13:23:49.467618,610534,32
2026-06-23T13:23:49.467665,610535,32
2026-06-23T13:23:49.467719,610536,32
2026-06-23T13:23:49.467763,610537,32
2026-06-23T13:23:49.467808,610538,32
2026-06-23T13:23:49.467846,610539,32
2026-06-23T13:23:49.467880,610540,32
2026-06-23T13:23:49.467924,610541,32
2026-06-23T13:23:49.467961,610542,32
2026-06-23T13:23:49.477900,610542,33
2026-06-23T13:23:49.477962,610543,32
2026-06-23T13:23:49.477995,610544,32
2026-06-23T13:23:49.478049,610545,39
2026-06-23T13:23:49.478095,610546,32
2026-06-23T13:23:49.478128,610547,32
2026-06-23T13:23:49.478160,610548,32
2026-06-23T13:23:49.478191,610549,32
2026-06-23T13:23:49.478222,610550,32
2026-06-23T13:23:49.478252,610551,33
2026-06-23T13:23:49.478282,610552,33
2026-06-23T13:23:49.488307,610553,33
2026-06-23T13:23:49.488366,610554,33
2026-06-23T13:23:49.488397,610555,33
2026-06-23T13:23:49.488428,610556,33
2026-06-23T13:23:49.488457,610557,33
2026-06-23T13:23:49.488485,610558,33
2026-06-23T13:23:49.488526,610559,32
2026-06-23T13:23:49.488572,610560,32
2026-06-23T13:23:49.488612,610561,32
2026-06-23T13:23:49.488644,610562,32
2026-06-23T13:23:49.488675,610563,33
2026-06-23T13:23:49.498725,610563,33
2026-06-23T13:23:49.498778,610564,33
2026-06-23T13:23:49.498812,610565,33
2026-06-23T13:23:49.498842,610566,32
2026-06-23T13:23:49.498876,610567,32
2026-06-23T13:23:49.498906,610568,32
2026-06-23T13:23:49.498936,610569,32
2026-06-23T13:23:49.498966,610570,32
2026-06-23T13:23:49.498995,610571,32
2026-06-23T13:23:49.499025,610572,32
2026-06-23T13:23:49.499056,610573,32
2026-06-23T13:23:49.509189,610574,31
2026-06-23T13:23:49.509249,610575,31
2026-06-23T13:23:49.509283,610576,31
2026-06-23T13:23:49.509314,610577,32
2026-06-23T13:23:49.509344,610578,32
2026-06-23T13:23:49.509374,610579,32
2026-06-23T13:23:49.509406,610580,32
2026-06-23T13:23:49.509436,610581,32
2026-06-23T13:23:49.509466,610582,32
2026-06-23T13:23:49.509496,610583,32
2026-06-23T13:23:49.519618,610584,30
2026-06-23T13:23:49.519698,610585,32
2026-06-23T13:23:49.519735,610585,31
2026-06-23T13:23:49.519802,610586,32
2026-06-23T13:23:49.519843,610587,32
2026-06-23T13:23:49.519878,610588,32
2026-06-23T13:23:49.519912,610589,31
2026-06-23T13:23:49.519944,610590,31
2026-06-23T13:23:49.519988,610591,31
2026-06-23T13:23:49.520022,610592,31
2026-06-23T13:23:49.520054,610593,31
2026-06-23T13:23:49.530100,610594,31
2026-06-23T13:23:49.530173,610595,31
2026-06-23T13:23:49.530210,610596,31
2026-06-23T13:23:49.530248,610597,31
2026-06-23T13:23:49.530284,610598,31
2026-06-23T13:23:49.530320,610599,31
2026-06-23T13:23:49.530357,610600,31
2026-06-23T13:23:49.530392,610601,31
2026-06-23T13:23:49.530440,610602,32
2026-06-23T13:23:49.530475,610603,32
2026-06-23T13:23:49.530511,610604,33
2026-06-23T13:23:49.540518,610605,33
2026-06-23T13:23:49.540579,610606,32
2026-06-23T13:23:49.540609,610606,32
2026-06-23T13:23:49.540639,610607,33
2026-06-23T13:23:49.540668,610608,32
2026-06-23T13:23:49.540697,610609,32
2026-06-23T13:23:49.540726,610610,32
2026-06-23T13:23:49.540755,610611,32
2026-06-23T13:23:49.540783,610612,33
2026-06-23T13:23:49.540811,610613,33
2026-06-23T13:23:49.540839,610614,32
2026-06-23T13:23:49.550988,610615,33
2026-06-23T13:23:49.551061,610616,33
2026-06-23T13:23:49.551095,610617,33
2026-06-23T13:23:49.551135,610618,33
2026-06-23T13:23:49.551167,610619,33
2026-06-23T13:23:49.551197,610620,34
2026-06-23T13:23:49.551228,610621,34
2026-06-23T13:23:49.551258,610622,34
2026-06-23T13:23:49.551288,610623,33
2026-06-23T13:23:49.551319,610624,33
2026-06-23T13:23:49.551349,610625,33
2026-06-23T13:23:49.561392,610626,33
2026-06-23T13:23:49.561445,610627,33
2026-06-23T13:23:49.561523,610627,33
2026-06-23T13:23:49.561558,610628,33
2026-06-23T13:23:49.561591,610629,33
2026-06-23T13:23:49.561625,610630,33
2026-06-23T13:23:49.561658,610631,33
2026-06-23T13:23:49.561693,610632,33
2026-06-23T13:23:49.561726,610633,33
2026-06-23T13:23:49.561759,610634,33
2026-06-23T13:23:49.561791,610635,33
2026-06-23T13:23:49.571858,610636,33
2026-06-23T13:23:49.571919,610637,32
2026-06-23T13:23:49.571960,610638,32
2026-06-23T13:23:49.571994,610639,32
2026-06-23T13:23:49.572026,610640,32
2026-06-23T13:23:49.572058,610641,33
2026-06-23T13:23:49.572091,610642,32
2026-06-23T13:23:49.572123,610643,32
2026-06-23T13:23:49.572155,610644,32
2026-06-23T13:23:49.572187,610645,32
2026-06-23T13:23:49.572220,610646,32
2026-06-23T13:23:49.582345,610647,32
2026-06-23T13:23:49.582397,610648,32
2026-06-23T13:23:49.582431,610649,32
2026-06-23T13:23:49.582471,610649,32
2026-06-23T13:23:49.582522,610650,32
2026-06-23T13:23:49.582567,610651,32
2026-06-23T13:23:49.582602,610652,32
2026-06-23T13:23:49.582636,610653,31
2026-06-23T13:23:49.582671,610654,31
2026-06-23T13:23:49.582704,610655,31
2026-06-23T13:23:49.582737,610656,31
2026-06-23T13:23:49.592717,610657,31
2026-06-23T13:23:49.592766,610658,31
2026-06-23T13:23:49.592827,610659,31
2026-06-23T13:23:49.592867,610660,31
2026-06-23T13:23:49.592906,610661,31
2026-06-23T13:23:49.592942,610662,31
2026-06-23T13:23:49.592978,610663,31
2026-06-23T13:23:49.593013,610664,30
2026-06-23T13:23:49.593048,610665,31
2026-06-23T13:23:49.593084,610666,31
2026-06-23T13:23:49.593119,610667,31
2026-06-23T13:23:49.603157,610668,31
2026-06-23T13:23:49.603217,610669,31
2026-06-23T13:23:49.603277,610670,31
2026-06-23T13:23:49.603321,610670,30
2026-06-23T13:23:49.603361,610671,30
2026-06-23T13:23:49.603397,610672,30
2026-06-23T13:23:49.603433,610673,30
2026-06-23T13:23:49.603489,610674,30
2026-06-23T13:23:49.603541,610675,30
2026-06-23T13:23:49.603581,610676,31
2026-06-23T13:23:49.603619,610677,31
2026-06-23T13:23:49.613580,610678,31
2026-06-23T13:23:49.613631,610679,31
2026-06-23T13:23:49.613673,610680,30
2026-06-23T13:23:49.613709,610681,31
2026-06-23T13:23:49.613746,610682,32
2026-06-23T13:23:49.613783,610683,31
2026-06-23T13:23:49.613819,610684,31
2026-06-23T13:23:49.613854,610685,31
2026-06-23T13:23:49.613891,610686,31
2026-06-23T13:23:49.613926,610687,31
2026-06-23T13:23:49.613961,610688,31
2026-06-23T13:23:49.624105,610689,31
2026-06-23T13:23:49.624161,610690,31
2026-06-23T13:23:49.624221,610691,31
2026-06-23T13:23:49.624264,610691,31
2026-06-23T13:23:49.624300,610692,32
2026-06-23T13:23:49.624337,610693,31
2026-06-23T13:23:49.624373,610694,31
2026-06-23T13:23:49.624409,610695,31
2026-06-23T13:23:49.624445,610696,31
2026-06-23T13:23:49.624481,610697,31
2026-06-23T13:23:49.634447,610698,31
2026-06-23T13:23:49.634517,610699,31
2026-06-23T13:23:49.634556,610700,31
2026-06-23T13:23:49.634593,610701,31
2026-06-23T13:23:49.634629,610702,31
2026-06-23T13:23:49.634666,610703,31
2026-06-23T13:23:49.634703,610704,31
2026-06-23T13:23:49.634755,610705,31
2026-06-23T13:23:49.634790,610706,31
2026-06-23T13:23:49.634828,610707,31
2026-06-23T13:23:49.634863,610708,31
2026-06-23T13:23:49.644879,610709,31
2026-06-23T13:23:49.644923,610710,31
2026-06-23T13:23:49.644959,610711,31
2026-06-23T13:23:49.644995,610712,31
2026-06-23T13:23:49.645031,610713,30
2026-06-23T13:23:49.645067,610713,30
2026-06-23T13:23:49.645103,610714,31
2026-06-23T13:23:49.645138,610715,30
2026-06-23T13:23:49.645173,610716,30
2026-06-23T13:23:49.645209,610717,31
2026-06-23T13:23:49.645245,610718,31
2026-06-23T13:23:49.655311,610719,31
2026-06-23T13:23:49.655364,610720,31
2026-06-23T13:23:49.655402,610721,31
2026-06-23T13:23:49.655439,610722,31
2026-06-23T13:23:49.655476,610723,30
2026-06-23T13:23:49.655513,610724,31
2026-06-23T13:23:49.655548,610725,30
2026-06-23T13:23:49.655584,610726,30
2026-06-23T13:23:49.655621,610727,30
2026-06-23T13:23:49.655657,610728,31
2026-06-23T13:23:49.655692,610729,30
2026-06-23T13:23:49.665804,610730,30
2026-06-23T13:23:49.665876,610731,30
2026-06-23T13:23:49.665912,610732,30
2026-06-23T13:23:49.665951,610733,30
2026-06-23T13:23:49.665986,610734,30
2026-06-23T13:23:49.666020,610734,30
2026-06-23T13:23:49.666053,610735,30
2026-06-23T13:23:49.666086,610736,30
2026-06-23T13:23:49.666118,610737,31
2026-06-23T13:23:49.666151,610738,31
2026-06-23T13:23:49.666183,610739,31
2026-06-23T13:23:49.676235,610740,31
2026-06-23T13:23:49.676293,610741,31
2026-06-23T13:23:49.676357,610742,31
2026-06-23T13:23:49.676405,610743,31
2026-06-23T13:23:49.676450,610744,31
2026-06-23T13:23:49.676495,610745,31
2026-06-23T13:23:49.676539,610746,31
2026-06-23T13:23:49.676584,610747,31
2026-06-23T13:23:49.676628,610748,31
2026-06-23T13:23:49.676672,610749,31
2026-06-23T13:23:49.676716,610750,32
2026-06-23T13:23:49.686654,610751,31
2026-06-23T13:23:49.686712,610752,31
2026-06-23T13:23:49.686788,610753,31
2026-06-23T13:23:49.686826,610754,31
2026-06-23T13:23:49.686858,610755,31
2026-06-23T13:23:49.686890,610755,31
2026-06-23T13:23:49.686920,610756,31
2026-06-23T13:23:49.686950,610757,31
2026-06-23T13:23:49.686981,610758,31
2026-06-23T13:23:49.687010,610759,31
2026-06-23T13:23:49.687039,610760,31
2026-06-23T13:23:49.697152,610761,31
2026-06-23T13:23:49.697207,610762,31
2026-06-23T13:23:49.697236,610763,31
2026-06-23T13:23:49.697285,610764,32
2026-06-23T13:23:49.697317,610765,32
2026-06-23T13:23:49.697345,610766,32
2026-06-23T13:23:49.697372,610767,32
2026-06-23T13:23:49.697399,610768,33
2026-06-23T13:23:49.697423,610769,33
2026-06-23T13:23:49.697448,610770,34
2026-06-23T13:23:49.697472,610771,33
2026-06-23T13:23:49.707571,610772,33
2026-06-23T13:23:49.707601,610773,34
2026-06-23T13:23:49.707649,610774,34
2026-06-23T13:23:49.707679,610775,34
2026-06-23T13:23:49.707707,610776,34
2026-06-23T13:23:49.707733,610777,34
2026-06-23T13:23:49.707759,610777,34
2026-06-23T13:23:49.707785,610778,35
2026-06-23T13:23:49.707811,610779,35
2026-06-23T13:23:49.707838,610780,35
2026-06-23T13:23:49.707863,610781,36
2026-06-23T13:23:49.718003,610782,35
2026-06-23T13:23:49.718048,610783,37
2026-06-23T13:23:49.718075,610784,37
2026-06-23T13:23:49.718102,610785,37
2026-06-23T13:23:49.718128,610786,37
2026-06-23T13:23:49.718155,610787,32
2026-06-23T13:23:49.718180,610788,37
2026-06-23T13:23:49.718206,610789,37
2026-06-23T13:23:49.718231,610790,37
2026-06-23T13:23:49.718257,610791,37
2026-06-23T13:23:49.718283,610792,37
2026-06-23T13:23:49.728441,610793,37
2026-06-23T13:23:49.728474,610794,37
2026-06-23T13:23:49.728501,610795,36
2026-06-23T13:23:49.728546,610796,36
2026-06-23T13:23:49.728575,610797,36
2026-06-23T13:23:49.728602,610798,37
2026-06-23T13:23:49.728630,610798,38
2026-06-23T13:23:49.728656,610799,38
2026-06-23T13:23:49.728682,610800,38
2026-06-23T13:23:49.728707,610801,38
2026-06-23T13:23:49.728733,610802,37
2026-06-23T13:23:49.738871,610803,37
2026-06-23T13:23:49.738912,610804,37
2026-06-23T13:23:49.738940,610805,37
2026-06-23T13:23:49.738988,610806,37
2026-06-23T13:23:49.739021,610807,37
2026-06-23T13:23:49.739065,610808,37
2026-06-23T13:23:49.739092,610809,37
2026-06-23T13:23:49.739120,610810,39
2026-06-23T13:23:49.739147,610811,43
2026-06-23T13:23:49.739174,610812,49
2026-06-23T13:23:49.749308,610813,55
2026-06-23T13:23:49.749356,610814,61
2026-06-23T13:23:49.749384,610815,67
2026-06-23T13:23:49.749410,610816,72
2026-06-23T13:23:49.749437,610817,74
2026-06-23T13:23:49.749463,610818,74
2026-06-23T13:23:49.749489,610819,76
2026-06-23T13:23:49.749515,610820,84
2026-06-23T13:23:49.749540,610820,95
2026-06-23T13:23:49.749567,610821,105
2026-06-23T13:23:49.749595,610822,110
2026-06-23T13:23:49.759727,610823,111
2026-06-23T13:23:49.759759,610825,115
2026-06-23T13:23:49.759787,610826,110
2026-06-23T13:23:49.759848,610827,109
2026-06-23T13:23:49.759880,610828,110
2026-06-23T13:23:49.759908,610829,112
2026-06-23T13:23:49.759937,610830,113
2026-06-23T13:23:49.759965,610831,114
2026-06-23T13:23:49.759992,610832,114
2026-06-23T13:23:49.760019,610833,113
2026-06-23T13:23:49.770143,610834,111
2026-06-23T13:23:49.770183,610835,112
2026-06-23T13:23:49.770211,610836,115
2026-06-23T13:23:49.770240,610837,120
2026-06-23T13:23:49.770268,610838,127
2026-06-23T13:23:49.770295,610839,126
2026-06-23T13:23:49.770324,610840,127
2026-06-23T13:23:49.770351,610841,128
2026-06-23T13:23:49.770379,610842,127
2026-06-23T13:23:49.770406,610843,128
2026-06-23T13:23:49.780692,610844,128
2026-06-23T13:23:49.780835,610845,129
2026-06-23T13:23:49.780918,610846,130
2026-06-23T13:23:49.781036,610847,131
2026-06-23T13:23:49.781168,610849,134
2026-06-23T13:23:49.781277,610850,138
2026-06-23T13:23:49.781362,610851,143
2026-06-23T13:23:49.781443,610852,148
2026-06-23T13:23:49.781521,610853,150
2026-06-23T13:23:49.781600,610854,150
2026-06-23T13:23:49.791156,610855,148
2026-06-23T13:23:49.791226,610856,147
2026-06-23T13:23:49.791259,610857,149
2026-06-23T13:23:49.791292,610858,157
2026-06-23T13:23:49.791344,610859,162
2026-06-23T13:23:49.791389,610860,161
2026-06-23T13:23:49.791428,610861,159
2026-06-23T13:23:49.791468,610862,158
2026-06-23T13:23:49.791607,610863,157
2026-06-23T13:23:49.791650,610864,155
2026-06-23T13:23:49.801497,610865,153
2026-06-23T13:23:49.801541,610866,153
2026-06-23T13:23:49.801569,610867,152
2026-06-23T13:23:49.801597,610868,150
2026-06-23T13:23:49.801624,610869,149
2026-06-23T13:23:49.801652,610870,148
2026-06-23T13:23:49.801679,610871,147
2026-06-23T13:23:49.801706,610872,147
2026-06-23T13:23:49.801733,610874,147
2026-06-23T13:23:49.801760,610875,146
2026-06-23T13:23:49.811933,610876,143
2026-06-23T13:23:49.811974,610877,145
2026-06-23T13:23:49.812006,610878,148
2026-06-23T13:23:49.812033,610879,148
2026-06-23T13:23:49.812061,610880,145
2026-06-23T13:23:49.812090,610881,145
2026-06-23T13:23:49.812117,610882,145
2026-06-23T13:23:49.812145,610883,145
2026-06-23T13:23:49.812172,610884,144
2026-06-23T13:23:49.812199,610885,142
2026-06-23T13:23:49.822399,610886,142
2026-06-23T13:23:49.822452,610887,144
2026-06-23T13:23:49.822495,610888,147
2026-06-23T13:23:49.822543,610889,141
2026-06-23T13:23:49.822584,610890,143
2026-06-23T13:23:49.822615,610891,142
2026-06-23T13:23:49.822645,610892,141
2026-06-23T13:23:49.822673,610893,141
2026-06-23T13:23:49.822703,610894,144
2026-06-23T13:23:49.822732,610895,149
2026-06-23T13:23:49.832850,610896,154
2026-06-23T13:23:49.832894,610897,155
2026-06-23T13:23:49.832947,610899,152
2026-06-23T13:23:49.832977,610900,154
2026-06-23T13:23:49.833005,610901,158
2026-06-23T13:23:49.833033,610902,162
2026-06-23T13:23:49.833061,610903,161
2026-06-23T13:23:49.833088,610904,162
2026-06-23T13:23:49.833116,610905,164
2026-06-23T13:23:49.833142,610906,166
2026-06-23T13:23:49.843283,610907,164
2026-06-23T13:23:49.843406,610908,161
2026-06-23T13:23:49.843505,610909,158
2026-06-23T13:23:49.843587,610910,155
2026-06-23T13:23:49.843666,610911,154
2026-06-23T13:23:49.843745,610912,152
2026-06-23T13:23:49.843823,610913,151
2026-06-23T13:23:49.843901,610914,150
2026-06-23T13:23:49.843979,610915,148
2026-06-23T13:23:49.844079,610916,147
2026-06-23T13:23:49.853686,610917,145
2026-06-23T13:23:49.853727,610918,148
2026-06-23T13:23:49.853755,610919,151
2026-06-23T13:23:49.853783,610920,152
2026-06-23T13:23:49.853810,610921,152
2026-06-23T13:23:49.853838,610922,154
2026-06-23T13:23:49.853865,610924,158
2026-06-23T13:23:49.853893,610925,160
2026-06-23T13:23:49.853920,610926,158
2026-06-23T13:23:49.853947,610927,155
2026-06-23T13:23:49.864184,610928,155
2026-06-23T13:23:49.864322,610929,159
2026-06-23T13:23:49.864423,610930,163
2026-06-23T13:23:49.864520,610931,166
2026-06-23T13:23:49.864616,610932,169
2026-06-23T13:23:49.864711,610933,170
2026-06-23T13:23:49.864806,610934,170
2026-06-23T13:23:49.864899,610935,169
2026-06-23T13:23:49.864994,610936,168
2026-06-23T13:23:49.865090,610937,171
2026-06-23T13:23:49.874590,610938,175
2026-06-23T13:23:49.874719,610939,180
2026-06-23T13:23:49.874803,610940,182
2026-06-23T13:23:49.874883,610941,180
2026-06-23T13:23:49.874963,610942,178
2026-06-23T13:23:49.875042,610943,177
2026-06-23T13:23:49.875121,610944,181
2026-06-23T13:23:49.875199,610945,182
2026-06-23T13:23:49.875277,610946,179
2026-06-23T13:23:49.875354,610948,182
2026-06-23T13:23:49.885098,610949,187
2026-06-23T13:23:49.885226,610950,191
2026-06-23T13:23:49.885371,610951,190
2026-06-23T13:23:49.885461,610952,188
2026-06-23T13:23:49.885541,610953,182
2026-06-23T13:23:49.885619,610954,182
2026-06-23T13:23:49.885698,610955,178
2026-06-23T13:23:49.885776,610956,179
2026-06-23T13:23:49.885854,610957,181
2026-06-23T13:23:49.885932,610958,180
2026-06-23T13:23:49.895506,610959,178
2026-06-23T13:23:49.895659,610960,180
2026-06-23T13:23:49.895776,610961,183
2026-06-23T13:23:49.895899,610962,184
2026-06-23T13:23:49.895999,610963,184
2026-06-23T13:23:49.896094,610964,185
2026-06-23T13:23:49.896189,610965,183
2026-06-23T13:23:49.896283,610966,180
2026-06-23T13:23:49.896415,610967,184
2026-06-23T13:23:49.896528,610968,191
2026-06-23T13:23:49.905954,610969,192
2026-06-23T13:23:49.906010,610970,193
2026-06-23T13:23:49.906039,610971,195
2026-06-23T13:23:49.906068,610973,196
2026-06-23T13:23:49.906095,610974,200
2026-06-23T13:23:49.906123,610975,204
2026-06-23T13:23:49.906150,610976,205
2026-06-23T13:23:49.906178,610977,203
2026-06-23T13:23:49.906205,610978,198
2026-06-23T13:23:49.906233,610979,196
2026-06-23T13:23:49.916401,610980,194
2026-06-23T13:23:49.916448,610981,192
2026-06-23T13:23:49.916477,610982,191
2026-06-23T13:23:49.916542,610983,196
2026-06-23T13:23:49.916576,610984,201
2026-06-23T13:23:49.916603,610985,200
2026-06-23T13:23:49.916631,610986,198
2026-06-23T13:23:49.916657,610987,202
2026-06-23T13:23:49.916685,610988,198
2026-06-23T13:23:49.916711,610989,198
2026-06-23T13:23:49.926805,610990,202
2026-06-23T13:23:49.926934,610991,207
2026-06-23T13:23:49.927030,610992,214
2026-06-23T13:23:49.927111,610993,220
2026-06-23T13:23:49.927191,610994,227
2026-06-23T13:23:49.927270,610995,232
2026-06-23T13:23:49.927348,610996,230
2026-06-23T13:23:49.927425,610998,228
2026-06-23T13:23:49.927503,610999,229
2026-06-23T13:23:49.927580,611000,228
2026-06-23T13:23:49.937210,611001,224
2026-06-23T13:23:49.937252,611002,223
2026-06-23T13:23:49.937280,611003,222
2026-06-23T13:23:49.937308,611004,224
2026-06-23T13:23:49.937336,611005,230
2026-06-23T13:23:49.937364,611006,245
2026-06-23T13:23:49.937391,611007,262
2026-06-23T13:23:49.937419,611008,274
2026-06-23T13:23:49.937446,611009,277
2026-06-23T13:23:49.937474,611010,275
2026-06-23T13:23:49.947726,611011,270
2026-06-23T13:23:49.947866,611012,271
2026-06-23T13:23:49.947904,611013,269
2026-06-23T13:23:49.947934,611014,264
2026-06-23T13:23:49.947962,611015,259
2026-06-23T13:23:49.947990,611016,259
2026-06-23T13:23:49.948018,611017,264
2026-06-23T13:23:49.948046,611018,265
2026-06-23T13:23:49.948074,611019,267
2026-06-23T13:23:49.948101,611020,265
2026-06-23T13:23:49.958110,611022,261
2026-06-23T13:23:49.958152,611023,259
2026-06-23T13:23:49.958185,611024,255
2026-06-23T13:23:49.958213,611025,250
2026-06-23T13:23:49.958253,611026,247
2026-06-23T13:23:49.958281,611027,244
2026-06-23T13:23:49.958308,611028,245
2026-06-23T13:23:49.958335,611029,254
2026-06-23T13:23:49.958362,611030,269
2026-06-23T13:23:49.958390,611031,282
2026-06-23T13:23:49.968556,611032,294
2026-06-23T13:23:49.968596,611033,304
2026-06-23T13:23:49.968624,611034,309
2026-06-23T13:23:49.968651,611035,305
2026-06-23T13:23:49.968679,611036,316
2026-06-23T13:23:49.968708,611037,334
2026-06-23T13:23:49.968739,611038,346
2026-06-23T13:23:49.968766,611039,354
2026-06-23T13:23:49.968794,611040,360
2026-06-23T13:23:49.968820,611041,357
2026-06-23T13:23:49.979034,611042,356
2026-06-23T13:23:49.979896,611043,368
2026-06-23T13:23:49.980138,611044,387
2026-06-23T13:23:49.980299,611045,397
2026-06-23T13:23:49.980555,611047,402
2026-06-23T13:23:49.980666,611048,401
2026-06-23T13:23:49.980763,611049,397
2026-06-23T13:23:49.980860,611050,391
2026-06-23T13:23:49.980955,611051,391
2026-06-23T13:23:49.981068,611052,394
2026-06-23T13:23:49.989504,611053,399
2026-06-23T13:23:49.989550,611054,418
2026-06-23T13:23:49.989579,611055,429
2026-06-23T13:23:49.989608,611056,435
2026-06-23T13:23:49.989636,611057,442
2026-06-23T13:23:49.989664,611058,445
2026-06-23T13:23:49.989691,611059,444
2026-06-23T13:23:49.989719,611060,441
2026-06-23T13:23:49.989746,611061,433
2026-06-23T13:23:49.989773,611062,430
2026-06-23T13:23:49.999920,611063,427
2026-06-23T13:23:49.999972,611064,434
2026-06-23T13:23:50.000022,611065,443
2026-06-23T13:23:50.000062,611066,457
2026-06-23T13:23:50.000096,611067,467
2026-06-23T13:23:50.000125,611068,472
2026-06-23T13:23:50.000154,611069,473
2026-06-23T13:23:50.000181,611070,467
2026-06-23T13:23:50.000209,611072,467
2026-06-23T13:23:50.000237,611073,468
2026-06-23T13:23:50.010323,611074,461
2026-06-23T13:23:50.010451,611075,460
2026-06-23T13:23:50.010547,611076,468
2026-06-23T13:23:50.010631,611077,483
2026-06-23T13:23:50.010710,611078,494
2026-06-23T13:23:50.010788,611079,494
2026-06-23T13:23:50.010866,611080,492
2026-06-23T13:23:50.010944,611081,488
2026-06-23T13:23:50.011021,611082,485
2026-06-23T13:23:50.011099,611083,484
2026-06-23T13:23:50.020748,611084,474
2026-06-23T13:23:50.020792,611085,465
2026-06-23T13:23:50.020821,611086,459
2026-06-23T13:23:50.020849,611087,464
2026-06-23T13:23:50.020877,611088,477
2026-06-23T13:23:50.020905,611089,490
2026-06-23T13:23:50.020932,611090,493
2026-06-23T13:23:50.020959,611091,485
2026-06-23T13:23:50.020987,611092,481
2026-06-23T13:23:50.021014,611093,480
2026-06-23T13:23:50.031272,611094,479
2026-06-23T13:23:50.031411,611095,501
2026-06-23T13:23:50.031510,611097,529
2026-06-23T13:23:50.031591,611098,552
2026-06-23T13:23:50.031672,611099,560
2026-06-23T13:23:50.031751,611100,567
2026-06-23T13:23:50.031851,611101,586
2026-06-23T13:23:50.031929,611102,594
2026-06-23T13:23:50.032008,611103,582
2026-06-23T13:23:50.032086,611104,572
2026-06-23T13:23:50.041645,611105,572
2026-06-23T13:23:50.041700,611106,576
2026-06-23T13:23:50.041730,611107,578
2026-06-23T13:23:50.041761,611108,576
2026-06-23T13:23:50.041790,611109,574
2026-06-23T13:23:50.041821,611110,576
2026-06-23T13:23:50.041848,611111,576
2026-06-23T13:23:50.041875,611112,585
2026-06-23T13:23:50.041902,611113,581
2026-06-23T13:23:50.041929,611114,590
2026-06-23T13:23:50.052091,611115,610
2026-06-23T13:23:50.052134,611116,622
2026-06-23T13:23:50.052163,611117,630
2026-06-23T13:23:50.052192,611118,637
2026-06-23T13:23:50.052218,611119,633
2026-06-23T13:23:50.052244,611121,626
2026-06-23T13:23:50.052271,611122,618
2026-06-23T13:23:50.052299,611123,609
2026-06-23T13:23:50.052325,611124,607
2026-06-23T13:23:50.052350,611125,597
2026-06-23T13:23:50.062559,611126,584
2026-06-23T13:23:50.062594,611127,574
2026-06-23T13:23:50.062624,611128,567
2026-06-23T13:23:50.062653,611129,565
2026-06-23T13:23:50.062681,611130,560
2026-06-23T13:23:50.062709,611131,554
2026-06-23T13:23:50.062737,611132,560
2026-06-23T13:23:50.062764,611133,573
2026-06-23T13:23:50.062791,611134,572
2026-06-23T13:23:50.062831,611135,580
2026-06-23T13:23:50.073042,611136,585
2026-06-23T13:23:50.073194,611137,598
2026-06-23T13:23:50.073310,611138,625
2026-06-23T13:23:50.073407,611139,647
2026-06-23T13:23:50.073561,611140,658
2026-06-23T13:23:50.073679,611141,664
2026-06-23T13:23:50.073780,611142,656
2026-06-23T13:23:50.073878,611143,681
2026-06-23T13:23:50.073973,611144,730
2026-06-23T13:23:50.074068,611146,771
2026-06-23T13:23:50.083443,611147,789
2026-06-23T13:23:50.083489,611148,794
2026-06-23T13:23:50.083517,611149,783
2026-06-23T13:23:50.083544,611150,778
2026-06-23T13:23:50.083571,611151,768
2026-06-23T13:23:50.083599,611152,753
2026-06-23T13:23:50.083627,611153,740
2026-06-23T13:23:50.083654,611154,729
2026-06-23T13:23:50.083681,611155,725
2026-06-23T13:23:50.083709,611156,732
2026-06-23T13:23:50.093926,611157,744
2026-06-23T13:23:50.094048,611158,765
2026-06-23T13:23:50.094131,611159,778
2026-06-23T13:23:50.094248,611160,770
2026-06-23T13:23:50.094356,611161,767
2026-06-23T13:23:50.094438,611162,771
2026-06-23T13:23:50.094517,611163,767
2026-06-23T13:23:50.094594,611164,767
2026-06-23T13:23:50.094672,611165,759
2026-06-23T13:23:50.094750,611166,765
2026-06-23T13:23:50.104293,611167,766
2026-06-23T13:23:50.104335,611168,767
2026-06-23T13:23:50.104363,611169,761
2026-06-23T13:23:50.104392,611171,758
2026-06-23T13:23:50.104419,611172,750
2026-06-23T13:23:50.104447,611173,738
2026-06-23T13:23:50.104474,611174,734
2026-06-23T13:23:50.104501,611175,727
2026-06-23T13:23:50.104528,611176,713
2026-06-23T13:23:50.104555,611177,702
2026-06-23T13:23:50.114740,611178,695
2026-06-23T13:23:50.114879,611179,706
2026-06-23T13:23:50.115011,611180,736
2026-06-23T13:23:50.115051,611181,763
2026-06-23T13:23:50.115081,611182,764
2026-06-23T13:23:50.115109,611183,754
2026-06-23T13:23:50.115138,611184,774
2026-06-23T13:23:50.115166,611185,788
2026-06-23T13:23:50.115193,611186,785
2026-06-23T13:23:50.115221,611187,768
2026-06-23T13:23:50.125174,611188,759
2026-06-23T13:23:50.125299,611189,760
2026-06-23T13:23:50.125380,611190,758
2026-06-23T13:23:50.125460,611191,749
2026-06-23T13:23:50.125538,611192,757
2026-06-23T13:23:50.125616,611193,749
2026-06-23T13:23:50.125693,611194,749
2026-06-23T13:23:50.125770,611196,743
2026-06-23T13:23:50.125848,611197,730
2026-06-23T13:23:50.125925,611198,732
2026-06-23T13:23:50.135595,611199,743
2026-06-23T13:23:50.135641,611200,760
2026-06-23T13:23:50.135670,611201,752
2026-06-23T13:23:50.135718,611202,745
2026-06-23T13:23:50.135752,611203,753
2026-06-23T13:23:50.135781,611204,771
2026-06-23T13:23:50.135809,611205,777
2026-06-23T13:23:50.135837,611206,775
2026-06-23T13:23:50.135863,611207,765
2026-06-23T13:23:50.135891,611208,779
2026-06-23T13:23:50.146151,611209,789
2026-06-23T13:23:50.146310,611210,784
2026-06-23T13:23:50.146413,611211,790
2026-06-23T13:23:50.146514,611212,792
2026-06-23T13:23:50.146613,611213,793
2026-06-23T13:23:50.146712,611214,788
2026-06-23T13:23:50.146811,611215,774
2026-06-23T13:23:50.146909,611216,773
2026-06-23T13:23:50.147007,611217,776
2026-06-23T13:23:50.147105,611218,765
2026-06-23T13:23:50.156627,611220,759
2026-06-23T13:23:50.156803,611221,756
2026-06-23T13:23:50.156906,611222,743
2026-06-23T13:23:50.157014,611223,735
2026-06-23T13:23:50.157113,611224,722
2026-06-23T13:23:50.157211,611225,718
2026-06-23T13:23:50.157309,611226,709
2026-06-23T13:23:50.157406,611227,700
2026-06-23T13:23:50.157505,611228,700
2026-06-23T13:23:50.157647,611229,717
2026-06-23T13:23:50.166943,611230,718
2026-06-23T13:23:50.167007,611231,710
2026-06-23T13:23:50.167037,611232,715
2026-06-23T13:23:50.167066,611233,721
2026-06-23T13:23:50.167094,611234,708
2026-06-23T13:23:50.167122,611235,700
2026-06-23T13:23:50.167150,611236,691
2026-06-23T13:23:50.167178,611237,686
2026-06-23T13:23:50.167205,611238,697
2026-06-23T13:23:50.167232,611239,701
2026-06-23T13:23:50.177589,611240,689
2026-06-23T13:23:50.177725,611241,683
2026-06-23T13:23:50.177820,611242,673
2026-06-23T13:23:50.177903,611243,663
2026-06-23T13:23:50.178010,611245,654
2026-06-23T13:23:50.178090,611246,644
2026-06-23T13:23:50.178171,611247,637
2026-06-23T13:23:50.178256,611248,644
2026-06-23T13:23:50.178362,611249,644
2026-06-23T13:23:50.178458,611250,635
2026-06-23T13:23:50.187833,611251,627
2026-06-23T13:23:50.187888,611252,630
2026-06-23T13:23:50.187917,611253,642
2026-06-23T13:23:50.187946,611254,669
2026-06-23T13:23:50.187975,611255,687
2026-06-23T13:23:50.188003,611256,677
2026-06-23T13:23:50.188032,611257,670
2026-06-23T13:23:50.188090,611258,658
2026-06-23T13:23:50.188189,611259,651
2026-06-23T13:23:50.188287,611260,642
2026-06-23T13:23:50.198317,611261,649
2026-06-23T13:23:50.198381,611262,660
2026-06-23T13:23:50.198410,611263,669
2026-06-23T13:23:50.198438,611264,677
2026-06-23T13:23:50.198479,611265,668
2026-06-23T13:23:50.198515,611266,673
2026-06-23T13:23:50.198545,611267,681
2026-06-23T13:23:50.198573,611268,682
2026-06-23T13:23:50.198601,611270,697
2026-06-23T13:23:50.198630,611271,693
2026-06-23T13:23:50.208730,611272,691
2026-06-23T13:23:50.208889,611273,698
2026-06-23T13:23:50.208992,611274,718
2026-06-23T13:23:50.209077,611275,729
2026-06-23T13:23:50.209157,611276,729
2026-06-23T13:23:50.209237,611277,718
2026-06-23T13:23:50.209320,611278,707
2026-06-23T13:23:50.209401,611279,716
2026-06-23T13:23:50.209479,611280,750
2026-06-23T13:23:50.209558,611281,787
2026-06-23T13:23:50.219154,611282,809
2026-06-23T13:23:50.219211,611283,821
2026-06-23T13:23:50.219244,611284,823
2026-06-23T13:23:50.219276,611285,820
2026-06-23T13:23:50.219306,611286,809
2026-06-23T13:23:50.219334,611287,827
2026-06-23T13:23:50.219362,611288,847
2026-06-23T13:23:50.219390,611289,857
2026-06-23T13:23:50.219417,611290,853
2026-06-23T13:23:50.219445,611291,848
2026-06-23T13:23:50.229654,611292,852
2026-06-23T13:23:50.229771,611293,848
2026-06-23T13:23:50.229882,611295,834
2026-06-23T13:23:50.229978,611296,847
2026-06-23T13:23:50.230065,611297,860
2026-06-23T13:23:50.230145,611298,854
2026-06-23T13:23:50.230225,611299,841
2026-06-23T13:23:50.230304,611300,830
2026-06-23T13:23:50.230383,611301,825
2026-06-23T13:23:50.230461,611302,838
2026-06-23T13:23:50.240191,611303,831
2026-06-23T13:23:50.240307,611304,851
2026-06-23T13:23:50.240391,611305,852
2026-06-23T13:23:50.240472,611306,838
2026-06-23T13:23:50.240551,611307,837
2026-06-23T13:23:50.240630,611308,849
2026-06-23T13:23:50.240708,611309,875
2026-06-23T13:23:50.240787,611310,886
2026-06-23T13:23:50.240871,611311,880
2026-06-23T13:23:50.240965,611312,870
2026-06-23T13:23:50.250580,611313,867
2026-06-23T13:23:50.250703,611314,860
2026-06-23T13:23:50.250790,611315,857
2026-06-23T13:23:50.250873,611316,855
2026-06-23T13:23:50.250982,611317,843
2026-06-23T13:23:50.251089,611319,836
2026-06-23T13:23:50.251173,611320,826
2026-06-23T13:23:50.251255,611321,815
2026-06-23T13:23:50.251334,611322,814
2026-06-23T13:23:50.251414,611323,811
2026-06-23T13:23:50.260984,611324,819
2026-06-23T13:23:50.261082,611325,836
2026-06-23T13:23:50.261168,611326,848
2026-06-23T13:23:50.261274,611327,846
2026-06-23T13:23:50.261360,611328,856
2026-06-23T13:23:50.261441,611329,869
2026-06-23T13:23:50.261522,611330,893
2026-06-23T13:23:50.261605,611331,901
2026-06-23T13:23:50.261683,611332,893
2026-06-23T13:23:50.261760,611333,908
2026-06-23T13:23:50.271448,611334,928
2026-06-23T13:23:50.271557,611335,934
2026-06-23T13:23:50.271640,611336,934
2026-06-23T13:23:50.271719,611337,934
2026-06-23T13:23:50.271798,611338,934
2026-06-23T13:23:50.271876,611339,934
2026-06-23T13:23:50.271954,611340,934
2026-06-23T13:23:50.272031,611341,934
2026-06-23T13:23:50.272109,611342,934
2026-06-23T13:23:50.272186,611344,935
2026-06-23T13:23:50.281862,611345,935
2026-06-23T13:23:50.281966,611346,933
2026-06-23T13:23:50.282047,611347,934
2026-06-23T13:23:50.282127,611348,934
2026-06-23T13:23:50.282206,611349,934
2026-06-23T13:23:50.282284,611350,934
2026-06-23T13:23:50.282363,611351,935
2026-06-23T13:23:50.282440,611352,934
2026-06-23T13:23:50.282518,611353,937
2026-06-23T13:23:50.282620,611354,934
2026-06-23T13:23:50.292356,611355,934
2026-06-23T13:23:50.292459,611356,934
2026-06-23T13:23:50.292541,611357,934
2026-06-23T13:23:50.292621,611358,934
2026-06-23T13:23:50.292704,611359,934
2026-06-23T13:23:50.292801,611360,934
2026-06-23T13:23:50.292879,611361,934
2026-06-23T13:23:50.292956,611362,934
2026-06-23T13:23:50.293033,611363,934
2026-06-23T13:23:50.293110,611364,930
2026-06-23T13:23:50.302781,611365,934
2026-06-23T13:23:50.302887,611366,934
2026-06-23T13:23:50.302987,611367,935
2026-06-23T13:23:50.303068,611369,934
2026-06-23T13:23:50.303149,611370,934
2026-06-23T13:23:50.303227,611371,934
2026-06-23T13:23:50.303319,611372,934
2026-06-23T13:23:50.303397,611373,934
2026-06-23T13:23:50.303475,611374,934
2026-06-23T13:23:50.303552,611375,935
2026-06-23T13:23:50.313230,611376,934
2026-06-23T13:23:50.313346,611377,934
2026-06-23T13:23:50.313449,611378,934
2026-06-23T13:23:50.313552,611379,934
2026-06-23T13:23:50.313653,611380,934
2026-06-23T13:23:50.313753,611381,931
2026-06-23T13:23:50.313852,611382,912
2026-06-23T13:23:50.313950,611383,901
2026-06-23T13:23:50.314060,611384,891
2026-06-23T13:23:50.314169,611385,878
2026-06-23T13:23:50.323642,611386,878
2026-06-23T13:23:50.323749,611387,900
2026-06-23T13:23:50.323832,611388,924
2026-06-23T13:23:50.323911,611389,933
2026-06-23T13:23:50.323989,611390,934
2026-06-23T13:23:50.324067,611391,934
2026-06-23T13:23:50.324144,611392,934
2026-06-23T13:23:50.324221,611394,934
2026-06-23T13:23:50.324298,611395,934
2026-06-23T13:23:50.324375,611396,934
2026-06-23T13:23:50.334092,611397,934
2026-06-23T13:23:50.334198,611398,933
2026-06-23T13:23:50.334324,611399,935
2026-06-23T13:23:50.334413,611400,934
2026-06-23T13:23:50.334493,611401,933
2026-06-23T13:23:50.334571,611402,934
2026-06-23T13:23:50.334651,611403,934
2026-06-23T13:23:50.334728,611404,938
2026-06-23T13:23:50.334806,611405,934
2026-06-23T13:23:50.334882,611406,934
2026-06-23T13:23:50.344512,611407,933
2026-06-23T13:23:50.344606,611408,934
2026-06-23T13:23:50.344716,611409,934
2026-06-23T13:23:50.344802,611410,933
2026-06-23T13:23:50.344881,611411,934
2026-06-23T13:23:50.344958,611412,934
2026-06-23T13:23:50.345049,611413,934
2026-06-23T13:23:50.345129,611414,934
2026-06-23T13:23:50.345207,611415,934
2026-06-23T13:23:50.345283,611416,934
2026-06-23T13:23:50.354990,611418,934
2026-06-23T13:23:50.355102,611419,934
2026-06-23T13:23:50.355184,611420,934
2026-06-23T13:23:50.355264,611421,934
2026-06-23T13:23:50.355343,611422,935
2026-06-23T13:23:50.355422,611423,933
2026-06-23T13:23:50.355501,611424,933
2026-06-23T13:23:50.355577,611425,934
2026-06-23T13:23:50.355654,611426,933
2026-06-23T13:23:50.355731,611427,929
2026-06-23T13:23:50.365435,611428,912
2026-06-23T13:23:50.365537,611429,894
2026-06-23T13:23:50.365617,611430,899
2026-06-23T13:23:50.365696,611431,910
2026-06-23T13:23:50.365774,611432,897
2026-06-23T13:23:50.365851,611433,908
2026-06-23T13:23:50.365932,611434,927
2026-06-23T13:23:50.366011,611435,934
2026-06-23T13:23:50.366091,611436,931
2026-06-23T13:23:50.366167,611437,917
2026-06-23T13:23:50.375871,611438,917
2026-06-23T13:23:50.375978,611439,921
2026-06-23T13:23:50.376061,611440,919
2026-06-23T13:23:50.376167,611441,925
2026-06-23T13:23:50.376248,611443,928
2026-06-23T13:23:50.376326,611444,918
2026-06-23T13:23:50.376404,611445,897
2026-06-23T13:23:50.376482,611446,881
2026-06-23T13:23:50.376559,611447,892
2026-06-23T13:23:50.376655,611448,910
2026-06-23T13:23:50.386310,611449,918
2026-06-23T13:23:50.386416,611450,906
2026-06-23T13:23:50.386564,611451,918
2026-06-23T13:23:50.386646,611452,934
2026-06-23T13:23:50.386725,611453,934
2026-06-23T13:23:50.386804,611454,934
2026-06-23T13:23:50.386934,611455,934
2026-06-23T13:23:50.387018,611456,935
2026-06-23T13:23:50.387154,611457,934
2026-06-23T13:23:50.387258,611458,935
2026-06-23T13:23:50.396750,611459,934
2026-06-23T13:23:50.396840,611460,934
2026-06-23T13:23:50.396920,611461,934
2026-06-23T13:23:50.397002,611462,934
2026-06-23T13:23:50.397107,611463,934
2026-06-23T13:23:50.397191,611464,935
2026-06-23T13:23:50.397268,611465,934
2026-06-23T13:23:50.397345,611466,934
2026-06-23T13:23:50.397421,611468,934
2026-06-23T13:23:50.397504,611469,934
2026-06-23T13:23:50.407207,611470,934
2026-06-23T13:23:50.407320,611471,934
2026-06-23T13:23:50.407403,611472,934
2026-06-23T13:23:50.407483,611473,934
2026-06-23T13:23:50.407561,611474,934
2026-06-23T13:23:50.407639,611475,934
2026-06-23T13:23:50.407717,611476,934
2026-06-23T13:23:50.407794,611477,934
2026-06-23T13:23:50.407872,611478,934
2026-06-23T13:23:50.407949,611479,934
2026-06-23T13:23:50.417676,611480,933
2026-06-23T13:23:50.417793,611481,933
2026-06-23T13:23:50.417907,611482,934
2026-06-23T13:23:50.417995,611483,932
2026-06-23T13:23:50.418076,611484,931
2026-06-23T13:23:50.418154,611485,932
2026-06-23T13:23:50.418232,611486,930
2026-06-23T13:23:50.418309,611487,926
2026-06-23T13:23:50.418387,611488,920
2026-06-23T13:23:50.418463,611489,920
2026-06-23T13:23:50.428033,611490,900
2026-06-23T13:23:50.428121,611491,893
2026-06-23T13:23:50.428228,611493,906
2026-06-23T13:23:50.428316,611494,915
2026-06-23T13:23:50.428396,611495,908
2026-06-23T13:23:50.428474,611496,895
2026-06-23T13:23:50.428553,611497,893
2026-06-23T13:23:50.428630,611498,898
2026-06-23T13:23:50.428707,611499,886
2026-06-23T13:23:50.428784,611500,895
2026-06-23T13:23:50.438527,611501,916
2026-06-23T13:23:50.438637,611502,927
2026-06-23T13:23:50.438719,611503,916
2026-06-23T13:23:50.438799,611504,920
2026-06-23T13:23:50.438878,611505,918
2026-06-23T13:23:50.438956,611506,898
2026-06-23T13:23:50.439033,611507,876
2026-06-23T13:23:50.439111,611508,863
2026-06-23T13:23:50.439187,611509,864
2026-06-23T13:23:50.439264,611510,854
2026-06-23T13:23:50.448974,611511,836
2026-06-23T13:23:50.449072,611512,819
2026-06-23T13:23:50.449152,611513,809
2026-06-23T13:23:50.449230,611514,803
2026-06-23T13:23:50.449308,611515,798
2026-06-23T13:23:50.449387,611517,797
2026-06-23T13:23:50.449464,611518,799
2026-06-23T13:23:50.449541,611519,788
2026-06-23T13:23:50.449618,611520,770
2026-06-23T13:23:50.449695,611521,765
2026-06-23T13:23:50.459373,611522,778
2026-06-23T13:23:50.459466,611523,788
2026-06-23T13:23:50.459545,611524,781
2026-06-23T13:23:50.459621,611525,767
2026-06-23T13:23:50.459700,611526,755
2026-06-23T13:23:50.459777,611527,746
2026-06-23T13:23:50.459853,611528,740
2026-06-23T13:23:50.459929,611529,733
2026-06-23T13:23:50.460045,611530,722
2026-06-23T13:23:50.460121,611531,713
2026-06-23T13:23:50.469841,611532,703
2026-06-23T13:23:50.469948,611533,709
2026-06-23T13:23:50.470026,611534,718
2026-06-23T13:23:50.470104,611535,709
2026-06-23T13:23:50.470181,611536,700
2026-06-23T13:23:50.470262,611537,693
2026-06-23T13:23:50.470357,611538,687
2026-06-23T13:23:50.470435,611539,692
2026-06-23T13:23:50.470513,611540,683
2026-06-23T13:23:50.470589,611542,677
2026-06-23T13:23:50.480213,611543,684
2026-06-23T13:23:50.480344,611544,702
2026-06-23T13:23:50.480438,611545,706
2026-06-23T13:23:50.480521,611546,695
2026-06-23T13:23:50.480601,611547,699
2026-06-23T13:23:50.480680,611548,705
2026-06-23T13:23:50.480758,611549,696
2026-06-23T13:23:50.480836,611550,682
2026-06-23T13:23:50.480914,611551,668
2026-06-23T13:23:50.480991,611552,668
2026-06-23T13:23:50.490730,611553,677
2026-06-23T13:23:50.490833,611554,682
2026-06-23T13:23:50.490903,611555,671
2026-06-23T13:23:50.490969,611556,670
2026-06-23T13:23:50.491034,611557,664
2026-06-23T13:23:50.491098,611558,660
2026-06-23T13:23:50.491161,611559,672
2026-06-23T13:23:50.491225,611560,686
2026-06-23T13:23:50.491288,611561,686
2026-06-23T13:23:50.491351,611562,675
2026-06-23T13:23:50.501222,611563,671
2026-06-23T13:23:50.501317,611564,671
2026-06-23T13:23:50.501382,611565,665
2026-06-23T13:23:50.501446,611567,658
2026-06-23T13:23:50.501510,611568,661
2026-06-23T13:23:50.501574,611569,648
2026-06-23T13:23:50.501637,611570,636
2026-06-23T13:23:50.501699,611571,632
2026-06-23T13:23:50.501762,611572,648
2026-06-23T13:23:50.501825,611573,654
2026-06-23T13:23:50.511532,611574,646
2026-06-23T13:23:50.511623,611575,650
2026-06-23T13:23:50.511692,611576,659
2026-06-23T13:23:50.511761,611577,660
2026-06-23T13:23:50.511826,611578,659
2026-06-23T13:23:50.511891,611579,656
2026-06-23T13:23:50.511954,611580,642
2026-06-23T13:23:50.512017,611581,634
2026-06-23T13:23:50.512081,611582,636
2026-06-23T13:23:50.512144,611583,661
2026-06-23T13:23:50.521993,611584,675
2026-06-23T13:23:50.522093,611585,669
2026-06-23T13:23:50.522163,611586,666
2026-06-23T13:23:50.522228,611587,659
2026-06-23T13:23:50.522293,611588,648
2026-06-23T13:23:50.522357,611589,647
2026-06-23T13:23:50.522420,611591,651
2026-06-23T13:23:50.522484,611592,646
2026-06-23T13:23:50.522547,611593,645
2026-06-23T13:23:50.522610,611594,639
2026-06-23T13:23:50.532510,611595,627
2026-06-23T13:23:50.532595,611596,617
2026-06-23T13:23:50.532663,611597,616
2026-06-23T13:23:50.532730,611598,616
2026-06-23T13:23:50.532797,611599,609
2026-06-23T13:23:50.532860,611600,600
2026-06-23T13:23:50.532922,611601,594
2026-06-23T13:23:50.532985,611602,582
2026-06-23T13:23:50.533051,611603,573
2026-06-23T13:23:50.533113,611604,576
2026-06-23T13:23:50.542927,611605,585
2026-06-23T13:23:50.543021,611606,580
2026-06-23T13:23:50.543081,611607,567
2026-06-23T13:23:50.543137,611608,567
2026-06-23T13:23:50.543193,611609,577
2026-06-23T13:23:50.543249,611610,570
2026-06-23T13:23:50.543304,611611,562
2026-06-23T13:23:50.543359,611612,554
2026-06-23T13:23:50.543414,611613,560
2026-06-23T13:23:50.543469,611614,567
2026-06-23T13:23:50.553404,611616,559
2026-06-23T13:23:50.553490,611617,552
2026-06-23T13:23:50.553549,611618,542
2026-06-23T13:23:50.553607,611619,532
2026-06-23T13:23:50.553663,611620,527
2026-06-23T13:23:50.553719,611621,526
2026-06-23T13:23:50.553774,611622,519
2026-06-23T13:23:50.553828,611623,516
2026-06-23T13:23:50.553883,611624,535
2026-06-23T13:23:50.553937,611625,549
2026-06-23T13:23:50.563730,611626,551
2026-06-23T13:23:50.563795,611627,552
2026-06-23T13:23:50.563851,611628,555
2026-06-23T13:23:50.563906,611629,551
2026-06-23T13:23:50.563960,611630,553
2026-06-23T13:23:50.564014,611631,569
2026-06-23T13:23:50.564069,611632,583
2026-06-23T13:23:50.564123,611633,594
2026-06-23T13:23:50.564180,611634,599
2026-06-23T13:23:50.564233,611635,591
2026-06-23T13:23:50.574230,611636,589
2026-06-23T13:23:50.574324,611637,587
2026-06-23T13:23:50.574381,611638,576
2026-06-23T13:23:50.574440,611639,568
2026-06-23T13:23:50.574495,611641,557
2026-06-23T13:23:50.574549,611642,546
2026-06-23T13:23:50.574604,611643,536
2026-06-23T13:23:50.574658,611644,532
2026-06-23T13:23:50.574713,611645,536
2026-06-23T13:23:50.574767,611646,529
2026-06-23T13:23:50.584646,611647,521
2026-06-23T13:23:50.584725,611648,525
2026-06-23T13:23:50.584781,611649,520
2026-06-23T13:23:50.584835,611650,517
2026-06-23T13:23:50.584892,611651,508
2026-06-23T13:23:50.584949,611652,507
2026-06-23T13:23:50.585003,611653,519
2026-06-23T13:23:50.585090,611654,531
2026-06-23T13:23:50.585156,611655,530
2026-06-23T13:23:50.585215,611656,537
2026-06-23T13:23:50.595099,611657,542
2026-06-23T13:23:50.595200,611658,537
2026-06-23T13:23:50.595310,611659,539
2026-06-23T13:23:50.595376,611660,549
2026-06-23T13:23:50.595438,611661,548
2026-06-23T13:23:50.595495,611662,554
2026-06-23T13:23:50.595551,611663,589
2026-06-23T13:23:50.595605,611664,615
2026-06-23T13:23:50.595660,611666,618
2026-06-23T13:23:50.595714,611667,613
2026-06-23T13:23:50.605514,611668,610
2026-06-23T13:23:50.605607,611669,608
2026-06-23T13:23:50.605659,611670,601
2026-06-23T13:23:50.605711,611671,597
2026-06-23T13:23:50.605760,611672,595
2026-06-23T13:23:50.605811,611673,586
2026-06-23T13:23:50.605860,611674,586
2026-06-23T13:23:50.605908,611675,582
2026-06-23T13:23:50.605956,611676,573
2026-06-23T13:23:50.606004,611677,570
2026-06-23T13:23:50.616023,611678,562
2026-06-23T13:23:50.616130,611679,567
2026-06-23T13:23:50.616188,611680,566
2026-06-23T13:23:50.616244,611681,558
2026-06-23T13:23:50.616299,611682,566
2026-06-23T13:23:50.616390,611683,575
2026-06-23T13:23:50.616446,611684,566
2026-06-23T13:23:50.616501,611685,561
2026-06-23T13:23:50.616556,611686,554
2026-06-23T13:23:50.616609,611687,558
2026-06-23T13:23:50.626375,611688,551
2026-06-23T13:23:50.626488,611690,556
2026-06-23T13:23:50.626555,611691,553
2026-06-23T13:23:50.626607,611692,553
2026-06-23T13:23:50.626658,611693,544
2026-06-23T13:23:50.626710,611694,548
2026-06-23T13:23:50.626760,611695,545
2026-06-23T13:23:50.626808,611696,555
2026-06-23T13:23:50.626855,611697,568
2026-06-23T13:23:50.626903,611698,562
2026-06-23T13:23:50.636832,611699,583
2026-06-23T13:23:50.636936,611700,612
2026-06-23T13:23:50.636985,611701,615
2026-06-23T13:23:50.637042,611702,625
2026-06-23T13:23:50.637087,611703,629
2026-06-23T13:23:50.637130,611704,626
2026-06-23T13:23:50.637174,611705,621
2026-06-23T13:23:50.637216,611706,611
2026-06-23T13:23:50.637257,611707,601
2026-06-23T13:23:50.637299,611708,589
2026-06-23T13:23:50.647299,611709,577
2026-06-23T13:23:50.647362,611710,567
2026-06-23T13:23:50.647403,611711,564
2026-06-23T13:23:50.647442,611712,559
2026-06-23T13:23:50.647481,611713,550
2026-06-23T13:23:50.647520,611715,549
2026-06-23T13:23:50.647557,611716,554
2026-06-23T13:23:50.647595,611717,562
2026-06-23T13:23:50.647632,611718,565
2026-06-23T13:23:50.647670,611719,557
2026-06-23T13:23:50.657674,611720,555
2026-06-23T13:23:50.657741,611721,560
2026-06-23T13:23:50.657776,611722,587
2026-06-23T13:23:50.657809,611723,605
2026-06-23T13:23:50.657842,611724,599
2026-06-23T13:23:50.657874,611725,596
2026-06-23T13:23:50.657905,611726,586
2026-06-23T13:23:50.657937,611727,591
2026-06-23T13:23:50.657968,611728,608
2026-06-23T13:23:50.657999,611729,621
2026-06-23T13:23:50.668110,611730,620
2026-06-23T13:23:50.668175,611731,622
2026-06-23T13:23:50.668231,611732,620
2026-06-23T13:23:50.668272,611733,635
2026-06-23T13:23:50.668315,611734,648
2026-06-23T13:23:50.668372,611735,649
2026-06-23T13:23:50.668412,611736,643
2026-06-23T13:23:50.668446,611737,652
2026-06-23T13:23:50.668477,611738,656
2026-06-23T13:23:50.668508,611740,647
2026-06-23T13:23:50.678525,611741,646
2026-06-23T13:23:50.678612,611742,641
2026-06-23T13:23:50.678648,611743,631
2026-06-23T13:23:50.678677,611744,626
2026-06-23T13:23:50.678708,611745,620
2026-06-23T13:23:50.678736,611746,615
2026-06-23T13:23:50.678765,611747,614
2026-06-23T13:23:50.678792,611748,609
2026-06-23T13:23:50.678819,611749,613
2026-06-23T13:23:50.678846,611750,619
2026-06-23T13:23:50.688999,611751,633
2026-06-23T13:23:50.689057,611752,635
2026-06-23T13:23:50.689091,611753,629
2026-06-23T13:23:50.689136,611754,632
2026-06-23T13:23:50.689174,611755,636
2026-06-23T13:23:50.689204,611756,628
2026-06-23T13:23:50.689234,611757,634
2026-06-23T13:23:50.689263,611758,642
2026-06-23T13:23:50.689303,611759,634
2026-06-23T13:23:50.689334,611760,634
2026-06-23T13:23:50.699475,611761,626
2026-06-23T13:23:50.699611,611762,620
2026-06-23T13:23:50.699657,611763,612
2026-06-23T13:23:50.699697,611765,618
2026-06-23T13:23:50.699730,611766,628
2026-06-23T13:23:50.699760,611767,632
2026-06-23T13:23:50.699789,611768,634
2026-06-23T13:23:50.699817,611769,627
2026-06-23T13:23:50.699845,611770,622
2026-06-23T13:23:50.699873,611771,631
2026-06-23T13:23:50.709942,611772,645
2026-06-23T13:23:50.709989,611773,668
2026-06-23T13:23:50.710019,611774,684
2026-06-23T13:23:50.710054,611775,699
2026-06-23T13:23:50.710083,611776,712
2026-06-23T13:23:50.710112,611777,717
2026-06-23T13:23:50.710142,611778,711
2026-06-23T13:23:50.710170,611779,696
2026-06-23T13:23:50.710198,611780,681
2026-06-23T13:23:50.710226,611781,669
2026-06-23T13:23:50.720278,611782,666
2026-06-23T13:23:50.720394,611783,674
2026-06-23T13:23:50.720431,611784,678
2026-06-23T13:23:50.720471,611785,675
2026-06-23T13:23:50.720505,611786,661
2026-06-23T13:23:50.720544,611787,651
2026-06-23T13:23:50.720579,611789,637
2026-06-23T13:23:50.720609,611790,624
2026-06-23T13:23:50.720639,611791,616
2026-06-23T13:23:50.720668,611792,605
2026-06-23T13:23:50.730764,611793,596
2026-06-23T13:23:50.730835,611794,584
2026-06-23T13:23:50.730867,611795,576
2026-06-23T13:23:50.730897,611796,572
2026-06-23T13:23:50.730926,611797,570
2026-06-23T13:23:50.730955,611798,561
2026-06-23T13:23:50.730983,611799,552
2026-06-23T13:23:50.731012,611800,552
2026-06-23T13:23:50.731040,611801,547
2026-06-23T13:23:50.731067,611802,543
2026-06-23T13:23:50.741206,611803,534
2026-06-23T13:23:50.741284,611804,532
2026-06-23T13:23:50.741332,611805,525
2026-06-23T13:23:50.741385,611806,548
2026-06-23T13:23:50.741428,611807,594
2026-06-23T13:23:50.741468,611808,628
2026-06-23T13:23:50.741500,611809,627
2026-06-23T13:23:50.741538,611810,634
2026-06-23T13:23:50.741572,611811,629
2026-06-23T13:23:50.741610,611812,634
2026-06-23T13:23:50.751594,611814,657
2026-06-23T13:23:50.751658,611815,675
2026-06-23T13:23:50.751689,611816,677
2026-06-23T13:23:50.751730,611817,671
2026-06-23T13:23:50.751777,611818,673
2026-06-23T13:23:50.751830,611819,672
2026-06-23T13:23:50.751883,611820,665
2026-06-23T13:23:50.751915,611821,660
2026-06-23T13:23:50.751952,611822,658
2026-06-23T13:23:50.751985,611823,670
2026-06-23T13:23:50.762089,611824,677
2026-06-23T13:23:50.762146,611825,670
2026-06-23T13:23:50.762184,611826,662
2026-06-23T13:23:50.762216,611827,669
2026-06-23T13:23:50.762246,611828,666
2026-06-23T13:23:50.762274,611829,662
2026-06-23T13:23:50.762304,611830,666
2026-06-23T13:23:50.762332,611831,658
2026-06-23T13:23:50.762360,611832,650
2026-06-23T13:23:50.762387,611833,655
2026-06-23T13:23:50.772499,611834,661
2026-06-23T13:23:50.772669,611835,652
2026-06-23T13:23:50.772711,611836,643
2026-06-23T13:23:50.772757,611837,645
2026-06-23T13:23:50.772792,611839,668
2026-06-23T13:23:50.772822,611840,702
2026-06-23T13:23:50.772853,611841,717
2026-06-23T13:23:50.772882,611842,705
2026-06-23T13:23:50.772910,611843,692
2026-06-23T13:23:50.772938,611844,686
2026-06-23T13:23:50.783019,611845,694
2026-06-23T13:23:50.783202,611846,698
2026-06-23T13:23:50.783345,611847,689
2026-06-23T13:23:50.783430,611848,697
2026-06-23T13:23:50.783513,611849,696
2026-06-23T13:23:50.783593,611850,684
2026-06-23T13:23:50.783673,611851,672
2026-06-23T13:23:50.783754,611852,675
2026-06-23T13:23:50.783835,611853,689
2026-06-23T13:23:50.783914,611854,691
2026-06-23T13:23:50.793403,611855,686
2026-06-23T13:23:50.793473,611856,703
2026-06-23T13:23:50.793521,611857,725
2026-06-23T13:23:50.793596,611858,722
2026-06-23T13:23:50.793639,611859,714
2026-06-23T13:23:50.793708,611860,731
2026-06-23T13:23:50.793757,611861,757
2026-06-23T13:23:50.793810,611862,758
2026-06-23T13:23:50.793844,611864,765
2026-06-23T13:23:50.793875,611865,813
2026-06-23T13:23:50.803866,611866,837
2026-06-23T13:23:50.803932,611867,828
2026-06-23T13:23:50.803964,611868,842
2026-06-23T13:23:50.803993,611869,857
2026-06-23T13:23:50.804022,611870,855
2026-06-23T13:23:50.804050,611871,846
2026-06-23T13:23:50.804078,611872,840
2026-06-23T13:23:50.804107,611873,823
2026-06-23T13:23:50.804134,611874,806
2026-06-23T13:23:50.804162,611875,791
2026-06-23T13:23:50.814305,611876,779
2026-06-23T13:23:50.814383,611877,767
2026-06-23T13:23:50.814416,611878,759
2026-06-23T13:23:50.814449,611879,753
2026-06-23T13:23:50.814478,611880,740
2026-06-23T13:23:50.814506,611881,725
2026-06-23T13:23:50.814534,611882,718
2026-06-23T13:23:50.814562,611883,715
2026-06-23T13:23:50.814589,611884,708
2026-06-23T13:23:50.814617,611885,721
2026-06-23T13:23:50.824800,611886,722
2026-06-23T13:23:50.824868,611888,719
2026-06-23T13:23:50.824900,611889,720
2026-06-23T13:23:50.824930,611890,712
2026-06-23T13:23:50.824959,611891,700
2026-06-23T13:23:50.824987,611892,696
2026-06-23T13:23:50.825015,611893,686
2026-06-23T13:23:50.825043,611894,677
2026-06-23T13:23:50.825071,611895,674
2026-06-23T13:23:50.825099,611896,676
2026-06-23T13:23:50.835220,611897,688
2026-06-23T13:23:50.835477,611898,693
2026-06-23T13:23:50.835622,611899,685
2026-06-23T13:23:50.835679,611900,676
2026-06-23T13:23:50.835715,611901,672
2026-06-23T13:23:50.835806,611902,665
2026-06-23T13:23:50.835925,611903,656
2026-06-23T13:23:50.835961,611904,658
2026-06-23T13:23:50.835992,611905,653
2026-06-23T13:23:50.836020,611906,641
2026-06-23T13:23:50.845593,611907,632
2026-06-23T13:23:50.845654,611908,621
2026-06-23T13:23:50.845712,611909,618
2026-06-23T13:23:50.845746,611910,618
2026-06-23T13:23:50.845778,611911,611
2026-06-23T13:23:50.845809,611913,610
2026-06-23T13:23:50.845840,611914,601
2026-06-23T13:23:50.845870,611915,600
2026-06-23T13:23:50.845900,611916,594
2026-06-23T13:23:50.845930,611917,604
2026-06-23T13:23:50.856178,611918,627
2026-06-23T13:23:50.856290,611919,647
2026-06-23T13:23:50.856372,611920,650
2026-06-23T13:23:50.856450,611921,640
2026-06-23T13:23:50.856529,611922,647
2026-06-23T13:23:50.856608,611923,667
2026-06-23T13:23:50.856686,611924,686
2026-06-23T13:23:50.856766,611925,690
2026-06-23T13:23:50.856844,611926,679
2026-06-23T13:23:50.856922,611927,677
2026-06-23T13:23:50.866547,611928,676
2026-06-23T13:23:50.866643,611929,666
2026-06-23T13:23:50.866724,611930,664
2026-06-23T13:23:50.866802,611931,662
2026-06-23T13:23:50.866886,611932,664
2026-06-23T13:23:50.866964,611933,675
2026-06-23T13:23:50.867042,611934,679
2026-06-23T13:23:50.867120,611935,677
2026-06-23T13:23:50.867198,611936,674
2026-06-23T13:23:50.867275,611938,674
2026-06-23T13:23:50.876908,611939,667
2026-06-23T13:23:50.876965,611940,659
2026-06-23T13:23:50.877004,611941,645
2026-06-23T13:23:50.877042,611942,631
2026-06-23T13:23:50.877081,611943,619
2026-06-23T13:23:50.877119,611944,618
2026-06-23T13:23:50.877158,611945,620
2026-06-23T13:23:50.877195,611946,617
2026-06-23T13:23:50.877232,611947,615
2026-06-23T13:23:50.877270,611948,615
2026-06-23T13:23:50.887381,611949,612
2026-06-23T13:23:50.887457,611950,602
2026-06-23T13:23:50.887501,611951,594
2026-06-23T13:23:50.887541,611952,585
2026-06-23T13:23:50.887580,611953,579
2026-06-23T13:23:50.887619,611954,573
2026-06-23T13:23:50.887658,611955,567
2026-06-23T13:23:50.887696,611956,568
2026-06-23T13:23:50.887734,611957,571
2026-06-23T13:23:50.887771,611958,562
2026-06-23T13:23:50.897813,611959,562
2026-06-23T13:23:50.897918,611960,570
2026-06-23T13:23:50.897986,611961,578
2026-06-23T13:23:50.898052,611963,572
2026-06-23T13:23:50.898118,611964,576
2026-06-23T13:23:50.898182,611965,568
2026-06-23T13:23:50.898248,611966,568
2026-06-23T13:23:50.898316,611967,561
2026-06-23T13:23:50.898383,611968,564
2026-06-23T13:23:50.898447,611969,562
2026-06-23T13:23:50.908257,611970,551
2026-06-23T13:23:50.908337,611971,546
2026-06-23T13:23:50.908394,611972,553
2026-06-23T13:23:50.908449,611973,579
2026-06-23T13:23:50.908504,611974,586
2026-06-23T13:23:50.908559,611975,577
2026-06-23T13:23:50.908613,611976,580
2026-06-23T13:23:50.908667,611977,584
2026-06-23T13:23:50.908722,611978,588
2026-06-23T13:23:50.908783,611979,593
2026-06-23T13:23:50.918766,611980,597
2026-06-23T13:23:50.918840,611981,596
2026-06-23T13:23:50.918895,611982,585
2026-06-23T13:23:50.918950,611983,593
2026-06-23T13:23:50.919005,611984,606
2026-06-23T13:23:50.919060,611985,610
2026-06-23T13:23:50.919115,611987,600
2026-06-23T13:23:50.919169,611988,592
2026-06-23T13:23:50.919224,611989,584
2026-06-23T13:23:50.919277,611990,582
2026-06-23T13:23:50.929145,611991,576
2026-06-23T13:23:50.929218,611992,571
2026-06-23T13:23:50.929283,611993,568
2026-06-23T13:23:50.929346,611994,559
2026-06-23T13:23:50.929410,611995,556
2026-06-23T13:23:50.929473,611996,554
2026-06-23T13:23:50.929536,611997,548
2026-06-23T13:23:50.929599,611998,538
2026-06-23T13:23:50.929662,611999,530
2026-06-23T13:23:50.929724,612000,531
2026-06-23T13:23:50.939555,612001,524
2026-06-23T13:23:50.939629,612002,517
2026-06-23T13:23:50.939685,612003,515
2026-06-23T13:23:50.939740,612004,516
2026-06-23T13:23:50.939794,612005,519
2026-06-23T13:23:50.939849,612006,514
2026-06-23T13:23:50.939904,612007,504
2026-06-23T13:23:50.939989,612008,503
2026-06-23T13:23:50.940072,612009,504
2026-06-23T13:23:50.940134,612010,503
2026-06-23T13:23:50.950007,612012,524
2026-06-23T13:23:50.950095,612013,547
2026-06-23T13:23:50.950208,612014,541
2026-06-23T13:23:50.950284,612015,542
2026-06-23T13:23:50.950351,612016,548
2026-06-23T13:23:50.950420,612017,556
2026-06-23T13:23:50.950485,612018,590
2026-06-23T13:23:50.950556,612019,618
2026-06-23T13:23:50.950620,612020,631
2026-06-23T13:23:50.950683,612021,633
2026-06-23T13:23:50.960491,612022,626
2026-06-23T13:23:50.960580,612023,614
2026-06-23T13:23:50.960682,612024,600
2026-06-23T13:23:50.960755,612025,588
2026-06-23T13:23:50.960820,612026,585
2026-06-23T13:23:50.960885,612027,587
2026-06-23T13:23:50.960955,612028,585
2026-06-23T13:23:50.961019,612029,575
2026-06-23T13:23:50.961084,612030,567
2026-06-23T13:23:50.961148,612031,558
2026-06-23T13:23:50.970908,612032,550
2026-06-23T13:23:50.971000,612033,546
2026-06-23T13:23:50.971066,612034,535
2026-06-23T13:23:50.971132,612035,527
2026-06-23T13:23:50.971196,612037,519
2026-06-23T13:23:50.971260,612038,517
2026-06-23T13:23:50.971325,612039,511
2026-06-23T13:23:50.971389,612040,507
2026-06-23T13:23:50.971453,612041,526
2026-06-23T13:23:50.971515,612042,557
2026-06-23T13:23:50.981363,612043,567
2026-06-23T13:23:50.981443,612044,569
2026-06-23T13:23:50.981508,612045,566
2026-06-23T13:23:50.981572,612046,557
2026-06-23T13:23:50.981636,612047,550
2026-06-23T13:23:50.981700,612048,551
2026-06-23T13:23:50.981764,612049,551
2026-06-23T13:23:50.981828,612050,550
2026-06-23T13:23:50.981891,612051,549
2026-06-23T13:23:50.981954,612052,545
2026-06-23T13:23:50.991844,612053,535
2026-06-23T13:23:50.991950,612054,524
2026-06-23T13:23:50.992026,612055,514
2026-06-23T13:23:50.992095,612056,504
2026-06-23T13:23:50.992163,612057,492
2026-06-23T13:23:50.992228,612058,485
2026-06-23T13:23:50.992293,612059,480
2026-06-23T13:23:50.992393,612060,471
2026-06-23T13:23:50.992458,612062,460
2026-06-23T13:23:50.992522,612063,450
2026-06-23T13:23:51.002322,612064,442
2026-06-23T13:23:51.002430,612065,434
2026-06-23T13:23:51.002519,612066,425
2026-06-23T13:23:51.002593,612067,415
2026-06-23T13:23:51.002660,612068,409
2026-06-23T13:23:51.002725,612069,405
2026-06-23T13:23:51.002789,612070,405
2026-06-23T13:23:51.002853,612071,401
2026-06-23T13:23:51.002917,612072,394
2026-06-23T13:23:51.002980,612073,387
2026-06-23T13:23:51.012691,612074,379
2026-06-23T13:23:51.012767,612075,376
2026-06-23T13:23:51.012838,612076,384
2026-06-23T13:23:51.012902,612077,400
2026-06-23T13:23:51.012966,612078,400
2026-06-23T13:23:51.013029,612079,394
2026-06-23T13:23:51.013093,612080,394
2026-06-23T13:23:51.013156,612081,388
2026-06-23T13:23:51.013220,612082,389
2026-06-23T13:23:51.013283,612083,389
2026-06-23T13:23:51.023159,612084,389
2026-06-23T13:23:51.023245,612086,390
2026-06-23T13:23:51.023312,612087,381
2026-06-23T13:23:51.023376,612088,383
2026-06-23T13:23:51.023441,612089,385
2026-06-23T13:23:51.023507,612090,380
2026-06-23T13:23:51.023571,612091,374
2026-06-23T13:23:51.023635,612092,369
2026-06-23T13:23:51.023699,612093,362
2026-06-23T13:23:51.023764,612094,359
2026-06-23T13:23:51.033616,612095,355
2026-06-23T13:23:51.033721,612096,349
2026-06-23T13:23:51.033819,612097,349
2026-06-23T13:23:51.033895,612098,355
2026-06-23T13:23:51.033962,612099,361
2026-06-23T13:23:51.034029,612100,360
2026-06-23T13:23:51.034093,612101,385
2026-06-23T13:23:51.034156,612102,409
2026-06-23T13:23:51.034222,612103,415
2026-06-23T13:23:51.034285,612104,408
2026-06-23T13:23:51.044010,612105,401
2026-06-23T13:23:51.044081,612106,401
2026-06-23T13:23:51.044166,612107,400
2026-06-23T13:23:51.044240,612108,399
2026-06-23T13:23:51.044307,612109,392
2026-06-23T13:23:51.044372,612111,386
2026-06-23T13:23:51.044441,612112,383
2026-06-23T13:23:51.044506,612113,377
2026-06-23T13:23:51.044570,612114,376
2026-06-23T13:23:51.044637,612115,370
2026-06-23T13:23:51.054465,612116,362
2026-06-23T13:23:51.054553,612117,355
2026-06-23T13:23:51.054619,612118,354
2026-06-23T13:23:51.054683,612119,354
2026-06-23T13:23:51.054747,612120,348
2026-06-23T13:23:51.054845,612121,341
2026-06-23T13:23:51.054909,612122,339
2026-06-23T13:23:51.054972,612123,336
2026-06-23T13:23:51.055036,612124,332
2026-06-23T13:23:51.055099,612125,340
2026-06-23T13:23:51.064878,612126,353
2026-06-23T13:23:51.064953,612127,362
2026-06-23T13:23:51.065018,612128,360
2026-06-23T13:23:51.065082,612129,358
2026-06-23T13:23:51.065145,612130,354
2026-06-23T13:23:51.065208,612131,347
2026-06-23T13:23:51.065272,612132,347
2026-06-23T13:23:51.065335,612133,347
2026-06-23T13:23:51.065399,612134,344
2026-06-23T13:23:51.065462,612136,342
2026-06-23T13:23:51.075327,612137,338
2026-06-23T13:23:51.075409,612138,334
2026-06-23T13:23:51.075475,612139,328
2026-06-23T13:23:51.075539,612140,326
2026-06-23T13:23:51.075603,612141,326
2026-06-23T13:23:51.075669,612142,325
2026-06-23T13:23:51.075732,612143,320
2026-06-23T13:23:51.075814,612144,321
2026-06-23T13:23:51.075878,612145,323
2026-06-23T13:23:51.075941,612146,320
2026-06-23T13:23:51.085811,612147,319
2026-06-23T13:23:51.085897,612148,329
2026-06-23T13:23:51.085998,612149,340
2026-06-23T13:23:51.086071,612150,338
2026-06-23T13:23:51.086137,612151,349
2026-06-23T13:23:51.086201,612152,358
2026-06-23T13:23:51.086265,612153,359
2026-06-23T13:23:51.086329,612154,353
2026-06-23T13:23:51.086395,612155,349
2026-06-23T13:23:51.086459,612156,343
2026-06-23T13:23:51.096180,612157,336
2026-06-23T13:23:51.096267,612158,331
2026-06-23T13:23:51.096346,612160,325
2026-06-23T13:23:51.096423,612161,322
2026-06-23T13:23:51.096501,612162,319
2026-06-23T13:23:51.096578,612163,313
2026-06-23T13:23:51.096655,612164,307
2026-06-23T13:23:51.096731,612165,301
2026-06-23T13:23:51.096808,612166,296
2026-06-23T13:23:51.096885,612167,290
2026-06-23T13:23:51.106672,612168,284
2026-06-23T13:23:51.106771,612169,280
2026-06-23T13:23:51.106837,612170,278
2026-06-23T13:23:51.106902,612171,274
2026-06-23T13:23:51.106966,612172,278
2026-06-23T13:23:51.107037,612173,285
2026-06-23T13:23:51.107104,612174,291
2026-06-23T13:23:51.107168,612175,293
2026-06-23T13:23:51.107232,612176,288
2026-06-23T13:23:51.107296,612177,287
2026-06-23T13:23:51.117207,612178,287
2026-06-23T13:23:51.117305,612179,289
2026-06-23T13:23:51.117383,612180,301
2026-06-23T13:23:51.117460,612181,306
2026-06-23T13:23:51.117537,612182,308
2026-06-23T13:23:51.117615,612183,309
2026-06-23T13:23:51.117728,612185,312
2026-06-23T13:23:51.117822,612186,314
2026-06-23T13:23:51.117899,612187,310
2026-06-23T13:23:51.117976,612188,307
2026-06-23T13:23:51.127542,612189,311
2026-06-23T13:23:51.127630,612190,321
2026-06-23T13:23:51.127725,612191,323
2026-06-23T13:23:51.127808,612192,321
2026-06-23T13:23:51.127886,612193,325
2026-06-23T13:23:51.127963,612194,329
2026-06-23T13:23:51.128047,612195,330
2026-06-23T13:23:51.128124,612196,324
2026-06-23T13:23:51.128201,612197,325
2026-06-23T13:23:51.128277,612198,323
2026-06-23T13:23:51.137999,612199,320
2026-06-23T13:23:51.138090,612200,325
2026-06-23T13:23:51.138156,612201,324
2026-06-23T13:23:51.138219,612202,321
2026-06-23T13:23:51.138282,612203,323
2026-06-23T13:23:51.138345,612204,331
2026-06-23T13:23:51.138408,612205,337
2026-06-23T13:23:51.138472,612206,335
2026-06-23T13:23:51.138535,612207,330
2026-06-23T13:23:51.138598,612208,325
2026-06-23T13:23:51.148464,612210,329
2026-06-23T13:23:51.148553,612211,337
2026-06-23T13:23:51.148631,612212,341
2026-06-23T13:23:51.148707,612213,338
2026-06-23T13:23:51.148784,612214,335
2026-06-23T13:23:51.148860,612215,336
2026-06-23T13:23:51.148937,612216,333
2026-06-23T13:23:51.149014,612217,327
2026-06-23T13:23:51.149091,612218,320
2026-06-23T13:23:51.149167,612219,316
2026-06-23T13:23:51.158897,612220,313
2026-06-23T13:23:51.158994,612221,309
2026-06-23T13:23:51.159075,612222,306
2026-06-23T13:23:51.159171,612223,297
2026-06-23T13:23:51.159250,612224,294
2026-06-23T13:23:51.159327,612225,291
2026-06-23T13:23:51.159403,612226,287
2026-06-23T13:23:51.159480,612227,281
2026-06-23T13:23:51.159556,612228,276
2026-06-23T13:23:51.159632,612229,273
2026-06-23T13:23:51.169391,612230,268
2026-06-23T13:23:51.169477,612231,263
2026-06-23T13:23:51.169553,612232,258
2026-06-23T13:23:51.169618,612233,253
2026-06-23T13:23:51.169687,612235,250
2026-06-23T13:23:51.169751,612236,245
2026-06-23T13:23:51.169815,612237,243
2026-06-23T13:23:51.169878,612238,242
2026-06-23T13:23:51.169940,612239,238
2026-06-23T13:23:51.170003,612240,233
2026-06-23T13:23:51.179762,612241,228
2026-06-23T13:23:51.179850,612242,224
2026-06-23T13:23:51.179928,612243,220
2026-06-23T13:23:51.180005,612244,222
2026-06-23T13:23:51.180082,612245,225
2026-06-23T13:23:51.180160,612246,227
2026-06-23T13:23:51.180241,612247,225
2026-06-23T13:23:51.180317,612248,223
2026-06-23T13:23:51.180393,612249,220
2026-06-23T13:23:51.180470,612250,218
2026-06-23T13:23:51.190227,612251,219
2026-06-23T13:23:51.190327,612252,218
2026-06-23T13:23:51.190406,612253,219
2026-06-23T13:23:51.190484,612254,220
2026-06-23T13:23:51.190562,612255,219
2026-06-23T13:23:51.190638,612256,220
2026-06-23T13:23:51.190715,612257,224
2026-06-23T13:23:51.190791,612259,226
2026-06-23T13:23:51.190867,612260,223
2026-06-23T13:23:51.190944,612261,218
2026-06-23T13:23:51.200644,612262,216
2026-06-23T13:23:51.200762,612263,212
2026-06-23T13:23:51.200875,612264,208
2026-06-23T13:23:51.200961,612265,206
2026-06-23T13:23:51.201040,612266,207
2026-06-23T13:23:51.201104,612267,208
2026-06-23T13:23:51.201168,612268,205
2026-06-23T13:23:51.201232,612269,210
2026-06-23T13:23:51.201310,612270,212
2026-06-23T13:23:51.201374,612271,210
2026-06-23T13:23:51.211021,612272,209
2026-06-23T13:23:51.211131,612273,206
2026-06-23T13:23:51.211237,612274,206
2026-06-23T13:23:51.211324,612275,212
2026-06-23T13:23:51.211413,612276,218
2026-06-23T13:23:51.211492,612277,216
2026-06-23T13:23:51.211571,612278,215
2026-06-23T13:23:51.211650,612279,219
2026-06-23T13:23:51.211735,612280,227
2026-06-23T13:23:51.211813,612281,232
2026-06-23T13:23:51.221546,612282,232
2026-06-23T13:23:51.221650,612284,230
2026-06-23T13:23:51.221728,612285,227
2026-06-23T13:23:51.221806,612286,226
2026-06-23T13:23:51.221884,612287,223
2026-06-23T13:23:51.221962,612288,224
2026-06-23T13:23:51.222039,612289,228
2026-06-23T13:23:51.222117,612290,233
2026-06-23T13:23:51.222192,612291,233
2026-06-23T13:23:51.222268,612292,230
2026-06-23T13:23:51.231977,612293,226
2026-06-23T13:23:51.232072,612294,223
2026-06-23T13:23:51.232150,612295,223
2026-06-23T13:23:51.232227,612296,224
2026-06-23T13:23:51.232304,612297,227
2026-06-23T13:23:51.232381,612298,230
2026-06-23T13:23:51.232458,612299,227
2026-06-23T13:23:51.232534,612300,229
2026-06-23T13:23:51.232610,612301,232
2026-06-23T13:23:51.232686,612302,231
2026-06-23T13:23:51.242364,612303,229
2026-06-23T13:23:51.242455,612304,225
2026-06-23T13:23:51.242533,612305,224
2026-06-23T13:23:51.242611,612306,224
2026-06-23T13:23:51.242689,612307,224
2026-06-23T13:23:51.242766,612309,221
2026-06-23T13:23:51.242843,612310,219
2026-06-23T13:23:51.242920,612311,219
2026-06-23T13:23:51.242997,612312,224
2026-06-23T13:23:51.243074,612313,221
2026-06-23T13:23:51.252918,612314,218
2026-06-23T13:23:51.253027,612315,214
2026-06-23T13:23:51.253118,612316,210
2026-06-23T13:23:51.253197,612317,207
2026-06-23T13:23:51.253274,612318,203
2026-06-23T13:23:51.253371,612319,200
2026-06-23T13:23:51.253450,612320,196
2026-06-23T13:23:51.253527,612321,195
2026-06-23T13:23:51.253604,612322,195
2026-06-23T13:23:51.253681,612323,199
2026-06-23T13:23:51.263282,612324,202
2026-06-23T13:23:51.263366,612325,205
2026-06-23T13:23:51.263444,612326,203
2026-06-23T13:23:51.263520,612327,200
2026-06-23T13:23:51.263597,612328,203
2026-06-23T13:23:51.263673,612329,214
2026-06-23T13:23:51.263750,612330,226
2026-06-23T13:23:51.263826,612331,232
2026-06-23T13:23:51.263902,612332,230
2026-06-23T13:23:51.263978,612334,227
2026-06-23T13:23:51.273743,612335,224
2026-06-23T13:23:51.273874,612336,223
2026-06-23T13:23:51.273960,612337,218
2026-06-23T13:23:51.274041,612338,220
2026-06-23T13:23:51.274121,612339,220
2026-06-23T13:23:51.274200,612340,217
2026-06-23T13:23:51.274278,612341,213
2026-06-23T13:23:51.274355,612342,212
2026-06-23T13:23:51.274432,612343,212
2026-06-23T13:23:51.274510,612344,212
2026-06-23T13:23:51.284181,612345,209
2026-06-23T13:23:51.284272,612346,209
2026-06-23T13:23:51.284347,612347,209
2026-06-23T13:23:51.284413,612348,208
2026-06-23T13:23:51.284476,612349,206
2026-06-23T13:23:51.284539,612350,202
2026-06-23T13:23:51.284605,612351,199
2026-06-23T13:23:51.284687,612352,195
2026-06-23T13:23:51.284751,612353,192
2026-06-23T13:23:51.284814,612354,189
2026-06-23T13:23:51.294581,612355,187
2026-06-23T13:23:51.294677,612356,185
2026-06-23T13:23:51.294825,612358,181
2026-06-23T13:23:51.294919,612359,178
2026-06-23T13:23:51.295000,612360,176
2026-06-23T13:23:51.295079,612361,174
2026-06-23T13:23:51.295159,612362,171
2026-06-23T13:23:51.295237,612363,168
2026-06-23T13:23:51.295316,612364,166
2026-06-23T13:23:51.295392,612365,165
2026-06-23T13:23:51.305027,612366,163
2026-06-23T13:23:51.305130,612367,161
2026-06-23T13:23:51.305208,612368,158
2026-06-23T13:23:51.305286,612369,157
2026-06-23T13:23:51.305363,612370,156
2026-06-23T13:23:51.305439,612371,155
2026-06-23T13:23:51.305516,612372,156
2026-06-23T13:23:51.305592,612373,158
2026-06-23T13:23:51.305669,612374,158
2026-06-23T13:23:51.305745,612375,157
2026-06-23T13:23:51.315468,612376,165
2026-06-23T13:23:51.315561,612377,171
2026-06-23T13:23:51.315639,612378,175
2026-06-23T13:23:51.315716,612379,175
2026-06-23T13:23:51.315793,612380,173
2026-06-23T13:23:51.315870,612381,170
2026-06-23T13:23:51.315946,612383,168
2026-06-23T13:23:51.316023,612384,169
2026-06-23T13:23:51.316099,612385,168
2026-06-23T13:23:51.316176,612386,165
2026-06-23T13:23:51.325907,612387,163
2026-06-23T13:23:51.326015,612388,161
2026-06-23T13:23:51.326114,612389,160
2026-06-23T13:23:51.326194,612390,158
2026-06-23T13:23:51.326271,612391,155
2026-06-23T13:23:51.326355,612392,154
2026-06-23T13:23:51.326440,612393,154
2026-06-23T13:23:51.326516,612394,153
2026-06-23T13:23:51.326594,612395,151
2026-06-23T13:23:51.326671,612396,148
2026-06-23T13:23:51.336378,612397,146
2026-06-23T13:23:51.336510,612398,144
2026-06-23T13:23:51.336632,612399,141
2026-06-23T13:23:51.336722,612400,138
2026-06-23T13:23:51.336803,612401,137
2026-06-23T13:23:51.336908,612402,136
2026-06-23T13:23:51.337004,612403,135
2026-06-23T13:23:51.337086,612404,133
2026-06-23T13:23:51.337165,612405,134
2026-06-23T13:23:51.337243,612406,136
2026-06-23T13:23:51.346761,612408,136
2026-06-23T13:23:51.346854,612409,135
2026-06-23T13:23:51.346933,612410,135
2026-06-23T13:23:51.347013,612411,133
2026-06-23T13:23:51.347090,612412,131
2026-06-23T13:23:51.347167,612413,130
2026-06-23T13:23:51.347249,612414,128
2026-06-23T13:23:51.347330,612415,126
2026-06-23T13:23:51.347411,612416,124
2026-06-23T13:23:51.347488,612417,124
2026-06-23T13:23:51.357234,612418,125
2026-06-23T13:23:51.357339,612419,126
2026-06-23T13:23:51.357420,612420,126
2026-06-23T13:23:51.357497,612421,124
2026-06-23T13:23:51.357576,612422,125
2026-06-23T13:23:51.357654,612423,128
2026-06-23T13:23:51.357732,612424,131
2026-06-23T13:23:51.357809,612425,132
2026-06-23T13:23:51.357906,612426,130
2026-06-23T13:23:51.357984,612427,129
2026-06-23T13:23:51.367679,612428,129
2026-06-23T13:23:51.367784,612429,129
2026-06-23T13:23:51.367877,612430,129
2026-06-23T13:23:51.367958,612431,130
2026-06-23T13:23:51.368038,612433,129
2026-06-23T13:23:51.368116,612434,129
2026-06-23T13:23:51.368205,612435,128
2026-06-23T13:23:51.368282,612436,126
2026-06-23T13:23:51.368359,612437,129
2026-06-23T13:23:51.368434,612438,132
2026-06-23T13:23:51.378192,612439,138
2026-06-23T13:23:51.378302,612440,143
2026-06-23T13:23:51.378439,612441,144
2026-06-23T13:23:51.378527,612442,144
2026-06-23T13:23:51.378610,612443,144
2026-06-23T13:23:51.378691,612444,143
2026-06-23T13:23:51.378774,612445,141
2026-06-23T13:23:51.378851,612446,139
2026-06-23T13:23:51.378929,612447,137
2026-06-23T13:23:51.379005,612448,135
2026-06-23T13:23:51.388562,612449,132
2026-06-23T13:23:51.388671,612450,130
2026-06-23T13:23:51.388752,612451,128
2026-06-23T13:23:51.388832,612452,126
2026-06-23T13:23:51.388910,612453,123
2026-06-23T13:23:51.388987,612454,121
2026-06-23T13:23:51.389066,612455,119
2026-06-23T13:23:51.389144,612457,117
2026-06-23T13:23:51.389224,612458,116
2026-06-23T13:23:51.389302,612459,114
2026-06-23T13:23:51.398982,612460,112
2026-06-23T13:23:51.399088,612461,110
2026-06-23T13:23:51.399167,612462,108
2026-06-23T13:23:51.399244,612463,106
2026-06-23T13:23:51.399321,612464,105
2026-06-23T13:23:51.399400,612465,103
2026-06-23T13:23:51.399477,612466,101
2026-06-23T13:23:51.399554,612467,100
2026-06-23T13:23:51.399626,612468,98
2026-06-23T13:23:51.399699,612469,97
2026-06-23T13:23:51.409353,612470,95
2026-06-23T13:23:51.409442,612471,93
2026-06-23T13:23:51.409522,612472,94
2026-06-23T13:23:51.409595,612473,92
2026-06-23T13:23:51.409668,612474,97
2026-06-23T13:23:51.409741,612475,94
2026-06-23T13:23:51.409814,612476,95
2026-06-23T13:23:51.409887,612477,96
2026-06-23T13:23:51.409959,612478,96
2026-06-23T13:23:51.410047,612478,95
2026-06-23T13:23:51.410120,612479,94
2026-06-23T13:23:51.419899,612480,94
2026-06-23T13:23:51.420019,612481,93
2026-06-23T13:23:51.420121,612482,92
2026-06-23T13:23:51.420207,612483,92
2026-06-23T13:23:51.420330,612484,91
2026-06-23T13:23:51.420431,612485,91
2026-06-23T13:23:51.420512,612486,89
2026-06-23T13:23:51.420589,612487,88
2026-06-23T13:23:51.420663,612488,87
2026-06-23T13:23:51.420738,612489,87
2026-06-23T13:23:51.420811,612490,86
2026-06-23T13:23:51.430299,612491,85
2026-06-23T13:23:51.430382,612492,85
2026-06-23T13:23:51.430457,612493,84
2026-06-23T13:23:51.430533,612494,83
2026-06-23T13:23:51.430608,612495,84
2026-06-23T13:23:51.430700,612496,83
2026-06-23T13:23:51.430773,612497,84
2026-06-23T13:23:51.430844,612498,80
2026-06-23T13:23:51.430917,612499,85
2026-06-23T13:23:51.430988,612499,84
2026-06-23T13:23:51.431061,612500,84
2026-06-23T13:23:51.440752,612501,84
2026-06-23T13:23:51.440849,612502,84
2026-06-23T13:23:51.440923,612503,84
2026-06-23T13:23:51.440997,612504,84
2026-06-23T13:23:51.441077,612505,84
2026-06-23T13:23:51.441150,612506,84
2026-06-23T13:23:51.441222,612507,84
2026-06-23T13:23:51.441295,612508,84
2026-06-23T13:23:51.441416,612509,84
2026-06-23T13:23:51.441491,612510,83
2026-06-23T13:23:51.441563,612511,82
2026-06-23T13:23:51.451265,612512,81
2026-06-23T13:23:51.451362,612513,80
2026-06-23T13:23:51.451450,612514,79
2026-06-23T13:23:51.451524,612515,79
2026-06-23T13:23:51.451597,612516,79
2026-06-23T13:23:51.451669,612517,78
2026-06-23T13:23:51.451741,612518,78
2026-06-23T13:23:51.451813,612519,78
2026-06-23T13:23:51.451885,612520,78
2026-06-23T13:23:51.451957,612521,77
2026-06-23T13:23:51.452029,612521,76
2026-06-23T13:23:51.461613,612522,76
2026-06-23T13:23:51.461699,612523,74
2026-06-23T13:23:51.461787,612524,74
2026-06-23T13:23:51.461863,612525,73
2026-06-23T13:23:51.461935,612526,72
2026-06-23T13:23:51.462007,612527,71
2026-06-23T13:23:51.462078,612528,73
2026-06-23T13:23:51.462158,612529,74
2026-06-23T13:23:51.462230,612530,76
2026-06-23T13:23:51.462309,612531,75
2026-06-23T13:23:51.462380,612532,74
2026-06-23T13:23:51.472039,612533,74
2026-06-23T13:23:51.472132,612534,74
2026-06-23T13:23:51.472196,612535,74
2026-06-23T13:23:51.472257,612536,73
2026-06-23T13:23:51.472317,612537,74
2026-06-23T13:23:51.472377,612538,75
2026-06-23T13:23:51.472436,612539,76
2026-06-23T13:23:51.472496,612540,77
2026-06-23T13:23:51.472555,612541,81
2026-06-23T13:23:51.472614,612542,82
2026-06-23T13:23:51.472673,612542,84
2026-06-23T13:23:51.482545,612543,83
2026-06-23T13:23:51.482637,612544,83
2026-06-23T13:23:51.482711,612545,82
2026-06-23T13:23:51.482783,612546,82
2026-06-23T13:23:51.482855,612547,81
2026-06-23T13:23:51.482927,612548,80
2026-06-23T13:23:51.482998,612549,79
2026-06-23T13:23:51.483070,612550,79
2026-06-23T13:23:51.483142,612551,77
2026-06-23T13:23:51.483213,612552,76
2026-06-23T13:23:51.483306,612553,76
2026-06-23T13:23:51.492899,612554,76
2026-06-23T13:23:51.492985,612555,75
2026-06-23T13:23:51.493059,612556,75
2026-06-23T13:23:51.493130,612557,75
2026-06-23T13:23:51.493203,612558,76
2026-06-23T13:23:51.493275,612559,77
2026-06-23T13:23:51.493347,612560,78
2026-06-23T13:23:51.493419,612561,79
2026-06-23T13:23:51.493491,612562,80
2026-06-23T13:23:51.493563,612563,79
2026-06-23T13:23:51.493634,612563,79
2026-06-23T13:23:51.503478,612564,78
2026-06-23T13:23:51.503575,612565,76
2026-06-23T13:23:51.503739,612566,76
2026-06-23T13:23:51.503817,612567,75
2026-06-23T13:23:51.503889,612568,75
2026-06-23T13:23:51.503962,612569,74
2026-06-23T13:23:51.504033,612570,73
2026-06-23T13:23:51.504106,612571,73
2026-06-23T13:23:51.504177,612572,71
2026-06-23T13:23:51.504249,612573,71
2026-06-23T13:23:51.513811,612574,71
2026-06-23T13:23:51.513903,612575,73
2026-06-23T13:23:51.513981,612576,77
2026-06-23T13:23:51.514056,612577,83
2026-06-23T13:23:51.514132,612578,89
2026-06-23T13:23:51.514204,612579,95
2026-06-23T13:23:51.514281,612580,101
2026-06-23T13:23:51.514358,612581,105
2026-06-23T13:23:51.514435,612582,105
2026-06-23T13:23:51.514512,612583,105
2026-06-23T13:23:51.514588,612584,109
2026-06-23T13:23:51.524334,612585,115
2026-06-23T13:23:51.524439,612586,123
2026-06-23T13:23:51.524518,612587,133
2026-06-23T13:23:51.524595,612588,141
2026-06-23T13:23:51.524673,612589,147
2026-06-23T13:23:51.524808,612590,149
2026-06-23T13:23:51.524890,612591,150
2026-06-23T13:23:51.524968,612592,151
2026-06-23T13:23:51.525045,612593,150
2026-06-23T13:23:51.525123,612594,148
2026-06-23T13:23:51.534784,612595,145
2026-06-23T13:23:51.534900,612596,143
2026-06-23T13:23:51.535022,612597,141
2026-06-23T13:23:51.535110,612598,140
2026-06-23T13:23:51.535191,612600,138
2026-06-23T13:23:51.535269,612601,137
2026-06-23T13:23:51.535347,612602,135
2026-06-23T13:23:51.535429,612603,133
2026-06-23T13:23:51.535508,612604,132
2026-06-23T13:23:51.535584,612605,131
2026-06-23T13:23:51.545168,612606,129
2026-06-23T13:23:51.545256,612607,127
2026-06-23T13:23:51.545364,612608,125
2026-06-23T13:23:51.545449,612609,123
2026-06-23T13:23:51.545527,612610,122
2026-06-23T13:23:51.545607,612611,119
2026-06-23T13:23:51.545684,612612,119
2026-06-23T13:23:51.545761,612613,117
2026-06-23T13:23:51.545837,612614,115
2026-06-23T13:23:51.545914,612615,113
2026-06-23T13:23:51.555638,612616,111
2026-06-23T13:23:51.555758,612617,109
2026-06-23T13:23:51.555840,612618,107
2026-06-23T13:23:51.555920,612619,105
2026-06-23T13:23:51.556001,612620,104
2026-06-23T13:23:51.556079,612621,103
2026-06-23T13:23:51.556159,612622,102
2026-06-23T13:23:51.556238,612624,100
2026-06-23T13:23:51.556312,612625,99
2026-06-23T13:23:51.556387,612626,98
2026-06-23T13:23:51.566080,612626,96
2026-06-23T13:23:51.566174,612627,94
2026-06-23T13:23:51.566249,612628,93
2026-06-23T13:23:51.566321,612629,92
2026-06-23T13:23:51.566394,612630,90
2026-06-23T13:23:51.566466,612631,89
2026-06-23T13:23:51.566538,612632,88
2026-06-23T13:23:51.566610,612633,87
2026-06-23T13:23:51.566683,612634,87
2026-06-23T13:23:51.566754,612635,87
2026-06-23T13:23:51.566826,612636,86
2026-06-23T13:23:51.576414,612637,86
2026-06-23T13:23:51.576518,612638,85
2026-06-23T13:23:51.576593,612639,87
2026-06-23T13:23:51.576685,612640,88
2026-06-23T13:23:51.576758,612641,86
2026-06-23T13:23:51.576830,612642,87
2026-06-23T13:23:51.576908,612643,86
2026-06-23T13:23:51.576979,612644,86
2026-06-23T13:23:51.577051,612645,85
2026-06-23T13:23:51.577122,612646,85
2026-06-23T13:23:51.577193,612647,83
2026-06-23T13:23:51.586929,612647,82
2026-06-23T13:23:51.587026,612648,82
2026-06-23T13:23:51.587130,612649,81
2026-06-23T13:23:51.587206,612650,81
2026-06-23T13:23:51.587279,612651,79
2026-06-23T13:23:51.587351,612652,79
2026-06-23T13:23:51.587422,612653,78
2026-06-23T13:23:51.587494,612654,78
2026-06-23T13:23:51.587566,612655,77
2026-06-23T13:23:51.587637,612656,76
2026-06-23T13:23:51.587708,612657,76
2026-06-23T13:23:51.597365,612658,76
2026-06-23T13:23:51.597448,612659,74
2026-06-23T13:23:51.597520,612660,73
2026-06-23T13:23:51.597593,612661,72
2026-06-23T13:23:51.597664,612662,72
2026-06-23T13:23:51.597736,612663,72
2026-06-23T13:23:51.597807,612664,72
2026-06-23T13:23:51.597879,612665,70
2026-06-23T13:23:51.597950,612666,70
2026-06-23T13:23:51.598022,612667,69
2026-06-23T13:23:51.598094,612668,69
2026-06-23T13:23:51.607788,612668,65
2026-06-23T13:23:51.607883,612669,67
2026-06-23T13:23:51.607957,612670,67
2026-06-23T13:23:51.608029,612671,66
2026-06-23T13:23:51.608103,612672,66
2026-06-23T13:23:51.608177,612673,65
2026-06-23T13:23:51.608250,612674,64
2026-06-23T13:23:51.608322,612675,64
2026-06-23T13:23:51.608399,612676,63
2026-06-23T13:23:51.608472,612677,62
2026-06-23T13:23:51.608544,612678,62
2026-06-23T13:23:51.618294,612679,61
2026-06-23T13:23:51.618413,612680,61
2026-06-23T13:23:51.618520,612681,61
2026-06-23T13:23:51.618607,612682,61
2026-06-23T13:23:51.618683,612683,62
2026-06-23T13:23:51.618757,612684,61
2026-06-23T13:23:51.618833,612685,61
2026-06-23T13:23:51.618905,612686,60
2026-06-23T13:23:51.618977,612687,59
2026-06-23T13:23:51.619049,612688,59
2026-06-23T13:23:51.619121,612689,58
2026-06-23T13:23:51.628699,612690,58
2026-06-23T13:23:51.628782,612690,57
2026-06-23T13:23:51.628955,612691,56
2026-06-23T13:23:51.629037,612692,56
2026-06-23T13:23:51.629110,612693,56
2026-06-23T13:23:51.629184,612694,56
2026-06-23T13:23:51.629258,612695,55
2026-06-23T13:23:51.629330,612696,55
2026-06-23T13:23:51.629403,612697,55
2026-06-23T13:23:51.629475,612698,55
2026-06-23T13:23:51.639164,612699,55
2026-06-23T13:23:51.639283,612700,55
2026-06-23T13:23:51.639363,612701,55
2026-06-23T13:23:51.639439,612702,54
2026-06-23T13:23:51.639513,612703,54
2026-06-23T13:23:51.639586,612704,55
2026-06-23T13:23:51.639660,612705,57
2026-06-23T13:23:51.639734,612706,57
2026-06-23T13:23:51.639806,612707,57
2026-06-23T13:23:51.639878,612708,57
2026-06-23T13:23:51.639955,612709,58
2026-06-23T13:23:51.649547,612710,58
2026-06-23T13:23:51.649646,612711,58
2026-06-23T13:23:51.649720,612711,58
2026-06-23T13:23:51.649794,612712,57
2026-06-23T13:23:51.649868,612713,56
2026-06-23T13:23:51.649942,612714,56
2026-06-23T13:23:51.650015,612715,55
2026-06-23T13:23:51.650092,612716,56
2026-06-23T13:23:51.650165,612717,55
2026-06-23T13:23:51.650324,612718,54
2026-06-23T13:23:51.650429,612719,54
2026-06-23T13:23:51.659990,612720,54
2026-06-23T13:23:51.660073,612721,53
2026-06-23T13:23:51.660148,612722,53
2026-06-23T13:23:51.660220,612723,53
2026-06-23T13:23:51.660294,612724,53
2026-06-23T13:23:51.660366,612725,53
2026-06-23T13:23:51.660439,612726,52
2026-06-23T13:23:51.660513,612727,52
2026-06-23T13:23:51.660635,612728,52
2026-06-23T13:23:51.660738,612729,52
2026-06-23T13:23:51.660820,612730,51
2026-06-23T13:23:51.670445,612731,51
2026-06-23T13:23:51.670565,612732,50
2026-06-23T13:23:51.670645,612732,51
2026-06-23T13:23:51.670721,612733,51
2026-06-23T13:23:51.670796,612734,53
2026-06-23T13:23:51.670869,612735,51
2026-06-23T13:23:51.670942,612736,51
2026-06-23T13:23:51.671015,612737,50
2026-06-23T13:23:51.671088,612738,50
2026-06-23T13:23:51.671160,612739,50
2026-06-23T13:23:51.671231,612740,49
2026-06-23T13:23:51.680853,612741,48
2026-06-23T13:23:51.680939,612742,49
2026-06-23T13:23:51.681013,612743,48
2026-06-23T13:23:51.681088,612744,48
2026-06-23T13:23:51.681161,612745,47
2026-06-23T13:23:51.681233,612746,47
2026-06-23T13:23:51.681308,612747,47
2026-06-23T13:23:51.681380,612748,46
2026-06-23T13:23:51.681452,612749,47
2026-06-23T13:23:51.681524,612750,47
2026-06-23T13:23:51.681596,612751,47
2026-06-23T13:23:51.691310,612752,47
2026-06-23T13:23:51.691407,612753,47
2026-06-23T13:23:51.691480,612754,47
2026-06-23T13:23:51.691553,612754,47
2026-06-23T13:23:51.691625,612755,47
2026-06-23T13:23:51.691697,612756,47
2026-06-23T13:23:51.691769,612757,47
2026-06-23T13:23:51.691842,612758,48
2026-06-23T13:23:51.691915,612759,46
2026-06-23T13:23:51.691987,612760,46
2026-06-23T13:23:51.692059,612761,46
2026-06-23T13:23:51.701797,612762,46
2026-06-23T13:23:51.701896,612763,46
2026-06-23T13:23:51.701999,612764,46
2026-06-23T13:23:51.702085,612765,47
2026-06-23T13:23:51.702161,612766,46
2026-06-23T13:23:51.702235,612767,46
2026-06-23T13:23:51.702309,612768,45
2026-06-23T13:23:51.702384,612769,45
2026-06-23T13:23:51.702457,612770,45
2026-06-23T13:23:51.702529,612771,45
2026-06-23T13:23:51.702602,612772,44
2026-06-23T13:23:51.712180,612773,44
2026-06-23T13:23:51.712264,612774,44
2026-06-23T13:23:51.712353,612775,45
2026-06-23T13:23:51.712428,612775,44
2026-06-23T13:23:51.712500,612776,44
2026-06-23T13:23:51.712573,612777,44
2026-06-23T13:23:51.712645,612778,44
2026-06-23T13:23:51.712718,612779,44
2026-06-23T13:23:51.712790,612780,45
2026-06-23T13:23:51.712861,612781,45
2026-06-23T13:23:51.712933,612782,44
2026-06-23T13:23:51.722642,612783,44
2026-06-23T13:23:51.722740,612784,44
2026-06-23T13:23:51.722816,612785,43
2026-06-23T13:23:51.722890,612786,43
2026-06-23T13:23:51.722963,612787,43
2026-06-23T13:23:51.723035,612788,42
2026-06-23T13:23:51.723106,612789,42
2026-06-23T13:23:51.723177,612790,42
2026-06-23T13:23:51.723249,612791,42
2026-06-23T13:23:51.723321,612792,42
2026-06-23T13:23:51.723395,612793,41
2026-06-23T13:23:51.733143,612794,41
2026-06-23T13:23:51.733236,612795,42
2026-06-23T13:23:51.733309,612796,42
2026-06-23T13:23:51.733381,612796,43
2026-06-23T13:23:51.733453,612797,43
2026-06-23T13:23:51.733526,612798,43
2026-06-23T13:23:51.733599,612799,43
2026-06-23T13:23:51.733673,612800,43
2026-06-23T13:23:51.733747,612801,43
2026-06-23T13:23:51.733856,612802,43
2026-06-23T13:23:51.733942,612803,43
2026-06-23T13:23:51.743507,612804,43
2026-06-23T13:23:51.743589,612805,43
2026-06-23T13:23:51.743696,612806,43
2026-06-23T13:23:51.743782,612807,42
2026-06-23T13:23:51.743859,612808,42
2026-06-23T13:23:51.743933,612809,42
2026-06-23T13:23:51.744006,612810,42
2026-06-23T13:23:51.744079,612811,42
2026-06-23T13:23:51.744152,612812,42
2026-06-23T13:23:51.744224,612813,42
2026-06-23T13:23:51.753929,612814,41
2026-06-23T13:23:51.754039,612815,41
2026-06-23T13:23:51.754113,612816,40
2026-06-23T13:23:51.754185,612817,41
2026-06-23T13:23:51.754257,612818,42
2026-06-23T13:23:51.754329,612818,42
2026-06-23T13:23:51.754403,612819,41
2026-06-23T13:23:51.754474,612820,41
2026-06-23T13:23:51.754546,612821,41
2026-06-23T13:23:51.754617,612822,40
2026-06-23T13:23:51.754688,612823,40
2026-06-23T13:23:51.764389,612824,41
2026-06-23T13:23:51.764475,612825,40
2026-06-23T13:23:51.764547,612826,40
2026-06-23T13:23:51.764619,612827,41
2026-06-23T13:23:51.764690,612828,40
2026-06-23T13:23:51.764763,612829,40
2026-06-23T13:23:51.764837,612830,40
2026-06-23T13:23:51.764909,612831,40
2026-06-23T13:23:51.764981,612832,40
2026-06-23T13:23:51.765053,612833,40
2026-06-23T13:23:51.765124,612834,40
2026-06-23T13:23:51.774787,612835,40
2026-06-23T13:23:51.774881,612836,40
2026-06-23T13:23:51.774954,612837,40
2026-06-23T13:23:51.775027,612838,40
2026-06-23T13:23:51.775100,612839,40
2026-06-23T13:23:51.775174,612839,40
2026-06-23T13:23:51.775249,612840,40
2026-06-23T13:23:51.775320,612841,40
2026-06-23T13:23:51.775392,612842,40
2026-06-23T13:23:51.775466,612843,40
2026-06-23T13:23:51.775538,612844,41
2026-06-23T13:23:51.785274,612845,41
2026-06-23T13:23:51.785372,612846,41
2026-06-23T13:23:51.785481,612847,41
2026-06-23T13:23:51.785563,612848,41
2026-06-23T13:23:51.785639,612849,40
2026-06-23T13:23:51.785712,612850,40
2026-06-23T13:23:51.785784,612851,39
2026-06-23T13:23:51.785856,612852,40
2026-06-23T13:23:51.785928,612853,40
2026-06-23T13:23:51.786000,612854,41
2026-06-23T13:23:51.786072,612855,41
2026-06-23T13:23:51.795700,612856,41
2026-06-23T13:23:51.795780,612857,41
2026-06-23T13:23:51.795883,612858,41
2026-06-23T13:23:51.795958,612859,40
2026-06-23T13:23:51.796030,612860,40
2026-06-23T13:23:51.796102,612861,40
2026-06-23T13:23:51.796174,612861,40
2026-06-23T13:23:51.796245,612862,39
2026-06-23T13:23:51.796317,612863,39
2026-06-23T13:23:51.796388,612864,39
2026-06-23T13:23:51.796461,612865,39
2026-06-23T13:23:51.806181,612866,39
2026-06-23T13:23:51.806280,612867,40
2026-06-23T13:23:51.806352,612868,40
2026-06-23T13:23:51.806424,612869,40
2026-06-23T13:23:51.806501,612870,40
2026-06-23T13:23:51.806610,612871,40
2026-06-23T13:23:51.806709,612872,40
2026-06-23T13:23:51.806790,612873,40
2026-06-23T13:23:51.806866,612874,40
2026-06-23T13:23:51.806941,612875,39
2026-06-23T13:23:51.807015,612876,40
2026-06-23T13:23:51.816610,612877,40
2026-06-23T13:23:51.816709,612878,41
2026-06-23T13:23:51.816783,612879,41
2026-06-23T13:23:51.816858,612880,41
2026-06-23T13:23:51.816931,612881,41
2026-06-23T13:23:51.817007,612882,41
2026-06-23T13:23:51.817082,612882,41
2026-06-23T13:23:51.817190,612883,41
2026-06-23T13:23:51.817329,612884,35
2026-06-23T13:23:51.817417,612885,40
2026-06-23T13:23:51.817491,612886,40
2026-06-23T13:23:51.827003,612887,40
2026-06-23T13:23:51.827084,612888,40
2026-06-23T13:23:51.827157,612889,40
2026-06-23T13:23:51.827229,612890,40
2026-06-23T13:23:51.827303,612891,40
2026-06-23T13:23:51.827375,612892,39
2026-06-23T13:23:51.827452,612893,39
2026-06-23T13:23:51.827525,612894,40
2026-06-23T13:23:51.827598,612895,40
2026-06-23T13:23:51.827671,612896,39
2026-06-23T13:23:51.827742,612897,39
2026-06-23T13:23:51.837454,612898,39
2026-06-23T13:23:51.837554,612899,39
2026-06-23T13:23:51.837627,612900,39
2026-06-23T13:23:51.837700,612901,39
2026-06-23T13:23:51.837772,612902,39
2026-06-23T13:23:51.837844,612903,39
2026-06-23T13:23:51.837916,612903,39
2026-06-23T13:23:51.837987,612904,39
2026-06-23T13:23:51.838059,612905,39
2026-06-23T13:23:51.838131,612906,39
2026-06-23T13:23:51.838202,612907,39
2026-06-23T13:23:51.847898,612908,39
2026-06-23T13:23:51.848003,612909,39
2026-06-23T13:23:51.848095,612910,39
2026-06-23T13:23:51.848186,612911,38
2026-06-23T13:23:51.848277,612912,38
2026-06-23T13:23:51.848369,612913,38
2026-06-23T13:23:51.848460,612914,38
2026-06-23T13:23:51.848561,612915,38
2026-06-23T13:23:51.848653,612916,38
2026-06-23T13:23:51.848732,612917,39
2026-06-23T13:23:51.848804,612918,39
2026-06-23T13:23:51.858312,612919,39
2026-06-23T13:23:51.858399,612920,39
2026-06-23T13:23:51.858473,612921,39
2026-06-23T13:23:51.858546,612922,39
2026-06-23T13:23:51.858619,612923,39
2026-06-23T13:23:51.858690,612924,39
2026-06-23T13:23:51.858761,612925,39
2026-06-23T13:23:51.858834,612925,39
2026-06-23T13:23:51.858906,612926,39
2026-06-23T13:23:51.858977,612927,38
2026-06-23T13:23:51.868767,612928,39
2026-06-23T13:23:51.868865,612929,39
2026-06-23T13:23:51.868974,612930,39
2026-06-23T13:23:51.869056,612931,39
2026-06-23T13:23:51.869130,612932,39
2026-06-23T13:23:51.869203,612933,39
2026-06-23T13:23:51.869276,612934,39
2026-06-23T13:23:51.869348,612935,39
2026-06-23T13:23:51.869420,612936,39
2026-06-23T13:23:51.869493,612937,39
2026-06-23T13:23:51.869565,612938,39
2026-06-23T13:23:51.879228,612939,39
2026-06-23T13:23:51.879309,612940,38
2026-06-23T13:23:51.879382,612941,38
2026-06-23T13:23:51.879455,612942,39
2026-06-23T13:23:51.879527,612943,39
2026-06-23T13:23:51.879598,612944,38
2026-06-23T13:23:51.879670,612945,39
2026-06-23T13:23:51.879741,612946,38
2026-06-23T13:23:51.879812,612946,39
2026-06-23T13:23:51.879884,612947,38
2026-06-23T13:23:51.879956,612948,38
2026-06-23T13:23:51.889698,612949,38
2026-06-23T13:23:51.889802,612950,38
2026-06-23T13:23:51.889879,612951,38
2026-06-23T13:23:51.889952,612952,38
2026-06-23T13:23:51.890025,612953,38
2026-06-23T13:23:51.890097,612954,39
2026-06-23T13:23:51.890170,612955,38
2026-06-23T13:23:51.890246,612956,39
2026-06-23T13:23:51.890319,612957,41
2026-06-23T13:23:51.890390,612958,39
2026-06-23T13:23:51.890463,612959,39
2026-06-23T13:23:51.900172,612960,39
2026-06-23T13:23:51.900281,612961,39
2026-06-23T13:23:51.900359,612962,38
2026-06-23T13:23:51.900436,612963,38
2026-06-23T13:23:51.900513,612964,38
2026-06-23T13:23:51.900587,612965,38
2026-06-23T13:23:51.900660,612966,37
2026-06-23T13:23:51.900733,612967,38
2026-06-23T13:23:51.900813,612967,37
2026-06-23T13:23:51.900888,612968,37
2026-06-23T13:23:51.901059,612969,37
2026-06-23T13:23:51.910526,612970,37
2026-06-23T13:23:51.910617,612971,37
2026-06-23T13:23:51.910694,612972,38
2026-06-23T13:23:51.910769,612973,38
2026-06-23T13:23:51.910842,612974,38
2026-06-23T13:23:51.910915,612975,37
2026-06-23T13:23:51.910987,612976,38
2026-06-23T13:23:51.911060,612977,38
2026-06-23T13:23:51.911163,612978,38
2026-06-23T13:23:51.911246,612979,38
2026-06-23T13:23:51.911319,612980,38
2026-06-23T13:23:51.921046,612981,38
2026-06-23T13:23:51.921162,612982,38
2026-06-23T13:23:51.921240,612983,39
2026-06-23T13:23:51.921314,612984,39
2026-06-23T13:23:51.921387,612985,40
2026-06-23T13:23:51.921460,612986,39
2026-06-23T13:23:51.921533,612987,40
2026-06-23T13:23:51.921605,612988,40
2026-06-23T13:23:51.921676,612989,39
2026-06-23T13:23:51.921749,612989,39
2026-06-23T13:23:51.921821,612990,40
2026-06-23T13:23:51.931425,612991,40
2026-06-23T13:23:51.931540,612992,41
2026-06-23T13:23:51.931635,612993,40
2026-06-23T13:23:51.931730,612994,40
2026-06-23T13:23:51.931820,612995,39
2026-06-23T13:23:51.931892,612996,40
2026-06-23T13:23:51.931964,612997,40
2026-06-23T13:23:51.932037,612998,40
2026-06-23T13:23:51.932110,612999,41
2026-06-23T13:23:51.932182,613000,41
2026-06-23T13:23:51.932253,613001,41
2026-06-23T13:23:51.941851,613002,41
2026-06-23T13:23:51.941954,613003,40
2026-06-23T13:23:51.942031,613004,40
2026-06-23T13:23:51.942106,613005,40
2026-06-23T13:23:51.942181,613006,40
2026-06-23T13:23:51.942255,613007,40
2026-06-23T13:23:51.942326,613008,40
2026-06-23T13:23:51.942430,613009,40
2026-06-23T13:23:51.942504,613010,40
2026-06-23T13:23:51.942576,613010,40
2026-06-23T13:23:51.942647,613011,39
2026-06-23T13:23:51.952347,613012,39
2026-06-23T13:23:51.952452,613013,39
2026-06-23T13:23:51.952543,613014,39
2026-06-23T13:23:51.952620,613015,39
2026-06-23T13:23:51.952694,613016,38
2026-06-23T13:23:51.952766,613017,38
2026-06-23T13:23:51.952838,613018,38
2026-06-23T13:23:51.952911,613019,38
2026-06-23T13:23:51.952982,613020,38
2026-06-23T13:23:51.953055,613021,38
2026-06-23T13:23:51.953128,613022,39
2026-06-23T13:23:51.962714,613023,39
2026-06-23T13:23:51.962799,613024,39
2026-06-23T13:23:51.962875,613025,40
2026-06-23T13:23:51.962949,613026,38
2026-06-23T13:23:51.963022,613027,38
2026-06-23T13:23:51.963097,613028,38
2026-06-23T13:23:51.963171,613029,38
2026-06-23T13:23:51.963245,613030,38
2026-06-23T13:23:51.963319,613031,37
2026-06-23T13:23:51.963392,613031,38
2026-06-23T13:23:51.963468,613032,38
2026-06-23T13:23:51.973211,613033,39
2026-06-23T13:23:51.973316,613034,38
2026-06-23T13:23:51.973394,613035,40
2026-06-23T13:23:51.973469,613036,40
2026-06-23T13:23:51.973543,613037,41
2026-06-23T13:23:51.973616,613038,42
2026-06-23T13:23:51.973689,613039,44
2026-06-23T13:23:51.973761,613040,45
2026-06-23T13:23:51.973834,613041,45
2026-06-23T13:23:51.973905,613042,45
2026-06-23T13:23:51.983523,613043,46
2026-06-23T13:23:51.983622,613044,49
2026-06-23T13:23:51.983698,613045,52
2026-06-23T13:23:51.983771,613046,55
2026-06-23T13:23:51.983843,613047,55
2026-06-23T13:23:51.983919,613048,55
2026-06-23T13:23:51.983990,613049,54
2026-06-23T13:23:51.984065,613050,54
2026-06-23T13:23:51.984140,613051,53
2026-06-23T13:23:51.984226,613052,52
2026-06-23T13:23:51.984301,613053,52
2026-06-23T13:23:51.993951,613053,52
2026-06-23T13:23:51.994056,613054,52
2026-06-23T13:23:51.994136,613055,51
2026-06-23T13:23:51.994211,613056,50
2026-06-23T13:23:51.994285,613057,50
2026-06-23T13:23:51.994358,613058,50
2026-06-23T13:23:51.994431,613059,50
2026-06-23T13:23:51.994506,613060,50
2026-06-23T13:23:51.994584,613061,51
2026-06-23T13:23:51.994658,613062,51
2026-06-23T13:23:51.994729,613063,52
2026-06-23T13:23:52.004451,613064,55
2026-06-23T13:23:52.004554,613065,56
2026-06-23T13:23:52.004619,613066,58
2026-06-23T13:23:52.004683,613067,60
2026-06-23T13:23:52.004744,613068,62
2026-06-23T13:23:52.004804,613069,61
2026-06-23T13:23:52.004865,613070,61
2026-06-23T13:23:52.004924,613071,62
2026-06-23T13:23:52.004985,613072,64
2026-06-23T13:23:52.005047,613073,65
2026-06-23T13:23:52.005106,613074,67
2026-06-23T13:23:52.014913,613074,68
2026-06-23T13:23:52.015016,613075,69
2026-06-23T13:23:52.015092,613076,69
2026-06-23T13:23:52.015166,613077,69
2026-06-23T13:23:52.015240,613078,68
2026-06-23T13:23:52.015316,613079,67
2026-06-23T13:23:52.015388,613080,67
2026-06-23T13:23:52.015460,613081,66
2026-06-23T13:23:52.015532,613082,65
2026-06-23T13:23:52.015604,613083,64
2026-06-23T13:23:52.015676,613084,65
2026-06-23T13:23:52.025319,613085,64
2026-06-23T13:23:52.025420,613086,64
2026-06-23T13:23:52.025498,613087,63
2026-06-23T13:23:52.025573,613088,64
2026-06-23T13:23:52.025662,613089,64
2026-06-23T13:23:52.025736,613090,65
2026-06-23T13:23:52.025810,613091,66
2026-06-23T13:23:52.025882,613092,65
2026-06-23T13:23:52.025954,613093,66
2026-06-23T13:23:52.026026,613094,67
2026-06-23T13:23:52.026097,613095,68
2026-06-23T13:23:52.035835,613096,68
2026-06-23T13:23:52.035941,613096,68
2026-06-23T13:23:52.036042,613097,69
2026-06-23T13:23:52.036119,613098,72
2026-06-23T13:23:52.036192,613099,75
2026-06-23T13:23:52.036265,613100,78
2026-06-23T13:23:52.036338,613101,80
2026-06-23T13:23:52.036411,613102,80
2026-06-23T13:23:52.036483,613103,80
2026-06-23T13:23:52.036555,613104,81
2026-06-23T13:23:52.036639,613105,80
2026-06-23T13:23:52.046189,613106,80
2026-06-23T13:23:52.046274,613107,78
2026-06-23T13:23:52.046348,613108,78
2026-06-23T13:23:52.046422,613109,79
2026-06-23T13:23:52.046494,613110,79
2026-06-23T13:23:52.046567,613111,80
2026-06-23T13:23:52.046640,613112,81
2026-06-23T13:23:52.046716,613113,83
2026-06-23T13:23:52.046791,613114,83
2026-06-23T13:23:52.047007,613115,84
2026-06-23T13:23:52.047174,613116,83
2026-06-23T13:23:52.056695,613117,82
2026-06-23T13:23:52.056835,613117,81
2026-06-23T13:23:52.056917,613118,81
2026-06-23T13:23:52.056992,613119,79
2026-06-23T13:23:52.057102,613120,79
2026-06-23T13:23:52.057220,613121,79
2026-06-23T13:23:52.057322,613122,80
2026-06-23T13:23:52.057423,613123,82
2026-06-23T13:23:52.057522,613124,84
2026-06-23T13:23:52.057622,613125,87
2026-06-23T13:23:52.057720,613126,88
2026-06-23T13:23:52.067250,613127,86
2026-06-23T13:23:52.067496,613128,89
2026-06-23T13:23:52.067682,613129,90
2026-06-23T13:23:52.067826,613130,91
2026-06-23T13:23:52.067961,613131,92
2026-06-23T13:23:52.068056,613132,95
2026-06-23T13:23:52.068145,613133,99
2026-06-23T13:23:52.068232,613134,103
2026-06-23T13:23:52.068343,613135,108
2026-06-23T13:23:52.068444,613136,112
2026-06-23T13:23:52.077507,613137,114
2026-06-23T13:23:52.077621,613138,114
2026-06-23T13:23:52.077701,613139,113
2026-06-23T13:23:52.077947,613140,111
2026-06-23T13:23:52.078050,613141,111
2026-06-23T13:23:52.078129,613142,113
2026-06-23T13:23:52.078212,613143,116
2026-06-23T13:23:52.078289,613144,121
2026-06-23T13:23:52.078367,613145,125
2026-06-23T13:23:52.078441,613146,127
2026-06-23T13:23:52.087937,613147,125
2026-06-23T13:23:52.088033,613148,125
2026-06-23T13:23:52.088089,613149,122
2026-06-23T13:23:52.088140,613150,121
2026-06-23T13:23:52.088211,613151,121
2026-06-23T13:23:52.088286,613152,120
2026-06-23T13:23:52.088352,613154,119
2026-06-23T13:23:52.088419,613155,119
2026-06-23T13:23:52.088484,613156,119
2026-06-23T13:23:52.088549,613157,119
2026-06-23T13:23:52.098403,613158,118
2026-06-23T13:23:52.098492,613159,117
2026-06-23T13:23:52.098539,613160,120
2026-06-23T13:23:52.098582,613161,121
2026-06-23T13:23:52.098626,613162,121
2026-06-23T13:23:52.098669,613163,125
2026-06-23T13:23:52.098713,613164,131
2026-06-23T13:23:52.098755,613165,134
2026-06-23T13:23:52.098798,613166,135
2026-06-23T13:23:52.098839,613167,135
2026-06-23T13:23:52.108887,613168,133
2026-06-23T13:23:52.109020,613169,134
2026-06-23T13:23:52.109127,613170,137
2026-06-23T13:23:52.109213,613171,138
2026-06-23T13:23:52.109294,613172,137
2026-06-23T13:23:52.109374,613173,136
2026-06-23T13:23:52.109454,613174,137
2026-06-23T13:23:52.109553,613175,136
2026-06-23T13:23:52.109652,613176,136
2026-06-23T13:23:52.109750,613177,138
2026-06-23T13:23:52.119336,613179,145
2026-06-23T13:23:52.119398,613180,155
2026-06-23T13:23:52.119442,613181,161
2026-06-23T13:23:52.119484,613182,165
2026-06-23T13:23:52.119526,613183,169
2026-06-23T13:23:52.119568,613184,170
2026-06-23T13:23:52.119610,613185,172
2026-06-23T13:23:52.119652,613186,171
2026-06-23T13:23:52.119694,613187,170
2026-06-23T13:23:52.119736,613188,177
2026-06-23T13:23:52.129763,613189,185
2026-06-23T13:23:52.129875,613190,189
2026-06-23T13:23:52.129977,613191,187
2026-06-23T13:23:52.130075,613192,185
2026-06-23T13:23:52.130174,613193,185
2026-06-23T13:23:52.130272,613194,188
2026-06-23T13:23:52.130370,613195,188
2026-06-23T13:23:52.130468,613196,186
2026-06-23T13:23:52.130566,613197,185
2026-06-23T13:23:52.130664,613198,182
2026-06-23T13:23:52.140141,613199,183
2026-06-23T13:23:52.140238,613200,189
2026-06-23T13:23:52.140318,613201,201
2026-06-23T13:23:52.140428,613202,215
2026-06-23T13:23:52.140509,613204,221
2026-06-23T13:23:52.140586,613205,219
2026-06-23T13:23:52.140664,613206,219
2026-06-23T13:23:52.140740,613207,221
2026-06-23T13:23:52.140817,613208,222
2026-06-23T13:23:52.140893,613209,222
2026-06-23T13:23:52.150631,613210,218
2026-06-23T13:23:52.150756,613211,223
2026-06-23T13:23:52.150842,613212,239
2026-06-23T13:23:52.150974,613213,253
2026-06-23T13:23:52.151079,613214,263
2026-06-23T13:23:52.151167,613215,276
2026-06-23T13:23:52.151262,613216,282
2026-06-23T13:23:52.151345,613217,279
2026-06-23T13:23:52.151424,613218,273
2026-06-23T13:23:52.151502,613219,268
2026-06-23T13:23:52.161163,613220,267
2026-06-23T13:23:52.161251,613221,266
2026-06-23T13:23:52.161360,613222,260
2026-06-23T13:23:52.161441,613223,259
2026-06-23T13:23:52.161519,613224,256
2026-06-23T13:23:52.161596,613225,257
2026-06-23T13:23:52.161673,613226,257
2026-06-23T13:23:52.161751,613228,252
2026-06-23T13:23:52.161843,613229,248
2026-06-23T13:23:52.161919,613230,244
2026-06-23T13:23:52.171513,613231,240
2026-06-23T13:23:52.171610,613232,241
2026-06-23T13:23:52.171689,613233,253
2026-06-23T13:23:52.171766,613234,264
2026-06-23T13:23:52.171844,613235,269
2026-06-23T13:23:52.171921,613236,279
2026-06-23T13:23:52.171998,613237,292
2026-06-23T13:23:52.172074,613238,310
2026-06-23T13:23:52.172152,613239,329
2026-06-23T13:23:52.172232,613240,340
2026-06-23T13:23:52.181922,613241,345
2026-06-23T13:23:52.182003,613242,344
2026-06-23T13:23:52.182069,613243,346
2026-06-23T13:23:52.182133,613244,350
2026-06-23T13:23:52.182196,613245,351
2026-06-23T13:23:52.182259,613246,348
2026-06-23T13:23:52.182323,613247,343
2026-06-23T13:23:52.182385,613248,337
2026-06-23T13:23:52.182449,613249,333
2026-06-23T13:23:52.182511,613250,334
2026-06-23T13:23:52.192311,613251,337
2026-06-23T13:23:52.192403,613253,339
2026-06-23T13:23:52.192481,613254,339
2026-06-23T13:23:52.192558,613255,334
2026-06-23T13:23:52.192635,613256,333
2026-06-23T13:23:52.192712,613257,336
2026-06-23T13:23:52.192788,613258,345
2026-06-23T13:23:52.192865,613259,355
2026-06-23T13:23:52.192941,613260,355
2026-06-23T13:23:52.193018,613261,349
2026-06-23T13:23:52.202774,613262,349
2026-06-23T13:23:52.202874,613263,348
2026-06-23T13:23:52.202969,613264,354
2026-06-23T13:23:52.203049,613265,362
2026-06-23T13:23:52.203127,613266,362
2026-06-23T13:23:52.203204,613267,356
2026-06-23T13:23:52.203296,613268,352
2026-06-23T13:23:52.203374,613269,348
2026-06-23T13:23:52.203452,613270,343
2026-06-23T13:23:52.203529,613271,349
2026-06-23T13:23:52.213258,613272,385
2026-06-23T13:23:52.213344,613273,420
2026-06-23T13:23:52.213422,613274,436
2026-06-23T13:23:52.213499,613275,434
2026-06-23T13:23:52.213576,613276,450
2026-06-23T13:23:52.213653,613278,475
2026-06-23T13:23:52.213730,613279,488
2026-06-23T13:23:52.213806,613280,489
2026-06-23T13:23:52.213883,613281,493
2026-06-23T13:23:52.213959,613282,502
2026-06-23T13:23:52.223684,613283,507
2026-06-23T13:23:52.223781,613284,513
2026-06-23T13:23:52.223864,613285,519
2026-06-23T13:23:52.223942,613286,521
2026-06-23T13:23:52.224020,613287,523
2026-06-23T13:23:52.224097,613288,517
2026-06-23T13:23:52.224175,613289,518
2026-06-23T13:23:52.224251,613290,529
2026-06-23T13:23:52.224327,613291,536
2026-06-23T13:23:52.224403,613292,538
2026-06-23T13:23:52.234158,613293,534
2026-06-23T13:23:52.234268,613294,528
2026-06-23T13:23:52.234347,613295,518
2026-06-23T13:23:52.234493,613296,518
2026-06-23T13:23:52.234585,613297,522
2026-06-23T13:23:52.234665,613298,531
2026-06-23T13:23:52.234748,613299,548
2026-06-23T13:23:52.234826,613300,575
2026-06-23T13:23:52.234903,613301,588
2026-06-23T13:23:52.234981,613303,581
2026-06-23T13:23:52.244565,613304,590
2026-06-23T13:23:52.244652,613305,592
2026-06-23T13:23:52.244793,613306,581
2026-06-23T13:23:52.244876,613307,582
2026-06-23T13:23:52.244955,613308,593
2026-06-23T13:23:52.245034,613309,600
2026-06-23T13:23:52.245111,613310,609
2026-06-23T13:23:52.245187,613311,629
2026-06-23T13:23:52.245265,613312,646
2026-06-23T13:23:52.245341,613313,648
2026-06-23T13:23:52.255074,613314,637
2026-06-23T13:23:52.255183,613315,637
2026-06-23T13:23:52.255262,613316,634
2026-06-23T13:23:52.255341,613317,638
2026-06-23T13:23:52.255419,613318,649
2026-06-23T13:23:52.255496,613319,673
2026-06-23T13:23:52.255573,613320,702
2026-06-23T13:23:52.255650,613321,707
2026-06-23T13:23:52.255733,613322,696
2026-06-23T13:23:52.255810,613323,684
2026-06-23T13:23:52.265479,613324,693
2026-06-23T13:23:52.265579,613325,695
2026-06-23T13:23:52.265658,613327,685
2026-06-23T13:23:52.265735,613328,689
2026-06-23T13:23:52.265812,613329,697
2026-06-23T13:23:52.265889,613330,701
2026-06-23T13:23:52.265966,613331,700
2026-06-23T13:23:52.266050,613332,700
2026-06-23T13:23:52.266127,613333,693
2026-06-23T13:23:52.266203,613334,695
2026-06-23T13:23:52.275969,613335,716
2026-06-23T13:23:52.276097,613336,727
2026-06-23T13:23:52.276177,613337,713
2026-06-23T13:23:52.276253,613338,724
2026-06-23T13:23:52.276332,613339,738
2026-06-23T13:23:52.276411,613340,751
2026-06-23T13:23:52.276488,613341,749
2026-06-23T13:23:52.276566,613342,742
2026-06-23T13:23:52.276644,613343,745
2026-06-23T13:23:52.276724,613344,751
2026-06-23T13:23:52.286375,613345,761
2026-06-23T13:23:52.286488,613346,785
2026-06-23T13:23:52.286604,613347,805
2026-06-23T13:23:52.286687,613348,815
2026-06-23T13:23:52.286767,613349,805
2026-06-23T13:23:52.286845,613350,788
2026-06-23T13:23:52.286929,613352,776
2026-06-23T13:23:52.287007,613353,760
2026-06-23T13:23:52.287084,613354,750
2026-06-23T13:23:52.287161,613355,754
2026-06-23T13:23:52.296817,613356,770
2026-06-23T13:23:52.296906,613357,790
2026-06-23T13:23:52.296987,613358,813
2026-06-23T13:23:52.297071,613359,827
2026-06-23T13:23:52.297148,613360,819
2026-06-23T13:23:52.297225,613361,811
2026-06-23T13:23:52.297303,613362,796
2026-06-23T13:23:52.297379,613363,795
2026-06-23T13:23:52.297455,613364,802
2026-06-23T13:23:52.297531,613365,799
2026-06-23T13:23:52.307267,613366,819
2026-06-23T13:23:52.307366,613367,838
2026-06-23T13:23:52.307445,613368,830
2026-06-23T13:23:52.307521,613369,858
2026-06-23T13:23:52.307598,613370,909
2026-06-23T13:23:52.307675,613371,934
2026-06-23T13:23:52.307752,613372,934
2026-06-23T13:23:52.307828,613373,934
2026-06-23T13:23:52.307905,613374,934
2026-06-23T13:23:52.307981,613375,935
2026-06-23T13:23:52.317696,613377,934
2026-06-23T13:23:52.317806,613378,935
2026-06-23T13:23:52.317913,613379,934
2026-06-23T13:23:52.317993,613380,934
2026-06-23T13:23:52.318086,613381,934
2026-06-23T13:23:52.318163,613382,934
2026-06-23T13:23:52.318240,613383,936
2026-06-23T13:23:52.318316,613384,934
2026-06-23T13:23:52.318393,613385,934
2026-06-23T13:23:52.318468,613386,934
2026-06-23T13:23:52.328148,613387,934
2026-06-23T13:23:52.328232,613388,934
2026-06-23T13:23:52.328358,613389,934
2026-06-23T13:23:52.328470,613390,934
2026-06-23T13:23:52.328559,613391,936
2026-06-23T13:23:52.328642,613392,934
2026-06-23T13:23:52.328722,613393,933
2026-06-23T13:23:52.328801,613394,933
2026-06-23T13:23:52.328886,613395,933
2026-06-23T13:23:52.328965,613396,932
2026-06-23T13:23:52.338584,613397,934
2026-06-23T13:23:52.338689,613398,934
2026-06-23T13:23:52.338768,613399,935
2026-06-23T13:23:52.338845,613400,934
2026-06-23T13:23:52.338923,613402,934
2026-06-23T13:23:52.339000,613403,934
2026-06-23T13:23:52.339076,613404,934
2026-06-23T13:23:52.339152,613405,934
2026-06-23T13:23:52.339229,613406,934
2026-06-23T13:23:52.339304,613407,934
2026-06-23T13:23:52.349002,613408,935
2026-06-23T13:23:52.349099,613409,935
2026-06-23T13:23:52.349177,613410,934
2026-06-23T13:23:52.349256,613411,934
2026-06-23T13:23:52.349334,613412,934
2026-06-23T13:23:52.349411,613413,934
2026-06-23T13:23:52.349488,613414,931
2026-06-23T13:23:52.349564,613415,935
2026-06-23T13:23:52.349641,613416,934
2026-06-23T13:23:52.349717,613417,934
2026-06-23T13:23:52.359465,613418,934
2026-06-23T13:23:52.359555,613419,934
2026-06-23T13:23:52.359635,613420,934
2026-06-23T13:23:52.359714,613421,933
2026-06-23T13:23:52.359792,613422,934
2026-06-23T13:23:52.359885,613423,934
2026-06-23T13:23:52.359962,613424,934
2026-06-23T13:23:52.360038,613426,934
2026-06-23T13:23:52.360115,613427,934
2026-06-23T13:23:52.360191,613428,934
2026-06-23T13:23:52.369879,613429,934
2026-06-23T13:23:52.369976,613430,938
2026-06-23T13:23:52.370086,613431,935
2026-06-23T13:23:52.370174,613432,934
2026-06-23T13:23:52.370290,613433,934
2026-06-23T13:23:52.370396,613434,920
2026-06-23T13:23:52.370481,613435,938
2026-06-23T13:23:52.370563,613436,934
2026-06-23T13:23:52.370643,613437,935
2026-06-23T13:23:52.370722,613438,935
2026-06-23T13:23:52.380329,613439,934
2026-06-23T13:23:52.380416,613440,934
2026-06-23T13:23:52.380494,613441,934
2026-06-23T13:23:52.380572,613442,934
2026-06-23T13:23:52.380653,613443,934
2026-06-23T13:23:52.380730,613444,935
2026-06-23T13:23:52.380807,613445,934
2026-06-23T13:23:52.380882,613446,934
2026-06-23T13:23:52.380959,613447,934
2026-06-23T13:23:52.381035,613448,934
2026-06-23T13:23:52.390760,613449,934
2026-06-23T13:23:52.390856,613451,934
2026-06-23T13:23:52.390989,613452,934
2026-06-23T13:23:52.391067,613453,934
2026-06-23T13:23:52.391145,613454,934
2026-06-23T13:23:52.391221,613455,934
2026-06-23T13:23:52.391298,613456,934
2026-06-23T13:23:52.391374,613457,934
2026-06-23T13:23:52.391451,613458,934
2026-06-23T13:23:52.391528,613459,934
2026-06-23T13:23:52.401245,613460,934
2026-06-23T13:23:52.401453,613461,934
2026-06-23T13:23:52.401571,613462,934
2026-06-23T13:23:52.401662,613463,933
2026-06-23T13:23:52.401742,613464,931
2026-06-23T13:23:52.401819,613465,923
2026-06-23T13:23:52.401896,613466,903
2026-06-23T13:23:52.401972,613467,888
2026-06-23T13:23:52.402048,613468,872
2026-06-23T13:23:52.402124,613469,864
2026-06-23T13:23:52.411639,613470,873
2026-06-23T13:23:52.411724,613471,902
2026-06-23T13:23:52.411847,613472,917
2026-06-23T13:23:52.411941,613473,911
2026-06-23T13:23:52.412024,613474,923
2026-06-23T13:23:52.412104,613476,910
2026-06-23T13:23:52.412183,613477,910
2026-06-23T13:23:52.412260,613478,934
2026-06-23T13:23:52.412338,613479,934
2026-06-23T13:23:52.412417,613480,933
2026-06-23T13:23:52.422174,613481,934
2026-06-23T13:23:52.422295,613482,935
2026-06-23T13:23:52.422380,613483,934
2026-06-23T13:23:52.422461,613484,934
2026-06-23T13:23:52.422541,613485,934
2026-06-23T13:23:52.422619,613486,935
2026-06-23T13:23:52.422698,613487,934
2026-06-23T13:23:52.422775,613488,933
2026-06-23T13:23:52.422853,613489,934
2026-06-23T13:23:52.422936,613490,934
2026-06-23T13:23:52.432540,613491,934
2026-06-23T13:23:52.432646,613492,934
2026-06-23T13:23:52.432727,613493,934
2026-06-23T13:23:52.432808,613494,934
2026-06-23T13:23:52.432889,613495,935
2026-06-23T13:23:52.432966,613496,934
2026-06-23T13:23:52.433043,613497,934
2026-06-23T13:23:52.433120,613498,934
2026-06-23T13:23:52.433198,613499,934
2026-06-23T13:23:52.433275,613501,934
2026-06-23T13:23:52.442965,613502,932
2026-06-23T13:23:52.443072,613503,935
2026-06-23T13:23:52.443157,613504,934
2026-06-23T13:23:52.443236,613505,934
2026-06-23T13:23:52.443332,613506,934
2026-06-23T13:23:52.443412,613507,934
2026-06-23T13:23:52.443490,613508,935
2026-06-23T13:23:52.443567,613509,934
2026-06-23T13:23:52.443644,613510,934
2026-06-23T13:23:52.443720,613511,934
2026-06-23T13:23:52.453448,613512,934
2026-06-23T13:23:52.453584,613513,937
2026-06-23T13:23:52.453732,613514,934
2026-06-23T13:23:52.453813,613515,934
2026-06-23T13:23:52.453893,613516,934
2026-06-23T13:23:52.453971,613517,934
2026-06-23T13:23:52.454049,613518,933
2026-06-23T13:23:52.454127,613519,934
2026-06-23T13:23:52.454204,613520,934
2026-06-23T13:23:52.454281,613521,934
2026-06-23T13:23:52.463855,613522,934
2026-06-23T13:23:52.463947,613523,935
2026-06-23T13:23:52.464027,613525,934
2026-06-23T13:23:52.464109,613526,934
2026-06-23T13:23:52.464186,613527,933
2026-06-23T13:23:52.464263,613528,933
2026-06-23T13:23:52.464341,613529,933
2026-06-23T13:23:52.464419,613530,926
2026-06-23T13:23:52.464496,613531,928
2026-06-23T13:23:52.464573,613532,934
2026-06-23T13:23:52.474296,613533,932
2026-06-23T13:23:52.474403,613534,935
2026-06-23T13:23:52.474486,613535,934
2026-06-23T13:23:52.474566,613536,934
2026-06-23T13:23:52.474646,613537,933
2026-06-23T13:23:52.474724,613538,933
2026-06-23T13:23:52.474801,613539,934
2026-06-23T13:23:52.474878,613540,934
2026-06-23T13:23:52.474956,613541,935
2026-06-23T13:23:52.475033,613542,934
2026-06-23T13:23:52.484777,613543,934
2026-06-23T13:23:52.484897,613544,935
2026-06-23T13:23:52.485021,613545,934
2026-06-23T13:23:52.485111,613546,934
2026-06-23T13:23:52.485194,613547,934
2026-06-23T13:23:52.485272,613548,934
2026-06-23T13:23:52.485350,613550,936
2026-06-23T13:23:52.485427,613551,934
2026-06-23T13:23:52.485505,613552,934
2026-06-23T13:23:52.485582,613553,934
2026-06-23T13:23:52.495146,613554,934
2026-06-23T13:23:52.495238,613555,934
2026-06-23T13:23:52.495345,613556,934
2026-06-23T13:23:52.495430,613557,935
2026-06-23T13:23:52.495509,613558,934
2026-06-23T13:23:52.495587,613559,933
2026-06-23T13:23:52.495663,613560,934
2026-06-23T13:23:52.495740,613561,934
2026-06-23T13:23:52.495818,613562,934
2026-06-23T13:23:52.495895,613563,934
2026-06-23T13:23:52.505604,613564,934
2026-06-23T13:23:52.505720,613565,935
2026-06-23T13:23:52.505805,613566,933
2026-06-23T13:23:52.505886,613567,933
2026-06-23T13:23:52.505965,613568,934
2026-06-23T13:23:52.506043,613569,934
2026-06-23T13:23:52.506126,613570,934
2026-06-23T13:23:52.506205,613571,934
2026-06-23T13:23:52.506288,613572,934
2026-06-23T13:23:52.506366,613573,934
2026-06-23T13:23:52.516073,613575,933
2026-06-23T13:23:52.516184,613576,935
2026-06-23T13:23:52.516280,613577,931
2026-06-23T13:23:52.516363,613578,912
2026-06-23T13:23:52.516441,613579,898
2026-06-23T13:23:52.516518,613580,884
2026-06-23T13:23:52.516596,613581,876
2026-06-23T13:23:52.516672,613582,862
2026-06-23T13:23:52.516750,613583,849
2026-06-23T13:23:52.516826,613584,868
2026-06-23T13:23:52.526469,613585,908
2026-06-23T13:23:52.526561,613586,934
2026-06-23T13:23:52.526640,613587,933
2026-06-23T13:23:52.526721,613588,931
2026-06-23T13:23:52.526801,613589,932
2026-06-23T13:23:52.526882,613590,934
2026-06-23T13:23:52.526960,613591,934
2026-06-23T13:23:52.527038,613592,934
2026-06-23T13:23:52.527116,613593,934
2026-06-23T13:23:52.527194,613594,934
2026-06-23T13:23:52.536916,613595,934
2026-06-23T13:23:52.537031,613596,934
2026-06-23T13:23:52.537124,613597,934
2026-06-23T13:23:52.537197,613598,934
2026-06-23T13:23:52.537263,613600,935
2026-06-23T13:23:52.537327,613601,934
2026-06-23T13:23:52.537391,613602,933
2026-06-23T13:23:52.537455,613603,934
2026-06-23T13:23:52.537520,613604,934
2026-06-23T13:23:52.537583,613605,935
2026-06-23T13:23:52.547355,613606,933
2026-06-23T13:23:52.547464,613607,935
2026-06-23T13:23:52.547552,613608,934
2026-06-23T13:23:52.547635,613609,934
2026-06-23T13:23:52.547717,613610,934
2026-06-23T13:23:52.547795,613611,935
2026-06-23T13:23:52.547873,613612,934
2026-06-23T13:23:52.547951,613613,934
2026-06-23T13:23:52.548029,613614,934
2026-06-23T13:23:52.548106,613615,934
2026-06-23T13:23:52.557789,613616,934
2026-06-23T13:23:52.557900,613617,935
2026-06-23T13:23:52.557983,613618,934
2026-06-23T13:23:52.558064,613619,934
2026-06-23T13:23:52.558144,613620,934
2026-06-23T13:23:52.558223,613621,934
2026-06-23T13:23:52.558301,613622,934
2026-06-23T13:23:52.558378,613624,934
2026-06-23T13:23:52.558456,613625,932
2026-06-23T13:23:52.558532,613626,933
2026-06-23T13:23:52.568255,613627,934
2026-06-23T13:23:52.568360,613628,935
2026-06-23T13:23:52.568459,613629,935
2026-06-23T13:23:52.568540,613630,934
2026-06-23T13:23:52.568619,613631,934
2026-06-23T13:23:52.568696,613632,934
2026-06-23T13:23:52.568774,613633,934
2026-06-23T13:23:52.568851,613634,935
2026-06-23T13:23:52.568931,613635,934
2026-06-23T13:23:52.569007,613636,934
2026-06-23T13:23:52.578663,613637,934
2026-06-23T13:23:52.578751,613638,936
2026-06-23T13:23:52.578859,613639,934
2026-06-23T13:23:52.578949,613640,934
2026-06-23T13:23:52.579031,613641,935
2026-06-23T13:23:52.579110,613642,934
2026-06-23T13:23:52.579189,613643,935
2026-06-23T13:23:52.579267,613644,935
2026-06-23T13:23:52.579345,613645,934
2026-06-23T13:23:52.579424,613646,934
2026-06-23T13:23:52.589188,613647,934
2026-06-23T13:23:52.589307,613649,935
2026-06-23T13:23:52.589392,613650,934
2026-06-23T13:23:52.589475,613651,935
2026-06-23T13:23:52.589556,613652,935
2026-06-23T13:23:52.589634,613653,934
2026-06-23T13:23:52.589713,613654,933
2026-06-23T13:23:52.589793,613655,934
2026-06-23T13:23:52.589871,613656,934
2026-06-23T13:23:52.589947,613657,934
2026-06-23T13:23:52.599567,613658,934
2026-06-23T13:23:52.599663,613659,934
2026-06-23T13:23:52.599746,613660,934
2026-06-23T13:23:52.599825,613661,934
2026-06-23T13:23:52.599905,613662,934
2026-06-23T13:23:52.599981,613663,934
2026-06-23T13:23:52.600059,613664,935
2026-06-23T13:23:52.600137,613665,934
2026-06-23T13:23:52.600214,613666,934
2026-06-23T13:23:52.600290,613667,934
2026-06-23T13:23:52.609936,613668,934
2026-06-23T13:23:52.610049,613669,934
2026-06-23T13:23:52.610130,613670,934
2026-06-23T13:23:52.610208,613671,932
2026-06-23T13:23:52.610286,613672,934
2026-06-23T13:23:52.610366,613674,934
2026-06-23T13:23:52.610443,613675,934
2026-06-23T13:23:52.610520,613676,935
2026-06-23T13:23:52.610603,613677,933
2026-06-23T13:23:52.610685,613678,934
2026-06-23T13:23:52.620404,613679,934
2026-06-23T13:23:52.620511,613680,935
2026-06-23T13:23:52.620625,613681,934
2026-06-23T13:23:52.620712,613682,934
2026-06-23T13:23:52.620790,613683,934
2026-06-23T13:23:52.620868,613684,934
2026-06-23T13:23:52.620945,613685,934
2026-06-23T13:23:52.621021,613686,934
2026-06-23T13:23:52.621097,613687,936
2026-06-23T13:23:52.621173,613688,935
2026-06-23T13:23:52.630871,613689,934
2026-06-23T13:23:52.630963,613690,935
2026-06-23T13:23:52.631045,613691,934
2026-06-23T13:23:52.631123,613692,934
2026-06-23T13:23:52.631200,613693,933
2026-06-23T13:23:52.631278,613694,933
2026-06-23T13:23:52.631355,613695,933
2026-06-23T13:23:52.631432,613696,934
2026-06-23T13:23:52.631509,613698,934
2026-06-23T13:23:52.631586,613699,933
2026-06-23T13:23:52.641248,613700,935
2026-06-23T13:23:52.641343,613701,935
2026-06-23T13:23:52.641422,613702,934
2026-06-23T13:23:52.641500,613703,934
2026-06-23T13:23:52.641578,613704,934
2026-06-23T13:23:52.641655,613705,934
2026-06-23T13:23:52.641733,613706,934
2026-06-23T13:23:52.641811,613707,934
2026-06-23T13:23:52.641887,613708,934
2026-06-23T13:23:52.641978,613709,934
2026-06-23T13:23:52.651805,613710,934
2026-06-23T13:23:52.651916,613711,935
2026-06-23T13:23:52.652008,613712,934
2026-06-23T13:23:52.652087,613713,934
2026-06-23T13:23:52.652166,613714,934
2026-06-23T13:23:52.652243,613715,934
2026-06-23T13:23:52.652321,613716,934
2026-06-23T13:23:52.652397,613717,933
2026-06-23T13:23:52.652477,613718,934
2026-06-23T13:23:52.652553,613719,934
2026-06-23T13:23:52.662183,613720,934
2026-06-23T13:23:52.662278,613721,934
2026-06-23T13:23:52.662415,613723,935
2026-06-23T13:23:52.662498,613724,934
2026-06-23T13:23:52.662578,613725,934
2026-06-23T13:23:52.662657,613726,934
2026-06-23T13:23:52.662735,613727,934
2026-06-23T13:23:52.662812,613728,934
2026-06-23T13:23:52.662889,613729,934
2026-06-23T13:23:52.662966,613730,934
2026-06-23T13:23:52.672698,613731,934
2026-06-23T13:23:52.672830,613732,935
2026-06-23T13:23:52.672912,613733,934
2026-06-23T13:23:52.672991,613734,934
2026-06-23T13:23:52.673070,613735,934
2026-06-23T13:23:52.673202,613736,926
2026-06-23T13:23:52.673312,613737,910
2026-06-23T13:23:52.673398,613738,903
2026-06-23T13:23:52.673479,613739,901
2026-06-23T13:23:52.673559,613740,887
2026-06-23T13:23:52.683067,613741,884
2026-06-23T13:23:52.683166,613742,870
2026-06-23T13:23:52.683247,613743,867
2026-06-23T13:23:52.683325,613744,884
2026-06-23T13:23:52.683403,613745,903
2026-06-23T13:23:52.683480,613746,899
2026-06-23T13:23:52.683558,613748,905
2026-06-23T13:23:52.683635,613749,929
2026-06-23T13:23:52.683712,613750,934
2026-06-23T13:23:52.683789,613751,934
2026-06-23T13:23:52.693414,613752,934
2026-06-23T13:23:52.693505,613753,934
2026-06-23T13:23:52.693584,613754,934
2026-06-23T13:23:52.693661,613755,934
2026-06-23T13:23:52.693759,613756,934
2026-06-23T13:23:52.693837,613757,935
2026-06-23T13:23:52.693916,613758,934
2026-06-23T13:23:52.693992,613759,934
2026-06-23T13:23:52.694068,613760,929
2026-06-23T13:23:52.694145,613761,934
2026-06-23T13:23:52.703976,613762,934
2026-06-23T13:23:52.704075,613763,935
2026-06-23T13:23:52.704169,613764,934
2026-06-23T13:23:52.704250,613765,934
2026-06-23T13:23:52.704329,613766,934
2026-06-23T13:23:52.704406,613767,938
2026-06-23T13:23:52.704483,613768,934
2026-06-23T13:23:52.704560,613769,935
2026-06-23T13:23:52.704638,613770,935
2026-06-23T13:23:52.704715,613771,934
2026-06-23T13:23:52.714342,613773,934
2026-06-23T13:23:52.714438,613774,935
2026-06-23T13:23:52.714519,613775,934
2026-06-23T13:23:52.714597,613776,934
2026-06-23T13:23:52.714675,613777,925
2026-06-23T13:23:52.714752,613778,934
2026-06-23T13:23:52.714829,613779,934
2026-06-23T13:23:52.714906,613780,934
2026-06-23T13:23:52.714983,613781,934
2026-06-23T13:23:52.715059,613782,934
2026-06-23T13:23:52.724770,613783,934
2026-06-23T13:23:52.724865,613784,935
2026-06-23T13:23:52.724944,613785,934
2026-06-23T13:23:52.725022,613786,934
2026-06-23T13:23:52.725100,613787,934
2026-06-23T13:23:52.725176,613788,934
2026-06-23T13:23:52.725254,613789,934
2026-06-23T13:23:52.725332,613790,934
2026-06-23T13:23:52.725410,613791,937
2026-06-23T13:23:52.725486,613792,933
2026-06-23T13:23:52.735261,613793,934
2026-06-23T13:23:52.735359,613794,926
2026-06-23T13:23:52.735502,613795,914
2026-06-23T13:23:52.735598,613797,898
2026-06-23T13:23:52.735682,613798,896
2026-06-23T13:23:52.735761,613799,893
2026-06-23T13:23:52.735840,613800,914
2026-06-23T13:23:52.735917,613801,934
2026-06-23T13:23:52.735995,613802,934
2026-06-23T13:23:52.736072,613803,934
2026-06-23T13:23:52.745700,613804,934
2026-06-23T13:23:52.745787,613805,935
2026-06-23T13:23:52.745882,613806,934
2026-06-23T13:23:52.745962,613807,934
2026-06-23T13:23:52.746040,613808,934
2026-06-23T13:23:52.746118,613809,934
2026-06-23T13:23:52.746197,613810,934
2026-06-23T13:23:52.746273,613811,934
2026-06-23T13:23:52.746350,613812,934
2026-06-23T13:23:52.746427,613813,934
2026-06-23T13:23:52.756189,613814,933
2026-06-23T13:23:52.756296,613815,931
2026-06-23T13:23:52.756375,613816,934
2026-06-23T13:23:52.756453,613817,935
2026-06-23T13:23:52.756530,613818,935
2026-06-23T13:23:52.756608,613819,934
2026-06-23T13:23:52.756687,613820,934
2026-06-23T13:23:52.756769,613822,934
2026-06-23T13:23:52.756850,613823,934
2026-06-23T13:23:52.756927,613824,934
2026-06-23T13:23:52.766612,613825,934
2026-06-23T13:23:52.766715,613826,935
2026-06-23T13:23:52.766793,613827,934
2026-06-23T13:23:52.766871,613828,934
2026-06-23T13:23:52.766948,613829,934
2026-06-23T13:23:52.767026,613830,934
2026-06-23T13:23:52.767103,613831,934
2026-06-23T13:23:52.767180,613832,934
2026-06-23T13:23:52.767276,613833,934
2026-06-23T13:23:52.767353,613834,934
2026-06-23T13:23:52.776975,613835,934
2026-06-23T13:23:52.777064,613836,935
2026-06-23T13:23:52.777142,613837,934
2026-06-23T13:23:52.777219,613838,931
2026-06-23T13:23:52.777297,613839,934
2026-06-23T13:23:52.777374,613840,934
2026-06-23T13:23:52.777452,613841,935
2026-06-23T13:23:52.777528,613842,934
2026-06-23T13:23:52.777605,613843,934
2026-06-23T13:23:52.777684,613844,934
2026-06-23T13:23:52.787444,613845,934
2026-06-23T13:23:52.787542,613847,934
2026-06-23T13:23:52.787620,613848,935
2026-06-23T13:23:52.787696,613849,934
2026-06-23T13:23:52.787773,613850,922
2026-06-23T13:23:52.787850,613851,920
2026-06-23T13:23:52.787926,613852,927
2026-06-23T13:23:52.788003,613853,930
2026-06-23T13:23:52.788079,613854,935
2026-06-23T13:23:52.788155,613855,933
2026-06-23T13:23:52.797896,613856,934
2026-06-23T13:23:52.797989,613857,935
2026-06-23T13:23:52.798067,613858,934
2026-06-23T13:23:52.798144,613859,934
2026-06-23T13:23:52.798221,613860,934
2026-06-23T13:23:52.798297,613861,934
2026-06-23T13:23:52.798374,613862,934
2026-06-23T13:23:52.798451,613863,934
2026-06-23T13:23:52.798527,613864,933
2026-06-23T13:23:52.798603,613865,935
2026-06-23T13:23:52.808289,613866,933
2026-06-23T13:23:52.808383,613867,934
2026-06-23T13:23:52.808462,613868,934
2026-06-23T13:23:52.808539,613869,934
2026-06-23T13:23:52.808616,613870,934
2026-06-23T13:23:52.808723,613872,934
2026-06-23T13:23:52.808801,613873,934
2026-06-23T13:23:52.808878,613874,934
2026-06-23T13:23:52.808955,613875,934
2026-06-23T13:23:52.809032,613876,934
2026-06-23T13:23:52.818791,613877,934
2026-06-23T13:23:52.818894,613878,935
2026-06-23T13:23:52.818999,613879,933
2026-06-23T13:23:52.819079,613880,934
2026-06-23T13:23:52.819155,613881,933
2026-06-23T13:23:52.819234,613882,934
2026-06-23T13:23:52.819310,613883,933
2026-06-23T13:23:52.819386,613884,934
2026-06-23T13:23:52.819462,613885,933
2026-06-23T13:23:52.819538,613886,934
2026-06-23T13:23:52.829200,613887,933
2026-06-23T13:23:52.829284,613888,934
2026-06-23T13:23:52.829362,613889,935
2026-06-23T13:23:52.829438,613890,929
2026-06-23T13:23:52.829515,613891,933
2026-06-23T13:23:52.829590,613892,933
2026-06-23T13:23:52.829666,613893,933
2026-06-23T13:23:52.829743,613894,934
2026-06-23T13:23:52.829819,613896,932
2026-06-23T13:23:52.829895,613897,934
2026-06-23T13:23:52.839706,613898,934
2026-06-23T13:23:52.839807,613899,930
2026-06-23T13:23:52.839885,613900,907
2026-06-23T13:23:52.839962,613901,918
2026-06-23T13:23:52.840040,613902,933
2026-06-23T13:23:52.840117,613903,933
2026-06-23T13:23:52.840194,613904,935
2026-06-23T13:23:52.840270,613905,933
2026-06-23T13:23:52.840347,613906,934
2026-06-23T13:23:52.840423,613907,934
2026-06-23T13:23:52.850181,613908,934
2026-06-23T13:23:52.850284,613909,935
2026-06-23T13:23:52.850361,613910,933
2026-06-23T13:23:52.850439,613911,923
2026-06-23T13:23:52.850516,613912,906
2026-06-23T13:23:52.850596,613913,898
2026-06-23T13:23:52.850675,613914,921
2026-06-23T13:23:52.850847,613915,934
2026-06-23T13:23:52.850958,613916,934
2026-06-23T13:23:52.851047,613917,934
2026-06-23T13:23:52.860541,613918,939
2026-06-23T13:23:52.860631,613919,934
2026-06-23T13:23:52.860712,613921,934
2026-06-23T13:23:52.860789,613922,933
2026-06-23T13:23:52.860866,613923,934
2026-06-23T13:23:52.860942,613924,934
2026-06-23T13:23:52.861019,613925,933
2026-06-23T13:23:52.861095,613926,934
2026-06-23T13:23:52.861171,613927,934
2026-06-23T13:23:52.861248,613928,934
2026-06-23T13:23:52.870977,613929,933
2026-06-23T13:23:52.871079,613930,929
2026-06-23T13:23:52.871156,613931,925
2026-06-23T13:23:52.871234,613932,913
2026-06-23T13:23:52.871312,613933,907
2026-06-23T13:23:52.871388,613934,897
2026-06-23T13:23:52.871464,613935,887
2026-06-23T13:23:52.871540,613936,884
2026-06-23T13:23:52.871616,613937,867
2026-06-23T13:23:52.871692,613938,850
2026-06-23T13:23:52.881416,613939,832
2026-06-23T13:23:52.881505,613940,829
2026-06-23T13:23:52.881582,613941,849
2026-06-23T13:23:52.881687,613942,879
2026-06-23T13:23:52.881768,613943,886
2026-06-23T13:23:52.881848,613944,874
2026-06-23T13:23:52.881925,613946,878
2026-06-23T13:23:52.882001,613947,889
2026-06-23T13:23:52.882079,613948,895
2026-06-23T13:23:52.882158,613949,880
2026-06-23T13:23:52.891863,613950,860
2026-06-23T13:23:52.891958,613951,849
2026-06-23T13:23:52.892039,613952,849
2026-06-23T13:23:52.892117,613953,846
2026-06-23T13:23:52.892195,613954,830
2026-06-23T13:23:52.892272,613955,816
2026-06-23T13:23:52.892348,613956,831
2026-06-23T13:23:52.892424,613957,868
2026-06-23T13:23:52.892501,613958,872
2026-06-23T13:23:52.892577,613959,858
2026-06-23T13:23:52.902371,613960,853
2026-06-23T13:23:52.902489,613961,846
2026-06-23T13:23:52.902673,613962,852
2026-06-23T13:23:52.902753,613963,863
2026-06-23T13:23:52.902831,613964,869
2026-06-23T13:23:52.902908,613965,880
2026-06-23T13:23:52.902986,613966,879
2026-06-23T13:23:52.903062,613967,877
2026-06-23T13:23:52.903138,613968,867
2026-06-23T13:23:52.903309,613969,880
2026-06-23T13:23:52.912739,613971,900
2026-06-23T13:23:52.912828,613972,904
2026-06-23T13:23:52.912907,613973,888
2026-06-23T13:23:52.912985,613974,874
2026-06-23T13:23:52.913062,613975,858
2026-06-23T13:23:52.913140,613976,842
2026-06-23T13:23:52.913218,613977,826
2026-06-23T13:23:52.913295,613978,814
2026-06-23T13:23:52.913372,613979,810
2026-06-23T13:23:52.913449,613980,809
2026-06-23T13:23:52.923203,613981,809
2026-06-23T13:23:52.923312,613982,819
2026-06-23T13:23:52.923392,613983,823
2026-06-23T13:23:52.923470,613984,812
2026-06-23T13:23:52.923547,613985,807
2026-06-23T13:23:52.923624,613986,793
2026-06-23T13:23:52.923702,613987,787
2026-06-23T13:23:52.923779,613988,796
2026-06-23T13:23:52.923855,613989,797
2026-06-23T13:23:52.923931,613990,818
2026-06-23T13:23:52.933653,613991,862
2026-06-23T13:23:52.933757,613992,884
2026-06-23T13:23:52.933836,613993,878
2026-06-23T13:23:52.933913,613995,867
2026-06-23T13:23:52.933993,613996,855
2026-06-23T13:23:52.934071,613997,853
2026-06-23T13:23:52.934157,613998,842
2026-06-23T13:23:52.934258,613999,847
2026-06-23T13:23:52.934374,614000,839
2026-06-23T13:23:52.934454,614001,823
2026-06-23T13:23:52.944121,614002,823
2026-06-23T13:23:52.944222,614003,843
2026-06-23T13:23:52.944306,614004,852
2026-06-23T13:23:52.944389,614005,842
2026-06-23T13:23:52.944471,614006,834
2026-06-23T13:23:52.944548,614007,831
2026-06-23T13:23:52.944625,614008,818
2026-06-23T13:23:52.944702,614009,811
2026-06-23T13:23:52.944784,614010,822
2026-06-23T13:23:52.944861,614011,836
2026-06-23T13:23:52.954514,614012,824
2026-06-23T13:23:52.954625,614013,809
2026-06-23T13:23:52.954705,614014,799
2026-06-23T13:23:52.954782,614015,795
2026-06-23T13:23:52.954860,614016,782
2026-06-23T13:23:52.954937,614017,770
2026-06-23T13:23:52.955014,614018,757
2026-06-23T13:23:52.955091,614020,744
2026-06-23T13:23:52.955168,614021,738
2026-06-23T13:23:52.955245,614022,735
2026-06-23T13:23:52.964886,614023,745
2026-06-23T13:23:52.964976,614024,753
2026-06-23T13:23:52.965053,614025,741
2026-06-23T13:23:52.965130,614026,744
2026-06-23T13:23:52.965207,614027,742
2026-06-23T13:23:52.965284,614028,732
2026-06-23T13:23:52.965361,614029,720
2026-06-23T13:23:52.965437,614030,714
2026-06-23T13:23:52.965513,614031,705
2026-06-23T13:23:52.965589,614032,710
2026-06-23T13:23:52.975398,614033,713
2026-06-23T13:23:52.975493,614034,716
2026-06-23T13:23:52.975571,614035,710
2026-06-23T13:23:52.975647,614036,696
2026-06-23T13:23:52.975725,614037,680
2026-06-23T13:23:52.975802,614038,666
2026-06-23T13:23:52.975880,614039,659
2026-06-23T13:23:52.975974,614040,656
2026-06-23T13:23:52.976071,614041,644
2026-06-23T13:23:52.976148,614042,646
2026-06-23T13:23:52.985840,614043,650
2026-06-23T13:23:52.985950,614045,647
2026-06-23T13:23:52.986061,614046,671
2026-06-23T13:23:52.986140,614047,682
2026-06-23T13:23:52.986217,614048,680
2026-06-23T13:23:52.986293,614049,695
2026-06-23T13:23:52.986370,614050,708
2026-06-23T13:23:52.986447,614051,715
2026-06-23T13:23:52.986526,614052,713
2026-06-23T13:23:52.986602,614053,709
2026-06-23T13:23:52.996263,614054,724
2026-06-23T13:23:52.996349,614055,733
2026-06-23T13:23:52.996426,614056,728
2026-06-23T13:23:52.996502,614057,715
2026-06-23T13:23:52.996579,614058,713
2026-06-23T13:23:52.996654,614059,718
2026-06-23T13:23:52.996731,614060,709
2026-06-23T13:23:52.996807,614061,694
2026-06-23T13:23:52.996885,614062,681
2026-06-23T13:23:52.996961,614063,684
2026-06-23T13:23:53.006711,614064,687
2026-06-23T13:23:53.006814,614065,712
2026-06-23T13:23:53.006897,614066,714
2026-06-23T13:23:53.006975,614067,719
2026-06-23T13:23:53.007052,614068,733
2026-06-23T13:23:53.007128,614070,735
2026-06-23T13:23:53.007204,614071,725
2026-06-23T13:23:53.007281,614072,719
2026-06-23T13:23:53.007357,614073,719
2026-06-23T13:23:53.007433,614074,719
2026-06-23T13:23:53.017150,614075,718
2026-06-23T13:23:53.017301,614076,710
2026-06-23T13:23:53.017401,614077,720
2026-06-23T13:23:53.017503,614078,740
2026-06-23T13:23:53.017587,614079,758
2026-06-23T13:23:53.017668,614080,757
2026-06-23T13:23:53.017748,614081,749
2026-06-23T13:23:53.017826,614082,755
2026-06-23T13:23:53.017905,614083,764
2026-06-23T13:23:53.017984,614084,755
2026-06-23T13:23:53.027584,614085,761
2026-06-23T13:23:53.027692,614086,778
2026-06-23T13:23:53.027795,614087,783
2026-06-23T13:23:53.027877,614088,779
2026-06-23T13:23:53.027958,614089,778
2026-06-23T13:23:53.028042,614090,792
2026-06-23T13:23:53.028122,614091,802
2026-06-23T13:23:53.028201,614092,789
2026-06-23T13:23:53.028279,614094,785
2026-06-23T13:23:53.028357,614095,789
2026-06-23T13:23:53.038005,614096,808
2026-06-23T13:23:53.038111,614097,815
2026-06-23T13:23:53.038190,614098,807
2026-06-23T13:23:53.038269,614099,819
2026-06-23T13:23:53.038347,614100,831
2026-06-23T13:23:53.038424,614101,844
2026-06-23T13:23:53.038501,614102,843
2026-06-23T13:23:53.038578,614103,831
2026-06-23T13:23:53.038655,614104,834
2026-06-23T13:23:53.038731,614105,825
2026-06-23T13:23:53.048480,614106,841
2026-06-23T13:23:53.048578,614107,842
2026-06-23T13:23:53.048655,614108,834
2026-06-23T13:23:53.048732,614109,848
2026-06-23T13:23:53.048809,614110,856
2026-06-23T13:23:53.048885,614111,848
2026-06-23T13:23:53.048962,614112,841
2026-06-23T13:23:53.049038,614113,825
2026-06-23T13:23:53.049114,614114,808
2026-06-23T13:23:53.049191,614115,793
2026-06-23T13:23:53.058905,614116,779
2026-06-23T13:23:53.059003,614117,766
2026-06-23T13:23:53.059069,614119,757
2026-06-23T13:23:53.059133,614120,750
2026-06-23T13:23:53.059197,614121,748
2026-06-23T13:23:53.059262,614122,747
2026-06-23T13:23:53.059325,614123,736
2026-06-23T13:23:53.059388,614124,735
2026-06-23T13:23:53.059451,614125,726
2026-06-23T13:23:53.059515,614126,723
2026-06-23T13:23:53.069359,614127,721
2026-06-23T13:23:53.069458,614128,710
2026-06-23T13:23:53.069581,614129,697
2026-06-23T13:23:53.069667,614130,692
2026-06-23T13:23:53.069745,614131,687
2026-06-23T13:23:53.069822,614132,682
2026-06-23T13:23:53.069898,614133,679
2026-06-23T13:23:53.069993,614134,680
2026-06-23T13:23:53.070071,614135,668
2026-06-23T13:23:53.070149,614136,658
2026-06-23T13:23:53.079779,614137,650
2026-06-23T13:23:53.079865,614138,653
2026-06-23T13:23:53.079943,614139,646
2026-06-23T13:23:53.080021,614140,656
2026-06-23T13:23:53.080098,614141,681
2026-06-23T13:23:53.080175,614142,701
2026-06-23T13:23:53.080252,614144,692
2026-06-23T13:23:53.080328,614145,689
2026-06-23T13:23:53.080405,614146,690
2026-06-23T13:23:53.080480,614147,696
2026-06-23T13:23:53.090267,614148,696
2026-06-23T13:23:53.090404,614149,706
2026-06-23T13:23:53.090491,614150,708
2026-06-23T13:23:53.090573,614151,695
2026-06-23T13:23:53.090653,614152,690
2026-06-23T13:23:53.090732,614153,693
2026-06-23T13:23:53.090811,614154,707
2026-06-23T13:23:53.090888,614155,707
2026-06-23T13:23:53.090965,614156,702
2026-06-23T13:23:53.091042,614157,701
2026-06-23T13:23:53.100677,614158,708
2026-06-23T13:23:53.100808,614159,728
2026-06-23T13:23:53.100927,614160,746
2026-06-23T13:23:53.101024,614161,762
2026-06-23T13:23:53.101107,614162,779
2026-06-23T13:23:53.101187,614163,797
2026-06-23T13:23:53.101266,614164,797
2026-06-23T13:23:53.101363,614165,787
2026-06-23T13:23:53.101442,614166,774
2026-06-23T13:23:53.101519,614167,759
2026-06-23T13:23:53.111095,614169,746
2026-06-23T13:23:53.111184,614170,734
2026-06-23T13:23:53.111299,614171,725
2026-06-23T13:23:53.111395,614172,725
2026-06-23T13:23:53.111479,614173,722
2026-06-23T13:23:53.111561,614174,710
2026-06-23T13:23:53.111641,614175,709
2026-06-23T13:23:53.111718,614176,706
2026-06-23T13:23:53.111804,614177,736
2026-06-23T13:23:53.111881,614178,771
2026-06-23T13:23:53.121577,614179,797
2026-06-23T13:23:53.121682,614180,810
2026-06-23T13:23:53.121762,614181,799
2026-06-23T13:23:53.121840,614182,800
2026-06-23T13:23:53.121918,614183,825
2026-06-23T13:23:53.121996,614184,846
2026-06-23T13:23:53.122073,614185,850
2026-06-23T13:23:53.122149,614186,850
2026-06-23T13:23:53.122226,614187,845
2026-06-23T13:23:53.122302,614188,834
2026-06-23T13:23:53.131947,614189,837
2026-06-23T13:23:53.132038,614190,846
2026-06-23T13:23:53.132117,614191,834
2026-06-23T13:23:53.132194,614193,818
2026-06-23T13:23:53.132270,614194,804
2026-06-23T13:23:53.132346,614195,794
2026-06-23T13:23:53.132422,614196,786
2026-06-23T13:23:53.132498,614197,789
2026-06-23T13:23:53.132575,614198,783
2026-06-23T13:23:53.132650,614199,772
2026-06-23T13:23:53.142424,614200,760
2026-06-23T13:23:53.142518,614201,751
2026-06-23T13:23:53.142596,614202,738
2026-06-23T13:23:53.142674,614203,726
2026-06-23T13:23:53.142752,614204,713
2026-06-23T13:23:53.142844,614205,710
2026-06-23T13:23:53.142922,614206,715
2026-06-23T13:23:53.142999,614207,711
2026-06-23T13:23:53.143076,614208,698
2026-06-23T13:23:53.143153,614209,687
2026-06-23T13:23:53.152896,614210,678
2026-06-23T13:23:53.152995,614211,671
2026-06-23T13:23:53.153087,614212,674
2026-06-23T13:23:53.153166,614213,691
2026-06-23T13:23:53.153242,614214,699
2026-06-23T13:23:53.153339,614215,695
2026-06-23T13:23:53.153417,614216,709
2026-06-23T13:23:53.153494,614218,700
2026-06-23T13:23:53.153573,614219,691
2026-06-23T13:23:53.153650,614220,690
2026-06-23T13:23:53.163272,614221,682
2026-06-23T13:23:53.163358,614222,689
2026-06-23T13:23:53.163436,614223,683
2026-06-23T13:23:53.163515,614224,685
2026-06-23T13:23:53.163595,614225,696
2026-06-23T13:23:53.163672,614226,710
2026-06-23T13:23:53.163748,614227,700
2026-06-23T13:23:53.163824,614228,687
2026-06-23T13:23:53.163900,614229,676
2026-06-23T13:23:53.163977,614230,670
2026-06-23T13:23:53.173751,614231,661
2026-06-23T13:23:53.173856,614232,649
2026-06-23T13:23:53.173934,614233,642
2026-06-23T13:23:53.174012,614234,636
2026-06-23T13:23:53.174088,614235,644
2026-06-23T13:23:53.174165,614236,660
2026-06-23T13:23:53.174241,614237,672
2026-06-23T13:23:53.174317,614238,664
2026-06-23T13:23:53.174392,614239,651
2026-06-23T13:23:53.174468,614240,646
2026-06-23T13:23:53.184209,614241,650
2026-06-23T13:23:53.184337,614243,662
2026-06-23T13:23:53.184421,614244,667
2026-06-23T13:23:53.184560,614245,656
2026-06-23T13:23:53.184650,614246,648
2026-06-23T13:23:53.184732,614247,636
2026-06-23T13:23:53.184813,614248,628
2026-06-23T13:23:53.184892,614249,625
2026-06-23T13:23:53.184972,614250,616
2026-06-23T13:23:53.185049,614251,607
2026-06-23T13:23:53.194618,614252,610
2026-06-23T13:23:53.194718,614253,610
2026-06-23T13:23:53.194823,614254,603
2026-06-23T13:23:53.194913,614255,599
2026-06-23T13:23:53.195001,614256,591
2026-06-23T13:23:53.195079,614257,585
2026-06-23T13:23:53.195158,614258,578
2026-06-23T13:23:53.195236,614259,571
2026-06-23T13:23:53.195314,614260,566
2026-06-23T13:23:53.195391,614261,567
2026-06-23T13:23:53.205159,614262,573
2026-06-23T13:23:53.205263,614263,583
2026-06-23T13:23:53.205343,614264,592
2026-06-23T13:23:53.205420,614265,593
2026-06-23T13:23:53.205499,614267,587
2026-06-23T13:23:53.205577,614268,579
2026-06-23T13:23:53.205659,614269,571
2026-06-23T13:23:53.205737,614270,567
2026-06-23T13:23:53.205823,614271,564
2026-06-23T13:23:53.205902,614272,561
2026-06-23T13:23:53.215504,614273,559
2026-06-23T13:23:53.215610,614274,560
2026-06-23T13:23:53.215690,614275,550
2026-06-23T13:23:53.215770,614276,548
2026-06-23T13:23:53.215856,614277,550
2026-06-23T13:23:53.215934,614278,546
2026-06-23T13:23:53.216011,614279,539
2026-06-23T13:23:53.216087,614280,540
2026-06-23T13:23:53.216165,614281,549
2026-06-23T13:23:53.216242,614282,554
2026-06-23T13:23:53.225917,614283,547
2026-06-23T13:23:53.226022,614284,556
2026-06-23T13:23:53.226103,614285,565
2026-06-23T13:23:53.226180,614286,569
2026-06-23T13:23:53.226258,614287,567
2026-06-23T13:23:53.226335,614288,567
2026-06-23T13:23:53.226411,614289,574
2026-06-23T13:23:53.226489,614290,579
2026-06-23T13:23:53.226566,614292,581
2026-06-23T13:23:53.226645,614293,572
2026-06-23T13:23:53.236393,614294,570
2026-06-23T13:23:53.236506,614295,571
2026-06-23T13:23:53.236602,614296,580
2026-06-23T13:23:53.236694,614297,585
2026-06-23T13:23:53.236772,614298,579
2026-06-23T13:23:53.236849,614299,580
2026-06-23T13:23:53.236927,614300,588
2026-06-23T13:23:53.237003,614301,600
2026-06-23T13:23:53.237081,614302,611
2026-06-23T13:23:53.237158,614303,627
2026-06-23T13:23:53.246804,614304,643
2026-06-23T13:23:53.246890,614305,642
2026-06-23T13:23:53.246967,614306,655
2026-06-23T13:23:53.247048,614307,669
2026-06-23T13:23:53.247127,614308,673
2026-06-23T13:23:53.247205,614309,667
2026-06-23T13:23:53.247282,614310,655
2026-06-23T13:23:53.247361,614311,647
2026-06-23T13:23:53.247438,614312,634
2026-06-23T13:23:53.247513,614313,625
2026-06-23T13:23:53.257252,614314,622
2026-06-23T13:23:53.257346,614315,618
2026-06-23T13:23:53.257424,614317,612
2026-06-23T13:23:53.257501,614318,625
2026-06-23T13:23:53.257578,614319,645
2026-06-23T13:23:53.257655,614320,653
2026-06-23T13:23:53.257732,614321,645
2026-06-23T13:23:53.257808,614322,652
2026-06-23T13:23:53.257885,614323,664
2026-06-23T13:23:53.257961,614324,672
2026-06-23T13:23:53.267711,614325,679
2026-06-23T13:23:53.267801,614326,680
2026-06-23T13:23:53.267880,614327,670
2026-06-23T13:23:53.267944,614328,656
2026-06-23T13:23:53.268008,614329,657
2026-06-23T13:23:53.268078,614330,663
2026-06-23T13:23:53.268142,614331,671
2026-06-23T13:23:53.268205,614332,664
2026-06-23T13:23:53.268268,614333,665
2026-06-23T13:23:53.268330,614334,666
2026-06-23T13:23:53.278140,614335,654
2026-06-23T13:23:53.278227,614336,642
2026-06-23T13:23:53.278344,614337,630
2026-06-23T13:23:53.278432,614338,619
2026-06-23T13:23:53.278512,614339,606
2026-06-23T13:23:53.278603,614340,592
2026-06-23T13:23:53.278692,614342,578
2026-06-23T13:23:53.278769,614343,567
2026-06-23T13:23:53.278846,614344,559
2026-06-23T13:23:53.278924,614345,551
2026-06-23T13:23:53.288606,614346,542
2026-06-23T13:23:53.288710,614347,537
2026-06-23T13:23:53.288788,614348,530
2026-06-23T13:23:53.288865,614349,522
2026-06-23T13:23:53.288942,614350,516
2026-06-23T13:23:53.289019,614351,511
2026-06-23T13:23:53.289095,614352,502
2026-06-23T13:23:53.289172,614353,500
2026-06-23T13:23:53.289250,614354,495
2026-06-23T13:23:53.289327,614355,498
2026-06-23T13:23:53.299056,614356,499
2026-06-23T13:23:53.299150,614357,493
2026-06-23T13:23:53.299229,614358,494
2026-06-23T13:23:53.299306,614359,492
2026-06-23T13:23:53.299383,614360,482
2026-06-23T13:23:53.299459,614361,472
2026-06-23T13:23:53.299536,614362,464
2026-06-23T13:23:53.299621,614363,454
2026-06-23T13:23:53.299698,614364,443
2026-06-23T13:23:53.299774,614366,435
2026-06-23T13:23:53.309382,614367,425
2026-06-23T13:23:53.309471,614368,418
2026-06-23T13:23:53.309548,614369,408
2026-06-23T13:23:53.309625,614370,401
2026-06-23T13:23:53.309702,614371,393
2026-06-23T13:23:53.309779,614372,384
2026-06-23T13:23:53.309869,614373,376
2026-06-23T13:23:53.309945,614374,369
2026-06-23T13:23:53.310039,614375,363
2026-06-23T13:23:53.310115,614376,360
2026-06-23T13:23:53.319910,614377,356
2026-06-23T13:23:53.320033,614378,356
2026-06-23T13:23:53.320148,614379,351
2026-06-23T13:23:53.320274,614380,349
2026-06-23T13:23:53.320378,614381,345
2026-06-23T13:23:53.320462,614382,347
2026-06-23T13:23:53.320543,614383,345
2026-06-23T13:23:53.320622,614384,340
2026-06-23T13:23:53.320701,614385,339
2026-06-23T13:23:53.320779,614386,343
2026-06-23T13:23:53.330340,614387,347
2026-06-23T13:23:53.330428,614388,348
2026-06-23T13:23:53.330505,614389,342
2026-06-23T13:23:53.330582,614391,343
2026-06-23T13:23:53.330659,614392,345
2026-06-23T13:23:53.330735,614393,347
2026-06-23T13:23:53.330811,614394,350
2026-06-23T13:23:53.330888,614395,347
2026-06-23T13:23:53.330964,614396,341
2026-06-23T13:23:53.331040,614397,332
2026-06-23T13:23:53.340804,614398,330
2026-06-23T13:23:53.340905,614399,325
2026-06-23T13:23:53.340983,614400,317
2026-06-23T13:23:53.341061,614401,312
2026-06-23T13:23:53.341138,614402,309
2026-06-23T13:23:53.341214,614403,307
2026-06-23T13:23:53.341292,614404,304
2026-06-23T13:23:53.341374,614405,299
2026-06-23T13:23:53.341451,614406,294
2026-06-23T13:23:53.341527,614407,288
2026-06-23T13:23:53.351265,614408,286
2026-06-23T13:23:53.351378,614409,283
2026-06-23T13:23:53.351470,614410,281
2026-06-23T13:23:53.351550,614411,282
2026-06-23T13:23:53.351627,614412,286
2026-06-23T13:23:53.351703,614413,286
2026-06-23T13:23:53.351780,614414,281
2026-06-23T13:23:53.351856,614416,279
2026-06-23T13:23:53.351931,614417,277
2026-06-23T13:23:53.352008,614418,276
2026-06-23T13:23:53.361648,614419,288
2026-06-23T13:23:53.361734,614420,299
2026-06-23T13:23:53.361849,614421,302
2026-06-23T13:23:53.361927,614422,299
2026-06-23T13:23:53.362003,614423,296
2026-06-23T13:23:53.362079,614424,294
2026-06-23T13:23:53.362156,614425,292
2026-06-23T13:23:53.362232,614426,292
2026-06-23T13:23:53.362308,614427,292
2026-06-23T13:23:53.362385,614428,291
2026-06-23T13:23:53.372147,614429,287
2026-06-23T13:23:53.372252,614430,284
2026-06-23T13:23:53.372330,614431,280
2026-06-23T13:23:53.372407,614432,276
2026-06-23T13:23:53.372484,614433,278
2026-06-23T13:23:53.372561,614434,278
2026-06-23T13:23:53.372638,614435,273
2026-06-23T13:23:53.372715,614436,275
2026-06-23T13:23:53.372791,614437,287
2026-06-23T13:23:53.372867,614438,301
2026-06-23T13:23:53.382565,614439,311
2026-06-23T13:23:53.382660,614441,314
2026-06-23T13:23:53.382738,614442,312
2026-06-23T13:23:53.382814,614443,309
2026-06-23T13:23:53.382891,614444,306
2026-06-23T13:23:53.382967,614445,302
2026-06-23T13:23:53.383044,614446,297
2026-06-23T13:23:53.383120,614447,292
2026-06-23T13:23:53.383197,614448,289
2026-06-23T13:23:53.383273,614449,284
2026-06-23T13:23:53.392928,614450,281
2026-06-23T13:23:53.393022,614451,277
2026-06-23T13:23:53.393099,614452,276
2026-06-23T13:23:53.393199,614453,277
2026-06-23T13:23:53.393277,614454,282
2026-06-23T13:23:53.393353,614455,285
2026-06-23T13:23:53.393429,614456,284
2026-06-23T13:23:53.393505,614457,282
2026-06-23T13:23:53.393582,614458,277
2026-06-23T13:23:53.393658,614459,272
2026-06-23T13:23:53.403476,614460,267
2026-06-23T13:23:53.403609,614461,262
2026-06-23T13:23:53.403724,614462,257
2026-06-23T13:23:53.403803,614463,252
2026-06-23T13:23:53.403883,614465,247
2026-06-23T13:23:53.403960,614466,244
2026-06-23T13:23:53.404038,614467,242
2026-06-23T13:23:53.404115,614468,239
2026-06-23T13:23:53.404192,614469,240
2026-06-23T13:23:53.404269,614470,239
2026-06-23T13:23:53.413770,614471,236
2026-06-23T13:23:53.413846,614472,236
2026-06-23T13:23:53.413910,614473,232
2026-06-23T13:23:53.413973,614474,231
2026-06-23T13:23:53.414038,614475,233
2026-06-23T13:23:53.414110,614476,234
2026-06-23T13:23:53.414173,614477,233
2026-06-23T13:23:53.414237,614478,230
2026-06-23T13:23:53.414300,614479,226
2026-06-23T13:23:53.414363,614480,223
2026-06-23T13:23:53.424239,614481,220
2026-06-23T13:23:53.424318,614482,216
2026-06-23T13:23:53.424383,614483,212
2026-06-23T13:23:53.424449,614484,210
2026-06-23T13:23:53.424513,614485,207
2026-06-23T13:23:53.424607,614486,203
2026-06-23T13:23:53.424671,614487,201
2026-06-23T13:23:53.424733,614488,202
2026-06-23T13:23:53.424796,614490,199
2026-06-23T13:23:53.424859,614491,195
2026-06-23T13:23:53.434773,614492,192
2026-06-23T13:23:53.434856,614493,190
2026-06-23T13:23:53.434944,614494,186
2026-06-23T13:23:53.435016,614495,186
2026-06-23T13:23:53.435083,614496,185
2026-06-23T13:23:53.435148,614497,182
2026-06-23T13:23:53.435213,614498,180
2026-06-23T13:23:53.435277,614499,177
2026-06-23T13:23:53.435341,614500,175
2026-06-23T13:23:53.435406,614501,173
2026-06-23T13:23:53.445142,614502,170
2026-06-23T13:23:53.445212,614503,168
2026-06-23T13:23:53.445295,614504,165
2026-06-23T13:23:53.445365,614505,163
2026-06-23T13:23:53.445430,614506,160
2026-06-23T13:23:53.445494,614507,159
2026-06-23T13:23:53.445557,614508,156
2026-06-23T13:23:53.445621,614509,154
2026-06-23T13:23:53.445685,614510,154
2026-06-23T13:23:53.445748,614511,156
2026-06-23T13:23:53.455616,614512,157
2026-06-23T13:23:53.455721,614513,162
2026-06-23T13:23:53.455790,614515,160
2026-06-23T13:23:53.455857,614516,163
2026-06-23T13:23:53.455922,614517,167
2026-06-23T13:23:53.455987,614518,167
2026-06-23T13:23:53.456052,614519,166
2026-06-23T13:23:53.456115,614520,167
2026-06-23T13:23:53.456183,614521,168
2026-06-23T13:23:53.456249,614522,165
2026-06-23T13:23:53.466159,614523,163
2026-06-23T13:23:53.466269,614524,165
2026-06-23T13:23:53.466344,614525,166
2026-06-23T13:23:53.466410,614526,164
2026-06-23T13:23:53.466475,614527,170
2026-06-23T13:23:53.466540,614528,181
2026-06-23T13:23:53.466608,614529,189
2026-06-23T13:23:53.466674,614530,190
2026-06-23T13:23:53.466742,614531,189
2026-06-23T13:23:53.466805,614532,188
2026-06-23T13:23:53.476424,614533,185
2026-06-23T13:23:53.476498,614534,182
2026-06-23T13:23:53.476562,614535,180
2026-06-23T13:23:53.476626,614536,177
2026-06-23T13:23:53.476689,614537,174
2026-06-23T13:23:53.476752,614538,171
2026-06-23T13:23:53.476816,614540,168
2026-06-23T13:23:53.476887,614541,165
2026-06-23T13:23:53.476951,614542,162
2026-06-23T13:23:53.477014,614543,159
2026-06-23T13:23:53.486860,614544,157
2026-06-23T13:23:53.486976,614545,155
2026-06-23T13:23:53.487081,614546,152
2026-06-23T13:23:53.487165,614547,149
2026-06-23T13:23:53.487234,614548,147
2026-06-23T13:23:53.487300,614549,144
2026-06-23T13:23:53.487367,614550,142
2026-06-23T13:23:53.487433,614551,139
2026-06-23T13:23:53.487497,614552,137
2026-06-23T13:23:53.487560,614553,136
2026-06-23T13:23:53.497314,614554,134
2026-06-23T13:23:53.497391,614555,132
2026-06-23T13:23:53.497458,614556,130
2026-06-23T13:23:53.497522,614557,127
2026-06-23T13:23:53.497586,614558,125
2026-06-23T13:23:53.497649,614559,124
2026-06-23T13:23:53.497713,614560,126
2026-06-23T13:23:53.497776,614561,127
2026-06-23T13:23:53.497840,614562,126
2026-06-23T13:23:53.497902,614564,125
2026-06-23T13:23:53.507821,614565,123
2026-06-23T13:23:53.507914,614566,123
2026-06-23T13:23:53.507982,614567,121
2026-06-23T13:23:53.508047,614568,119
2026-06-23T13:23:53.508112,614569,118
2026-06-23T13:23:53.508176,614570,116
2026-06-23T13:23:53.508241,614571,114
2026-06-23T13:23:53.508304,614572,113
2026-06-23T13:23:53.508367,614573,111
2026-06-23T13:23:53.508430,614574,109
2026-06-23T13:23:53.518291,614575,108
2026-06-23T13:23:53.518395,614576,107
2026-06-23T13:23:53.518502,614577,106
2026-06-23T13:23:53.518581,614578,104
2026-06-23T13:23:53.518650,614579,103
2026-06-23T13:23:53.518720,614580,102
2026-06-23T13:23:53.518785,614581,102
2026-06-23T13:23:53.518849,614582,100
2026-06-23T13:23:53.518909,614583,99
2026-06-23T13:23:53.518970,614584,98
2026-06-23T13:23:53.519030,614585,96
2026-06-23T13:23:53.528713,614586,95
2026-06-23T13:23:53.528801,614587,94
2026-06-23T13:23:53.528908,614588,93
2026-06-23T13:23:53.528985,614589,93
2026-06-23T13:23:53.529061,614590,92
2026-06-23T13:23:53.529136,614591,92
2026-06-23T13:23:53.529209,614592,92
2026-06-23T13:23:53.529283,614593,91
2026-06-23T13:23:53.529355,614594,90
2026-06-23T13:23:53.529427,614595,89
2026-06-23T13:23:53.539164,614596,89
2026-06-23T13:23:53.539263,614597,88
2026-06-23T13:23:53.539323,614598,88
2026-06-23T13:23:53.539383,614599,88
2026-06-23T13:23:53.539442,614600,87
2026-06-23T13:23:53.539502,614601,87
2026-06-23T13:23:53.539565,614601,86
2026-06-23T13:23:53.539628,614602,85
2026-06-23T13:23:53.539687,614603,87
2026-06-23T13:23:53.539746,614604,89
2026-06-23T13:23:53.539805,614605,92
2026-06-23T13:23:53.549579,614606,96
2026-06-23T13:23:53.549674,614607,101
2026-06-23T13:23:53.549744,614608,108
2026-06-23T13:23:53.549807,614609,114
2026-06-23T13:23:53.549871,614610,117
2026-06-23T13:23:53.549934,614611,117
2026-06-23T13:23:53.549997,614612,127
2026-06-23T13:23:53.550060,614613,141
2026-06-23T13:23:53.550123,614614,154
2026-06-23T13:23:53.550186,614616,165
2026-06-23T13:23:53.560007,614617,171
2026-06-23T13:23:53.560100,614618,172
2026-06-23T13:23:53.560178,614619,171
2026-06-23T13:23:53.560256,614620,168
2026-06-23T13:23:53.560333,614621,166
2026-06-23T13:23:53.560410,614622,163
2026-06-23T13:23:53.560486,614623,160
2026-06-23T13:23:53.560563,614624,157
2026-06-23T13:23:53.560640,614625,154
2026-06-23T13:23:53.560716,614626,152
2026-06-23T13:23:53.570510,614627,150
2026-06-23T13:23:53.570602,614628,148
2026-06-23T13:23:53.570692,614629,146
2026-06-23T13:23:53.570760,614630,144
2026-06-23T13:23:53.570824,614631,141
2026-06-23T13:23:53.570887,614632,138
2026-06-23T13:23:53.570950,614633,136
2026-06-23T13:23:53.571013,614634,134
2026-06-23T13:23:53.571076,614635,131
2026-06-23T13:23:53.571139,614636,129
2026-06-23T13:23:53.580883,614637,127
2026-06-23T13:23:53.580975,614638,125
2026-06-23T13:23:53.581052,614639,123
2026-06-23T13:23:53.581129,614641,121
2026-06-23T13:23:53.581206,614642,118
2026-06-23T13:23:53.581285,614643,116
2026-06-23T13:23:53.581362,614644,114
2026-06-23T13:23:53.581439,614645,112
2026-06-23T13:23:53.581516,614646,110
2026-06-23T13:23:53.581591,614647,108
2026-06-23T13:23:53.591342,614648,106
2026-06-23T13:23:53.591440,614649,105
2026-06-23T13:23:53.591517,614650,103
2026-06-23T13:23:53.591594,614651,101
2026-06-23T13:23:53.591666,614652,99
2026-06-23T13:23:53.591739,614653,98
2026-06-23T13:23:53.591810,614654,97
2026-06-23T13:23:53.591881,614655,96
2026-06-23T13:23:53.591952,614656,95
2026-06-23T13:23:53.592022,614657,94
2026-06-23T13:23:53.592094,614658,93
2026-06-23T13:23:53.601789,614659,93
2026-06-23T13:23:53.601872,614660,92
2026-06-23T13:23:53.601963,614661,91
2026-06-23T13:23:53.602031,614662,90
2026-06-23T13:23:53.602094,614663,89
2026-06-23T13:23:53.602154,614663,88
2026-06-23T13:23:53.602213,614664,87
2026-06-23T13:23:53.602273,614665,86
2026-06-23T13:23:53.602331,614666,85
2026-06-23T13:23:53.602390,614667,84
2026-06-23T13:23:53.602449,614668,83
2026-06-23T13:23:53.612170,614669,82
2026-06-23T13:23:53.612254,614670,81
2026-06-23T13:23:53.612356,614671,79
2026-06-23T13:23:53.612434,614672,79
2026-06-23T13:23:53.612506,614673,78
2026-06-23T13:23:53.612583,614674,78
2026-06-23T13:23:53.612655,614675,78
2026-06-23T13:23:53.612727,614676,77
2026-06-23T13:23:53.612801,614677,76
2026-06-23T13:23:53.612873,614678,75
2026-06-23T13:23:53.612944,614679,75
2026-06-23T13:23:53.622694,614680,74
2026-06-23T13:23:53.622792,614681,73
2026-06-23T13:23:53.622871,614682,72
2026-06-23T13:23:53.622945,614683,72
2026-06-23T13:23:53.623019,614684,72
2026-06-23T13:23:53.623092,614684,72
2026-06-23T13:23:53.623163,614685,74
2026-06-23T13:23:53.623236,614686,74
2026-06-23T13:23:53.623309,614687,75
2026-06-23T13:23:53.623381,614688,75
2026-06-23T13:23:53.623453,614689,76
2026-06-23T13:23:53.633158,614690,75
2026-06-23T13:23:53.633249,614691,75
2026-06-23T13:23:53.633322,614692,74
2026-06-23T13:23:53.633395,614693,75
2026-06-23T13:23:53.633468,614694,75
2026-06-23T13:23:53.633539,614695,74
2026-06-23T13:23:53.633611,614696,74
2026-06-23T13:23:53.633682,614697,73
2026-06-23T13:23:53.633753,614698,73
2026-06-23T13:23:53.633823,614699,72
2026-06-23T13:23:53.633894,614700,72
2026-06-23T13:23:53.643538,614701,71
2026-06-23T13:23:53.643627,614702,70
2026-06-23T13:23:53.643699,614703,70
2026-06-23T13:23:53.643785,614704,69
2026-06-23T13:23:53.643857,614705,68
2026-06-23T13:23:53.643929,614705,67
2026-06-23T13:23:53.644000,614706,67
2026-06-23T13:23:53.644071,614707,66
2026-06-23T13:23:53.644142,614708,66
2026-06-23T13:23:53.644213,614709,65
2026-06-23T13:23:53.644291,614710,65
2026-06-23T13:23:53.653992,614711,65
2026-06-23T13:23:53.654090,614712,64
2026-06-23T13:23:53.654178,614713,64
2026-06-23T13:23:53.654251,614714,65
2026-06-23T13:23:53.654324,614715,65
2026-06-23T13:23:53.654395,614716,64
2026-06-23T13:23:53.654466,614717,64
2026-06-23T13:23:53.654536,614718,64
2026-06-23T13:23:53.654608,614719,63
2026-06-23T13:23:53.654678,614720,63
2026-06-23T13:23:53.664395,614721,62
2026-06-23T13:23:53.664485,614722,62
2026-06-23T13:23:53.664557,614723,61
2026-06-23T13:23:53.664628,614724,61
2026-06-23T13:23:53.664699,614725,61
2026-06-23T13:23:53.664770,614726,62
2026-06-23T13:23:53.664841,614727,65
2026-06-23T13:23:53.664911,614727,69
2026-06-23T13:23:53.664982,614728,73
2026-06-23T13:23:53.665053,614729,75
2026-06-23T13:23:53.665124,614730,75
2026-06-23T13:23:53.674852,614731,74
2026-06-23T13:23:53.674943,614732,74
2026-06-23T13:23:53.675016,614733,75
2026-06-23T13:23:53.675087,614734,76
2026-06-23T13:23:53.675158,614735,78
2026-06-23T13:23:53.675230,614736,82
2026-06-23T13:23:53.675302,614737,84
2026-06-23T13:23:53.675374,614738,88
2026-06-23T13:23:53.675445,614739,95
2026-06-23T13:23:53.675521,614740,101
2026-06-23T13:23:53.675640,614741,107
2026-06-23T13:23:53.685345,614742,110
2026-06-23T13:23:53.685438,614743,110
2026-06-23T13:23:53.685514,614744,109
2026-06-23T13:23:53.685580,614745,108
2026-06-23T13:23:53.685642,614746,107
2026-06-23T13:23:53.685705,614747,106
2026-06-23T13:23:53.685769,614748,107
2026-06-23T13:23:53.685831,614749,110
2026-06-23T13:23:53.685894,614750,112
2026-06-23T13:23:53.685956,614751,113
2026-06-23T13:23:53.695746,614752,114
2026-06-23T13:23:53.695830,614753,113
2026-06-23T13:23:53.695907,614754,111
2026-06-23T13:23:53.695984,614756,110
2026-06-23T13:23:53.696060,614757,110
2026-06-23T13:23:53.696136,614758,109
2026-06-23T13:23:53.696212,614759,106
2026-06-23T13:23:53.696288,614760,106
2026-06-23T13:23:53.696363,614761,107
2026-06-23T13:23:53.696439,614762,107
2026-06-23T13:23:53.706223,614763,108
2026-06-23T13:23:53.706328,614764,108
2026-06-23T13:23:53.706407,614765,109
2026-06-23T13:23:53.706490,614766,109
2026-06-23T13:23:53.706568,614767,107
2026-06-23T13:23:53.706646,614768,106
2026-06-23T13:23:53.706723,614769,104
2026-06-23T13:23:53.706801,614770,103
2026-06-23T13:23:53.706878,614771,101
2026-06-23T13:23:53.706954,614772,100
2026-06-23T13:23:53.716664,614773,99
2026-06-23T13:23:53.716758,614774,97
2026-06-23T13:23:53.716831,614775,96
2026-06-23T13:23:53.716903,614776,94
2026-06-23T13:23:53.716975,614777,93
2026-06-23T13:23:53.717047,614778,91
2026-06-23T13:23:53.717123,614779,90
2026-06-23T13:23:53.717197,614780,89
2026-06-23T13:23:53.717270,614781,88
2026-06-23T13:23:53.717424,614782,87
2026-06-23T13:23:53.717529,614783,86
2026-06-23T13:23:53.727146,614784,84
2026-06-23T13:23:53.727226,614785,83
2026-06-23T13:23:53.727298,614786,81
2026-06-23T13:23:53.727370,614787,81
2026-06-23T13:23:53.727442,614788,81
2026-06-23T13:23:53.727515,614789,80
2026-06-23T13:23:53.727590,614789,79
2026-06-23T13:23:53.727662,614790,78
2026-06-23T13:23:53.727733,614791,77
2026-06-23T13:23:53.727804,614792,75
2026-06-23T13:23:53.727876,614793,76
2026-06-23T13:23:53.737543,614794,75
2026-06-23T13:23:53.737642,614795,74
2026-06-23T13:23:53.737715,614796,74
2026-06-23T13:23:53.737787,614797,73
2026-06-23T13:23:53.737859,614798,71
2026-06-23T13:23:53.737930,614799,71
2026-06-23T13:23:53.738003,614800,70
2026-06-23T13:23:53.738074,614801,69
2026-06-23T13:23:53.738146,614802,69
2026-06-23T13:23:53.738218,614803,68
2026-06-23T13:23:53.738290,614804,67
2026-06-23T13:23:53.747968,614805,67
2026-06-23T13:23:53.748052,614806,66
2026-06-23T13:23:53.748125,614807,66
2026-06-23T13:23:53.748197,614808,66
2026-06-23T13:23:53.748269,614809,65
2026-06-23T13:23:53.748341,614810,65
2026-06-23T13:23:53.748412,614810,65
2026-06-23T13:23:53.748484,614811,65
2026-06-23T13:23:53.748556,614812,64
2026-06-23T13:23:53.748629,614813,64
2026-06-23T13:23:53.748700,614814,65
2026-06-23T13:23:53.758377,614815,63
2026-06-23T13:23:53.758472,614816,62
2026-06-23T13:23:53.758545,614817,62
2026-06-23T13:23:53.758617,614818,62
2026-06-23T13:23:53.758689,614819,62
2026-06-23T13:23:53.758761,614820,61
2026-06-23T13:23:53.758832,614821,61
2026-06-23T13:23:53.758903,614822,61
2026-06-23T13:23:53.758976,614823,61
2026-06-23T13:23:53.759048,614824,61
2026-06-23T13:23:53.759120,614825,60
2026-06-23T13:23:53.768784,614826,60
2026-06-23T13:23:53.768888,614827,59
2026-06-23T13:23:53.769115,614828,59
2026-06-23T13:23:53.769253,614829,58
2026-06-23T13:23:53.769393,614830,58
2026-06-23T13:23:53.769479,614831,58
2026-06-23T13:23:53.769599,614832,57
2026-06-23T13:23:53.769681,614832,58
2026-06-23T13:23:53.769757,614833,58
2026-06-23T13:23:53.769833,614834,58
2026-06-23T13:23:53.769939,614835,58
2026-06-23T13:23:53.779286,614836,58
2026-06-23T13:23:53.779438,614837,58
2026-06-23T13:23:53.779517,614838,58
2026-06-23T13:23:53.779591,614839,57
2026-06-23T13:23:53.779664,614840,57
2026-06-23T13:23:53.779736,614841,57
2026-06-23T13:23:53.779808,614842,57
2026-06-23T13:23:53.779879,614843,57
2026-06-23T13:23:53.779951,614844,57
2026-06-23T13:23:53.780026,614845,57
2026-06-23T13:23:53.789690,614846,57
2026-06-23T13:23:53.789802,614847,57
2026-06-23T13:23:53.789876,614848,59
2026-06-23T13:23:53.789990,614849,61
2026-06-23T13:23:53.790088,614850,62
2026-06-23T13:23:53.790167,614851,63
2026-06-23T13:23:53.790243,614852,63
2026-06-23T13:23:53.790320,614853,63
2026-06-23T13:23:53.790394,614853,63
2026-06-23T13:23:53.790467,614854,62
2026-06-23T13:23:53.790540,614855,62
2026-06-23T13:23:53.800131,614856,61
2026-06-23T13:23:53.800253,614857,60
2026-06-23T13:23:53.800328,614858,60
2026-06-23T13:23:53.800402,614859,59
2026-06-23T13:23:53.800474,614860,59
2026-06-23T13:23:53.800547,614861,58
2026-06-23T13:23:53.800617,614862,58
2026-06-23T13:23:53.800689,614863,57
2026-06-23T13:23:53.800760,614864,57
2026-06-23T13:23:53.800831,614865,56
2026-06-23T13:23:53.800902,614866,56
2026-06-23T13:23:53.810526,614867,56
2026-06-23T13:23:53.810613,614868,58
2026-06-23T13:23:53.810687,614869,58
2026-06-23T13:23:53.810759,614870,59
2026-06-23T13:23:53.810831,614871,60
2026-06-23T13:23:53.810902,614872,60
2026-06-23T13:23:53.810974,614873,58
2026-06-23T13:23:53.811046,614874,60
2026-06-23T13:23:53.811122,614874,61
2026-06-23T13:23:53.811193,614875,59
2026-06-23T13:23:53.811264,614876,67
2026-06-23T13:23:53.821054,614877,69
2026-06-23T13:23:53.821143,614878,70
2026-06-23T13:23:53.821235,614879,70
2026-06-23T13:23:53.821313,614880,70
2026-06-23T13:23:53.821377,614881,69
2026-06-23T13:23:53.821438,614882,68
2026-06-23T13:23:53.821501,614883,67
2026-06-23T13:23:53.821562,614884,67
2026-06-23T13:23:53.821621,614885,66
2026-06-23T13:23:53.821681,614886,65
2026-06-23T13:23:53.821739,614887,64
2026-06-23T13:23:53.831468,614888,63
2026-06-23T13:23:53.831552,614889,63
2026-06-23T13:23:53.831625,614890,62
2026-06-23T13:23:53.831698,614891,61
2026-06-23T13:23:53.831770,614892,61
2026-06-23T13:23:53.831841,614893,60
2026-06-23T13:23:53.831913,614894,59
2026-06-23T13:23:53.831983,614895,59
2026-06-23T13:23:53.832055,614896,58
2026-06-23T13:23:53.832129,614896,58
2026-06-23T13:23:53.832200,614897,58
2026-06-23T13:23:53.841899,614898,57
2026-06-23T13:23:53.841988,614899,57
2026-06-23T13:23:53.842062,614900,57
2026-06-23T13:23:53.842135,614901,57
2026-06-23T13:23:53.842208,614902,56
2026-06-23T13:23:53.842281,614903,56
2026-06-23T13:23:53.842354,614904,56
2026-06-23T13:23:53.842425,614905,55
2026-06-23T13:23:53.842497,614906,55
2026-06-23T13:23:53.842570,614907,55
2026-06-23T13:23:53.842641,614908,55
2026-06-23T13:23:53.852404,614909,54
2026-06-23T13:23:53.852491,614910,54
2026-06-23T13:23:53.852584,614911,54
2026-06-23T13:23:53.852665,614912,54
2026-06-23T13:23:53.852731,614913,54
2026-06-23T13:23:53.852794,614914,54
2026-06-23T13:23:53.852856,614915,54
2026-06-23T13:23:53.852917,614916,53
2026-06-23T13:23:53.852979,614917,53
2026-06-23T13:23:53.853041,614917,52
2026-06-23T13:23:53.853101,614918,52
2026-06-23T13:23:53.862790,614919,51
2026-06-23T13:23:53.862871,614920,50
2026-06-23T13:23:53.862943,614921,50
2026-06-23T13:23:53.863015,614922,50
2026-06-23T13:23:53.863086,614923,50
2026-06-23T13:23:53.863158,614924,50
2026-06-23T13:23:53.863229,614925,50
2026-06-23T13:23:53.863301,614926,49
2026-06-23T13:23:53.863373,614927,50
2026-06-23T13:23:53.863445,614928,49
2026-06-23T13:23:53.863517,614929,50
2026-06-23T13:23:53.873289,614930,51
2026-06-23T13:23:53.873387,614931,51
2026-06-23T13:23:53.873461,614932,51
2026-06-23T13:23:53.873534,614933,50
2026-06-23T13:23:53.873608,614934,50
2026-06-23T13:23:53.873683,614935,49
2026-06-23T13:23:53.873755,614936,49
2026-06-23T13:23:53.873828,614937,49
2026-06-23T13:23:53.873901,614938,49
2026-06-23T13:23:53.873973,614938,49
2026-06-23T13:23:53.874045,614939,49
2026-06-23T13:23:53.883707,614940,48
2026-06-23T13:23:53.883809,614941,48
2026-06-23T13:23:53.883898,614942,48
2026-06-23T13:23:53.883975,614943,48
2026-06-23T13:23:53.884047,614944,48
2026-06-23T13:23:53.884121,614945,48
2026-06-23T13:23:53.884193,614946,48
2026-06-23T13:23:53.884267,614947,48
2026-06-23T13:23:53.884326,614948,48
2026-06-23T13:23:53.884385,614949,48
2026-06-23T13:23:53.884444,614950,48
2026-06-23T13:23:53.894083,614951,48
2026-06-23T13:23:53.894166,614952,48
2026-06-23T13:23:53.894279,614953,48
2026-06-23T13:23:53.894381,614954,47
2026-06-23T13:23:53.894454,614955,47
2026-06-23T13:23:53.894526,614956,48
2026-06-23T13:23:53.894606,614957,47
2026-06-23T13:23:53.894678,614958,48
2026-06-23T13:23:53.894750,614959,47
2026-06-23T13:23:53.894822,614960,47
2026-06-23T13:23:53.904561,614960,47
2026-06-23T13:23:53.904686,614961,46
2026-06-23T13:23:53.904764,614962,46
2026-06-23T13:23:53.904840,614963,46
2026-06-23T13:23:53.904914,614964,46
2026-06-23T13:23:53.904987,614965,46
2026-06-23T13:23:53.905060,614966,45
2026-06-23T13:23:53.905132,614967,45
2026-06-23T13:23:53.905204,614968,45
2026-06-23T13:23:53.905276,614969,45
2026-06-23T13:23:53.905347,614970,43
2026-06-23T13:23:53.914972,614971,44
2026-06-23T13:23:53.915068,614972,45
2026-06-23T13:23:53.915143,614973,44
2026-06-23T13:23:53.915216,614974,44
2026-06-23T13:23:53.915289,614975,44
2026-06-23T13:23:53.915361,614976,43
2026-06-23T13:23:53.915434,614977,44
2026-06-23T13:23:53.915506,614978,44
2026-06-23T13:23:53.915577,614979,44
2026-06-23T13:23:53.915649,614980,43
2026-06-23T13:23:53.915721,614981,44
2026-06-23T13:23:53.925447,614981,44
2026-06-23T13:23:53.925553,614982,44
2026-06-23T13:23:53.925632,614983,44
2026-06-23T13:23:53.925707,614984,44
2026-06-23T13:23:53.925780,614985,44
2026-06-23T13:23:53.925853,614986,44
2026-06-23T13:23:53.925928,614987,44
2026-06-23T13:23:53.926000,614988,44
2026-06-23T13:23:53.926072,614989,44
2026-06-23T13:23:53.926145,614990,44
2026-06-23T13:23:53.926217,614991,43
2026-06-23T13:23:53.935917,614992,43
2026-06-23T13:23:53.936036,614993,43
2026-06-23T13:23:53.936133,614994,43
2026-06-23T13:23:53.936211,614995,44
2026-06-23T13:23:53.936286,614996,43
2026-06-23T13:23:53.936359,614997,44
2026-06-23T13:23:53.936431,614998,44
2026-06-23T13:23:53.936503,614999,43
2026-06-23T13:23:53.936575,615000,43
2026-06-23T13:23:53.936647,615001,43
2026-06-23T13:23:53.936739,615002,43
2026-06-23T13:23:53.946309,615003,43
2026-06-23T13:23:53.946416,615003,43
2026-06-23T13:23:53.946498,615004,42
2026-06-23T13:23:53.946575,615005,42
2026-06-23T13:23:53.946650,615006,43
2026-06-23T13:23:53.946724,615007,43
2026-06-23T13:23:53.946799,615008,43
2026-06-23T13:23:53.946871,615009,43
2026-06-23T13:23:53.946944,615010,43
2026-06-23T13:23:53.947024,615011,45
2026-06-23T13:23:53.947096,615012,44
2026-06-23T13:23:53.956785,615013,44
2026-06-23T13:23:53.956889,615014,43
2026-06-23T13:23:53.956966,615015,44
2026-06-23T13:23:53.957041,615016,44
2026-06-23T13:23:53.957114,615017,44
2026-06-23T13:23:53.957187,615018,45
2026-06-23T13:23:53.957263,615019,45
2026-06-23T13:23:53.957336,615020,45
2026-06-23T13:23:53.957408,615021,45
2026-06-23T13:23:53.957481,615022,45
2026-06-23T13:23:53.957585,615023,45
2026-06-23T13:23:53.967243,615024,45
2026-06-23T13:23:53.967345,615024,46
2026-06-23T13:23:53.967465,615025,46
2026-06-23T13:23:53.967545,615026,46
2026-06-23T13:23:53.967619,615027,46
2026-06-23T13:23:53.967691,615028,46
2026-06-23T13:23:53.967763,615029,46
2026-06-23T13:23:53.967851,615030,46
2026-06-23T13:23:53.967924,615031,47
2026-06-23T13:23:53.967998,615032,47
2026-06-23T13:23:53.968070,615033,47
2026-06-23T13:23:53.977629,615034,47
2026-06-23T13:23:53.977714,615035,47
2026-06-23T13:23:53.977850,615036,47
2026-06-23T13:23:53.977930,615037,47
2026-06-23T13:23:53.978012,615038,46
2026-06-23T13:23:53.978089,615039,46
2026-06-23T13:23:53.978161,615040,47
2026-06-23T13:23:53.978234,615041,47
2026-06-23T13:23:53.978305,615042,47
2026-06-23T13:23:53.978377,615043,47
2026-06-23T13:23:53.978448,615044,47
2026-06-23T13:23:53.988182,615045,47
2026-06-23T13:23:53.988298,615045,47
2026-06-23T13:23:53.988376,615046,47
2026-06-23T13:23:53.988452,615047,47
2026-06-23T13:23:53.988526,615048,47
2026-06-23T13:23:53.988600,615049,47
2026-06-23T13:23:53.988673,615050,47
2026-06-23T13:23:53.988745,615051,47
2026-06-23T13:23:53.988817,615052,47
2026-06-23T13:23:53.988889,615053,48
2026-06-23T13:23:53.988960,615054,48
2026-06-23T13:23:53.998552,615055,48
2026-06-23T13:23:53.998649,615056,48
2026-06-23T13:23:53.998723,615057,48
2026-06-23T13:23:53.998796,615058,47
2026-06-23T13:23:53.998868,615059,47
2026-06-23T13:23:53.998940,615060,47
2026-06-23T13:23:53.999013,615061,47
2026-06-23T13:23:53.999089,615062,46
2026-06-23T13:23:53.999165,615063,46
2026-06-23T13:23:53.999236,615064,46
2026-06-23T13:23:53.999307,615065,46
2026-06-23T13:23:54.009006,615066,46
2026-06-23T13:23:54.009108,615067,46
2026-06-23T13:23:54.009187,615067,46
2026-06-23T13:23:54.009261,615068,46
2026-06-23T13:23:54.009356,615069,46
2026-06-23T13:23:54.009430,615070,45
2026-06-23T13:23:54.009503,615071,45
2026-06-23T13:23:54.009575,615072,45
2026-06-23T13:23:54.009648,615073,44
2026-06-23T13:23:54.009720,615074,44
2026-06-23T13:23:54.019397,615075,45
2026-06-23T13:23:54.019519,615076,45
2026-06-23T13:23:54.019636,615077,45
2026-06-23T13:23:54.019716,615078,45
2026-06-23T13:23:54.019792,615079,45
2026-06-23T13:23:54.019864,615080,45
2026-06-23T13:23:54.019936,615081,46
2026-06-23T13:23:54.020008,615082,46
2026-06-23T13:23:54.020081,615083,45
2026-06-23T13:23:54.020152,615084,45
2026-06-23T13:23:54.020224,615085,45
2026-06-23T13:23:54.029795,615086,45
2026-06-23T13:23:54.029883,615087,44
2026-06-23T13:23:54.029957,615088,45
2026-06-23T13:23:54.030033,615088,45
2026-06-23T13:23:54.030111,615089,45
2026-06-23T13:23:54.030185,615090,44
2026-06-23T13:23:54.030257,615091,44
2026-06-23T13:23:54.030329,615092,44
2026-06-23T13:23:54.030401,615093,44
2026-06-23T13:23:54.030473,615094,44
2026-06-23T13:23:54.030544,615095,45
2026-06-23T13:23:54.040280,615096,45
2026-06-23T13:23:54.040388,615097,45
2026-06-23T13:23:54.040467,615098,45
2026-06-23T13:23:54.040545,615099,45
2026-06-23T13:23:54.040619,615100,45
2026-06-23T13:23:54.040692,615101,44
2026-06-23T13:23:54.040811,615102,44
2026-06-23T13:23:54.040896,615103,44
2026-06-23T13:23:54.040971,615104,43
2026-06-23T13:23:54.041045,615105,43
2026-06-23T13:23:54.041118,615106,43
2026-06-23T13:23:54.050736,615107,42
2026-06-23T13:23:54.050847,615108,42
2026-06-23T13:23:54.050939,615109,42
2026-06-23T13:23:54.051015,615109,42
2026-06-23T13:23:54.051089,615110,42
2026-06-23T13:23:54.051181,615111,42
2026-06-23T13:23:54.051255,615112,42
2026-06-23T13:23:54.051327,615113,42
2026-06-23T13:23:54.051399,615114,42
2026-06-23T13:23:54.051472,615115,42
2026-06-23T13:23:54.051544,615116,42
2026-06-23T13:23:54.061121,615117,42
2026-06-23T13:23:54.061205,615118,42
2026-06-23T13:23:54.061319,615119,42
2026-06-23T13:23:54.061402,615120,42
2026-06-23T13:23:54.061476,615121,42
2026-06-23T13:23:54.061561,615122,43
2026-06-23T13:23:54.061654,615123,42
2026-06-23T13:23:54.061725,615124,42
2026-06-23T13:23:54.061797,615125,42
2026-06-23T13:23:54.061869,615126,41
2026-06-23T13:23:54.061949,615127,41
2026-06-23T13:23:54.071641,615128,40
2026-06-23T13:23:54.071749,615129,41
2026-06-23T13:23:54.071825,615130,40
2026-06-23T13:23:54.071900,615131,40
2026-06-23T13:23:54.071974,615131,40
2026-06-23T13:23:54.072047,615132,41
2026-06-23T13:23:54.072119,615133,39
2026-06-23T13:23:54.072193,615134,40
2026-06-23T13:23:54.072265,615135,40
2026-06-23T13:23:54.072338,615136,40
2026-06-23T13:23:54.072409,615137,40
2026-06-23T13:23:54.082061,615138,40
2026-06-23T13:23:54.082160,615139,40
2026-06-23T13:23:54.082235,615140,40
2026-06-23T13:23:54.082308,615141,40
2026-06-23T13:23:54.082381,615142,40
2026-06-23T13:23:54.082454,615143,41
2026-06-23T13:23:54.082526,615144,41
2026-06-23T13:23:54.082598,615145,41
2026-06-23T13:23:54.082670,615146,40
2026-06-23T13:23:54.082742,615147,40
2026-06-23T13:23:54.082813,615148,40
2026-06-23T13:23:54.092522,615149,40
2026-06-23T13:23:54.092624,615150,40
2026-06-23T13:23:54.092700,615151,40
2026-06-23T13:23:54.092776,615152,40
2026-06-23T13:23:54.092849,615152,40
2026-06-23T13:23:54.092940,615153,39
2026-06-23T13:23:54.093014,615154,39
2026-06-23T13:23:54.093086,615155,39
2026-06-23T13:23:54.093158,615156,39
2026-06-23T13:23:54.093230,615157,39
2026-06-23T13:23:54.093301,615158,39
2026-06-23T13:23:54.102945,615159,39
2026-06-23T13:23:54.103052,615160,39
2026-06-23T13:23:54.103147,615161,39
2026-06-23T13:23:54.103224,615162,39
2026-06-23T13:23:54.103314,615163,39
2026-06-23T13:23:54.103389,615164,40
2026-06-23T13:23:54.103462,615165,39
2026-06-23T13:23:54.103535,615166,39
2026-06-23T13:23:54.103609,615167,39
2026-06-23T13:23:54.103680,615168,39
2026-06-23T13:23:54.103752,615169,39
2026-06-23T13:23:54.113387,615170,38
2026-06-23T13:23:54.113497,615171,38
2026-06-23T13:23:54.113596,615172,38
2026-06-23T13:23:54.113691,615173,37
2026-06-23T13:23:54.113786,615173,38
2026-06-23T13:23:54.113881,615174,38
2026-06-23T13:23:54.113975,615175,38
2026-06-23T13:23:54.114068,615176,38
2026-06-23T13:23:54.114161,615177,38
2026-06-23T13:23:54.114256,615178,38
2026-06-23T13:23:54.114351,615179,39
2026-06-23T13:23:54.123828,615180,38
2026-06-23T13:23:54.123932,615181,38
2026-06-23T13:23:54.124011,615182,38
2026-06-23T13:23:54.124105,615183,37
2026-06-23T13:23:54.124181,615184,37
2026-06-23T13:23:54.124254,615185,37
2026-06-23T13:23:54.124328,615186,37
2026-06-23T13:23:54.124401,615187,37
2026-06-23T13:23:54.124474,615188,37
2026-06-23T13:23:54.124546,615189,38
2026-06-23T13:23:54.134192,615190,39
2026-06-23T13:23:54.134291,615191,39
2026-06-23T13:23:54.134376,615192,39
2026-06-23T13:23:54.134452,615193,39
2026-06-23T13:23:54.134524,615194,40
2026-06-23T13:23:54.134597,615195,41
2026-06-23T13:23:54.134669,615195,39
2026-06-23T13:23:54.134740,615196,40
2026-06-23T13:23:54.134811,615197,39
2026-06-23T13:23:54.134883,615198,39
2026-06-23T13:23:54.134955,615199,39
2026-06-23T13:23:54.144570,615200,39
2026-06-23T13:23:54.144656,615201,39
2026-06-23T13:23:54.144792,615202,39
2026-06-23T13:23:54.144884,615203,39
2026-06-23T13:23:54.144961,615204,38
2026-06-23T13:23:54.145038,615205,39
2026-06-23T13:23:54.145112,615206,39
2026-06-23T13:23:54.145185,615207,39
2026-06-23T13:23:54.145258,615208,39
2026-06-23T13:23:54.145330,615209,39
2026-06-23T13:23:54.145402,615210,39
2026-06-23T13:23:54.155133,615211,40
2026-06-23T13:23:54.155225,615212,40
2026-06-23T13:23:54.155287,615213,39
2026-06-23T13:23:54.155347,615214,40
2026-06-23T13:23:54.155407,615215,40
2026-06-23T13:23:54.155467,615216,40
2026-06-23T13:23:54.155526,615216,40
2026-06-23T13:23:54.155584,615217,40
2026-06-23T13:23:54.155643,615218,40
2026-06-23T13:23:54.155702,615219,39
2026-06-23T13:23:54.155761,615220,39
2026-06-23T13:23:54.165525,615221,40
2026-06-23T13:23:54.165617,615222,40
2026-06-23T13:23:54.165693,615223,35
2026-06-23T13:23:54.165766,615224,40
2026-06-23T13:23:54.165839,615225,40
2026-06-23T13:23:54.165912,615226,40
2026-06-23T13:23:54.165983,615227,40
2026-06-23T13:23:54.166055,615228,41
2026-06-23T13:23:54.166127,615229,41
2026-06-23T13:23:54.166198,615230,41
2026-06-23T13:23:54.166271,615231,41
2026-06-23T13:23:54.175980,615232,41
2026-06-23T13:23:54.176091,615233,41
2026-06-23T13:23:54.176169,615234,41
2026-06-23T13:23:54.176244,615235,41
2026-06-23T13:23:54.176318,615236,41
2026-06-23T13:23:54.176408,615237,41
2026-06-23T13:23:54.176481,615237,41
2026-06-23T13:23:54.176554,615238,42
2026-06-23T13:23:54.176626,615239,42
2026-06-23T13:23:54.176699,615240,42
2026-06-23T13:23:54.176771,615241,42
2026-06-23T13:23:54.186441,615242,42
2026-06-23T13:23:54.186549,615243,42
2026-06-23T13:23:54.186665,615244,42
2026-06-23T13:23:54.186743,615245,42
2026-06-23T13:23:54.186817,615246,42
2026-06-23T13:23:54.186891,615247,42
2026-06-23T13:23:54.186965,615248,43
2026-06-23T13:23:54.187037,615249,43
2026-06-23T13:23:54.187109,615250,44
2026-06-23T13:23:54.187181,615251,44
2026-06-23T13:23:54.187252,615252,44
2026-06-23T13:23:54.196866,615253,44
2026-06-23T13:23:54.196950,615254,44
2026-06-23T13:23:54.197024,615255,43
2026-06-23T13:23:54.197097,615256,43
2026-06-23T13:23:54.197172,615257,43
2026-06-23T13:23:54.197244,615258,43
2026-06-23T13:23:54.197316,615259,43
2026-06-23T13:23:54.197388,615259,42
2026-06-23T13:23:54.197463,615260,42
2026-06-23T13:23:54.197534,615261,42
2026-06-23T13:23:54.197605,615262,42
2026-06-23T13:23:54.207317,615263,42
2026-06-23T13:23:54.207423,615264,42
2026-06-23T13:23:54.207500,615265,42
2026-06-23T13:23:54.207576,615266,42
2026-06-23T13:23:54.207650,615267,42
2026-06-23T13:23:54.207745,615268,43
2026-06-23T13:23:54.207820,615269,43
2026-06-23T13:23:54.207892,615270,43
2026-06-23T13:23:54.207964,615271,43
2026-06-23T13:23:54.208036,615272,43
2026-06-23T13:23:54.208107,615273,41
2026-06-23T13:23:54.217836,615274,42
2026-06-23T13:23:54.217947,615275,42
2026-06-23T13:23:54.218071,615276,43
2026-06-23T13:23:54.218155,615277,43
2026-06-23T13:23:54.218230,615278,43
2026-06-23T13:23:54.218305,615279,43
2026-06-23T13:23:54.218381,615280,43
2026-06-23T13:23:54.218455,615280,43
2026-06-23T13:23:54.218528,615281,43
2026-06-23T13:23:54.218599,615282,43
2026-06-23T13:23:54.218671,615283,43
2026-06-23T13:23:54.228212,615284,43
2026-06-23T13:23:54.228299,615285,43
2026-06-23T13:23:54.228410,615286,43
2026-06-23T13:23:54.228493,615287,43
2026-06-23T13:23:54.228568,615288,43
2026-06-23T13:23:54.228641,615289,43
2026-06-23T13:23:54.228720,615290,43
2026-06-23T13:23:54.228792,615291,43
2026-06-23T13:23:54.228863,615292,43
2026-06-23T13:23:54.228935,615293,44
2026-06-23T13:23:54.229007,615294,44
2026-06-23T13:23:54.238705,615295,44
2026-06-23T13:23:54.238812,615296,45
2026-06-23T13:23:54.238887,615297,44
2026-06-23T13:23:54.238961,615298,44
2026-06-23T13:23:54.239034,615299,44
2026-06-23T13:23:54.239106,615300,44
2026-06-23T13:23:54.239180,615301,44
2026-06-23T13:23:54.239252,615302,44
2026-06-23T13:23:54.239325,615302,44
2026-06-23T13:23:54.239396,615303,44
2026-06-23T13:23:54.249121,615304,44
2026-06-23T13:23:54.249218,615305,45
2026-06-23T13:23:54.249291,615306,45
2026-06-23T13:23:54.249363,615307,46
2026-06-23T13:23:54.249435,615308,46
2026-06-23T13:23:54.249506,615309,46
2026-06-23T13:23:54.249578,615310,45
2026-06-23T13:23:54.249650,615311,45
2026-06-23T13:23:54.249722,615312,45
2026-06-23T13:23:54.249793,615313,45
2026-06-23T13:23:54.249865,615314,44
2026-06-23T13:23:54.259494,615315,44
2026-06-23T13:23:54.259585,615316,44
2026-06-23T13:23:54.259658,615317,44
2026-06-23T13:23:54.259731,615318,44
2026-06-23T13:23:54.259824,615319,44
2026-06-23T13:23:54.259897,615320,44
2026-06-23T13:23:54.259969,615321,44
2026-06-23T13:23:54.260041,615322,44
2026-06-23T13:23:54.260113,615323,44
2026-06-23T13:23:54.260184,615323,44
2026-06-23T13:23:54.260255,615324,45
2026-06-23T13:23:54.269985,615325,46
2026-06-23T13:23:54.270084,615326,46
2026-06-23T13:23:54.270175,615327,47
2026-06-23T13:23:54.270250,615328,47
2026-06-23T13:23:54.270323,615329,47
2026-06-23T13:23:54.270395,615330,47
2026-06-23T13:23:54.270467,615331,47
2026-06-23T13:23:54.270539,615332,46
2026-06-23T13:23:54.270611,615333,46
2026-06-23T13:23:54.270682,615334,46
2026-06-23T13:23:54.270755,615335,46
2026-06-23T13:23:54.280359,615336,46
2026-06-23T13:23:54.280445,615337,46
2026-06-23T13:23:54.280517,615338,46
2026-06-23T13:23:54.280590,615339,46
2026-06-23T13:23:54.280662,615340,46
2026-06-23T13:23:54.280734,615341,46
2026-06-23T13:23:54.280805,615342,46
2026-06-23T13:23:54.280877,615343,46
2026-06-23T13:23:54.280949,615344,46
2026-06-23T13:23:54.281020,615344,46
2026-06-23T13:23:54.281092,615345,46
2026-06-23T13:23:54.290832,615346,43
2026-06-23T13:23:54.290927,615347,47
2026-06-23T13:23:54.291003,615348,47
2026-06-23T13:23:54.291078,615349,48
2026-06-23T13:23:54.291153,615350,47
2026-06-23T13:23:54.291226,615351,47
2026-06-23T13:23:54.291298,615352,47
2026-06-23T13:23:54.291371,615353,46
2026-06-23T13:23:54.291443,615354,46
2026-06-23T13:23:54.291514,615355,46
2026-06-23T13:23:54.291585,615356,45
2026-06-23T13:23:54.301270,615357,46
2026-06-23T13:23:54.301381,615358,46
2026-06-23T13:23:54.301501,615359,46
2026-06-23T13:23:54.301583,615360,45
2026-06-23T13:23:54.301655,615361,45
2026-06-23T13:23:54.301731,615362,46
2026-06-23T13:23:54.301803,615363,46
2026-06-23T13:23:54.301875,615364,47
2026-06-23T13:23:54.301947,615365,46
2026-06-23T13:23:54.302020,615366,45
2026-06-23T13:23:54.302091,615366,46
2026-06-23T13:23:54.311724,615367,46
2026-06-23T13:23:54.311835,615368,46
2026-06-23T13:23:54.311963,615369,46
2026-06-23T13:23:54.312058,615370,46
2026-06-23T13:23:54.312152,615371,46
2026-06-23T13:23:54.312251,615372,46
2026-06-23T13:23:54.312343,615373,46
2026-06-23T13:23:54.312437,615374,46
2026-06-23T13:23:54.312530,615375,46
2026-06-23T13:23:54.312621,615376,46
2026-06-23T13:23:54.312713,615377,46
2026-06-23T13:23:54.322177,615378,46
2026-06-23T13:23:54.322278,615379,47
2026-06-23T13:23:54.322351,615380,46
2026-06-23T13:23:54.322424,615381,47
2026-06-23T13:23:54.322496,615382,47
2026-06-23T13:23:54.322568,615383,47
2026-06-23T13:23:54.322640,615384,47
2026-06-23T13:23:54.322713,615385,47
2026-06-23T13:23:54.322784,615386,47
2026-06-23T13:23:54.322863,615387,47
2026-06-23T13:23:54.322936,615387,46
2026-06-23T13:23:54.332638,615388,46
2026-06-23T13:23:54.332737,615389,46
2026-06-23T13:23:54.332834,615390,45
2026-06-23T13:23:54.332913,615391,46
2026-06-23T13:23:54.332987,615392,45
2026-06-23T13:23:54.333059,615393,45
2026-06-23T13:23:54.333130,615394,45
2026-06-23T13:23:54.333202,615395,45
2026-06-23T13:23:54.333291,615396,45
2026-06-23T13:23:54.333363,615397,45
2026-06-23T13:23:54.333434,615398,44
2026-06-23T13:23:54.343129,615399,44
2026-06-23T13:23:54.343237,615400,44
2026-06-23T13:23:54.343330,615401,45
2026-06-23T13:23:54.343423,615402,44
2026-06-23T13:23:54.343515,615403,44
2026-06-23T13:23:54.343628,615404,44
2026-06-23T13:23:54.343720,615405,44
2026-06-23T13:23:54.343812,615406,45
2026-06-23T13:23:54.343903,615407,45
2026-06-23T13:23:54.343994,615408,45
2026-06-23T13:23:54.344085,615408,46
2026-06-23T13:23:54.353533,615409,45
2026-06-23T13:23:54.353632,615410,45
2026-06-23T13:23:54.353766,615411,46
2026-06-23T13:23:54.353840,615412,45
2026-06-23T13:23:54.353913,615413,45
2026-06-23T13:23:54.353985,615414,45
2026-06-23T13:23:54.354057,615415,45
2026-06-23T13:23:54.354127,615416,45
2026-06-23T13:23:54.354199,615417,45
2026-06-23T13:23:54.354271,615418,45
2026-06-23T13:23:54.363901,615419,44
2026-06-23T13:23:54.364006,615420,44
2026-06-23T13:23:54.364099,615421,44
2026-06-23T13:23:54.364190,615422,45
2026-06-23T13:23:54.364283,615423,45
2026-06-23T13:23:54.364373,615424,46
2026-06-23T13:23:54.364464,615425,46
2026-06-23T13:23:54.364555,615426,46
2026-06-23T13:23:54.364628,615427,46
2026-06-23T13:23:54.364699,615428,45
2026-06-23T13:23:54.364771,615429,45
2026-06-23T13:23:54.374365,615430,45
2026-06-23T13:23:54.374462,615430,45
2026-06-23T13:23:54.374535,615431,44
2026-06-23T13:23:54.374622,615432,45
2026-06-23T13:23:54.374696,615433,45
2026-06-23T13:23:54.374769,615434,45
2026-06-23T13:23:54.374842,615435,45
2026-06-23T13:23:54.374914,615436,45
2026-06-23T13:23:54.374985,615437,44
2026-06-23T13:23:54.375057,615438,44
2026-06-23T13:23:54.375129,615439,44
2026-06-23T13:23:54.384819,615440,44
2026-06-23T13:23:54.384922,615441,44
2026-06-23T13:23:54.385009,615442,44
2026-06-23T13:23:54.385083,615443,44
2026-06-23T13:23:54.385160,615444,44
2026-06-23T13:23:54.385234,615445,44
2026-06-23T13:23:54.385306,615446,44
2026-06-23T13:23:54.385377,615447,44
2026-06-23T13:23:54.385448,615448,44
2026-06-23T13:23:54.385519,615449,44
2026-06-23T13:23:54.385591,615450,44
2026-06-23T13:23:54.395210,615451,44
2026-06-23T13:23:54.395315,615451,44
2026-06-23T13:23:54.395444,615452,44
2026-06-23T13:23:54.395538,615453,44
2026-06-23T13:23:54.395635,615454,44
2026-06-23T13:23:54.395726,615455,44
2026-06-23T13:23:54.395818,615456,43
2026-06-23T13:23:54.395909,615457,42
2026-06-23T13:23:54.396000,615458,42
2026-06-23T13:23:54.396091,615459,42
2026-06-23T13:23:54.396181,615460,42
2026-06-23T13:23:54.405643,615461,42
2026-06-23T13:23:54.405741,615462,42
2026-06-23T13:23:54.405814,615463,43
2026-06-23T13:23:54.405885,615464,43
2026-06-23T13:23:54.405958,615465,43
2026-06-23T13:23:54.406030,615466,43
2026-06-23T13:23:54.406102,615467,43
2026-06-23T13:23:54.406173,615468,43
2026-06-23T13:23:54.406244,615469,43
2026-06-23T13:23:54.406315,615470,43
2026-06-23T13:23:54.406387,615471,43
2026-06-23T13:23:54.416157,615472,43
2026-06-23T13:23:54.416253,615472,42
2026-06-23T13:23:54.416325,615473,42
2026-06-23T13:23:54.416398,615474,41
2026-06-23T13:23:54.416469,615475,41
2026-06-23T13:23:54.416541,615476,41
2026-06-23T13:23:54.416611,615477,41
2026-06-23T13:23:54.416683,615478,41
2026-06-23T13:23:54.416755,615479,41
2026-06-23T13:23:54.416826,615480,41
2026-06-23T13:23:54.416898,615481,41
2026-06-23T13:23:54.426483,615482,41
2026-06-23T13:23:54.426587,615483,41
2026-06-23T13:23:54.426662,615484,41
2026-06-23T13:23:54.426751,615485,41
2026-06-23T13:23:54.426824,615486,40
2026-06-23T13:23:54.426896,615487,40
2026-06-23T13:23:54.426969,615488,40
2026-06-23T13:23:54.427040,615489,40
2026-06-23T13:23:54.427111,615490,40
2026-06-23T13:23:54.427182,615491,39
2026-06-23T13:23:54.427253,615492,39
2026-06-23T13:23:54.437002,615493,39
2026-06-23T13:23:54.437104,615494,39
2026-06-23T13:23:54.437190,615494,39
2026-06-23T13:23:54.437265,615495,39
2026-06-23T13:23:54.437337,615496,39
2026-06-23T13:23:54.437409,615497,39
2026-06-23T13:23:54.437479,615498,39
2026-06-23T13:23:54.437550,615499,39
2026-06-23T13:23:54.437621,615500,39
2026-06-23T13:23:54.437695,615501,39
2026-06-23T13:23:54.437766,615502,39
2026-06-23T13:23:54.447433,615503,39
2026-06-23T13:23:54.447519,615504,39
2026-06-23T13:23:54.447592,615505,37
2026-06-23T13:23:54.447662,615506,38
2026-06-23T13:23:54.447735,615507,38
2026-06-23T13:23:54.447806,615508,38
2026-06-23T13:23:54.447881,615509,38
2026-06-23T13:23:54.447952,615510,38
2026-06-23T13:23:54.448024,615511,38
2026-06-23T13:23:54.448095,615512,37
2026-06-23T13:23:54.448166,615513,38
2026-06-23T13:23:54.457867,615514,38
2026-06-23T13:23:54.457959,615515,38
2026-06-23T13:23:54.458031,615515,37
2026-06-23T13:23:54.458103,615516,37
2026-06-23T13:23:54.458175,615517,37
2026-06-23T13:23:54.458247,615518,37
2026-06-23T13:23:54.458318,615519,37
2026-06-23T13:23:54.458389,615520,37
2026-06-23T13:23:54.458460,615521,37
2026-06-23T13:23:54.458532,615522,37
2026-06-23T13:23:54.458604,615523,37
2026-06-23T13:23:54.468305,615524,37
2026-06-23T13:23:54.468394,615525,38
2026-06-23T13:23:54.468485,615526,37
2026-06-23T13:23:54.468559,615527,37
2026-06-23T13:23:54.468632,615528,37
2026-06-23T13:23:54.468710,615529,37
2026-06-23T13:23:54.468783,615530,37
2026-06-23T13:23:54.468855,615531,38
2026-06-23T13:23:54.468929,615532,37
2026-06-23T13:23:54.469001,615533,37
2026-06-23T13:23:54.478709,615534,37
2026-06-23T13:23:54.478796,615535,37
2026-06-23T13:23:54.478942,615536,37
2026-06-23T13:23:54.479045,615537,37
2026-06-23T13:23:54.479130,615537,36
2026-06-23T13:23:54.479207,615538,36
2026-06-23T13:23:54.479282,615539,36
2026-06-23T13:23:54.479356,615540,36
2026-06-23T13:23:54.479429,615541,35
2026-06-23T13:23:54.479502,615542,35
2026-06-23T13:23:54.479574,615543,35
2026-06-23T13:23:54.489172,615544,35
2026-06-23T13:23:54.489271,615545,35
2026-06-23T13:23:54.489343,615546,35
2026-06-23T13:23:54.489417,615547,36
2026-06-23T13:23:54.489488,615548,35
2026-06-23T13:23:54.489560,615549,35
2026-06-23T13:23:54.489633,615550,35
2026-06-23T13:23:54.489707,615551,35
2026-06-23T13:23:54.489779,615552,35
2026-06-23T13:23:54.489850,615553,36
2026-06-23T13:23:54.489921,615554,36
2026-06-23T13:23:54.499640,615555,36
2026-06-23T13:23:54.499739,615556,35
2026-06-23T13:23:54.499814,615557,36
2026-06-23T13:23:54.499889,615558,35
2026-06-23T13:23:54.499963,615558,35
2026-06-23T13:23:54.500038,615559,35
2026-06-23T13:23:54.500110,615560,35
2026-06-23T13:23:54.500182,615561,35
2026-06-23T13:23:54.500254,615562,35
2026-06-23T13:23:54.500325,615563,35
2026-06-23T13:23:54.500397,615564,35
2026-06-23T13:23:54.510120,615565,35
2026-06-23T13:23:54.510215,615566,34
2026-06-23T13:23:54.510291,615567,35
2026-06-23T13:23:54.510369,615568,34
2026-06-23T13:23:54.510442,615569,34
2026-06-23T13:23:54.510515,615570,34
2026-06-23T13:23:54.510588,615571,32
2026-06-23T13:23:54.510660,615572,34
2026-06-23T13:23:54.510731,615573,34
2026-06-23T13:23:54.510802,615574,34
2026-06-23T13:23:54.510873,615575,34
2026-06-23T13:23:54.520536,615576,34
2026-06-23T13:23:54.520641,615577,34
2026-06-23T13:23:54.520732,615578,34
2026-06-23T13:23:54.520807,615579,34
2026-06-23T13:23:54.520882,615579,34
2026-06-23T13:23:54.520954,615580,34
2026-06-23T13:23:54.521025,615581,35
2026-06-23T13:23:54.521096,615582,35
2026-06-23T13:23:54.521169,615583,35
2026-06-23T13:23:54.521241,615584,35
2026-06-23T13:23:54.521312,615585,35
2026-06-23T13:23:54.530931,615586,35
2026-06-23T13:23:54.531023,615587,35
2026-06-23T13:23:54.531098,615588,35
2026-06-23T13:23:54.531174,615589,35
2026-06-23T13:23:54.531247,615590,35
2026-06-23T13:23:54.531319,615591,35
2026-06-23T13:23:54.531391,615592,35
2026-06-23T13:23:54.531464,615593,35
2026-06-23T13:23:54.531535,615594,35
2026-06-23T13:23:54.531607,615595,35
2026-06-23T13:23:54.531679,615596,35
2026-06-23T13:23:54.541376,615597,35
2026-06-23T13:23:54.541477,615598,35
2026-06-23T13:23:54.541553,615599,35
2026-06-23T13:23:54.541628,615600,35
2026-06-23T13:23:54.541701,615601,35
2026-06-23T13:23:54.541774,615601,35
2026-06-23T13:23:54.541848,615602,35
2026-06-23T13:23:54.541920,615603,35
2026-06-23T13:23:54.541994,615604,36
2026-06-23T13:23:54.542065,615605,35
2026-06-23T13:23:54.542138,615606,36
2026-06-23T13:23:54.551858,615607,36
2026-06-23T13:23:54.551964,615608,36
2026-06-23T13:23:54.552060,615609,36
2026-06-23T13:23:54.552137,615610,36
2026-06-23T13:23:54.552211,615611,36
2026-06-23T13:23:54.552285,615612,37
2026-06-23T13:23:54.552357,615613,36
2026-06-23T13:23:54.552430,615614,36
2026-06-23T13:23:54.552502,615615,37
2026-06-23T13:23:54.552575,615616,36
2026-06-23T13:23:54.552646,615617,37
2026-06-23T13:23:54.562275,615618,38
2026-06-23T13:23:54.562356,615619,36
2026-06-23T13:23:54.562477,615620,36
2026-06-23T13:23:54.562558,615621,36
2026-06-23T13:23:54.562632,615622,36
2026-06-23T13:23:54.562706,615622,36
2026-06-23T13:23:54.562778,615623,36
2026-06-23T13:23:54.562849,615624,36
2026-06-23T13:23:54.562921,615625,36
2026-06-23T13:23:54.562993,615626,35
2026-06-23T13:23:54.563064,615627,36
2026-06-23T13:23:54.572713,615628,36
2026-06-23T13:23:54.572813,615629,36
2026-06-23T13:23:54.572926,615630,36
2026-06-23T13:23:54.573023,615631,36
2026-06-23T13:23:54.573129,615632,36
2026-06-23T13:23:54.573206,615633,36
2026-06-23T13:23:54.573280,615634,36
2026-06-23T13:23:54.573354,615635,36
2026-06-23T13:23:54.573427,615636,36
2026-06-23T13:23:54.573500,615637,36
2026-06-23T13:23:54.573572,615638,34
2026-06-23T13:23:54.583176,615639,35
2026-06-23T13:23:54.583278,615640,35
2026-06-23T13:23:54.583353,615641,35
2026-06-23T13:23:54.583426,615642,35
2026-06-23T13:23:54.583498,615643,36
2026-06-23T13:23:54.583571,615643,35
2026-06-23T13:23:54.583644,615644,35
2026-06-23T13:23:54.583801,615645,35
2026-06-23T13:23:54.583900,615646,35
2026-06-23T13:23:54.583979,615647,35
2026-06-23T13:23:54.593486,615648,36
2026-06-23T13:23:54.593568,615649,35
2026-06-23T13:23:54.593642,615650,35
2026-06-23T13:23:54.593714,615651,35
2026-06-23T13:23:54.593786,615652,35
2026-06-23T13:23:54.593858,615653,35
2026-06-23T13:23:54.593932,615654,35
2026-06-23T13:23:54.594031,615655,35
2026-06-23T13:23:54.594114,615656,35
2026-06-23T13:23:54.594190,615657,35
2026-06-23T13:23:54.594264,615658,36
2026-06-23T13:23:54.604030,615659,36
2026-06-23T13:23:54.604141,615660,36
2026-06-23T13:23:54.604217,615661,37
2026-06-23T13:23:54.604291,615662,37
2026-06-23T13:23:54.604365,615663,36
2026-06-23T13:23:54.604437,615664,37
2026-06-23T13:23:54.604509,615665,38
2026-06-23T13:23:54.604581,615665,38
2026-06-23T13:23:54.604652,615666,38
2026-06-23T13:23:54.604724,615667,38
2026-06-23T13:23:54.604796,615668,38
2026-06-23T13:23:54.614438,615669,37
2026-06-23T13:23:54.614541,615670,37
2026-06-23T13:23:54.614620,615671,37
2026-06-23T13:23:54.614695,615672,38
2026-06-23T13:23:54.614775,615673,37
2026-06-23T13:23:54.614849,615674,38
2026-06-23T13:23:54.614921,615675,38
2026-06-23T13:23:54.614993,615676,38
2026-06-23T13:23:54.615065,615677,38
2026-06-23T13:23:54.615137,615678,38
2026-06-23T13:23:54.615209,615679,39
2026-06-23T13:23:54.624840,615680,39
2026-06-23T13:23:54.624937,615681,39
2026-06-23T13:23:54.625013,615682,39
2026-06-23T13:23:54.625089,615683,38
2026-06-23T13:23:54.625162,615684,38
2026-06-23T13:23:54.625239,615685,38
2026-06-23T13:23:54.625311,615686,38
2026-06-23T13:23:54.625384,615686,38
2026-06-23T13:23:54.625456,615687,37
2026-06-23T13:23:54.625528,615688,36
2026-06-23T13:23:54.625600,615689,37
2026-06-23T13:23:54.635397,615690,37
2026-06-23T13:23:54.635509,615691,37
2026-06-23T13:23:54.635600,615692,37
2026-06-23T13:23:54.635676,615693,37
2026-06-23T13:23:54.635750,615694,37
2026-06-23T13:23:54.635822,615695,37
2026-06-23T13:23:54.635895,615696,37
2026-06-23T13:23:54.635967,615697,37
2026-06-23T13:23:54.636040,615698,38
2026-06-23T13:23:54.636111,615699,38
2026-06-23T13:23:54.636183,615700,38
2026-06-23T13:23:54.645777,615701,38
2026-06-23T13:23:54.645863,615702,38
2026-06-23T13:23:54.645938,615703,37
2026-06-23T13:23:54.646012,615704,37
2026-06-23T13:23:54.646085,615705,36
2026-06-23T13:23:54.646158,615706,37
2026-06-23T13:23:54.646229,615707,37
2026-06-23T13:23:54.646301,615707,37
2026-06-23T13:23:54.646374,615708,36
2026-06-23T13:23:54.646446,615709,36
2026-06-23T13:23:54.646517,615710,36
2026-06-23T13:23:54.656287,615711,36
2026-06-23T13:23:54.656395,615712,36
2026-06-23T13:23:54.656473,615713,36
2026-06-23T13:23:54.656547,615714,36
2026-06-23T13:23:54.656622,615715,35
2026-06-23T13:23:54.656696,615716,35
2026-06-23T13:23:54.656769,615717,35
2026-06-23T13:23:54.656841,615718,35
2026-06-23T13:23:54.656914,615719,35
2026-06-23T13:23:54.656986,615720,35
2026-06-23T13:23:54.657058,615721,35
2026-06-23T13:23:54.666693,615722,35
2026-06-23T13:23:54.666791,615723,35
2026-06-23T13:23:54.666866,615724,35
2026-06-23T13:23:54.666941,615725,35
2026-06-23T13:23:54.667013,615726,35
2026-06-23T13:23:54.667085,615727,35
2026-06-23T13:23:54.667156,615728,35
2026-06-23T13:23:54.667233,615729,35
2026-06-23T13:23:54.667308,615729,34
2026-06-23T13:23:54.667381,615730,35
2026-06-23T13:23:54.667481,615731,35
2026-06-23T13:23:54.677146,615732,35
2026-06-23T13:23:54.677241,615733,35
2026-06-23T13:23:54.677314,615734,36
2026-06-23T13:23:54.677387,615735,35
2026-06-23T13:23:54.677459,615736,36
2026-06-23T13:23:54.677530,615737,35
2026-06-23T13:23:54.677603,615738,35
2026-06-23T13:23:54.677675,615739,35
2026-06-23T13:23:54.677749,615740,34
2026-06-23T13:23:54.677821,615741,35
2026-06-23T13:23:54.677893,615742,35
2026-06-23T13:23:54.687600,615743,35
2026-06-23T13:23:54.687708,615744,35
2026-06-23T13:23:54.687784,615745,36
2026-06-23T13:23:54.687858,615746,36
2026-06-23T13:23:54.687932,615747,37
2026-06-23T13:23:54.688004,615748,37
2026-06-23T13:23:54.688076,615749,37
2026-06-23T13:23:54.688148,615750,37
2026-06-23T13:23:54.688222,615750,37
2026-06-23T13:23:54.688294,615751,37
2026-06-23T13:23:54.688366,615752,37
2026-06-23T13:23:54.698021,615753,37
2026-06-23T13:23:54.698142,615754,37
2026-06-23T13:23:54.698241,615755,37
2026-06-23T13:23:54.698335,615756,38
2026-06-23T13:23:54.698429,615757,39
2026-06-23T13:23:54.698522,615758,40
2026-06-23T13:23:54.698597,615759,40
2026-06-23T13:23:54.698670,615760,40
2026-06-23T13:23:54.698742,615761,40
2026-06-23T13:23:54.698813,615762,41
2026-06-23T13:23:54.708407,615763,41
2026-06-23T13:23:54.708513,615764,40
2026-06-23T13:23:54.708589,615765,40
2026-06-23T13:23:54.708663,615766,40
2026-06-23T13:23:54.708736,615767,40
2026-06-23T13:23:54.708810,615768,39
2026-06-23T13:23:54.708882,615769,39
2026-06-23T13:23:54.708955,615770,40
2026-06-23T13:23:54.709049,615771,39
2026-06-23T13:23:54.709122,615772,39
2026-06-23T13:23:54.709214,615772,39
2026-06-23T13:23:54.718867,615773,39
2026-06-23T13:23:54.718974,615774,39
2026-06-23T13:23:54.719076,615775,39
2026-06-23T13:23:54.719153,615776,38
2026-06-23T13:23:54.719226,615777,38
2026-06-23T13:23:54.719299,615778,38
2026-06-23T13:23:54.719371,615779,38
2026-06-23T13:23:54.719443,615780,38
2026-06-23T13:23:54.719514,615781,38
2026-06-23T13:23:54.719588,615782,38
2026-06-23T13:23:54.719659,615783,38
2026-06-23T13:23:54.729281,615784,38
2026-06-23T13:23:54.729368,615785,38
2026-06-23T13:23:54.729443,615786,38
2026-06-23T13:23:54.729516,615787,38
2026-06-23T13:23:54.729589,615788,38
2026-06-23T13:23:54.729664,615789,37
2026-06-23T13:23:54.729737,615790,37
2026-06-23T13:23:54.729808,615791,37
2026-06-23T13:23:54.729880,615792,37
2026-06-23T13:23:54.729952,615793,37
2026-06-23T13:23:54.730024,615793,42
2026-06-23T13:23:54.739763,615794,37
2026-06-23T13:23:54.739867,615795,37
2026-06-23T13:23:54.739943,615796,37
2026-06-23T13:23:54.740018,615797,37
2026-06-23T13:23:54.740091,615798,37
2026-06-23T13:23:54.740166,615799,38
2026-06-23T13:23:54.740238,615800,38
2026-06-23T13:23:54.740310,615801,38
2026-06-23T13:23:54.740382,615802,38
2026-06-23T13:23:54.740454,615803,37
2026-06-23T13:23:54.740526,615804,37
2026-06-23T13:23:54.750210,615805,37
2026-06-23T13:23:54.750314,615806,37
2026-06-23T13:23:54.750406,615807,37
2026-06-23T13:23:54.750507,615808,37
2026-06-23T13:23:54.750622,615809,37
2026-06-23T13:23:54.750701,615810,37
2026-06-23T13:23:54.750775,615811,37
2026-06-23T13:23:54.750847,615812,37
2026-06-23T13:23:54.750926,615813,37
2026-06-23T13:23:54.751004,615814,36
2026-06-23T13:23:54.751076,615814,37
2026-06-23T13:23:54.760632,615815,36
2026-06-23T13:23:54.760719,615816,36
2026-06-23T13:23:54.760795,615817,36
2026-06-23T13:23:54.760870,615818,37
2026-06-23T13:23:54.760943,615819,36
2026-06-23T13:23:54.761016,615820,36
2026-06-23T13:23:54.761088,615821,36
2026-06-23T13:23:54.761160,615822,37
2026-06-23T13:23:54.761233,615823,36
2026-06-23T13:23:54.761305,615824,37
2026-06-23T13:23:54.761379,615825,37
2026-06-23T13:23:54.771163,615826,37
2026-06-23T13:23:54.771272,615827,37
2026-06-23T13:23:54.771348,615828,37
2026-06-23T13:23:54.771422,615829,37
2026-06-23T13:23:54.771495,615830,37
2026-06-23T13:23:54.771567,615831,37
2026-06-23T13:23:54.771641,615832,37
2026-06-23T13:23:54.771713,615833,37
2026-06-23T13:23:54.771785,615834,36
2026-06-23T13:23:54.771859,615835,36
2026-06-23T13:23:54.771930,615836,36
2026-06-23T13:23:54.781507,615836,36
2026-06-23T13:23:54.781598,615837,36
2026-06-23T13:23:54.781673,615838,36
2026-06-23T13:23:54.781746,615839,36
2026-06-23T13:23:54.781818,615840,36
2026-06-23T13:23:54.781890,615841,37
2026-06-23T13:23:54.781962,615842,36
2026-06-23T13:23:54.782035,615843,36
2026-06-23T13:23:54.782106,615844,35
2026-06-23T13:23:54.782177,615845,35
2026-06-23T13:23:54.782249,615846,35
2026-06-23T13:23:54.791992,615847,36
2026-06-23T13:23:54.792091,615848,36
2026-06-23T13:23:54.792168,615849,37
2026-06-23T13:23:54.792241,615850,36
2026-06-23T13:23:54.792315,615851,37
2026-06-23T13:23:54.792388,615852,37
2026-06-23T13:23:54.792461,615853,38
2026-06-23T13:23:54.792533,615854,38
2026-06-23T13:23:54.792605,615855,39
2026-06-23T13:23:54.792677,615856,40
2026-06-23T13:23:54.792749,615857,41
2026-06-23T13:23:54.802486,615857,41
2026-06-23T13:23:54.802598,615858,42
2026-06-23T13:23:54.802706,615859,42
2026-06-23T13:23:54.802787,615860,43
2026-06-23T13:23:54.802861,615861,44
2026-06-23T13:23:54.802934,615862,43
2026-06-23T13:23:54.803009,615863,43
2026-06-23T13:23:54.803083,615864,43
2026-06-23T13:23:54.803154,615865,43
2026-06-23T13:23:54.803226,615866,43
2026-06-23T13:23:54.803297,615867,42
2026-06-23T13:23:54.812803,615868,43
2026-06-23T13:23:54.812888,615869,43
2026-06-23T13:23:54.812962,615870,42
2026-06-23T13:23:54.813035,615871,42
2026-06-23T13:23:54.813109,615872,42
2026-06-23T13:23:54.813181,615873,41
2026-06-23T13:23:54.813254,615874,41
2026-06-23T13:23:54.813326,615875,41
2026-06-23T13:23:54.813399,615876,42
2026-06-23T13:23:54.813471,615877,43
2026-06-23T13:23:54.823272,615878,43
2026-06-23T13:23:54.823377,615878,43
2026-06-23T13:23:54.823451,615879,45
2026-06-23T13:23:54.823523,615880,45
2026-06-23T13:23:54.823596,615881,45
2026-06-23T13:23:54.823667,615882,45
2026-06-23T13:23:54.823740,615883,45
2026-06-23T13:23:54.823811,615884,44
2026-06-23T13:23:54.823882,615885,44
2026-06-23T13:23:54.823953,615886,44
2026-06-23T13:23:54.824024,615887,45
2026-06-23T13:23:54.833733,615888,46
2026-06-23T13:23:54.833859,615889,48
2026-06-23T13:23:54.833935,615890,49
2026-06-23T13:23:54.834043,615891,50
2026-06-23T13:23:54.834132,615892,50
2026-06-23T13:23:54.834209,615893,50
2026-06-23T13:23:54.834283,615894,51
2026-06-23T13:23:54.834356,615895,51
2026-06-23T13:23:54.834429,615896,53
2026-06-23T13:23:54.834502,615897,52
2026-06-23T13:23:54.834574,615898,53
2026-06-23T13:23:54.844122,615899,52
2026-06-23T13:23:54.844205,615900,52
2026-06-23T13:23:54.844293,615900,53
2026-06-23T13:23:54.844368,615901,54
2026-06-23T13:23:54.844441,615902,55
2026-06-23T13:23:54.844514,615903,55
2026-06-23T13:23:54.844586,615904,56
2026-06-23T13:23:54.844662,615905,56
2026-06-23T13:23:54.844739,615906,56
2026-06-23T13:23:54.844810,615907,56
2026-06-23T13:23:54.844882,615908,56
2026-06-23T13:23:54.854615,615909,57
2026-06-23T13:23:54.854722,615910,57
2026-06-23T13:23:54.854797,615911,57
2026-06-23T13:23:54.854871,615912,57
2026-06-23T13:23:54.854944,615913,56
2026-06-23T13:23:54.855016,615914,56
2026-06-23T13:23:54.855088,615915,55
2026-06-23T13:23:54.855161,615916,55
2026-06-23T13:23:54.855232,615917,55
2026-06-23T13:23:54.855304,615918,55
2026-06-23T13:23:54.855375,615919,55
2026-06-23T13:23:54.865049,615920,54
2026-06-23T13:23:54.865147,615921,54
2026-06-23T13:23:54.865223,615921,54
2026-06-23T13:23:54.865297,615922,54
2026-06-23T13:23:54.865369,615923,54
2026-06-23T13:23:54.865442,615924,55
2026-06-23T13:23:54.865515,615925,56
2026-06-23T13:23:54.865590,615926,56
2026-06-23T13:23:54.865662,615927,56
2026-06-23T13:23:54.865734,615928,57
2026-06-23T13:23:54.865805,615929,59
2026-06-23T13:23:54.875483,615930,60
2026-06-23T13:23:54.875617,615931,60
2026-06-23T13:23:54.875717,615932,59
2026-06-23T13:23:54.875792,615933,60
2026-06-23T13:23:54.875866,615934,60
2026-06-23T13:23:54.875940,615935,59
2026-06-23T13:23:54.876012,615936,59
2026-06-23T13:23:54.876084,615937,61
2026-06-23T13:23:54.876170,615938,65
2026-06-23T13:23:54.876242,615939,68
2026-06-23T13:23:54.876313,615940,70
2026-06-23T13:23:54.885941,615941,69
2026-06-23T13:23:54.886057,615942,69
2026-06-23T13:23:54.886148,615942,67
2026-06-23T13:23:54.886223,615943,68
2026-06-23T13:23:54.886296,615944,67
2026-06-23T13:23:54.886368,615945,70
2026-06-23T13:23:54.886443,615946,74
2026-06-23T13:23:54.886514,615947,78
2026-06-23T13:23:54.886587,615948,82
2026-06-23T13:23:54.886658,615949,84
2026-06-23T13:23:54.886732,615950,84
2026-06-23T13:23:54.896345,615951,84
2026-06-23T13:23:54.896427,615952,84
2026-06-23T13:23:54.896501,615953,83
2026-06-23T13:23:54.896575,615954,83
2026-06-23T13:23:54.896648,615955,84
2026-06-23T13:23:54.896720,615956,84
2026-06-23T13:23:54.896791,615957,84
2026-06-23T13:23:54.896863,615958,82
2026-06-23T13:23:54.896934,615959,83
2026-06-23T13:23:54.897005,615960,85
2026-06-23T13:23:54.897087,615961,86
2026-06-23T13:23:54.906819,615962,85
2026-06-23T13:23:54.906926,615963,85
2026-06-23T13:23:54.907004,615964,84
2026-06-23T13:23:54.907080,615964,84
2026-06-23T13:23:54.907153,615965,85
2026-06-23T13:23:54.907227,615966,87
2026-06-23T13:23:54.907300,615967,89
2026-06-23T13:23:54.907372,615968,89
2026-06-23T13:23:54.907445,615969,88
2026-06-23T13:23:54.907516,615970,87
2026-06-23T13:23:54.907589,615971,86
2026-06-23T13:23:54.917295,615972,87
2026-06-23T13:23:54.917400,615973,90
2026-06-23T13:23:54.917510,615974,91
2026-06-23T13:23:54.917595,615975,92
2026-06-23T13:23:54.917669,615976,91
2026-06-23T13:23:54.917741,615977,91
2026-06-23T13:23:54.917814,615978,91
2026-06-23T13:23:54.917887,615979,90
2026-06-23T13:23:54.917958,615980,89
2026-06-23T13:23:54.918030,615981,89
2026-06-23T13:23:54.918102,615982,88
2026-06-23T13:23:54.927666,615983,88
2026-06-23T13:23:54.927757,615984,89
2026-06-23T13:23:54.927833,615985,91
2026-06-23T13:23:54.927913,615985,93
2026-06-23T13:23:54.927995,615986,93
2026-06-23T13:23:54.928070,615987,93
2026-06-23T13:23:54.928143,615988,91
2026-06-23T13:23:54.928215,615989,90
2026-06-23T13:23:54.928288,615990,91
2026-06-23T13:23:54.928359,615991,92
2026-06-23T13:23:54.938089,615992,94
2026-06-23T13:23:54.938185,615993,95
2026-06-23T13:23:54.938248,615994,97
2026-06-23T13:23:54.938309,615995,99
2026-06-23T13:23:54.938369,615996,98
2026-06-23T13:23:54.938433,615997,101
2026-06-23T13:23:54.938497,615998,104
2026-06-23T13:23:54.938561,615999,103
2026-06-23T13:23:54.938624,616000,103
2026-06-23T13:23:54.938687,616001,102
2026-06-23T13:23:54.938750,616002,102
2026-06-23T13:23:54.948609,616003,104
2026-06-23T13:23:54.948708,616004,105
2026-06-23T13:23:54.948787,616005,104
2026-06-23T13:23:54.948867,616006,107
2026-06-23T13:23:54.948935,616007,111
2026-06-23T13:23:54.948998,616008,113
2026-06-23T13:23:54.949062,616009,116
2026-06-23T13:23:54.949125,616010,119
2026-06-23T13:23:54.949191,616012,120
2026-06-23T13:23:54.949254,616013,119
2026-06-23T13:23:54.958965,616014,119
2026-06-23T13:23:54.959070,616015,117
2026-06-23T13:23:54.959152,616016,118
2026-06-23T13:23:54.959236,616017,121
2026-06-23T13:23:54.959317,616018,123
2026-06-23T13:23:54.959396,616019,125
2026-06-23T13:23:54.959483,616020,126
2026-06-23T13:23:54.959561,616021,126
2026-06-23T13:23:54.959644,616022,125
2026-06-23T13:23:54.959722,616023,122
2026-06-23T13:23:54.969451,616024,123
2026-06-23T13:23:54.969549,616025,123
2026-06-23T13:23:54.969639,616026,121
2026-06-23T13:23:54.969706,616027,120
2026-06-23T13:23:54.969771,616028,120
2026-06-23T13:23:54.969835,616029,119
2026-06-23T13:23:54.969898,616030,117
2026-06-23T13:23:54.969980,616031,116
2026-06-23T13:23:54.970044,616032,116
2026-06-23T13:23:54.970108,616033,115
2026-06-23T13:23:54.979870,616034,113
2026-06-23T13:23:54.979958,616036,114
2026-06-23T13:23:54.980035,616037,118
2026-06-23T13:23:54.980112,616038,120
2026-06-23T13:23:54.980189,616039,123
2026-06-23T13:23:54.980265,616040,125
2026-06-23T13:23:54.980341,616041,123
2026-06-23T13:23:54.980417,616042,122
2026-06-23T13:23:54.980493,616043,120
2026-06-23T13:23:54.980570,616044,122
2026-06-23T13:23:54.990337,616045,128
2026-06-23T13:23:54.990445,616046,133
2026-06-23T13:23:54.990524,616047,134
2026-06-23T13:23:54.990601,616048,132
2026-06-23T13:23:54.990678,616049,130
2026-06-23T13:23:54.990755,616050,130
2026-06-23T13:23:54.990832,616051,138
2026-06-23T13:23:54.990908,616052,137
2026-06-23T13:23:54.990990,616053,138
2026-06-23T13:23:54.991070,616054,140
2026-06-23T13:23:55.000825,616055,146
2026-06-23T13:23:55.000952,616056,151
2026-06-23T13:23:55.001090,616057,154
2026-06-23T13:23:55.001159,616058,154
2026-06-23T13:23:55.001224,616059,153
2026-06-23T13:23:55.001288,616061,150
2026-06-23T13:23:55.001351,616062,151
2026-06-23T13:23:55.001415,616063,153
2026-06-23T13:23:55.001478,616064,153
2026-06-23T13:23:55.001554,616065,151
2026-06-23T13:23:55.011181,616066,149
2026-06-23T13:23:55.011269,616067,153
2026-06-23T13:23:55.011393,616068,157
2026-06-23T13:23:55.011494,616069,159
2026-06-23T13:23:55.011576,616070,162
2026-06-23T13:23:55.011658,616071,161
2026-06-23T13:23:55.011736,616072,164
2026-06-23T13:23:55.011814,616073,171
2026-06-23T13:23:55.011891,616074,180
2026-06-23T13:23:55.011969,616075,187
2026-06-23T13:23:55.021617,616076,195
2026-06-23T13:23:55.021714,616077,200
2026-06-23T13:23:55.021780,616078,204
2026-06-23T13:23:55.021845,616079,207
2026-06-23T13:23:55.021909,616080,203
2026-06-23T13:23:55.021974,616081,203
2026-06-23T13:23:55.022038,616082,206
2026-06-23T13:23:55.022101,616083,213
2026-06-23T13:23:55.022164,616084,218
2026-06-23T13:23:55.022229,616086,219
2026-06-23T13:23:55.032142,616087,220
2026-06-23T13:23:55.032240,616088,219
2026-06-23T13:23:55.032320,616089,215
2026-06-23T13:23:55.032401,616090,212
2026-06-23T13:23:55.032480,616091,209
2026-06-23T13:23:55.032558,616092,209
2026-06-23T13:23:55.032634,616093,207
2026-06-23T13:23:55.032711,616094,208
2026-06-23T13:23:55.032791,616095,214
2026-06-23T13:23:55.032868,616096,214
2026-06-23T13:23:55.042576,616097,210
2026-06-23T13:23:55.042686,616098,211
2026-06-23T13:23:55.042769,616099,210
2026-06-23T13:23:55.042850,616100,212
2026-06-23T13:23:55.042928,616101,216
2026-06-23T13:23:55.043006,616102,216
2026-06-23T13:23:55.043100,616103,213
2026-06-23T13:23:55.043178,616104,210
2026-06-23T13:23:55.043254,616105,208
2026-06-23T13:23:55.043331,616106,210
2026-06-23T13:23:55.052994,616107,215
2026-06-23T13:23:55.053089,616108,223
2026-06-23T13:23:55.053169,616109,231
2026-06-23T13:23:55.053240,616111,237
2026-06-23T13:23:55.053323,616112,237
2026-06-23T13:23:55.053388,616113,232
2026-06-23T13:23:55.053452,616114,229
2026-06-23T13:23:55.053515,616115,226
2026-06-23T13:23:55.053586,616116,226
2026-06-23T13:23:55.053649,616117,228
2026-06-23T13:23:55.063426,616118,232
2026-06-23T13:23:55.063513,616119,234
2026-06-23T13:23:55.063593,616120,235
2026-06-23T13:23:55.063673,616121,233
2026-06-23T13:23:55.063753,616122,236
2026-06-23T13:23:55.063830,616123,241
2026-06-23T13:23:55.063906,616124,242
2026-06-23T13:23:55.063983,616125,240
2026-06-23T13:23:55.064060,616126,241
2026-06-23T13:23:55.064137,616127,234
2026-06-23T13:23:55.073868,616128,233
2026-06-23T13:23:55.073969,616129,231
2026-06-23T13:23:55.074047,616130,227
2026-06-23T13:23:55.074125,616131,225
2026-06-23T13:23:55.074203,616132,224
2026-06-23T13:23:55.074281,616133,222
2026-06-23T13:23:55.074361,616135,218
2026-06-23T13:23:55.074440,616136,218
2026-06-23T13:23:55.074522,616137,221
2026-06-23T13:23:55.074602,616138,224
2026-06-23T13:23:55.084329,616139,231
2026-06-23T13:23:55.084435,616140,234
2026-06-23T13:23:55.084514,616141,234
2026-06-23T13:23:55.084581,616142,237
2026-06-23T13:23:55.084659,616143,240
2026-06-23T13:23:55.084725,616144,241
2026-06-23T13:23:55.084788,616145,240
2026-06-23T13:23:55.084852,616146,237
2026-06-23T13:23:55.084914,616147,235
2026-06-23T13:23:55.084978,616148,240
2026-06-23T13:23:55.094675,616149,254
2026-06-23T13:23:55.094765,616150,271
2026-06-23T13:23:55.094903,616151,276
2026-06-23T13:23:55.095000,616152,277
2026-06-23T13:23:55.095081,616153,274
2026-06-23T13:23:55.095160,616154,271
2026-06-23T13:23:55.095238,616155,268
2026-06-23T13:23:55.095316,616156,263
2026-06-23T13:23:55.095394,616157,262
2026-06-23T13:23:55.095472,616158,260
2026-06-23T13:23:55.105201,616160,264
2026-06-23T13:23:55.105299,616161,284
2026-06-23T13:23:55.105367,616162,303
2026-06-23T13:23:55.105432,616163,315
2026-06-23T13:23:55.105496,616164,326
2026-06-23T13:23:55.105559,616165,325
2026-06-23T13:23:55.105623,616166,344
2026-06-23T13:23:55.105687,616167,388
2026-06-23T13:23:55.105749,616168,421
2026-06-23T13:23:55.105812,616169,431
2026-06-23T13:23:55.115630,616170,428
2026-06-23T13:23:55.115719,616171,438
2026-06-23T13:23:55.115784,616172,461
2026-06-23T13:23:55.115854,616173,475
2026-06-23T13:23:55.115918,616174,482
2026-06-23T13:23:55.115981,616175,482
2026-06-23T13:23:55.116044,616176,473
2026-06-23T13:23:55.116108,616177,473
2026-06-23T13:23:55.116171,616178,488
2026-06-23T13:23:55.116235,616179,503
2026-06-23T13:23:55.125993,616180,505
2026-06-23T13:23:55.126093,616181,499
2026-06-23T13:23:55.126160,616182,509
2026-06-23T13:23:55.126225,616183,529
2026-06-23T13:23:55.126289,616185,543
2026-06-23T13:23:55.126353,616186,545
2026-06-23T13:23:55.126424,616187,550
2026-06-23T13:23:55.126502,616188,556
2026-06-23T13:23:55.126579,616189,557
2026-06-23T13:23:55.126657,616190,554
2026-06-23T13:23:55.136505,616191,571
2026-06-23T13:23:55.136634,616192,586
2026-06-23T13:23:55.136719,616193,592
2026-06-23T13:23:55.136787,616194,595
2026-06-23T13:23:55.136851,616195,592
2026-06-23T13:23:55.136922,616196,580
2026-06-23T13:23:55.136987,616197,568
2026-06-23T13:23:55.137051,616198,561
2026-06-23T13:23:55.137114,616199,567
2026-06-23T13:23:55.137176,616200,569
2026-06-23T13:23:55.146945,616201,562
2026-06-23T13:23:55.147042,616202,551
2026-06-23T13:23:55.147121,616203,548
2026-06-23T13:23:55.147208,616204,546
2026-06-23T13:23:55.147286,616205,542
2026-06-23T13:23:55.147364,616206,544
2026-06-23T13:23:55.147442,616207,556
2026-06-23T13:23:55.147522,616208,568
2026-06-23T13:23:55.147598,616210,591
2026-06-23T13:23:55.147676,616211,587
2026-06-23T13:23:55.157380,616212,585
2026-06-23T13:23:55.157464,616213,595
2026-06-23T13:23:55.157529,616214,608
2026-06-23T13:23:55.157593,616215,603
2026-06-23T13:23:55.157657,616216,613
2026-06-23T13:23:55.157721,616217,639
2026-06-23T13:23:55.157783,616218,655
2026-06-23T13:23:55.157847,616219,662
2026-06-23T13:23:55.157910,616220,664
2026-06-23T13:23:55.157974,616221,665
2026-06-23T13:23:55.167864,616222,661
2026-06-23T13:23:55.167974,616223,649
2026-06-23T13:23:55.168064,616224,639
2026-06-23T13:23:55.168136,616225,635
2026-06-23T13:23:55.168204,616226,628
2026-06-23T13:23:55.168271,616227,623
2026-06-23T13:23:55.168334,616228,621
2026-06-23T13:23:55.168397,616229,623
2026-06-23T13:23:55.168462,616230,630
2026-06-23T13:23:55.168525,616231,641
2026-06-23T13:23:55.178263,616232,644
2026-06-23T13:23:55.178351,616234,639
2026-06-23T13:23:55.178457,616235,627
2026-06-23T13:23:55.178542,616236,622
2026-06-23T13:23:55.178620,616237,635
2026-06-23T13:23:55.178698,616238,647
2026-06-23T13:23:55.178775,616239,633
2026-06-23T13:23:55.178853,616240,632
2026-06-23T13:23:55.178930,616241,621
2026-06-23T13:23:55.179008,616242,616
2026-06-23T13:23:55.188722,616243,618
2026-06-23T13:23:55.188829,616244,614
2026-06-23T13:23:55.188907,616245,606
2026-06-23T13:23:55.188987,616246,605
2026-06-23T13:23:55.189065,616247,619
2026-06-23T13:23:55.189141,616248,641
2026-06-23T13:23:55.189217,616249,661
2026-06-23T13:23:55.189296,616250,684
2026-06-23T13:23:55.189372,616251,688
2026-06-23T13:23:55.189448,616252,683
2026-06-23T13:23:55.199141,616253,698
2026-06-23T13:23:55.199236,616254,707
2026-06-23T13:23:55.199314,616255,699
2026-06-23T13:23:55.199391,616256,688
2026-06-23T13:23:55.199468,616257,686
2026-06-23T13:23:55.199545,616259,672
2026-06-23T13:23:55.199621,616260,662
2026-06-23T13:23:55.199694,616261,651
2026-06-23T13:23:55.199757,616262,638
2026-06-23T13:23:55.199821,616263,626
2026-06-23T13:23:55.209502,616264,619
2026-06-23T13:23:55.209597,616265,606
2026-06-23T13:23:55.209676,616266,599
2026-06-23T13:23:55.209754,616267,590
2026-06-23T13:23:55.209831,616268,591
2026-06-23T13:23:55.209909,616269,599
2026-06-23T13:23:55.209987,616270,604
2026-06-23T13:23:55.210067,616271,595
2026-06-23T13:23:55.210144,616272,597
2026-06-23T13:23:55.210221,616273,604
2026-06-23T13:23:55.219966,616274,603
2026-06-23T13:23:55.220057,616275,593
2026-06-23T13:23:55.220168,616276,588
2026-06-23T13:23:55.220236,616277,584
2026-06-23T13:23:55.220302,616278,577
2026-06-23T13:23:55.220367,616279,589
2026-06-23T13:23:55.220430,616280,605
2026-06-23T13:23:55.220494,616281,624
2026-06-23T13:23:55.220557,616282,639
2026-06-23T13:23:55.220620,616284,638
2026-06-23T13:23:55.230463,616285,628
2026-06-23T13:23:55.230572,616286,631
2026-06-23T13:23:55.230655,616287,651
2026-06-23T13:23:55.230735,616288,647
2026-06-23T13:23:55.230813,616289,635
2026-06-23T13:23:55.230891,616290,628
2026-06-23T13:23:55.230968,616291,623
2026-06-23T13:23:55.231045,616292,633
2026-06-23T13:23:55.231122,616293,622
2026-06-23T13:23:55.231199,616294,618
2026-06-23T13:23:55.240920,616295,628
2026-06-23T13:23:55.241024,616296,629
2026-06-23T13:23:55.241103,616297,620
2026-06-23T13:23:55.241181,616298,625
2026-06-23T13:23:55.241258,616299,640
2026-06-23T13:23:55.241335,616300,641
2026-06-23T13:23:55.241411,616301,631
2026-06-23T13:23:55.241487,616302,635
2026-06-23T13:23:55.241563,616303,649
2026-06-23T13:23:55.241641,616304,657
2026-06-23T13:23:55.251360,616305,653
2026-06-23T13:23:55.251455,616306,653
2026-06-23T13:23:55.251562,616308,659
2026-06-23T13:23:55.251634,616309,661
2026-06-23T13:23:55.251699,616310,655
2026-06-23T13:23:55.251764,616311,641
2026-06-23T13:23:55.251830,616312,636
2026-06-23T13:23:55.251897,616313,641
2026-06-23T13:23:55.251960,616314,645
2026-06-23T13:23:55.252024,616315,644
2026-06-23T13:23:55.261782,616316,634
2026-06-23T13:23:55.261871,616317,632
2026-06-23T13:23:55.261976,616318,633
2026-06-23T13:23:55.262060,616319,633
2026-06-23T13:23:55.262138,616320,623
2026-06-23T13:23:55.262216,616321,613
2026-06-23T13:23:55.262301,616322,605
2026-06-23T13:23:55.262379,616323,602
2026-06-23T13:23:55.262456,616324,598
2026-06-23T13:23:55.262534,616325,589
2026-06-23T13:23:55.272232,616326,586
2026-06-23T13:23:55.272325,616327,587
2026-06-23T13:23:55.272390,616328,577
2026-06-23T13:23:55.272455,616329,571
2026-06-23T13:23:55.272520,616330,564
2026-06-23T13:23:55.272585,616331,554
2026-06-23T13:23:55.272649,616333,549
2026-06-23T13:23:55.272712,616334,541
2026-06-23T13:23:55.272775,616335,535
2026-06-23T13:23:55.272839,616336,528
2026-06-23T13:23:55.282679,616337,522
2026-06-23T13:23:55.282774,616338,531
2026-06-23T13:23:55.282852,616339,524
2026-06-23T13:23:55.282930,616340,531
2026-06-23T13:23:55.283008,616341,549
2026-06-23T13:23:55.283086,616342,547
2026-06-23T13:23:55.283164,616343,565
2026-06-23T13:23:55.283240,616344,597
2026-06-23T13:23:55.283317,616345,613
2026-06-23T13:23:55.283393,616346,610
2026-06-23T13:23:55.293150,616347,600
2026-06-23T13:23:55.293263,616348,598
2026-06-23T13:23:55.293342,616349,602
2026-06-23T13:23:55.293420,616350,598
2026-06-23T13:23:55.293497,616351,613
2026-06-23T13:23:55.293573,616352,620
2026-06-23T13:23:55.293650,616353,611
2026-06-23T13:23:55.293727,616354,612
2026-06-23T13:23:55.293804,616355,623
2026-06-23T13:23:55.293883,616356,635
2026-06-23T13:23:55.303566,616358,628
2026-06-23T13:23:55.303684,616359,618
2026-06-23T13:23:55.303790,616360,600
2026-06-23T13:23:55.303879,616361,604
2026-06-23T13:23:55.303959,616362,596
2026-06-23T13:23:55.304037,616363,597
2026-06-23T13:23:55.304115,616364,596
2026-06-23T13:23:55.304192,616365,588
2026-06-23T13:23:55.304268,616366,592
2026-06-23T13:23:55.304345,616367,596
2026-06-23T13:23:55.313998,616368,587
2026-06-23T13:23:55.314089,616369,577
2026-06-23T13:23:55.314169,616370,576
2026-06-23T13:23:55.314246,616371,579
2026-06-23T13:23:55.314324,616372,570
2026-06-23T13:23:55.314405,616373,565
2026-06-23T13:23:55.314483,616374,560
2026-06-23T13:23:55.314569,616375,556
2026-06-23T13:23:55.314646,616376,562
2026-06-23T13:23:55.314723,616377,573
2026-06-23T13:23:55.324443,616378,583
2026-06-23T13:23:55.324592,616379,584
2026-06-23T13:23:55.324672,616380,579
2026-06-23T13:23:55.324750,616381,583
2026-06-23T13:23:55.324826,616383,608
2026-06-23T13:23:55.324902,616384,626
2026-06-23T13:23:55.324979,616385,628
2026-06-23T13:23:55.325055,616386,622
2026-06-23T13:23:55.325131,616387,611
2026-06-23T13:23:55.325208,616388,612
2026-06-23T13:23:55.334856,616389,623
2026-06-23T13:23:55.334938,616390,625
2026-06-23T13:23:55.335031,616391,615
2026-06-23T13:23:55.335098,616392,604
2026-06-23T13:23:55.335161,616393,607
2026-06-23T13:23:55.335224,616394,623
2026-06-23T13:23:55.335286,616395,633
2026-06-23T13:23:55.335349,616396,634
2026-06-23T13:23:55.335411,616397,624
2026-06-23T13:23:55.335473,616398,610
2026-06-23T13:23:55.345304,616399,598
2026-06-23T13:23:55.345388,616400,592
2026-06-23T13:23:55.345494,616401,582
2026-06-23T13:23:55.345581,616402,575
2026-06-23T13:23:55.345660,616403,571
2026-06-23T13:23:55.345739,616404,564
2026-06-23T13:23:55.345817,616405,559
2026-06-23T13:23:55.345895,616407,548
2026-06-23T13:23:55.345972,616408,542
2026-06-23T13:23:55.346050,616409,533
2026-06-23T13:23:55.355818,616410,528
2026-06-23T13:23:55.355922,616411,527
2026-06-23T13:23:55.355993,616412,518
2026-06-23T13:23:55.356074,616413,518
2026-06-23T13:23:55.356153,616414,521
2026-06-23T13:23:55.356233,616415,525
2026-06-23T13:23:55.356312,616416,519
2026-06-23T13:23:55.356390,616417,518
2026-06-23T13:23:55.356470,616418,542
2026-06-23T13:23:55.356549,616419,560
2026-06-23T13:23:55.366229,616420,562
2026-06-23T13:23:55.366329,616421,557
2026-06-23T13:23:55.366407,616422,567
2026-06-23T13:23:55.366484,616423,575
2026-06-23T13:23:55.366562,616424,576
2026-06-23T13:23:55.366641,616425,565
2026-06-23T13:23:55.366718,616426,555
2026-06-23T13:23:55.366794,616427,561
2026-06-23T13:23:55.366870,616428,572
2026-06-23T13:23:55.366959,616429,568
2026-06-23T13:23:55.376639,616430,581
2026-06-23T13:23:55.376730,616432,601
2026-06-23T13:23:55.376808,616433,602
2026-06-23T13:23:55.376886,616434,593
2026-06-23T13:23:55.376964,616435,584
2026-06-23T13:23:55.377041,616436,577
2026-06-23T13:23:55.377118,616437,573
2026-06-23T13:23:55.377194,616438,583
2026-06-23T13:23:55.377271,616439,582
2026-06-23T13:23:55.377349,616440,571
2026-06-23T13:23:55.387156,616441,559
2026-06-23T13:23:55.387268,616442,555
2026-06-23T13:23:55.387377,616443,562
2026-06-23T13:23:55.387464,616444,564
2026-06-23T13:23:55.387541,616445,554
2026-06-23T13:23:55.387623,616446,552
2026-06-23T13:23:55.387700,616447,545
2026-06-23T13:23:55.387776,616448,543
2026-06-23T13:23:55.387853,616449,535
2026-06-23T13:23:55.387928,616450,524
2026-06-23T13:23:55.397510,616451,517
2026-06-23T13:23:55.397601,616452,508
2026-06-23T13:23:55.397679,616453,505
2026-06-23T13:23:55.397762,616454,506
2026-06-23T13:23:55.397840,616455,499
2026-06-23T13:23:55.397917,616457,497
2026-06-23T13:23:55.397994,616458,490
2026-06-23T13:23:55.398071,616459,491
2026-06-23T13:23:55.398151,616460,496
2026-06-23T13:23:55.398228,616461,492
2026-06-23T13:23:55.407905,616462,486
2026-06-23T13:23:55.408004,616463,486
2026-06-23T13:23:55.408082,616464,479
2026-06-23T13:23:55.408160,616465,474
2026-06-23T13:23:55.408238,616466,470
2026-06-23T13:23:55.408316,616467,467
2026-06-23T13:23:55.408393,616468,467
2026-06-23T13:23:55.408471,616469,459
2026-06-23T13:23:55.408547,616470,459
2026-06-23T13:23:55.408624,616471,459
2026-06-23T13:23:55.418406,616472,457
2026-06-23T13:23:55.418511,616473,456
2026-06-23T13:23:55.418609,616474,451
2026-06-23T13:23:55.418689,616475,443
2026-06-23T13:23:55.418765,616476,440
2026-06-23T13:23:55.418842,616477,435
2026-06-23T13:23:55.418918,616478,428
2026-06-23T13:23:55.418994,616479,419
2026-06-23T13:23:55.419070,616480,418
2026-06-23T13:23:55.419146,616482,417
2026-06-23T13:23:55.428862,616483,412
2026-06-23T13:23:55.428952,616484,408
2026-06-23T13:23:55.429059,616485,403
2026-06-23T13:23:55.429147,616486,405
2026-06-23T13:23:55.429226,616487,414
2026-06-23T13:23:55.429305,616488,427
2026-06-23T13:23:55.429381,616489,438
2026-06-23T13:23:55.429459,616490,433
2026-06-23T13:23:55.429536,616491,440
2026-06-23T13:23:55.429613,616492,451
2026-06-23T13:23:55.439320,616493,459
2026-06-23T13:23:55.439421,616494,460
2026-06-23T13:23:55.439499,616495,459
2026-06-23T13:23:55.439577,616496,473
2026-06-23T13:23:55.439655,616497,473
2026-06-23T13:23:55.439732,616498,464
2026-06-23T13:23:55.439810,616499,458
2026-06-23T13:23:55.439888,616500,451
2026-06-23T13:23:55.439965,616501,448
2026-06-23T13:23:55.440042,616502,447
2026-06-23T13:23:55.449744,616503,440
2026-06-23T13:23:55.449843,616504,434
2026-06-23T13:23:55.449922,616506,429
2026-06-23T13:23:55.450001,616507,420
2026-06-23T13:23:55.450079,616508,413
2026-06-23T13:23:55.450156,616509,410
2026-06-23T13:23:55.450232,616510,406
2026-06-23T13:23:55.450309,616511,409
2026-06-23T13:23:55.450388,616512,432
2026-06-23T13:23:55.450465,616513,451
2026-06-23T13:23:55.460174,616514,448
2026-06-23T13:23:55.460270,616515,465
2026-06-23T13:23:55.460350,616516,501
2026-06-23T13:23:55.460429,616517,528
2026-06-23T13:23:55.460506,616518,523
2026-06-23T13:23:55.460587,616519,525
2026-06-23T13:23:55.460666,616520,522
2026-06-23T13:23:55.460745,616521,539
2026-06-23T13:23:55.460822,616522,556
2026-06-23T13:23:55.460899,616523,552
2026-06-23T13:23:55.470631,616524,561
2026-06-23T13:23:55.470747,616525,575
2026-06-23T13:23:55.470827,616526,582
2026-06-23T13:23:55.470907,616527,587
2026-06-23T13:23:55.470985,616528,594
2026-06-23T13:23:55.471061,616529,594
2026-06-23T13:23:55.471138,616531,588
2026-06-23T13:23:55.471215,616532,583
2026-06-23T13:23:55.471292,616533,592
2026-06-23T13:23:55.471369,616534,615
2026-06-23T13:23:55.480993,616535,646
2026-06-23T13:23:55.481086,616536,676
2026-06-23T13:23:55.481165,616537,689
2026-06-23T13:23:55.481243,616538,685
2026-06-23T13:23:55.481321,616539,686
2026-06-23T13:23:55.481398,616540,679
2026-06-23T13:23:55.481478,616541,691
2026-06-23T13:23:55.481558,616542,700
2026-06-23T13:23:55.481634,616543,701
2026-06-23T13:23:55.481711,616544,689
2026-06-23T13:23:55.491466,616545,684
2026-06-23T13:23:55.491568,616546,691
2026-06-23T13:23:55.491648,616547,685
2026-06-23T13:23:55.491727,616548,708
2026-06-23T13:23:55.491805,616549,732
2026-06-23T13:23:55.491883,616550,720
2026-06-23T13:23:55.491961,616551,705
2026-06-23T13:23:55.492039,616552,700
2026-06-23T13:23:55.492115,616553,690
2026-06-23T13:23:55.492238,616554,700
2026-06-23T13:23:55.501983,616556,717
2026-06-23T13:23:55.502091,616557,716
2026-06-23T13:23:55.502212,616558,703
2026-06-23T13:23:55.502300,616559,701
2026-06-23T13:23:55.502378,616560,729
2026-06-23T13:23:55.502456,616561,749
2026-06-23T13:23:55.502533,616562,759
2026-06-23T13:23:55.502611,616563,764
2026-06-23T13:23:55.502688,616564,784
2026-06-23T13:23:55.502764,616565,808
2026-06-23T13:23:55.512341,616566,792
2026-06-23T13:23:55.512431,616567,788
2026-06-23T13:23:55.512511,616568,786
2026-06-23T13:23:55.512590,616569,805
2026-06-23T13:23:55.512668,616570,838
2026-06-23T13:23:55.512745,616571,849
2026-06-23T13:23:55.512822,616572,834
2026-06-23T13:23:55.512900,616573,832
2026-06-23T13:23:55.512976,616574,823
2026-06-23T13:23:55.513054,616575,811
2026-06-23T13:23:55.522807,616576,800
2026-06-23T13:23:55.522913,616577,796
2026-06-23T13:23:55.522993,616578,795
2026-06-23T13:23:55.523071,616579,791
2026-06-23T13:23:55.523147,616581,788
2026-06-23T13:23:55.523225,616582,790
2026-06-23T13:23:55.523304,616583,777
2026-06-23T13:23:55.523382,616584,762
2026-06-23T13:23:55.523461,616585,749
2026-06-23T13:23:55.523539,616586,734
2026-06-23T13:23:55.533262,616587,724
2026-06-23T13:23:55.533361,616588,715
2026-06-23T13:23:55.533438,616589,724
2026-06-23T13:23:55.533520,616590,745
2026-06-23T13:23:55.533597,616591,755
2026-06-23T13:23:55.533674,616592,751
2026-06-23T13:23:55.533750,616593,790
2026-06-23T13:23:55.533827,616594,834
2026-06-23T13:23:55.533903,616595,863
2026-06-23T13:23:55.533981,616596,867
2026-06-23T13:23:55.543645,616597,852
2026-06-23T13:23:55.543738,616598,836
2026-06-23T13:23:55.543815,616599,820
2026-06-23T13:23:55.543892,616600,815
2026-06-23T13:23:55.543970,616601,819
2026-06-23T13:23:55.544048,616602,824
2026-06-23T13:23:55.544128,616603,824
2026-06-23T13:23:55.544205,616605,809
2026-06-23T13:23:55.544283,616606,798
2026-06-23T13:23:55.544362,616607,785
2026-06-23T13:23:55.554142,616608,779
2026-06-23T13:23:55.554236,616609,793
2026-06-23T13:23:55.554332,616610,807
2026-06-23T13:23:55.554417,616611,805
2026-06-23T13:23:55.554487,616612,808
2026-06-23T13:23:55.554554,616613,803
2026-06-23T13:23:55.554620,616614,792
2026-06-23T13:23:55.554685,616615,804
2026-06-23T13:23:55.554750,616616,810
2026-06-23T13:23:55.554814,616617,807
2026-06-23T13:23:55.564542,616618,809
2026-06-23T13:23:55.564632,616619,818
2026-06-23T13:23:55.564709,616620,825
2026-06-23T13:23:55.564786,616621,837
2026-06-23T13:23:55.564863,616622,851
2026-06-23T13:23:55.564940,616623,866
2026-06-23T13:23:55.565018,616624,862
2026-06-23T13:23:55.565094,616625,860
2026-06-23T13:23:55.565171,616626,882
2026-06-23T13:23:55.565248,616627,896
2026-06-23T13:23:55.574949,616628,912
2026-06-23T13:23:55.575052,616630,933
2026-06-23T13:23:55.575144,616631,934
2026-06-23T13:23:55.575222,616632,936
2026-06-23T13:23:55.575298,616633,933
2026-06-23T13:23:55.575374,616634,918
2026-06-23T13:23:55.575451,616635,896
2026-06-23T13:23:55.575528,616636,889
2026-06-23T13:23:55.575604,616637,894
2026-06-23T13:23:55.575682,616638,893
2026-06-23T13:23:55.585445,616639,876
2026-06-23T13:23:55.585535,616640,860
2026-06-23T13:23:55.585611,616641,844
2026-06-23T13:23:55.585677,616642,830
2026-06-23T13:23:55.585742,616643,822
2026-06-23T13:23:55.585806,616644,824
2026-06-23T13:23:55.585869,616645,830
2026-06-23T13:23:55.585932,616646,837
2026-06-23T13:23:55.585995,616647,830
2026-06-23T13:23:55.586057,616648,856
2026-06-23T13:23:55.595853,616649,889
2026-06-23T13:23:55.595954,616650,906
2026-06-23T13:23:55.596037,616651,919
2026-06-23T13:23:55.596117,616652,912
2026-06-23T13:23:55.596195,616653,891
2026-06-23T13:23:55.596275,616655,879
2026-06-23T13:23:55.596352,616656,886
2026-06-23T13:23:55.596430,616657,903
2026-06-23T13:23:55.596506,616658,902
2026-06-23T13:23:55.596583,616659,902
2026-06-23T13:23:55.606341,616660,922
2026-06-23T13:23:55.606449,616661,919
2026-06-23T13:23:55.606529,616662,933
2026-06-23T13:23:55.606609,616663,933
2026-06-23T13:23:55.606688,616664,928
2026-06-23T13:23:55.606766,616665,916
2026-06-23T13:23:55.606844,616666,911
2026-06-23T13:23:55.606922,616667,891
2026-06-23T13:23:55.606999,616668,872
2026-06-23T13:23:55.607075,616669,863
2026-06-23T13:23:55.616768,616670,856
2026-06-23T13:23:55.616873,616671,839
2026-06-23T13:23:55.616951,616672,830
2026-06-23T13:23:55.617028,616673,818
2026-06-23T13:23:55.617099,616674,812
2026-06-23T13:23:55.617162,616675,805
2026-06-23T13:23:55.617225,616676,804
2026-06-23T13:23:55.617288,616677,798
2026-06-23T13:23:55.617351,616678,783
2026-06-23T13:23:55.617414,616680,784
2026-06-23T13:23:55.627198,616681,794
2026-06-23T13:23:55.627288,616682,785
2026-06-23T13:23:55.627366,616683,794
2026-06-23T13:23:55.627444,616684,790
2026-06-23T13:23:55.627523,616685,786
2026-06-23T13:23:55.627612,616686,789
2026-06-23T13:23:55.627689,616687,779
2026-06-23T13:23:55.627768,616688,782
2026-06-23T13:23:55.627844,616689,789
2026-06-23T13:23:55.627921,616690,795
2026-06-23T13:23:55.637658,616691,793
2026-06-23T13:23:55.637747,616692,780
2026-06-23T13:23:55.637810,616693,765
2026-06-23T13:23:55.637874,616694,756
2026-06-23T13:23:55.637936,616695,758
2026-06-23T13:23:55.637999,616696,788
2026-06-23T13:23:55.638062,616697,819
2026-06-23T13:23:55.638125,616698,845
2026-06-23T13:23:55.638187,616699,842
2026-06-23T13:23:55.638250,616700,836
2026-06-23T13:23:55.648117,616701,852
2026-06-23T13:23:55.648212,616702,856
2026-06-23T13:23:55.648289,616704,852
2026-06-23T13:23:55.648369,616705,850
2026-06-23T13:23:55.648445,616706,850
2026-06-23T13:23:55.648522,616707,879
2026-06-23T13:23:55.648599,616708,893
2026-06-23T13:23:55.648675,616709,877
2026-06-23T13:23:55.648751,616710,864
2026-06-23T13:23:55.648828,616711,852
2026-06-23T13:23:55.658507,616712,835
2026-06-23T13:23:55.658603,616713,826
2026-06-23T13:23:55.658682,616714,825
2026-06-23T13:23:55.658760,616715,820
2026-06-23T13:23:55.658836,616716,806
2026-06-23T13:23:55.658965,616717,797
2026-06-23T13:23:55.659043,616718,788
2026-06-23T13:23:55.659120,616719,772
2026-06-23T13:23:55.659196,616720,758
2026-06-23T13:23:55.659274,616721,745
2026-06-23T13:23:55.668937,616722,745
2026-06-23T13:23:55.669027,616723,734
2026-06-23T13:23:55.669106,616724,728
2026-06-23T13:23:55.669172,616725,715
2026-06-23T13:23:55.669235,616726,709
2026-06-23T13:23:55.669299,616727,697
2026-06-23T13:23:55.669361,616729,689
2026-06-23T13:23:55.669427,616730,707
2026-06-23T13:23:55.669489,616731,734
2026-06-23T13:23:55.669557,616732,758
2026-06-23T13:23:55.679397,616733,781
2026-06-23T13:23:55.679482,616734,784
2026-06-23T13:23:55.679560,616735,774
2026-06-23T13:23:55.679637,616736,765
2026-06-23T13:23:55.679713,616737,784
2026-06-23T13:23:55.679790,616738,811
2026-06-23T13:23:55.679866,616739,829
2026-06-23T13:23:55.679943,616740,821
2026-06-23T13:23:55.680019,616741,806
2026-06-23T13:23:55.680096,616742,792
2026-06-23T13:23:55.689839,616743,787
2026-06-23T13:23:55.689931,616744,796
2026-06-23T13:23:55.689996,616745,832
2026-06-23T13:23:55.690061,616746,864
2026-06-23T13:23:55.690126,616747,885
2026-06-23T13:23:55.690193,616748,873
2026-06-23T13:23:55.690270,616749,860
2026-06-23T13:23:55.690346,616750,849
2026-06-23T13:23:55.690423,616751,836
2026-06-23T13:23:55.690500,616752,845
2026-06-23T13:23:55.700283,616754,857
2026-06-23T13:23:55.700374,616755,866
2026-06-23T13:23:55.700438,616756,882
2026-06-23T13:23:55.700502,616757,890
2026-06-23T13:23:55.700565,616758,880
2026-06-23T13:23:55.700665,616759,870
2026-06-23T13:23:55.700740,616760,857
2026-06-23T13:23:55.700837,616761,854
2026-06-23T13:23:55.700932,616762,845
2026-06-23T13:23:55.701002,616763,831
2026-06-23T13:23:55.710685,616764,817
2026-06-23T13:23:55.710776,616765,831
2026-06-23T13:23:55.710919,616766,865
2026-06-23T13:23:55.711006,616767,902
2026-06-23T13:23:55.711088,616768,937
2026-06-23T13:23:55.711166,616769,929
2026-06-23T13:23:55.711243,616770,921
2026-06-23T13:23:55.711320,616771,918
2026-06-23T13:23:55.711400,616772,914
2026-06-23T13:23:55.711477,616773,897
2026-06-23T13:23:55.721110,616774,904
2026-06-23T13:23:55.721194,616775,933
2026-06-23T13:23:55.721260,616776,935
2026-06-23T13:23:55.721326,616777,934
2026-06-23T13:23:55.721389,616779,934
2026-06-23T13:23:55.721452,616780,934
2026-06-23T13:23:55.721515,616781,934
2026-06-23T13:23:55.721578,616782,933
2026-06-23T13:23:55.721640,616783,934
2026-06-23T13:23:55.721703,616784,934
2026-06-23T13:23:55.731561,616785,934
2026-06-23T13:23:55.731652,616786,934
2026-06-23T13:23:55.731730,616787,934
2026-06-23T13:23:55.731807,616788,935
2026-06-23T13:23:55.731884,616789,935
2026-06-23T13:23:55.731960,616790,934
2026-06-23T13:23:55.732036,616791,934
2026-06-23T13:23:55.732114,616792,935
2026-06-23T13:23:55.732190,616793,934
2026-06-23T13:23:55.732267,616794,934
2026-06-23T13:23:55.741983,616795,934
2026-06-23T13:23:55.742080,616796,934
2026-06-23T13:23:55.742159,616797,934
2026-06-23T13:23:55.742236,616798,934
2026-06-23T13:23:55.742330,616799,934
2026-06-23T13:23:55.742407,616800,935
2026-06-23T13:23:55.742484,616801,934
2026-06-23T13:23:55.742560,616803,934
2026-06-23T13:23:55.742636,616804,934
2026-06-23T13:23:55.742712,616805,934
2026-06-23T13:23:55.752463,616806,934
2026-06-23T13:23:55.752560,616807,935
2026-06-23T13:23:55.752640,616808,933
2026-06-23T13:23:55.752706,616809,935
2026-06-23T13:23:55.752769,616810,935
2026-06-23T13:23:55.752833,616811,934
2026-06-23T13:23:55.752896,616812,934
2026-06-23T13:23:55.752974,616813,934
2026-06-23T13:23:55.753038,616814,934
2026-06-23T13:23:55.753104,616815,934
2026-06-23T13:23:55.762904,616816,934
2026-06-23T13:23:55.762992,616817,934
2026-06-23T13:23:55.763069,616818,935
2026-06-23T13:23:55.763145,616819,934
2026-06-23T13:23:55.763220,616820,934
2026-06-23T13:23:55.763297,616821,934
2026-06-23T13:23:55.763373,616822,934
2026-06-23T13:23:55.763449,616823,934
2026-06-23T13:23:55.763528,616824,935
2026-06-23T13:23:55.763608,616825,935
2026-06-23T13:23:55.773369,616826,934
2026-06-23T13:23:55.773470,616828,934
2026-06-23T13:23:55.773548,616829,934
2026-06-23T13:23:55.773626,616830,934
2026-06-23T13:23:55.773704,616831,934
2026-06-23T13:23:55.773781,616832,934
2026-06-23T13:23:55.773858,616833,934
2026-06-23T13:23:55.773935,616834,934
2026-06-23T13:23:55.774011,616835,934
2026-06-23T13:23:55.774087,616836,935
2026-06-23T13:23:55.783835,616837,934
2026-06-23T13:23:55.783950,616838,933
2026-06-23T13:23:55.784052,616839,934
2026-06-23T13:23:55.784123,616840,934
2026-06-23T13:23:55.784187,616841,934
2026-06-23T13:23:55.784250,616842,934
2026-06-23T13:23:55.784313,616843,934
2026-06-23T13:23:55.784376,616844,934
2026-06-23T13:23:55.784453,616845,934
2026-06-23T13:23:55.784517,616846,931
2026-06-23T13:23:55.794222,616847,933
2026-06-23T13:23:55.794324,616848,934
2026-06-23T13:23:55.794432,616849,934
2026-06-23T13:23:55.794519,616850,934
2026-06-23T13:23:55.794597,616851,934
2026-06-23T13:23:55.794673,616853,934
2026-06-23T13:23:55.794751,616854,934
2026-06-23T13:23:55.794827,616855,934
2026-06-23T13:23:55.794904,616856,934
2026-06-23T13:23:55.794980,616857,934
2026-06-23T13:23:55.804684,616858,933
2026-06-23T13:23:55.804785,616859,934
2026-06-23T13:23:55.804862,616860,935
2026-06-23T13:23:55.804939,616861,933
2026-06-23T13:23:55.805015,616862,934
2026-06-23T13:23:55.805091,616863,933
2026-06-23T13:23:55.805167,616864,933
2026-06-23T13:23:55.805247,616865,918
2026-06-23T13:23:55.805323,616866,898
2026-06-23T13:23:55.805399,616867,890
2026-06-23T13:23:55.815121,616868,893
2026-06-23T13:23:55.815214,616869,901
2026-06-23T13:23:55.815292,616870,906
2026-06-23T13:23:55.815369,616871,918
2026-06-23T13:23:55.815445,616872,914
2026-06-23T13:23:55.815522,616873,929
2026-06-23T13:23:55.815599,616874,934
2026-06-23T13:23:55.815679,616875,933
2026-06-23T13:23:55.815755,616877,933
2026-06-23T13:23:55.815831,616878,933
2026-06-23T13:23:55.825513,616879,934
2026-06-23T13:23:55.825607,616880,934
2026-06-23T13:23:55.825710,616881,934
2026-06-23T13:23:55.825788,616882,934
2026-06-23T13:23:55.825865,616883,934
2026-06-23T13:23:55.825942,616884,935
2026-06-23T13:23:55.826018,616885,933
2026-06-23T13:23:55.826094,616886,934
2026-06-23T13:23:55.826183,616887,934
2026-06-23T13:23:55.826260,616888,934
2026-06-23T13:23:55.836062,616889,934
2026-06-23T13:23:55.836163,616890,934
2026-06-23T13:23:55.836255,616891,934
2026-06-23T13:23:55.836335,616892,934
2026-06-23T13:23:55.836412,616893,934
2026-06-23T13:23:55.836489,616894,934
2026-06-23T13:23:55.836565,616895,934
2026-06-23T13:23:55.836654,616896,934
2026-06-23T13:23:55.836734,616897,934
2026-06-23T13:23:55.836811,616898,934
2026-06-23T13:23:55.846413,616899,934
2026-06-23T13:23:55.846507,616900,935
2026-06-23T13:23:55.846589,616902,934
2026-06-23T13:23:55.846672,616903,934
2026-06-23T13:23:55.846754,616904,934
2026-06-23T13:23:55.846833,616905,934
2026-06-23T13:23:55.846919,616906,934
2026-06-23T13:23:55.847007,616907,934
2026-06-23T13:23:55.847084,616908,935
2026-06-23T13:23:55.847161,616909,934
2026-06-23T13:23:55.856906,616910,932
2026-06-23T13:23:55.857011,616911,934
2026-06-23T13:23:55.857088,616912,934
2026-06-23T13:23:55.857166,616913,934
2026-06-23T13:23:55.857244,616914,934
2026-06-23T13:23:55.857321,616915,934
2026-06-23T13:23:55.857397,616916,934
2026-06-23T13:23:55.857476,616917,922
2026-06-23T13:23:55.857553,616918,934
2026-06-23T13:23:55.857629,616919,934
2026-06-23T13:23:55.867325,616920,934
2026-06-23T13:23:55.867433,616921,934
2026-06-23T13:23:55.867553,616922,934
2026-06-23T13:23:55.867638,616923,934
2026-06-23T13:23:55.867715,616924,934
2026-06-23T13:23:55.867792,616925,934
2026-06-23T13:23:55.867880,616927,934
2026-06-23T13:23:55.867958,616928,933
2026-06-23T13:23:55.868034,616929,934
2026-06-23T13:23:55.868111,616930,934
2026-06-23T13:23:55.877738,616931,936
2026-06-23T13:23:55.877826,616932,934
2026-06-23T13:23:55.877936,616933,934
2026-06-23T13:23:55.878015,616934,934
2026-06-23T13:23:55.878092,616935,934
2026-06-23T13:23:55.878168,616936,934
2026-06-23T13:23:55.878244,616937,934
2026-06-23T13:23:55.878320,616938,934
2026-06-23T13:23:55.878397,616939,934
2026-06-23T13:23:55.878472,616940,932
2026-06-23T13:23:55.888177,616941,934
2026-06-23T13:23:55.888281,616942,934
2026-06-23T13:23:55.888359,616943,934
2026-06-23T13:23:55.888436,616944,934
2026-06-23T13:23:55.888513,616945,933
2026-06-23T13:23:55.888589,616946,933
2026-06-23T13:23:55.888665,616947,933
2026-06-23T13:23:55.888741,616948,931
2026-06-23T13:23:55.888817,616949,923
2026-06-23T13:23:55.888893,616950,912
2026-06-23T13:23:55.898631,616952,905
2026-06-23T13:23:55.898729,616953,930
2026-06-23T13:23:55.898805,616954,931
2026-06-23T13:23:55.898883,616955,933
2026-06-23T13:23:55.898959,616956,933
2026-06-23T13:23:55.899038,616957,934
2026-06-23T13:23:55.899117,616958,934
2026-06-23T13:23:55.899193,616959,934
2026-06-23T13:23:55.899268,616960,934
2026-06-23T13:23:55.899344,616961,934
2026-06-23T13:23:55.909157,616962,933
2026-06-23T13:23:55.909274,616963,924
2026-06-23T13:23:55.909351,616964,908
2026-06-23T13:23:55.909429,616965,902
2026-06-23T13:23:55.909506,616966,896
2026-06-23T13:23:55.909582,616967,882
2026-06-23T13:23:55.909659,616968,873
2026-06-23T13:23:55.909751,616969,871
2026-06-23T13:23:55.909828,616970,873
2026-06-23T13:23:55.909904,616971,858
2026-06-23T13:23:55.919545,616972,847
2026-06-23T13:23:55.919644,616973,829
2026-06-23T13:23:55.919795,616974,818
2026-06-23T13:23:55.919880,616976,815
2026-06-23T13:23:55.919975,616977,807
2026-06-23T13:23:55.920053,616978,790
2026-06-23T13:23:55.920130,616979,781
2026-06-23T13:23:55.920207,616980,792
2026-06-23T13:23:55.920284,616981,803
2026-06-23T13:23:55.920360,616982,801
2026-06-23T13:23:55.929930,616983,834
2026-06-23T13:23:55.930019,616984,849
2026-06-23T13:23:55.930097,616985,846
2026-06-23T13:23:55.930173,616986,831
2026-06-23T13:23:55.930250,616987,820
2026-06-23T13:23:55.930326,616988,812
2026-06-23T13:23:55.930402,616989,803
2026-06-23T13:23:55.930478,616990,794
2026-06-23T13:23:55.930554,616991,781
2026-06-23T13:23:55.930631,616992,777
2026-06-23T13:23:55.940444,616993,774
2026-06-23T13:23:55.940550,616994,772
2026-06-23T13:23:55.940654,616995,760
2026-06-23T13:23:55.940743,616996,756
2026-06-23T13:23:55.940823,616997,771
2026-06-23T13:23:55.940902,616998,788
2026-06-23T13:23:55.940980,616999,801
2026-06-23T13:23:55.941058,617001,810
2026-06-23T13:23:55.941136,617002,807
2026-06-23T13:23:55.941212,617003,816
2026-06-23T13:23:55.950848,617004,839
2026-06-23T13:23:55.950952,617005,843
2026-06-23T13:23:55.951022,617006,836
2026-06-23T13:23:55.951089,617007,842
2026-06-23T13:23:55.951154,617008,853
2026-06-23T13:23:55.951250,617009,847
2026-06-23T13:23:55.951351,617010,829
2026-06-23T13:23:55.951423,617011,812
2026-06-23T13:23:55.951487,617012,803
2026-06-23T13:23:55.951551,617013,801
2026-06-23T13:23:55.961251,617014,791
2026-06-23T13:23:55.961344,617015,777
2026-06-23T13:23:55.961425,617016,765
2026-06-23T13:23:55.961504,617017,749
2026-06-23T13:23:55.961583,617018,739
2026-06-23T13:23:55.961661,617019,738
2026-06-23T13:23:55.961737,617020,750
2026-06-23T13:23:55.961814,617021,760
2026-06-23T13:23:55.961892,617022,753
2026-06-23T13:23:55.961969,617023,755
2026-06-23T13:23:55.971719,617024,753
2026-06-23T13:23:55.971825,617026,749
2026-06-23T13:23:55.971904,617027,745
2026-06-23T13:23:55.971982,617028,733
2026-06-23T13:23:55.972059,617029,737
2026-06-23T13:23:55.972135,617030,750
2026-06-23T13:23:55.972211,617031,743
2026-06-23T13:23:55.972288,617032,742
2026-06-23T13:23:55.972364,617033,756
2026-06-23T13:23:55.972439,617034,739
2026-06-23T13:23:55.982153,617035,740
2026-06-23T13:23:55.982247,617036,758
2026-06-23T13:23:55.982325,617037,771
2026-06-23T13:23:55.982402,617038,767
2026-06-23T13:23:55.982478,617039,752
2026-06-23T13:23:55.982555,617040,742
2026-06-23T13:23:55.982631,617041,747
2026-06-23T13:23:55.982708,617042,745
2026-06-23T13:23:55.982783,617043,746
2026-06-23T13:23:55.982860,617044,748
2026-06-23T13:23:55.992585,617045,741
2026-06-23T13:23:55.992679,617046,726
2026-06-23T13:23:55.992756,617047,717
2026-06-23T13:23:55.992833,617048,723
2026-06-23T13:23:55.992910,617049,742
2026-06-23T13:23:55.992986,617051,755
2026-06-23T13:23:55.993063,617052,751
2026-06-23T13:23:55.993140,617053,741
2026-06-23T13:23:55.993216,617054,729
2026-06-23T13:23:55.993294,617055,715
2026-06-23T13:23:56.003056,617056,702
2026-06-23T13:23:56.003141,617057,689
2026-06-23T13:23:56.003241,617058,681
2026-06-23T13:23:56.003327,617059,690
2026-06-23T13:23:56.003397,617060,696
2026-06-23T13:23:56.003467,617061,697
2026-06-23T13:23:56.003538,617062,686
2026-06-23T13:23:56.003603,617063,685
2026-06-23T13:23:56.003667,617064,683
2026-06-23T13:23:56.003731,617065,680
2026-06-23T13:23:56.013496,617066,670
2026-06-23T13:23:56.013583,617067,659
2026-06-23T13:23:56.013661,617068,645
2026-06-23T13:23:56.013738,617069,643
2026-06-23T13:23:56.013814,617070,638
2026-06-23T13:23:56.013891,617071,649
2026-06-23T13:23:56.013967,617072,667
2026-06-23T13:23:56.014043,617073,678
2026-06-23T13:23:56.014120,617075,670
2026-06-23T13:23:56.014196,617076,662
2026-06-23T13:23:56.023911,617077,660
2026-06-23T13:23:56.024012,617078,690
2026-06-23T13:23:56.024090,617079,710
2026-06-23T13:23:56.024168,617080,701
2026-06-23T13:23:56.024245,617081,694
2026-06-23T13:23:56.024323,617082,691
2026-06-23T13:23:56.024401,617083,690
2026-06-23T13:23:56.024477,617084,692
2026-06-23T13:23:56.024553,617085,699
2026-06-23T13:23:56.024632,617086,701
2026-06-23T13:23:56.034352,617087,693
2026-06-23T13:23:56.034441,617088,682
2026-06-23T13:23:56.034525,617089,668
2026-06-23T13:23:56.034591,617090,656
2026-06-23T13:23:56.034655,617091,643
2026-06-23T13:23:56.034719,617092,629
2026-06-23T13:23:56.034795,617093,619
2026-06-23T13:23:56.034859,617094,607
2026-06-23T13:23:56.034922,617095,598
2026-06-23T13:23:56.034985,617096,586
2026-06-23T13:23:56.044764,617097,585
2026-06-23T13:23:56.044853,617098,585
2026-06-23T13:23:56.044982,617100,579
2026-06-23T13:23:56.045082,617101,571
2026-06-23T13:23:56.045165,617102,559
2026-06-23T13:23:56.045250,617103,552
2026-06-23T13:23:56.045328,617104,551
2026-06-23T13:23:56.045407,617105,547
2026-06-23T13:23:56.045484,617106,540
2026-06-23T13:23:56.045570,617107,532
2026-06-23T13:23:56.055200,617108,521
2026-06-23T13:23:56.055294,617109,516
2026-06-23T13:23:56.055360,617110,512
2026-06-23T13:23:56.055424,617111,502
2026-06-23T13:23:56.055488,617112,496
2026-06-23T13:23:56.055552,617113,487
2026-06-23T13:23:56.055615,617114,481
2026-06-23T13:23:56.055679,617115,478
2026-06-23T13:23:56.055742,617116,472
2026-06-23T13:23:56.055806,617117,476
2026-06-23T13:23:56.065664,617118,490
2026-06-23T13:23:56.065748,617119,507
2026-06-23T13:23:56.065812,617120,505
2026-06-23T13:23:56.065876,617121,496
2026-06-23T13:23:56.065939,617122,488
2026-06-23T13:23:56.066002,617123,489
2026-06-23T13:23:56.066077,617125,488
2026-06-23T13:23:56.066140,617126,488
2026-06-23T13:23:56.066203,617127,482
2026-06-23T13:23:56.066265,617128,492
2026-06-23T13:23:56.076132,617129,490
2026-06-23T13:23:56.076212,617130,494
2026-06-23T13:23:56.076277,617131,512
2026-06-23T13:23:56.076340,617132,526
2026-06-23T13:23:56.076404,617133,525
2026-06-23T13:23:56.076468,617134,538
2026-06-23T13:23:56.076531,617135,554
2026-06-23T13:23:56.076594,617136,554
2026-06-23T13:23:56.076657,617137,548
2026-06-23T13:23:56.076720,617138,539
2026-06-23T13:23:56.086544,617139,533
2026-06-23T13:23:56.086634,617140,535
2026-06-23T13:23:56.086745,617141,545
2026-06-23T13:23:56.086813,617142,564
2026-06-23T13:23:56.086876,617143,573
2026-06-23T13:23:56.086941,617144,569
2026-06-23T13:23:56.087006,617145,585
2026-06-23T13:23:56.087070,617146,616
2026-06-23T13:23:56.087135,617147,628
2026-06-23T13:23:56.087197,617148,626
2026-06-23T13:23:56.096946,617150,616
2026-06-23T13:23:56.097033,617151,610
2026-06-23T13:23:56.097111,617152,605
2026-06-23T13:23:56.097191,617153,599
2026-06-23T13:23:56.097267,617154,609
2026-06-23T13:23:56.097344,617155,622
2026-06-23T13:23:56.097420,617156,621
2026-06-23T13:23:56.097496,617157,612
2026-06-23T13:23:56.097572,617158,606
2026-06-23T13:23:56.097648,617159,599
2026-06-23T13:23:56.107444,617160,603
2026-06-23T13:23:56.107547,617161,613
2026-06-23T13:23:56.107625,617162,609
2026-06-23T13:23:56.107703,617163,613
2026-06-23T13:23:56.107781,617164,610
2026-06-23T13:23:56.107859,617165,603
2026-06-23T13:23:56.107937,617166,597
2026-06-23T13:23:56.108013,617167,592
2026-06-23T13:23:56.108089,617168,595
2026-06-23T13:23:56.108164,617169,602
2026-06-23T13:23:56.117882,617170,606
2026-06-23T13:23:56.117969,617171,605
2026-06-23T13:23:56.118048,617172,602
2026-06-23T13:23:56.118112,617174,594
2026-06-23T13:23:56.118176,617175,583
2026-06-23T13:23:56.118239,617176,572
2026-06-23T13:23:56.118301,617177,559
2026-06-23T13:23:56.118364,617178,548
2026-06-23T13:23:56.118427,617179,539
2026-06-23T13:23:56.118490,617180,536
2026-06-23T13:23:56.128291,617181,536
2026-06-23T13:23:56.128380,617182,530
2026-06-23T13:23:56.128495,617183,531
2026-06-23T13:23:56.128597,617184,526
2026-06-23T13:23:56.128682,617185,516
2026-06-23T13:23:56.128781,617186,507
2026-06-23T13:23:56.128861,617187,496
2026-06-23T13:23:56.128939,617188,486
2026-06-23T13:23:56.129024,617189,476
2026-06-23T13:23:56.129106,617190,468
2026-06-23T13:23:56.138738,617191,458
2026-06-23T13:23:56.138834,617192,450
2026-06-23T13:23:56.138901,617193,451
2026-06-23T13:23:56.138966,617194,473
2026-06-23T13:23:56.139029,617195,500
2026-06-23T13:23:56.139093,617196,524
2026-06-23T13:23:56.139157,617197,544
2026-06-23T13:23:56.139220,617199,550
2026-06-23T13:23:56.139284,617200,542
2026-06-23T13:23:56.139348,617201,539
2026-06-23T13:23:56.149193,617202,549
2026-06-23T13:23:56.149280,617203,570
2026-06-23T13:23:56.149348,617204,586
2026-06-23T13:23:56.149416,617205,590
2026-06-23T13:23:56.149479,617206,586
2026-06-23T13:23:56.149543,617207,576
2026-06-23T13:23:56.149606,617208,570
2026-06-23T13:23:56.149669,617209,567
2026-06-23T13:23:56.149732,617210,560
2026-06-23T13:23:56.149795,617211,552
2026-06-23T13:23:56.159600,617212,552
2026-06-23T13:23:56.159698,617213,547
2026-06-23T13:23:56.159765,617214,544
2026-06-23T13:23:56.159830,617215,549
2026-06-23T13:23:56.159894,617216,548
2026-06-23T13:23:56.159957,617217,541
2026-06-23T13:23:56.160020,617218,540
2026-06-23T13:23:56.160083,617219,537
2026-06-23T13:23:56.160146,617220,536
2026-06-23T13:23:56.160212,617221,535
2026-06-23T13:23:56.170069,617222,527
2026-06-23T13:23:56.170166,617224,525
2026-06-23T13:23:56.170298,617225,524
2026-06-23T13:23:56.170369,617226,515
2026-06-23T13:23:56.170435,617227,515
2026-06-23T13:23:56.170500,617228,515
2026-06-23T13:23:56.170563,617229,507
2026-06-23T13:23:56.170626,617230,498
2026-06-23T13:23:56.170689,617231,489
2026-06-23T13:23:56.170753,617232,485
2026-06-23T13:23:56.180489,617233,476
2026-06-23T13:23:56.180580,617234,466
2026-06-23T13:23:56.180659,617235,456
2026-06-23T13:23:56.180737,617236,449
2026-06-23T13:23:56.180814,617237,442
2026-06-23T13:23:56.180892,617238,437
2026-06-23T13:23:56.180969,617239,432
2026-06-23T13:23:56.181045,617240,423
2026-06-23T13:23:56.181122,617241,417
2026-06-23T13:23:56.181200,617242,410
2026-06-23T13:23:56.190942,617243,401
2026-06-23T13:23:56.191049,617244,392
2026-06-23T13:23:56.191118,617245,386
2026-06-23T13:23:56.191184,617246,381
2026-06-23T13:23:56.191249,617247,375
2026-06-23T13:23:56.191314,617249,368
2026-06-23T13:23:56.191377,617250,363
2026-06-23T13:23:56.191448,617251,358
2026-06-23T13:23:56.191512,617252,354
2026-06-23T13:23:56.191575,617253,348
2026-06-23T13:23:56.201407,617254,340
2026-06-23T13:23:56.201508,617255,333
2026-06-23T13:23:56.201586,617256,327
2026-06-23T13:23:56.201653,617257,322
2026-06-23T13:23:56.201719,617258,315
2026-06-23T13:23:56.201790,617259,310
2026-06-23T13:23:56.201856,617260,304
2026-06-23T13:23:56.201921,617261,299
2026-06-23T13:23:56.201984,617262,293
2026-06-23T13:23:56.202047,617263,288
2026-06-23T13:23:56.211788,617264,285
2026-06-23T13:23:56.211874,617265,286
2026-06-23T13:23:56.211980,617266,287
2026-06-23T13:23:56.212069,617267,286
2026-06-23T13:23:56.212148,617268,282
2026-06-23T13:23:56.212226,617269,277
2026-06-23T13:23:56.212303,617270,274
2026-06-23T13:23:56.212380,617271,273
2026-06-23T13:23:56.212457,617273,271
2026-06-23T13:23:56.212534,617274,267
2026-06-23T13:23:56.222256,617275,262
2026-06-23T13:23:56.222346,617276,258
2026-06-23T13:23:56.222410,617277,254
2026-06-23T13:23:56.222474,617278,253
2026-06-23T13:23:56.222538,617279,257
2026-06-23T13:23:56.222603,617280,261
2026-06-23T13:23:56.222666,617281,262
2026-06-23T13:23:56.222729,617282,259
2026-06-23T13:23:56.222792,617283,255
2026-06-23T13:23:56.222859,617284,251
2026-06-23T13:23:56.232689,617285,247
2026-06-23T13:23:56.232773,617286,243
2026-06-23T13:23:56.232837,617287,241
2026-06-23T13:23:56.232900,617288,236
2026-06-23T13:23:56.232963,617289,237
2026-06-23T13:23:56.233026,617290,247
2026-06-23T13:23:56.233089,617291,252
2026-06-23T13:23:56.233152,617292,249
2026-06-23T13:23:56.233215,617293,249
2026-06-23T13:23:56.233278,617294,255
2026-06-23T13:23:56.243128,617295,261
2026-06-23T13:23:56.243212,617296,259
2026-06-23T13:23:56.243280,617298,261
2026-06-23T13:23:56.243373,617299,261
2026-06-23T13:23:56.243452,617300,259
2026-06-23T13:23:56.243531,617301,255
2026-06-23T13:23:56.243609,617302,251
2026-06-23T13:23:56.243687,617303,254
2026-06-23T13:23:56.243763,617304,262
2026-06-23T13:23:56.243840,617305,268
2026-06-23T13:23:56.253570,617306,267
2026-06-23T13:23:56.253732,617307,265
2026-06-23T13:23:56.253821,617308,264
2026-06-23T13:23:56.253900,617309,261
2026-06-23T13:23:56.253977,617310,256
2026-06-23T13:23:56.254054,617311,252
2026-06-23T13:23:56.254130,617312,246
2026-06-23T13:23:56.254206,617313,240
2026-06-23T13:23:56.254282,617314,246
2026-06-23T13:23:56.254358,617315,246
2026-06-23T13:23:56.263987,617316,246
2026-06-23T13:23:56.264087,617317,245
2026-06-23T13:23:56.264169,617318,247
2026-06-23T13:23:56.264252,617319,248
2026-06-23T13:23:56.264334,617320,249
2026-06-23T13:23:56.264414,617321,250
2026-06-23T13:23:56.264494,617323,251
2026-06-23T13:23:56.264576,617324,252
2026-06-23T13:23:56.264657,617325,253
2026-06-23T13:23:56.264737,617326,253
2026-06-23T13:23:56.274444,617327,254
2026-06-23T13:23:56.274549,617328,254
2026-06-23T13:23:56.274631,617329,255
2026-06-23T13:23:56.274710,617330,262
2026-06-23T13:23:56.274788,617331,268
2026-06-23T13:23:56.274866,617332,276
2026-06-23T13:23:56.274946,617333,280
2026-06-23T13:23:56.275024,617334,285
2026-06-23T13:23:56.275101,617335,291
2026-06-23T13:23:56.275179,617336,298
2026-06-23T13:23:56.284901,617337,305
2026-06-23T13:23:56.285013,617338,312
2026-06-23T13:23:56.285132,617339,318
2026-06-23T13:23:56.285218,617340,323
2026-06-23T13:23:56.285297,617341,327
2026-06-23T13:23:56.285374,617342,332
2026-06-23T13:23:56.285451,617343,335
2026-06-23T13:23:56.285527,617344,337
2026-06-23T13:23:56.285604,617345,339
2026-06-23T13:23:56.285681,617346,341
2026-06-23T13:23:56.295242,617348,343
2026-06-23T13:23:56.295331,617349,346
2026-06-23T13:23:56.295440,617350,347
2026-06-23T13:23:56.295528,617351,349
2026-06-23T13:23:56.295607,617352,351
2026-06-23T13:23:56.295691,617353,354
2026-06-23T13:23:56.295771,617354,358
2026-06-23T13:23:56.295849,617355,361
2026-06-23T13:23:56.295926,617356,362
2026-06-23T13:23:56.296004,617357,362
2026-06-23T13:23:56.305755,617358,363
2026-06-23T13:23:56.305864,617359,362
2026-06-23T13:23:56.305953,617360,359
2026-06-23T13:23:56.306020,617361,356
2026-06-23T13:23:56.306085,617362,351
2026-06-23T13:23:56.306150,617363,344
2026-06-23T13:23:56.306213,617364,337
2026-06-23T13:23:56.306277,617365,332
2026-06-23T13:23:56.306342,617366,326
2026-06-23T13:23:56.306406,617367,323
2026-06-23T13:23:56.316172,617368,325
2026-06-23T13:23:56.316277,617369,330
2026-06-23T13:23:56.316355,617370,338
2026-06-23T13:23:56.316434,617372,346
2026-06-23T13:23:56.316511,617373,350
2026-06-23T13:23:56.316589,617374,353
2026-06-23T13:23:56.316665,617375,355
2026-06-23T13:23:56.316742,617376,357
2026-06-23T13:23:56.316819,617377,357
2026-06-23T13:23:56.316896,617378,353
2026-06-23T13:23:56.326616,617379,348
2026-06-23T13:23:56.326723,617380,345
2026-06-23T13:23:56.326806,617381,342
2026-06-23T13:23:56.326886,617382,340
2026-06-23T13:23:56.326964,617383,336
2026-06-23T13:23:56.327042,617384,345
2026-06-23T13:23:56.327119,617385,357
2026-06-23T13:23:56.327196,617386,365
2026-06-23T13:23:56.327273,617387,366
2026-06-23T13:23:56.327350,617388,364
2026-06-23T13:23:56.337072,617389,360
2026-06-23T13:23:56.337196,617390,356
2026-06-23T13:23:56.337327,617391,356
2026-06-23T13:23:56.337411,617392,358
2026-06-23T13:23:56.337492,617393,355
2026-06-23T13:23:56.337569,617394,351
2026-06-23T13:23:56.337646,617395,346
2026-06-23T13:23:56.337723,617397,340
2026-06-23T13:23:56.337799,617398,335
2026-06-23T13:23:56.337879,617399,329
2026-06-23T13:23:56.347541,617400,323
2026-06-23T13:23:56.347657,617401,318
2026-06-23T13:23:56.347725,617402,314
2026-06-23T13:23:56.347790,617403,308
2026-06-23T13:23:56.347855,617404,303
2026-06-23T13:23:56.347918,617405,298
2026-06-23T13:23:56.347982,617406,294
2026-06-23T13:23:56.348046,617407,289
2026-06-23T13:23:56.348110,617408,285
2026-06-23T13:23:56.348173,617409,281
2026-06-23T13:23:56.357913,617410,277
2026-06-23T13:23:56.358034,617411,274
2026-06-23T13:23:56.358116,617412,269
2026-06-23T13:23:56.358196,617413,264
2026-06-23T13:23:56.358274,617414,259
2026-06-23T13:23:56.358351,617415,256
2026-06-23T13:23:56.358428,617416,253
2026-06-23T13:23:56.358523,617417,249
2026-06-23T13:23:56.358600,617418,247
2026-06-23T13:23:56.358678,617419,243
2026-06-23T13:23:56.368415,617420,239
2026-06-23T13:23:56.368519,617422,236
2026-06-23T13:23:56.368650,617423,234
2026-06-23T13:23:56.368744,617424,231
2026-06-23T13:23:56.368825,617425,228
2026-06-23T13:23:56.368904,617426,226
2026-06-23T13:23:56.368995,617427,223
2026-06-23T13:23:56.369073,617428,220
2026-06-23T13:23:56.369150,617429,217
2026-06-23T13:23:56.369227,617430,214
2026-06-23T13:23:56.378825,617431,211
2026-06-23T13:23:56.378914,617432,208
2026-06-23T13:23:56.379021,617433,205
2026-06-23T13:23:56.379112,617434,202
2026-06-23T13:23:56.379193,617435,199
2026-06-23T13:23:56.379272,617436,197
2026-06-23T13:23:56.379350,617437,195
2026-06-23T13:23:56.379428,617438,194
2026-06-23T13:23:56.379504,617439,193
2026-06-23T13:23:56.379581,617440,191
2026-06-23T13:23:56.389276,617441,189
2026-06-23T13:23:56.389387,617442,187
2026-06-23T13:23:56.389467,617443,184
2026-06-23T13:23:56.389546,617444,181
2026-06-23T13:23:56.389623,617445,178
2026-06-23T13:23:56.389700,617447,175
2026-06-23T13:23:56.389780,617448,171
2026-06-23T13:23:56.389857,617449,173
2026-06-23T13:23:56.389934,617450,174
2026-06-23T13:23:56.390012,617451,175
2026-06-23T13:23:56.399775,617452,173
2026-06-23T13:23:56.399877,617453,172
2026-06-23T13:23:56.399955,617454,170
2026-06-23T13:23:56.400035,617455,167
2026-06-23T13:23:56.400113,617456,165
2026-06-23T13:23:56.400190,617457,163
2026-06-23T13:23:56.400272,617458,162
2026-06-23T13:23:56.400348,617459,160
2026-06-23T13:23:56.400424,617460,159
2026-06-23T13:23:56.400501,617461,157
2026-06-23T13:23:56.410096,617462,154
2026-06-23T13:23:56.410192,617463,153
2026-06-23T13:23:56.410273,617464,151
2026-06-23T13:23:56.410353,617465,149
2026-06-23T13:23:56.410430,617466,147
2026-06-23T13:23:56.410507,617467,144
2026-06-23T13:23:56.410584,617468,143
2026-06-23T13:23:56.410662,617469,142
2026-06-23T13:23:56.410738,617471,141
2026-06-23T13:23:56.410815,617472,139
2026-06-23T13:23:56.420606,617473,138
2026-06-23T13:23:56.420721,617474,141
2026-06-23T13:23:56.420835,617475,145
2026-06-23T13:23:56.420924,617476,150
2026-06-23T13:23:56.421004,617477,151
2026-06-23T13:23:56.421083,617478,150
2026-06-23T13:23:56.421159,617479,148
2026-06-23T13:23:56.421236,617480,146
2026-06-23T13:23:56.421313,617481,143
2026-06-23T13:23:56.421390,617482,143
2026-06-23T13:23:56.431051,617483,145
2026-06-23T13:23:56.431144,617484,148
2026-06-23T13:23:56.431226,617485,151
2026-06-23T13:23:56.431307,617486,152
2026-06-23T13:23:56.431385,617487,150
2026-06-23T13:23:56.431465,617488,151
2026-06-23T13:23:56.431542,617489,150
2026-06-23T13:23:56.431619,617490,150
2026-06-23T13:23:56.431695,617491,154
2026-06-23T13:23:56.431771,617492,160
2026-06-23T13:23:56.441450,617493,166
2026-06-23T13:23:56.441554,617494,172
2026-06-23T13:23:56.441636,617496,174
2026-06-23T13:23:56.441717,617497,173
2026-06-23T13:23:56.441795,617498,170
2026-06-23T13:23:56.441873,617499,167
2026-06-23T13:23:56.441982,617500,165
2026-06-23T13:23:56.442060,617501,165
2026-06-23T13:23:56.442137,617502,161
2026-06-23T13:23:56.442214,617503,159
2026-06-23T13:23:56.451964,617504,156
2026-06-23T13:23:56.452067,617505,154
2026-06-23T13:23:56.452134,617506,152
2026-06-23T13:23:56.452199,617507,149
2026-06-23T13:23:56.452266,617508,147
2026-06-23T13:23:56.452331,617509,145
2026-06-23T13:23:56.452395,617510,142
2026-06-23T13:23:56.452459,617511,140
2026-06-23T13:23:56.452522,617512,137
2026-06-23T13:23:56.452585,617513,135
2026-06-23T13:23:56.462338,617514,133
2026-06-23T13:23:56.462413,617515,131
2026-06-23T13:23:56.462478,617516,128
2026-06-23T13:23:56.462542,617517,126
2026-06-23T13:23:56.462605,617518,124
2026-06-23T13:23:56.462668,617519,122
2026-06-23T13:23:56.462730,617521,121
2026-06-23T13:23:56.462793,617522,119
2026-06-23T13:23:56.462855,617523,118
2026-06-23T13:23:56.462919,617524,118
2026-06-23T13:23:56.472744,617525,115
2026-06-23T13:23:56.472836,617526,114
2026-06-23T13:23:56.472900,617527,111
2026-06-23T13:23:56.472964,617528,109
2026-06-23T13:23:56.473028,617529,107
2026-06-23T13:23:56.473091,617530,106
2026-06-23T13:23:56.473154,617531,105
2026-06-23T13:23:56.473217,617532,104
2026-06-23T13:23:56.473282,617533,103
2026-06-23T13:23:56.473345,617534,101
2026-06-23T13:23:56.483219,617535,100
2026-06-23T13:23:56.483304,617536,99
2026-06-23T13:23:56.483365,617537,98
2026-06-23T13:23:56.483425,617538,98
2026-06-23T13:23:56.483485,617539,97
2026-06-23T13:23:56.483545,617540,96
2026-06-23T13:23:56.483603,617541,95
2026-06-23T13:23:56.483698,617542,94
2026-06-23T13:23:56.483779,617543,94
2026-06-23T13:23:56.483856,617544,93
2026-06-23T13:23:56.483921,617545,92
2026-06-23T13:23:56.493620,617546,95
2026-06-23T13:23:56.493687,617547,93
2026-06-23T13:23:56.493794,617548,91
2026-06-23T13:23:56.493872,617549,90
2026-06-23T13:23:56.493936,617550,89
2026-06-23T13:23:56.493998,617550,88
2026-06-23T13:23:56.494059,617551,87
2026-06-23T13:23:56.494118,617552,86
2026-06-23T13:23:56.494178,617553,86
2026-06-23T13:23:56.494238,617554,85
2026-06-23T13:23:56.494298,617555,83
2026-06-23T13:23:56.504049,617556,82
2026-06-23T13:23:56.504137,617557,82
2026-06-23T13:23:56.504199,617558,82
2026-06-23T13:23:56.504260,617559,82
2026-06-23T13:23:56.504319,617560,82
2026-06-23T13:23:56.504379,617561,83
2026-06-23T13:23:56.504437,617562,84
2026-06-23T13:23:56.504497,617563,83
2026-06-23T13:23:56.504555,617564,82
2026-06-23T13:23:56.504614,617565,82
2026-06-23T13:23:56.514496,617566,81
2026-06-23T13:23:56.514586,617567,80
2026-06-23T13:23:56.514658,617568,79
2026-06-23T13:23:56.514730,617569,79
2026-06-23T13:23:56.514801,617570,78
2026-06-23T13:23:56.514873,617571,78
2026-06-23T13:23:56.514944,617572,77
2026-06-23T13:23:56.515016,617572,77
2026-06-23T13:23:56.515087,617573,76
2026-06-23T13:23:56.515158,617574,76
2026-06-23T13:23:56.515229,617575,75
2026-06-23T13:23:56.524935,617576,74
2026-06-23T13:23:56.525023,617577,74
2026-06-23T13:23:56.525096,617578,74
2026-06-23T13:23:56.525168,617579,74
2026-06-23T13:23:56.525267,617580,74
2026-06-23T13:23:56.525339,617581,73
2026-06-23T13:23:56.525411,617582,72
2026-06-23T13:23:56.525482,617583,72
2026-06-23T13:23:56.525554,617584,71
2026-06-23T13:23:56.525625,617585,72
2026-06-23T13:23:56.525697,617586,73
2026-06-23T13:23:56.535419,617587,73
2026-06-23T13:23:56.535509,617588,73
2026-06-23T13:23:56.535584,617589,72
2026-06-23T13:23:56.535646,617590,72
2026-06-23T13:23:56.535707,617591,71
2026-06-23T13:23:56.535766,617592,70
2026-06-23T13:23:56.535825,617593,69
2026-06-23T13:23:56.535884,617593,69
2026-06-23T13:23:56.535943,617594,69
2026-06-23T13:23:56.536003,617595,70
2026-06-23T13:23:56.536061,617596,70
2026-06-23T13:23:56.545846,617597,69
2026-06-23T13:23:56.545944,617598,70
2026-06-23T13:23:56.546023,617599,72
2026-06-23T13:23:56.546098,617600,74
2026-06-23T13:23:56.546172,617601,77
2026-06-23T13:23:56.546245,617602,80
2026-06-23T13:23:56.546318,617603,81
2026-06-23T13:23:56.546390,617604,80
2026-06-23T13:23:56.546462,617605,79
2026-06-23T13:23:56.546534,617606,78
2026-06-23T13:23:56.546606,617607,78
2026-06-23T13:23:56.556315,617608,77
2026-06-23T13:23:56.556416,617609,75
2026-06-23T13:23:56.556490,617610,75
2026-06-23T13:23:56.556565,617611,74
2026-06-23T13:23:56.556638,617612,73
2026-06-23T13:23:56.556711,617613,73
2026-06-23T13:23:56.556784,617614,72
2026-06-23T13:23:56.556857,617614,73
2026-06-23T13:23:56.556929,617615,73
2026-06-23T13:23:56.557001,617616,72
2026-06-23T13:23:56.557073,617617,72
2026-06-23T13:23:56.566771,617618,72
2026-06-23T13:23:56.566876,617619,72
2026-06-23T13:23:56.566953,617620,72
2026-06-23T13:23:56.567025,617621,72
2026-06-23T13:23:56.567087,617622,72
2026-06-23T13:23:56.567154,617623,72
2026-06-23T13:23:56.567216,617624,71
2026-06-23T13:23:56.567291,617625,71
2026-06-23T13:23:56.567391,617626,70
2026-06-23T13:23:56.567460,617627,70
2026-06-23T13:23:56.567521,617628,70
2026-06-23T13:23:56.577166,617629,70
2026-06-23T13:23:56.577264,617630,69
2026-06-23T13:23:56.577338,617631,69
2026-06-23T13:23:56.577411,617632,68
2026-06-23T13:23:56.577483,617633,68
2026-06-23T13:23:56.577556,617634,68
2026-06-23T13:23:56.577668,617635,67
2026-06-23T13:23:56.577743,617636,68
2026-06-23T13:23:56.577815,617636,67
2026-06-23T13:23:56.577887,617637,67
2026-06-23T13:23:56.577959,617638,66
2026-06-23T13:23:56.587655,617639,66
2026-06-23T13:23:56.587746,617640,66
2026-06-23T13:23:56.587807,617641,66
2026-06-23T13:23:56.587867,617642,67
2026-06-23T13:23:56.587926,617643,67
2026-06-23T13:23:56.587986,617644,66
2026-06-23T13:23:56.588046,617645,66
2026-06-23T13:23:56.588105,617646,67
2026-06-23T13:23:56.588164,617647,66
2026-06-23T13:23:56.588222,617648,67
2026-06-23T13:23:56.588282,617649,67
2026-06-23T13:23:56.598095,617650,67
2026-06-23T13:23:56.598184,617651,67
2026-06-23T13:23:56.598257,617652,67
2026-06-23T13:23:56.598329,617653,67
2026-06-23T13:23:56.598401,617654,67
2026-06-23T13:23:56.598473,617655,67
2026-06-23T13:23:56.598546,617656,67
2026-06-23T13:23:56.598617,617657,67
2026-06-23T13:23:56.598689,617657,66
2026-06-23T13:23:56.598761,617658,66
2026-06-23T13:23:56.598834,617659,67
2026-06-23T13:23:56.608499,617660,67
2026-06-23T13:23:56.608588,617661,65
2026-06-23T13:23:56.608662,617662,67
2026-06-23T13:23:56.608735,617663,67
2026-06-23T13:23:56.608806,617664,67
2026-06-23T13:23:56.608878,617665,67
2026-06-23T13:23:56.608952,617666,66
2026-06-23T13:23:56.609023,617667,68
2026-06-23T13:23:56.609094,617668,68
2026-06-23T13:23:56.609166,617669,67
2026-06-23T13:23:56.609237,617670,68
2026-06-23T13:23:56.619040,617671,68
2026-06-23T13:23:56.619128,617672,68
2026-06-23T13:23:56.619200,617673,68
2026-06-23T13:23:56.619263,617674,68
2026-06-23T13:23:56.619322,617675,69
2026-06-23T13:23:56.619382,617676,70
2026-06-23T13:23:56.619443,617677,69
2026-06-23T13:23:56.619502,617678,69
2026-06-23T13:23:56.619560,617679,69
2026-06-23T13:23:56.619625,617679,69
2026-06-23T13:23:56.629288,617680,69
2026-06-23T13:23:56.629404,617681,70
2026-06-23T13:23:56.629478,617682,70
2026-06-23T13:23:56.629550,617683,70
2026-06-23T13:23:56.629622,617684,71
2026-06-23T13:23:56.629694,617685,71
2026-06-23T13:23:56.629765,617686,71
2026-06-23T13:23:56.629836,617687,71
2026-06-23T13:23:56.629907,617688,69
2026-06-23T13:23:56.629980,617689,70
2026-06-23T13:23:56.630051,617690,70
2026-06-23T13:23:56.639817,617691,69
2026-06-23T13:23:56.639918,617692,69
2026-06-23T13:23:56.639992,617693,69
2026-06-23T13:23:56.640065,617694,70
2026-06-23T13:23:56.640138,617695,69
2026-06-23T13:23:56.640211,617696,70
2026-06-23T13:23:56.640283,617697,70
2026-06-23T13:23:56.640355,617698,70
2026-06-23T13:23:56.640429,617699,69
2026-06-23T13:23:56.640500,617700,69
2026-06-23T13:23:56.640573,617700,69
2026-06-23T13:23:56.650241,617701,69
2026-06-23T13:23:56.650324,617702,69
2026-06-23T13:23:56.650425,617703,69
2026-06-23T13:23:56.650510,617704,69
2026-06-23T13:23:56.650589,617705,69
2026-06-23T13:23:56.650655,617706,69
2026-06-23T13:23:56.650715,617707,70
2026-06-23T13:23:56.650774,617708,70
2026-06-23T13:23:56.650833,617709,70
2026-06-23T13:23:56.650892,617710,70
2026-06-23T13:23:56.650951,617711,69
2026-06-23T13:23:56.660645,617712,68
2026-06-23T13:23:56.660762,617713,68
2026-06-23T13:23:56.660864,617714,68
2026-06-23T13:23:56.660944,617715,68
2026-06-23T13:23:56.661020,617716,67
2026-06-23T13:23:56.661094,617717,68
2026-06-23T13:23:56.661174,617718,66
2026-06-23T13:23:56.661253,617719,66
2026-06-23T13:23:56.661326,617720,66
2026-06-23T13:23:56.661398,617721,67
2026-06-23T13:23:56.661470,617721,67
2026-06-23T13:23:56.671146,617722,67
2026-06-23T13:23:56.671251,617723,67
2026-06-23T13:23:56.671324,617724,67
2026-06-23T13:23:56.671397,617725,67
2026-06-23T13:23:56.671470,617726,66
2026-06-23T13:23:56.671542,617727,67
2026-06-23T13:23:56.671614,617728,66
2026-06-23T13:23:56.671686,617729,66
2026-06-23T13:23:56.671757,617730,66
2026-06-23T13:23:56.671830,617731,65
2026-06-23T13:23:56.671902,617732,64
2026-06-23T13:23:56.681573,617733,64
2026-06-23T13:23:56.681661,617734,63
2026-06-23T13:23:56.681733,617735,62
2026-06-23T13:23:56.681805,617736,62
2026-06-23T13:23:56.681880,617737,62
2026-06-23T13:23:56.681951,617738,61
2026-06-23T13:23:56.682022,617739,61
2026-06-23T13:23:56.682094,617740,61
2026-06-23T13:23:56.682165,617741,61
2026-06-23T13:23:56.682236,617742,60
2026-06-23T13:23:56.682307,617743,60
2026-06-23T13:23:56.692039,617743,59
2026-06-23T13:23:56.692129,617744,58
2026-06-23T13:23:56.692201,617745,58
2026-06-23T13:23:56.692275,617746,57
2026-06-23T13:23:56.692348,617747,56
2026-06-23T13:23:56.692421,617748,56
2026-06-23T13:23:56.692510,617749,56
2026-06-23T13:23:56.692597,617750,55
2026-06-23T13:23:56.692669,617751,55
2026-06-23T13:23:56.692740,617752,55
2026-06-23T13:23:56.692811,617753,55
2026-06-23T13:23:56.702480,617754,53
2026-06-23T13:23:56.702582,617755,54
2026-06-23T13:23:56.702673,617756,54
2026-06-23T13:23:56.702747,617757,53
2026-06-23T13:23:56.702820,617758,53
2026-06-23T13:23:56.702891,617759,53
2026-06-23T13:23:56.702962,617760,53
2026-06-23T13:23:56.703034,617761,53
2026-06-23T13:23:56.703106,617762,51
2026-06-23T13:23:56.703177,617763,52
2026-06-23T13:23:56.703249,617764,51
2026-06-23T13:23:56.712906,617764,51
2026-06-23T13:23:56.712987,617765,50
2026-06-23T13:23:56.713059,617766,50
2026-06-23T13:23:56.713131,617767,54
2026-06-23T13:23:56.713203,617768,49
2026-06-23T13:23:56.713275,617769,48
2026-06-23T13:23:56.713346,617770,48
2026-06-23T13:23:56.713418,617771,48
2026-06-23T13:23:56.713489,617772,47
2026-06-23T13:23:56.713561,617773,46
2026-06-23T13:23:56.713631,617774,46
2026-06-23T13:23:56.723373,617775,46
2026-06-23T13:23:56.723467,617776,46
2026-06-23T13:23:56.723541,617777,45
2026-06-23T13:23:56.723614,617778,45
2026-06-23T13:23:56.723686,617779,45
2026-06-23T13:23:56.723757,617780,45
2026-06-23T13:23:56.723830,617781,45
2026-06-23T13:23:56.723902,617782,45
2026-06-23T13:23:56.723974,617783,45
2026-06-23T13:23:56.724045,617784,45
2026-06-23T13:23:56.724116,617785,45
2026-06-23T13:23:56.733862,617785,45
2026-06-23T13:23:56.733963,617786,44
2026-06-23T13:23:56.734074,617787,44
2026-06-23T13:23:56.734161,617788,44
2026-06-23T13:23:56.734235,617789,43
2026-06-23T13:23:56.734312,617790,43
2026-06-23T13:23:56.734385,617791,43
2026-06-23T13:23:56.734457,617792,43
2026-06-23T13:23:56.734544,617793,42
2026-06-23T13:23:56.734617,617794,42
2026-06-23T13:23:56.744171,617795,42
2026-06-23T13:23:56.744257,617796,41
2026-06-23T13:23:56.744363,617797,41
2026-06-23T13:23:56.744442,617798,41
2026-06-23T13:23:56.744514,617799,41
2026-06-23T13:23:56.744586,617800,40
2026-06-23T13:23:56.744658,617801,41
2026-06-23T13:23:56.744730,617802,41
2026-06-23T13:23:56.744801,617803,41
2026-06-23T13:23:56.744873,617804,41
2026-06-23T13:23:56.744944,617805,41
2026-06-23T13:23:56.754655,617806,41
2026-06-23T13:23:56.754754,617807,40
2026-06-23T13:23:56.754829,617807,40
2026-06-23T13:23:56.754902,617808,40
2026-06-23T13:23:56.754974,617809,39
2026-06-23T13:23:56.755045,617810,40
2026-06-23T13:23:56.755118,617811,40
2026-06-23T13:23:56.755190,617812,40
2026-06-23T13:23:56.755262,617813,39
2026-06-23T13:23:56.755332,617814,40
2026-06-23T13:23:56.755404,617815,40
2026-06-23T13:23:56.765087,617816,39
2026-06-23T13:23:56.765172,617817,39
2026-06-23T13:23:56.765244,617818,39
2026-06-23T13:23:56.765316,617819,39
2026-06-23T13:23:56.765388,617820,39
2026-06-23T13:23:56.765459,617821,39
2026-06-23T13:23:56.765531,617822,40
2026-06-23T13:23:56.765602,617823,39
2026-06-23T13:23:56.765673,617824,39
2026-06-23T13:23:56.765744,617825,39
2026-06-23T13:23:56.765814,617826,40
2026-06-23T13:23:56.775553,617827,40
2026-06-23T13:23:56.775643,617828,40
2026-06-23T13:23:56.775716,617828,40
2026-06-23T13:23:56.775794,617829,40
2026-06-23T13:23:56.775865,617830,41
2026-06-23T13:23:56.775935,617831,41
2026-06-23T13:23:56.776026,617832,41
2026-06-23T13:23:56.776098,617833,41
2026-06-23T13:23:56.776169,617834,41
2026-06-23T13:23:56.776239,617835,40
2026-06-23T13:23:56.776311,617836,41
2026-06-23T13:23:56.785969,617837,41
2026-06-23T13:23:56.786069,617838,40
2026-06-23T13:23:56.786174,617839,41
2026-06-23T13:23:56.786254,617840,40
2026-06-23T13:23:56.786328,617841,41
2026-06-23T13:23:56.786400,617842,40
2026-06-23T13:23:56.786471,617843,40
2026-06-23T13:23:56.786542,617844,40
2026-06-23T13:23:56.786613,617845,40
2026-06-23T13:23:56.786686,617846,39
2026-06-23T13:23:56.786757,617847,39
2026-06-23T13:23:56.796397,617848,40
2026-06-23T13:23:56.796477,617849,40
2026-06-23T13:23:56.796551,617849,40
2026-06-23T13:23:56.796623,617850,41
2026-06-23T13:23:56.796696,617851,41
2026-06-23T13:23:56.796768,617852,41
2026-06-23T13:23:56.796840,617853,41
2026-06-23T13:23:56.796911,617854,41
2026-06-23T13:23:56.796983,617855,41
2026-06-23T13:23:56.797054,617856,41
2026-06-23T13:23:56.797126,617857,41
2026-06-23T13:23:56.806853,617858,41
2026-06-23T13:23:56.806943,617859,42
2026-06-23T13:23:56.807016,617860,42
2026-06-23T13:23:56.807088,617861,42
2026-06-23T13:23:56.807160,617862,42
2026-06-23T13:23:56.807231,617863,42
2026-06-23T13:23:56.807306,617864,42
2026-06-23T13:23:56.807379,617865,42
2026-06-23T13:23:56.807453,617866,43
2026-06-23T13:23:56.807525,617867,43
2026-06-23T13:23:56.807596,617868,43
2026-06-23T13:23:56.817318,617869,43
2026-06-23T13:23:56.817413,617870,44
2026-06-23T13:23:56.817525,617871,43
2026-06-23T13:23:56.817605,617871,43
2026-06-23T13:23:56.817677,617872,44
2026-06-23T13:23:56.817749,617873,44
2026-06-23T13:23:56.817820,617874,45
2026-06-23T13:23:56.817892,617875,45
2026-06-23T13:23:56.817964,617876,45
2026-06-23T13:23:56.818035,617877,46
2026-06-23T13:23:56.818106,617878,45
2026-06-23T13:23:56.827737,617879,45
2026-06-23T13:23:56.827817,617880,45
2026-06-23T13:23:56.827918,617881,47
2026-06-23T13:23:56.827995,617882,46
2026-06-23T13:23:56.828067,617883,46
2026-06-23T13:23:56.828139,617884,46
2026-06-23T13:23:56.828211,617885,47
2026-06-23T13:23:56.828282,617886,47
2026-06-23T13:23:56.828353,617887,47
2026-06-23T13:23:56.828425,617888,47
2026-06-23T13:23:56.828496,617889,47
2026-06-23T13:23:56.838216,617890,47
2026-06-23T13:23:56.838328,617891,46
2026-06-23T13:23:56.838406,617892,46
2026-06-23T13:23:56.838481,617892,46
2026-06-23T13:23:56.838554,617893,46
2026-06-23T13:23:56.838627,617894,46
2026-06-23T13:23:56.838700,617895,46
2026-06-23T13:23:56.838772,617896,47
2026-06-23T13:23:56.838845,617897,47
2026-06-23T13:23:56.838917,617898,46
2026-06-23T13:23:56.838988,617899,47
2026-06-23T13:23:56.848641,617900,47
2026-06-23T13:23:56.848737,617901,48
2026-06-23T13:23:56.848810,617902,48
2026-06-23T13:23:56.848882,617903,49
2026-06-23T13:23:56.848953,617904,50
2026-06-23T13:23:56.849025,617905,50
2026-06-23T13:23:56.849096,617906,50
2026-06-23T13:23:56.849168,617907,50
2026-06-23T13:23:56.849239,617908,50
2026-06-23T13:23:56.849311,617909,51
2026-06-23T13:23:56.859114,617910,51
2026-06-23T13:23:56.859224,617911,51
2026-06-23T13:23:56.859298,617912,51
2026-06-23T13:23:56.859371,617913,51
2026-06-23T13:23:56.859443,617914,51
2026-06-23T13:23:56.859516,617914,51
2026-06-23T13:23:56.859588,617915,51
2026-06-23T13:23:56.859660,617916,51
2026-06-23T13:23:56.859732,617917,51
2026-06-23T13:23:56.859804,617918,51
2026-06-23T13:23:56.859876,617919,51
2026-06-23T13:23:56.869446,617920,51
2026-06-23T13:23:56.869545,617921,51
2026-06-23T13:23:56.869633,617922,51
2026-06-23T13:23:56.869706,617923,51
2026-06-23T13:23:56.869779,617924,51
2026-06-23T13:23:56.869851,617925,51
2026-06-23T13:23:56.869937,617926,51
2026-06-23T13:23:56.870010,617927,51
2026-06-23T13:23:56.870082,617928,51
2026-06-23T13:23:56.870155,617929,51
2026-06-23T13:23:56.870228,617930,52
2026-06-23T13:23:56.879864,617931,51
2026-06-23T13:23:56.879945,617932,51
2026-06-23T13:23:56.880018,617933,52
2026-06-23T13:23:56.880091,617934,51
2026-06-23T13:23:56.880163,617935,51
2026-06-23T13:23:56.880235,617935,51
2026-06-23T13:23:56.880307,617936,51
2026-06-23T13:23:56.880378,617937,51
2026-06-23T13:23:56.880450,617938,51
2026-06-23T13:23:56.880521,617939,52
2026-06-23T13:23:56.880592,617940,51
2026-06-23T13:23:56.890373,617941,51
2026-06-23T13:23:56.890472,617942,51
2026-06-23T13:23:56.890546,617943,50
2026-06-23T13:23:56.890619,617944,50
2026-06-23T13:23:56.890693,617945,50
2026-06-23T13:23:56.890765,617946,49
2026-06-23T13:23:56.890864,617947,49
2026-06-23T13:23:56.890949,617948,49
2026-06-23T13:23:56.891023,617949,49
2026-06-23T13:23:56.891094,617950,45
2026-06-23T13:23:56.891167,617951,49
2026-06-23T13:23:56.900829,617952,49
2026-06-23T13:23:56.900939,617953,49
2026-06-23T13:23:56.901028,617954,49
2026-06-23T13:23:56.901120,617955,48
2026-06-23T13:23:56.901193,617956,48
2026-06-23T13:23:56.901264,617956,48
2026-06-23T13:23:56.901335,617957,48
2026-06-23T13:23:56.901407,617958,48
2026-06-23T13:23:56.901477,617959,48
2026-06-23T13:23:56.901548,617960,48
2026-06-23T13:23:56.901619,617961,48
2026-06-23T13:23:56.911223,617962,48
2026-06-23T13:23:56.911308,617963,48
2026-06-23T13:23:56.911421,617964,48
2026-06-23T13:23:56.911500,617965,48
2026-06-23T13:23:56.911575,617966,48
2026-06-23T13:23:56.911647,617967,48
2026-06-23T13:23:56.911719,617968,47
2026-06-23T13:23:56.911795,617969,47
2026-06-23T13:23:56.911866,617970,47
2026-06-23T13:23:56.911937,617971,47
2026-06-23T13:23:56.912011,617972,47
2026-06-23T13:23:56.921712,617973,47
2026-06-23T13:23:56.921812,617974,47
2026-06-23T13:23:56.921886,617975,47
2026-06-23T13:23:56.921959,617976,47
2026-06-23T13:23:56.922031,617977,47
2026-06-23T13:23:56.922103,617978,47
2026-06-23T13:23:56.922174,617978,47
2026-06-23T13:23:56.922246,617979,47
2026-06-23T13:23:56.922317,617980,48
2026-06-23T13:23:56.922388,617981,48
2026-06-23T13:23:56.922459,617982,47
2026-06-23T13:23:56.932117,617983,47
2026-06-23T13:23:56.932206,617984,47
2026-06-23T13:23:56.932280,617985,47
2026-06-23T13:23:56.932353,617986,48
2026-06-23T13:23:56.932426,617987,48
2026-06-23T13:23:56.932499,617988,48
2026-06-23T13:23:56.932571,617989,49
2026-06-23T13:23:56.932643,617990,49
2026-06-23T13:23:56.932715,617991,49
2026-06-23T13:23:56.932786,617992,49
2026-06-23T13:23:56.932857,617993,49
2026-06-23T13:23:56.942499,617994,49
2026-06-23T13:23:56.942584,617995,48
2026-06-23T13:23:56.942686,617996,48
2026-06-23T13:23:56.942762,617997,47
2026-06-23T13:23:56.942835,617998,48
2026-06-23T13:23:56.942906,617999,48
2026-06-23T13:23:56.942978,617999,48
2026-06-23T13:23:56.943052,618000,48
2026-06-23T13:23:56.943123,618001,48
2026-06-23T13:23:56.943194,618002,48
2026-06-23T13:23:56.943265,618003,48
2026-06-23T13:23:56.953054,618004,48
2026-06-23T13:23:56.953154,618005,48
2026-06-23T13:23:56.953227,618006,48
2026-06-23T13:23:56.953313,618007,49
2026-06-23T13:23:56.953386,618008,49
2026-06-23T13:23:56.953459,618009,49
2026-06-23T13:23:56.953535,618010,49
2026-06-23T13:23:56.953639,618011,49
2026-06-23T13:23:56.953726,618012,48
2026-06-23T13:23:56.953801,618013,48
2026-06-23T13:23:56.953874,618014,48
2026-06-23T13:23:56.963419,618015,48
2026-06-23T13:23:56.963502,618016,48
2026-06-23T13:23:56.963574,618017,48
2026-06-23T13:23:56.963645,618018,48
2026-06-23T13:23:56.963717,618019,48
2026-06-23T13:23:56.963788,618020,48
2026-06-23T13:23:56.963859,618020,49
2026-06-23T13:23:56.963931,618021,50
2026-06-23T13:23:56.964005,618022,49
2026-06-23T13:23:56.964076,618023,49
2026-06-23T13:23:56.973911,618024,49
2026-06-23T13:23:56.974007,618025,49
2026-06-23T13:23:56.974082,618026,49
2026-06-23T13:23:56.974156,618027,48
2026-06-23T13:23:56.974228,618028,49
2026-06-23T13:23:56.974300,618029,48
2026-06-23T13:23:56.974371,618030,48
2026-06-23T13:23:56.974443,618031,48
2026-06-23T13:23:56.974515,618032,48
2026-06-23T13:23:56.974586,618033,47
2026-06-23T13:23:56.974658,618034,47
2026-06-23T13:23:56.984330,618035,48
2026-06-23T13:23:56.984428,618036,48
2026-06-23T13:23:56.984515,618037,48
2026-06-23T13:23:56.984591,618038,49
2026-06-23T13:23:56.984666,618039,48
2026-06-23T13:23:56.984738,618040,48
2026-06-23T13:23:56.984809,618041,48
2026-06-23T13:23:56.984880,618042,47
2026-06-23T13:23:56.984951,618042,47
2026-06-23T13:23:56.985022,618043,47
2026-06-23T13:23:56.985092,618044,47
2026-06-23T13:23:56.994757,618045,46
2026-06-23T13:23:56.994840,618046,46
2026-06-23T13:23:56.994945,618047,45
2026-06-23T13:23:56.995025,618048,45
2026-06-23T13:23:56.995106,618049,45
2026-06-23T13:23:56.995179,618050,45
2026-06-23T13:23:56.995250,618051,45
2026-06-23T13:23:56.995321,618052,45
2026-06-23T13:23:56.995392,618053,45
2026-06-23T13:23:56.995464,618054,45
2026-06-23T13:23:56.995534,618055,45
2026-06-23T13:23:57.005199,618056,45
2026-06-23T13:23:57.005301,618057,45
2026-06-23T13:23:57.005403,618058,45
2026-06-23T13:23:57.005479,618059,45
2026-06-23T13:23:57.005554,618060,45
2026-06-23T13:23:57.005629,618061,44
2026-06-23T13:23:57.005702,618062,44
2026-06-23T13:23:57.005775,618063,44
2026-06-23T13:23:57.005849,618063,44
2026-06-23T13:23:57.005922,618064,44
2026-06-23T13:23:57.005996,618065,44
2026-06-23T13:23:57.015634,618066,44
2026-06-23T13:23:57.015723,618067,43
2026-06-23T13:23:57.015796,618068,45
2026-06-23T13:23:57.015869,618069,44
2026-06-23T13:23:57.015941,618070,43
2026-06-23T13:23:57.016013,618071,43
2026-06-23T13:23:57.016084,618072,43
2026-06-23T13:23:57.016155,618073,42
2026-06-23T13:23:57.016227,618074,43
2026-06-23T13:23:57.016298,618075,43
2026-06-23T13:23:57.016369,618076,44
2026-06-23T13:23:57.026060,618077,43
2026-06-23T13:23:57.026144,618078,43
2026-06-23T13:23:57.026217,618079,42
2026-06-23T13:23:57.026288,618080,42
2026-06-23T13:23:57.026360,618081,42
2026-06-23T13:23:57.026432,618082,40
2026-06-23T13:23:57.026507,618083,41
2026-06-23T13:23:57.026579,618084,41
2026-06-23T13:23:57.026655,618084,41
2026-06-23T13:23:57.026728,618085,41
2026-06-23T13:23:57.026800,618086,40
2026-06-23T13:23:57.036530,618087,40
2026-06-23T13:23:57.036646,618088,40
2026-06-23T13:23:57.036721,618089,39
2026-06-23T13:23:57.036793,618090,40
2026-06-23T13:23:57.036872,618091,39
2026-06-23T13:23:57.036945,618092,39
2026-06-23T13:23:57.037020,618093,39
2026-06-23T13:23:57.037092,618094,39
2026-06-23T13:23:57.037163,618095,39
2026-06-23T13:23:57.037235,618096,39
2026-06-23T13:23:57.037306,618097,40
2026-06-23T13:23:57.046924,618098,39
2026-06-23T13:23:57.047004,618099,39
2026-06-23T13:23:57.047076,618100,39
2026-06-23T13:23:57.047147,618101,39
2026-06-23T13:23:57.047218,618102,39
2026-06-23T13:23:57.047290,618103,39
2026-06-23T13:23:57.047361,618104,39
2026-06-23T13:23:57.047442,618105,39
2026-06-23T13:23:57.047515,618106,39
2026-06-23T13:23:57.047586,618106,38
2026-06-23T13:23:57.047667,618107,39
2026-06-23T13:23:57.057413,618108,38
2026-06-23T13:23:57.057554,618109,38
2026-06-23T13:23:57.057640,618110,39
2026-06-23T13:23:57.057715,618111,39
2026-06-23T13:23:57.057788,618112,38
2026-06-23T13:23:57.057861,618113,38
2026-06-23T13:23:57.057934,618114,38
2026-06-23T13:23:57.058008,618115,38
2026-06-23T13:23:57.058079,618116,38
2026-06-23T13:23:57.058151,618117,38
2026-06-23T13:23:57.058223,618118,38
2026-06-23T13:23:57.067929,618119,38
2026-06-23T13:23:57.068023,618120,38
2026-06-23T13:23:57.068115,618121,38
2026-06-23T13:23:57.068189,618122,38
2026-06-23T13:23:57.068262,618123,38
2026-06-23T13:23:57.068334,618124,38
2026-06-23T13:23:57.068405,618125,38
2026-06-23T13:23:57.068476,618126,38
2026-06-23T13:23:57.068547,618127,38
2026-06-23T13:23:57.068618,618127,37
2026-06-23T13:23:57.068689,618128,37
2026-06-23T13:23:57.078274,618129,37
2026-06-23T13:23:57.078353,618130,37
2026-06-23T13:23:57.078483,618131,36
2026-06-23T13:23:57.078583,618132,36
2026-06-23T13:23:57.078669,618133,36
2026-06-23T13:23:57.078752,618134,36
2026-06-23T13:23:57.078827,618135,32
2026-06-23T13:23:57.078908,618136,36
2026-06-23T13:23:57.078981,618137,35
2026-06-23T13:23:57.079063,618138,35
2026-06-23T13:23:57.088686,618139,36
2026-06-23T13:23:57.088797,618140,36
2026-06-23T13:23:57.088871,618141,35
2026-06-23T13:23:57.088944,618142,35
2026-06-23T13:23:57.089017,618143,35
2026-06-23T13:23:57.089090,618144,35
2026-06-23T13:23:57.089162,618145,35
2026-06-23T13:23:57.089236,618146,35
2026-06-23T13:23:57.089308,618147,35
2026-06-23T13:23:57.089380,618148,35
2026-06-23T13:23:57.089451,618148,35
2026-06-23T13:23:57.099160,618149,35
2026-06-23T13:23:57.099264,618150,35
2026-06-23T13:23:57.099342,618151,34
2026-06-23T13:23:57.099425,618152,34
2026-06-23T13:23:57.099500,618153,34
2026-06-23T13:23:57.099573,618154,34
2026-06-23T13:23:57.099649,618155,34
2026-06-23T13:23:57.099725,618156,34
2026-06-23T13:23:57.099797,618157,34
2026-06-23T13:23:57.099869,618158,35
2026-06-23T13:23:57.099941,618159,34
2026-06-23T13:23:57.109544,618160,34
2026-06-23T13:23:57.109632,618161,34
2026-06-23T13:23:57.109705,618162,34
2026-06-23T13:23:57.109778,618163,35
2026-06-23T13:23:57.109850,618164,35
2026-06-23T13:23:57.109922,618165,35
2026-06-23T13:23:57.109993,618166,34
2026-06-23T13:23:57.110079,618167,34
2026-06-23T13:23:57.110150,618168,34
2026-06-23T13:23:57.110222,618169,34
2026-06-23T13:23:57.110293,618170,35
2026-06-23T13:23:57.120103,618170,35
2026-06-23T13:23:57.120205,618171,35
2026-06-23T13:23:57.120335,618172,35
2026-06-23T13:23:57.120423,618173,35
2026-06-23T13:23:57.120499,618174,35
2026-06-23T13:23:57.120572,618175,35
2026-06-23T13:23:57.120645,618176,35
2026-06-23T13:23:57.120718,618177,35
2026-06-23T13:23:57.120790,618178,35
2026-06-23T13:23:57.120862,618179,35
2026-06-23T13:23:57.120934,618180,35
2026-06-23T13:23:57.130467,618181,35
2026-06-23T13:23:57.130550,618182,35
2026-06-23T13:23:57.130623,618183,35
2026-06-23T13:23:57.130696,618184,35
2026-06-23T13:23:57.130768,618185,35
2026-06-23T13:23:57.130840,618186,35
2026-06-23T13:23:57.130912,618187,35
2026-06-23T13:23:57.130984,618188,35
2026-06-23T13:23:57.131055,618189,35
2026-06-23T13:23:57.131127,618190,35
2026-06-23T13:23:57.131199,618191,36
2026-06-23T13:23:57.140900,618191,36
2026-06-23T13:23:57.140991,618192,37
2026-06-23T13:23:57.141064,618193,36
2026-06-23T13:23:57.141136,618194,37
2026-06-23T13:23:57.141210,618195,37
2026-06-23T13:23:57.141281,618196,36
2026-06-23T13:23:57.141354,618197,36
2026-06-23T13:23:57.141425,618198,37
2026-06-23T13:23:57.141497,618199,36
2026-06-23T13:23:57.141568,618200,36
2026-06-23T13:23:57.141639,618201,36
2026-06-23T13:23:57.151428,618202,36
2026-06-23T13:23:57.151526,618203,36
2026-06-23T13:23:57.151616,618204,37
2026-06-23T13:23:57.151690,618205,37
2026-06-23T13:23:57.151767,618206,37
2026-06-23T13:23:57.151839,618207,37
2026-06-23T13:23:57.151911,618208,37
2026-06-23T13:23:57.151983,618209,36
2026-06-23T13:23:57.152054,618210,37
2026-06-23T13:23:57.152125,618211,37
2026-06-23T13:23:57.152196,618212,36
2026-06-23T13:23:57.161814,618213,35
2026-06-23T13:23:57.161897,618213,36
2026-06-23T13:23:57.161999,618214,37
2026-06-23T13:23:57.162073,618215,36
2026-06-23T13:23:57.162145,618216,37
2026-06-23T13:23:57.162217,618217,37
2026-06-23T13:23:57.162288,618218,37
2026-06-23T13:23:57.162369,618219,37
2026-06-23T13:23:57.162441,618220,37
2026-06-23T13:23:57.162514,618221,38
2026-06-23T13:23:57.162585,618222,38
2026-06-23T13:23:57.172244,618223,39
2026-06-23T13:23:57.172341,618224,39
2026-06-23T13:23:57.172414,618225,39
2026-06-23T13:23:57.172485,618226,39
2026-06-23T13:23:57.172563,618227,39
2026-06-23T13:23:57.172659,618228,39
2026-06-23T13:23:57.172755,618229,40
2026-06-23T13:23:57.172830,618230,40
2026-06-23T13:23:57.172901,618231,40
2026-06-23T13:23:57.172973,618232,40
2026-06-23T13:23:57.173044,618233,40
2026-06-23T13:23:57.182871,618234,40
2026-06-23T13:23:57.183019,618234,41
2026-06-23T13:23:57.183100,618235,41
2026-06-23T13:23:57.183173,618236,41
2026-06-23T13:23:57.183246,618237,41
2026-06-23T13:23:57.183318,618238,41
2026-06-23T13:23:57.183391,618239,40
2026-06-23T13:23:57.183463,618240,41
2026-06-23T13:23:57.183534,618241,41
2026-06-23T13:23:57.183606,618242,42
2026-06-23T13:23:57.183678,618243,42
2026-06-23T13:23:57.193170,618244,42
2026-06-23T13:23:57.193254,618245,42
2026-06-23T13:23:57.193327,618246,42
2026-06-23T13:23:57.193399,618247,42
2026-06-23T13:23:57.193471,618248,42
2026-06-23T13:23:57.193543,618249,42
2026-06-23T13:23:57.193615,618250,42
2026-06-23T13:23:57.193686,618251,42
2026-06-23T13:23:57.193761,618252,41
2026-06-23T13:23:57.193837,618253,42
2026-06-23T13:23:57.203519,618254,42
2026-06-23T13:23:57.203649,618255,41
2026-06-23T13:23:57.203729,618255,42
2026-06-23T13:23:57.203805,618256,42
2026-06-23T13:23:57.203880,618257,42
2026-06-23T13:23:57.203954,618258,42
2026-06-23T13:23:57.204027,618259,43
2026-06-23T13:23:57.204100,618260,42
2026-06-23T13:23:57.204172,618261,43
2026-06-23T13:23:57.204244,618262,43
2026-06-23T13:23:57.204315,618263,43
2026-06-23T13:23:57.213984,618264,43
2026-06-23T13:23:57.214067,618265,43
2026-06-23T13:23:57.214140,618266,43
2026-06-23T13:23:57.214212,618267,42
2026-06-23T13:23:57.214285,618268,42
2026-06-23T13:23:57.214358,618269,42
2026-06-23T13:23:57.214429,618270,42
2026-06-23T13:23:57.214503,618271,42
2026-06-23T13:23:57.214575,618272,42
2026-06-23T13:23:57.214646,618273,43
2026-06-23T13:23:57.214717,618274,42
2026-06-23T13:23:57.224362,618275,42
2026-06-23T13:23:57.224451,618276,41
2026-06-23T13:23:57.224524,618277,41
2026-06-23T13:23:57.224596,618277,41
2026-06-23T13:23:57.224668,618278,41
2026-06-23T13:23:57.224739,618279,40
2026-06-23T13:23:57.224811,618280,40
2026-06-23T13:23:57.224882,618281,41
2026-06-23T13:23:57.224953,618282,42
2026-06-23T13:23:57.225025,618283,41
2026-06-23T13:23:57.225097,618284,42
2026-06-23T13:23:57.234874,618285,42
2026-06-23T13:23:57.234986,618286,42
2026-06-23T13:23:57.235084,618287,42
2026-06-23T13:23:57.235183,618288,42
2026-06-23T13:23:57.235260,618289,43
2026-06-23T13:23:57.235332,618290,41
2026-06-23T13:23:57.235404,618291,41
2026-06-23T13:23:57.235476,618292,41
2026-06-23T13:23:57.235548,618293,41
2026-06-23T13:23:57.235619,618294,40
2026-06-23T13:23:57.235691,618295,40
2026-06-23T13:23:57.245292,618296,40
2026-06-23T13:23:57.245377,618297,40
2026-06-23T13:23:57.245479,618298,40
2026-06-23T13:23:57.245555,618298,40
2026-06-23T13:23:57.245628,618299,39
2026-06-23T13:23:57.245701,618300,39
2026-06-23T13:23:57.245787,618301,39
2026-06-23T13:23:57.245878,618302,39
2026-06-23T13:23:57.245970,618303,39
2026-06-23T13:23:57.246061,618304,39
2026-06-23T13:23:57.246151,618305,39
2026-06-23T13:23:57.255780,618306,39
2026-06-23T13:23:57.255876,618307,38
2026-06-23T13:23:57.255948,618308,38
2026-06-23T13:23:57.256020,618309,38
2026-06-23T13:23:57.256093,618310,38
2026-06-23T13:23:57.256165,618311,38
2026-06-23T13:23:57.256236,618312,38
2026-06-23T13:23:57.256307,618313,38
2026-06-23T13:23:57.256378,618314,38
2026-06-23T13:23:57.256449,618315,38
2026-06-23T13:23:57.256543,618316,38
2026-06-23T13:23:57.266191,618317,38
2026-06-23T13:23:57.266284,618318,37
2026-06-23T13:23:57.266356,618319,37
2026-06-23T13:23:57.266436,618319,37
2026-06-23T13:23:57.266535,618320,37
2026-06-23T13:23:57.266619,618321,37
2026-06-23T13:23:57.266694,618322,36
2026-06-23T13:23:57.266767,618323,36
2026-06-23T13:23:57.266839,618324,36
2026-06-23T13:23:57.266911,618325,36
2026-06-23T13:23:57.266982,618326,36
2026-06-23T13:23:57.276615,618327,35
2026-06-23T13:23:57.276697,618328,35
2026-06-23T13:23:57.276770,618329,35
2026-06-23T13:23:57.276844,618330,35
2026-06-23T13:23:57.276916,618331,35
2026-06-23T13:23:57.276988,618332,35
2026-06-23T13:23:57.277061,618333,34
2026-06-23T13:23:57.277135,618334,34
2026-06-23T13:23:57.277206,618335,35
2026-06-23T13:23:57.277277,618336,34
2026-06-23T13:23:57.277349,618337,34
2026-06-23T13:23:57.287145,618338,34
2026-06-23T13:23:57.287243,618339,34
2026-06-23T13:23:57.287331,618340,34
2026-06-23T13:23:57.287405,618341,34
2026-06-23T13:23:57.287478,618341,34
2026-06-23T13:23:57.287550,618342,34
2026-06-23T13:23:57.287621,618343,34
2026-06-23T13:23:57.287693,618344,34
2026-06-23T13:23:57.287764,618345,34
2026-06-23T13:23:57.287835,618346,34
2026-06-23T13:23:57.287906,618347,34
2026-06-23T13:23:57.297507,618348,35
2026-06-23T13:23:57.297594,618349,34
2026-06-23T13:23:57.297668,618350,34
2026-06-23T13:23:57.297741,618351,34
2026-06-23T13:23:57.297814,618352,34
2026-06-23T13:23:57.297886,618353,34
2026-06-23T13:23:57.297961,618354,33
2026-06-23T13:23:57.298031,618355,34
2026-06-23T13:23:57.298103,618356,33
2026-06-23T13:23:57.298175,618357,33
2026-06-23T13:23:57.298246,618358,33
2026-06-23T13:23:57.307914,618359,33
2026-06-23T13:23:57.308004,618360,33
2026-06-23T13:23:57.308076,618361,33
2026-06-23T13:23:57.308149,618362,33
2026-06-23T13:23:57.308221,618362,33
2026-06-23T13:23:57.308294,618363,33
2026-06-23T13:23:57.308366,618364,34
2026-06-23T13:23:57.308438,618365,33
2026-06-23T13:23:57.308510,618366,33
2026-06-23T13:23:57.308583,618367,28
2026-06-23T13:23:57.318405,618368,33
2026-06-23T13:23:57.318527,618369,33
2026-06-23T13:23:57.318617,618370,33
2026-06-23T13:23:57.318691,618371,33
2026-06-23T13:23:57.318767,618372,33
2026-06-23T13:23:57.318839,618373,33
2026-06-23T13:23:57.318910,618374,33
2026-06-23T13:23:57.318982,618375,33
2026-06-23T13:23:57.319054,618376,33
2026-06-23T13:23:57.319125,618377,33
2026-06-23T13:23:57.319196,618378,33
2026-06-23T13:23:57.328801,618379,33
2026-06-23T13:23:57.328880,618380,32
2026-06-23T13:23:57.328992,618381,32
2026-06-23T13:23:57.329073,618382,32
2026-06-23T13:23:57.329148,618383,32
2026-06-23T13:23:57.329220,618383,32
2026-06-23T13:23:57.329293,618384,33
2026-06-23T13:23:57.329365,618385,33
2026-06-23T13:23:57.329436,618386,33
2026-06-23T13:23:57.329508,618387,33
2026-06-23T13:23:57.329579,618388,33
2026-06-23T13:23:57.339236,618389,33
2026-06-23T13:23:57.339334,618390,33
2026-06-23T13:23:57.339411,618391,33
2026-06-23T13:23:57.339485,618392,32
2026-06-23T13:23:57.339557,618393,32
2026-06-23T13:23:57.339629,618394,32
2026-06-23T13:23:57.339700,618395,32
2026-06-23T13:23:57.339773,618396,32
2026-06-23T13:23:57.339843,618397,32
2026-06-23T13:23:57.339915,618398,32
2026-06-23T13:23:57.339987,618399,32
2026-06-23T13:23:57.349694,618400,32
2026-06-23T13:23:57.349789,618401,32
2026-06-23T13:23:57.349862,618402,32
2026-06-23T13:23:57.349933,618403,32
2026-06-23T13:23:57.350005,618404,32
2026-06-23T13:23:57.350077,618405,33
2026-06-23T13:23:57.350149,618405,32
2026-06-23T13:23:57.350220,618406,32
2026-06-23T13:23:57.350292,618407,32
2026-06-23T13:23:57.350365,618408,32
2026-06-23T13:23:57.350438,618409,32
2026-06-23T13:23:57.360143,618410,32
2026-06-23T13:23:57.360227,618411,32
2026-06-23T13:23:57.360302,618412,31
2026-06-23T13:23:57.360378,618413,31
2026-06-23T13:23:57.360451,618414,31
2026-06-23T13:23:57.360523,618415,31
2026-06-23T13:23:57.360596,618416,31
2026-06-23T13:23:57.360671,618417,31
2026-06-23T13:23:57.360744,618418,31
2026-06-23T13:23:57.360824,618419,31
2026-06-23T13:23:57.360906,618420,31
2026-06-23T13:23:57.370553,618421,31
2026-06-23T13:23:57.370648,618422,32
2026-06-23T13:23:57.370722,618423,32
2026-06-23T13:23:57.370795,618424,32
2026-06-23T13:23:57.370866,618425,33
2026-06-23T13:23:57.370938,618426,33
2026-06-23T13:23:57.371012,618426,32
2026-06-23T13:23:57.371083,618427,33
2026-06-23T13:23:57.371155,618428,33
2026-06-23T13:23:57.371226,618429,33
2026-06-23T13:23:57.371298,618430,33
2026-06-23T13:23:57.381074,618431,33
2026-06-23T13:23:57.381158,618432,33
2026-06-23T13:23:57.381231,618433,33
2026-06-23T13:23:57.381302,618434,32
2026-06-23T13:23:57.381373,618435,32
2026-06-23T13:23:57.381444,618436,33
2026-06-23T13:23:57.381516,618437,33
2026-06-23T13:23:57.381588,618438,33
2026-06-23T13:23:57.381659,618439,33
2026-06-23T13:23:57.381731,618440,33
2026-06-23T13:23:57.381802,618441,32
2026-06-23T13:23:57.391402,618442,32
2026-06-23T13:23:57.391490,618443,32
2026-06-23T13:23:57.391563,618444,32
2026-06-23T13:23:57.391635,618445,32
2026-06-23T13:23:57.391706,618446,32
2026-06-23T13:23:57.391777,618447,31
2026-06-23T13:23:57.391849,618448,32
2026-06-23T13:23:57.391920,618448,32
2026-06-23T13:23:57.391992,618449,32
2026-06-23T13:23:57.392063,618450,32
2026-06-23T13:23:57.392135,618451,32
2026-06-23T13:23:57.401864,618452,32
2026-06-23T13:23:57.401967,618453,32
2026-06-23T13:23:57.402103,618454,32
2026-06-23T13:23:57.402184,618455,32
2026-06-23T13:23:57.402257,618456,31
2026-06-23T13:23:57.402330,618457,33
2026-06-23T13:23:57.402401,618458,31
2026-06-23T13:23:57.402473,618459,32
2026-06-23T13:23:57.402544,618460,31
2026-06-23T13:23:57.402616,618461,31
2026-06-23T13:23:57.402687,618462,31
2026-06-23T13:23:57.412355,618463,32
2026-06-23T13:23:57.412435,618464,31
2026-06-23T13:23:57.412497,618465,31
2026-06-23T13:23:57.412557,618466,31
2026-06-23T13:23:57.412617,618467,31
2026-06-23T13:23:57.412677,618468,31
2026-06-23T13:23:57.412736,618469,31
2026-06-23T13:23:57.412794,618469,30
2026-06-23T13:23:57.412853,618470,30
2026-06-23T13:23:57.412912,618471,31
2026-06-23T13:23:57.412970,618472,31
2026-06-23T13:23:57.422818,618473,31
2026-06-23T13:23:57.422925,618474,31
2026-06-23T13:23:57.422997,618475,31
2026-06-23T13:23:57.423070,618476,31
2026-06-23T13:23:57.423142,618477,31
2026-06-23T13:23:57.423214,618478,31
2026-06-23T13:23:57.423286,618479,31
2026-06-23T13:23:57.423358,618480,31
2026-06-23T13:23:57.423430,618481,31
2026-06-23T13:23:57.423502,618482,31
2026-06-23T13:23:57.433207,618483,30
2026-06-23T13:23:57.433307,618484,31
2026-06-23T13:23:57.433380,618485,31
2026-06-23T13:23:57.433452,618486,32
2026-06-23T13:23:57.433524,618487,32
2026-06-23T13:23:57.433595,618488,33
2026-06-23T13:23:57.433666,618489,33
2026-06-23T13:23:57.433738,618490,33
2026-06-23T13:23:57.433837,618490,34
2026-06-23T13:23:57.433913,618491,34
2026-06-23T13:23:57.434087,618492,34
2026-06-23T13:23:57.443633,618493,34
2026-06-23T13:23:57.443714,618494,34
2026-06-23T13:23:57.443787,618495,34
2026-06-23T13:23:57.443858,618496,34
2026-06-23T13:23:57.443930,618497,33
2026-06-23T13:23:57.444001,618498,34
2026-06-23T13:23:57.444073,618499,34
2026-06-23T13:23:57.444144,618500,34
2026-06-23T13:23:57.444256,618501,34
2026-06-23T13:23:57.444355,618502,34
2026-06-23T13:23:57.444434,618503,34
2026-06-23T13:23:57.454098,618504,34
2026-06-23T13:23:57.454195,618505,34
2026-06-23T13:23:57.454268,618506,35
2026-06-23T13:23:57.454340,618507,34
2026-06-23T13:23:57.454411,618508,34
2026-06-23T13:23:57.454483,618509,34
2026-06-23T13:23:57.454554,618510,34
2026-06-23T13:23:57.454626,618511,34
2026-06-23T13:23:57.454697,618512,34
2026-06-23T13:23:57.454768,618512,35
2026-06-23T13:23:57.454839,618513,35
2026-06-23T13:23:57.464513,618514,34
2026-06-23T13:23:57.464598,618515,34
2026-06-23T13:23:57.464671,618516,34
2026-06-23T13:23:57.464742,618517,34
2026-06-23T13:23:57.464813,618518,35
2026-06-23T13:23:57.464884,618519,35
2026-06-23T13:23:57.464964,618520,35
2026-06-23T13:23:57.465068,618521,35
2026-06-23T13:23:57.465164,618522,35
2026-06-23T13:23:57.465242,618523,35
2026-06-23T13:23:57.465318,618524,35
2026-06-23T13:23:57.474967,618525,35
2026-06-23T13:23:57.475056,618526,35
2026-06-23T13:23:57.475130,618527,35
2026-06-23T13:23:57.475203,618528,35
2026-06-23T13:23:57.475275,618529,35
2026-06-23T13:23:57.475349,618530,35
2026-06-23T13:23:57.475422,618531,35
2026-06-23T13:23:57.475495,618532,35
2026-06-23T13:23:57.475568,618533,36
2026-06-23T13:23:57.475641,618533,37
2026-06-23T13:23:57.475712,618534,35
2026-06-23T13:23:57.485423,618535,35
2026-06-23T13:23:57.485506,618536,35
2026-06-23T13:23:57.485599,618537,35
2026-06-23T13:23:57.485680,618538,35
2026-06-23T13:23:57.485745,618539,35
2026-06-23T13:23:57.485807,618540,34
2026-06-23T13:23:57.485868,618541,35
2026-06-23T13:23:57.485929,618542,35
2026-06-23T13:23:57.485990,618543,35
2026-06-23T13:23:57.486049,618544,36
2026-06-23T13:23:57.486108,618545,36
2026-06-23T13:23:57.495828,618546,36
2026-06-23T13:23:57.495911,618547,36
2026-06-23T13:23:57.495985,618548,37
2026-06-23T13:23:57.496058,618549,37
2026-06-23T13:23:57.496129,618550,37
2026-06-23T13:23:57.496202,618551,33
2026-06-23T13:23:57.496273,618552,36
2026-06-23T13:23:57.496345,618553,36
2026-06-23T13:23:57.496416,618554,36
2026-06-23T13:23:57.496488,618554,36
2026-06-23T13:23:57.496560,618555,36
2026-06-23T13:23:57.506326,618556,37
2026-06-23T13:23:57.506432,618557,37
2026-06-23T13:23:57.506508,618558,37
2026-06-23T13:23:57.506584,618559,37
2026-06-23T13:23:57.506658,618560,37
2026-06-23T13:23:57.506732,618561,37
2026-06-23T13:23:57.506805,618562,36
2026-06-23T13:23:57.506877,618563,37
2026-06-23T13:23:57.506950,618564,37
2026-06-23T13:23:57.507023,618565,37
2026-06-23T13:23:57.507095,618566,37
2026-06-23T13:23:57.516760,618567,37
2026-06-23T13:23:57.516853,618568,37
2026-06-23T13:23:57.516916,618569,37
2026-06-23T13:23:57.516977,618570,37
2026-06-23T13:23:57.517038,618571,37
2026-06-23T13:23:57.517099,618572,37
2026-06-23T13:23:57.517158,618573,37
2026-06-23T13:23:57.517255,618574,37
2026-06-23T13:23:57.517335,618575,37
2026-06-23T13:23:57.517416,618576,37
2026-06-23T13:23:57.517481,618576,37
2026-06-23T13:23:57.527187,618577,37
2026-06-23T13:23:57.527270,618578,37
2026-06-23T13:23:57.527344,618579,32
2026-06-23T13:23:57.527422,618580,37
2026-06-23T13:23:57.527500,618581,37
2026-06-23T13:23:57.527572,618582,37
2026-06-23T13:23:57.527645,618583,37
2026-06-23T13:23:57.527717,618584,37
2026-06-23T13:23:57.527795,618585,37
2026-06-23T13:23:57.527866,618586,37
2026-06-23T13:23:57.527948,618587,37
2026-06-23T13:23:57.537599,618588,37
2026-06-23T13:23:57.537709,618589,37
2026-06-23T13:23:57.537785,618590,37
2026-06-23T13:23:57.537859,618591,37
2026-06-23T13:23:57.537931,618592,37
2026-06-23T13:23:57.538004,618593,37
2026-06-23T13:23:57.538076,618594,37
2026-06-23T13:23:57.538159,618595,37
2026-06-23T13:23:57.538233,618596,37
2026-06-23T13:23:57.538311,618597,38
2026-06-23T13:23:57.548074,618597,38
2026-06-23T13:23:57.548170,618598,39
2026-06-23T13:23:57.548243,618599,38
2026-06-23T13:23:57.548316,618600,39
2026-06-23T13:23:57.548387,618601,39
2026-06-23T13:23:57.548466,618602,38
2026-06-23T13:23:57.548538,618603,38
2026-06-23T13:23:57.548611,618604,39
2026-06-23T13:23:57.548685,618605,38
2026-06-23T13:23:57.548757,618606,38
2026-06-23T13:23:57.548828,618607,38
2026-06-23T13:23:57.558483,618608,38
2026-06-23T13:23:57.558580,618609,38
2026-06-23T13:23:57.558654,618610,38
2026-06-23T13:23:57.558726,618611,38
2026-06-23T13:23:57.558800,618612,38
2026-06-23T13:23:57.558873,618613,38
2026-06-23T13:23:57.558944,618614,38
2026-06-23T13:23:57.559015,618615,39
2026-06-23T13:23:57.559131,618616,39
2026-06-23T13:23:57.559203,618617,39
2026-06-23T13:23:57.559275,618618,39
2026-06-23T13:23:57.568945,618618,40
2026-06-23T13:23:57.569046,618619,40
2026-06-23T13:23:57.569134,618620,41
2026-06-23T13:23:57.569209,618621,41
2026-06-23T13:23:57.569284,618622,41
2026-06-23T13:23:57.569356,618623,41
2026-06-23T13:23:57.569427,618624,46
2026-06-23T13:23:57.569499,618625,40
2026-06-23T13:23:57.569570,618626,40
2026-06-23T13:23:57.569649,618627,40
2026-06-23T13:23:57.569722,618628,39
2026-06-23T13:23:57.579308,618629,40
2026-06-23T13:23:57.579390,618630,40
2026-06-23T13:23:57.579463,618631,40
2026-06-23T13:23:57.579534,618632,40
2026-06-23T13:23:57.579607,618633,40
2026-06-23T13:23:57.579678,618634,40
2026-06-23T13:23:57.579750,618635,40
2026-06-23T13:23:57.579821,618636,40
2026-06-23T13:23:57.579892,618637,40
2026-06-23T13:23:57.579964,618638,40
2026-06-23T13:23:57.580036,618639,40
2026-06-23T13:23:57.589838,618640,40
2026-06-23T13:23:57.589934,618640,39
2026-06-23T13:23:57.590009,618641,40
2026-06-23T13:23:57.590083,618642,40
2026-06-23T13:23:57.590155,618643,40
2026-06-23T13:23:57.590229,618644,40
2026-06-23T13:23:57.590301,618645,40
2026-06-23T13:23:57.590374,618646,40
2026-06-23T13:23:57.590449,618647,40
2026-06-23T13:23:57.590521,618648,41
2026-06-23T13:23:57.590592,618649,41
2026-06-23T13:23:57.600261,618650,41
2026-06-23T13:23:57.600363,618651,41
2026-06-23T13:23:57.600437,618652,41
2026-06-23T13:23:57.600553,618653,41
2026-06-23T13:23:57.600639,618654,41
2026-06-23T13:23:57.600714,618655,41
2026-06-23T13:23:57.600786,618656,41
2026-06-23T13:23:57.600858,618657,43
2026-06-23T13:23:57.600930,618658,41
2026-06-23T13:23:57.601002,618659,41
2026-06-23T13:23:57.601074,618660,41
2026-06-23T13:23:57.610681,618661,41
2026-06-23T13:23:57.610769,618661,41
2026-06-23T13:23:57.610860,618662,41
2026-06-23T13:23:57.610935,618663,41
2026-06-23T13:23:57.611009,618664,41
2026-06-23T13:23:57.611083,618665,41
2026-06-23T13:23:57.611162,618666,41
2026-06-23T13:23:57.611235,618667,41
2026-06-23T13:23:57.611312,618668,41
2026-06-23T13:23:57.611385,618669,40
2026-06-23T13:23:57.611456,618670,41
2026-06-23T13:23:57.621189,618671,41
2026-06-23T13:23:57.621296,618672,41
2026-06-23T13:23:57.621371,618673,41
2026-06-23T13:23:57.621444,618674,41
2026-06-23T13:23:57.621516,618675,40
2026-06-23T13:23:57.621589,618676,40
2026-06-23T13:23:57.621661,618677,40
2026-06-23T13:23:57.621732,618678,40
2026-06-23T13:23:57.621804,618679,40
2026-06-23T13:23:57.621876,618680,39
2026-06-23T13:23:57.621947,618681,39
2026-06-23T13:23:57.631587,618682,39
2026-06-23T13:23:57.631673,618683,39
2026-06-23T13:23:57.631746,618683,39
2026-06-23T13:23:57.631819,618684,38
2026-06-23T13:23:57.631890,618685,38
2026-06-23T13:23:57.631962,618686,39
2026-06-23T13:23:57.632034,618687,39
2026-06-23T13:23:57.632105,618688,34
2026-06-23T13:23:57.632176,618689,39
2026-06-23T13:23:57.632247,618690,39
2026-06-23T13:23:57.632319,618691,39
2026-06-23T13:23:57.642136,618692,39
2026-06-23T13:23:57.642239,618693,39
2026-06-23T13:23:57.642312,618694,39
2026-06-23T13:23:57.642385,618695,39
2026-06-23T13:23:57.642458,618696,38
2026-06-23T13:23:57.642530,618697,38
2026-06-23T13:23:57.642603,618698,38
2026-06-23T13:23:57.642674,618699,38
2026-06-23T13:23:57.642747,618700,38
2026-06-23T13:23:57.642819,618701,38
2026-06-23T13:23:57.642891,618702,38
2026-06-23T13:23:57.652541,618703,38
2026-06-23T13:23:57.652650,618704,38
2026-06-23T13:23:57.652742,618704,38
2026-06-23T13:23:57.652820,618705,38
2026-06-23T13:23:57.652892,618706,37
2026-06-23T13:23:57.652966,618707,38
2026-06-23T13:23:57.653037,618708,38
2026-06-23T13:23:57.653108,618709,38
2026-06-23T13:23:57.653179,618710,38
2026-06-23T13:23:57.653251,618711,38
2026-06-23T13:23:57.662897,618712,38
2026-06-23T13:23:57.662980,618713,38
2026-06-23T13:23:57.663053,618714,38
2026-06-23T13:23:57.663126,618715,37
2026-06-23T13:23:57.663197,618716,37
2026-06-23T13:23:57.663269,618717,37
2026-06-23T13:23:57.663341,618718,37
2026-06-23T13:23:57.663414,618719,37
2026-06-23T13:23:57.663485,618720,37
2026-06-23T13:23:57.663556,618721,37
2026-06-23T13:23:57.663627,618722,37
2026-06-23T13:23:57.673353,618723,38
2026-06-23T13:23:57.673452,618724,38
2026-06-23T13:23:57.673526,618725,38
2026-06-23T13:23:57.673598,618725,38
2026-06-23T13:23:57.673669,618726,38
2026-06-23T13:23:57.673741,618727,38
2026-06-23T13:23:57.673812,618728,38
2026-06-23T13:23:57.673883,618729,38
2026-06-23T13:23:57.673956,618730,38
2026-06-23T13:23:57.674042,618731,38
2026-06-23T13:23:57.674116,618732,38
2026-06-23T13:23:57.683805,618733,39
2026-06-23T13:23:57.683901,618734,39
2026-06-23T13:23:57.683975,618735,39
2026-06-23T13:23:57.684047,618736,39
2026-06-23T13:23:57.684120,618737,39
2026-06-23T13:23:57.684194,618738,38
2026-06-23T13:23:57.684266,618739,38
2026-06-23T13:23:57.684339,618740,38
2026-06-23T13:23:57.684411,618741,37
2026-06-23T13:23:57.684486,618742,37
2026-06-23T13:23:57.684599,618743,37
2026-06-23T13:23:57.694161,618744,37
2026-06-23T13:23:57.694245,618745,37
2026-06-23T13:23:57.694323,618746,37
2026-06-23T13:23:57.694397,618747,37
2026-06-23T13:23:57.694470,618747,37
2026-06-23T13:23:57.694543,618748,37
2026-06-23T13:23:57.694618,618749,37
2026-06-23T13:23:57.694690,618750,37
2026-06-23T13:23:57.694764,618751,38
2026-06-23T13:23:57.694836,618752,38
2026-06-23T13:23:57.694909,618753,38
2026-06-23T13:23:57.704711,618754,37
2026-06-23T13:23:57.704813,618755,38
2026-06-23T13:23:57.704886,618756,38
2026-06-23T13:23:57.704959,618757,38
2026-06-23T13:23:57.705031,618758,39
2026-06-23T13:23:57.705103,618759,39
2026-06-23T13:23:57.705174,618760,40
2026-06-23T13:23:57.705246,618761,40
2026-06-23T13:23:57.705317,618762,40
2026-06-23T13:23:57.705389,618763,40
2026-06-23T13:23:57.705460,618764,40
2026-06-23T13:23:57.715089,618765,40
2026-06-23T13:23:57.715178,618766,40
2026-06-23T13:23:57.715250,618767,39
2026-06-23T13:23:57.715322,618768,39
2026-06-23T13:23:57.715394,618768,39
2026-06-23T13:23:57.715465,618769,39
2026-06-23T13:23:57.715536,618770,39
2026-06-23T13:23:57.715607,618771,40
2026-06-23T13:23:57.715678,618772,40
2026-06-23T13:23:57.715749,618773,40
2026-06-23T13:23:57.715821,618774,37
2026-06-23T13:23:57.725536,618775,41
2026-06-23T13:23:57.725667,618776,41
2026-06-23T13:23:57.725757,618777,41
2026-06-23T13:23:57.725829,618778,41
2026-06-23T13:23:57.725902,618779,41
2026-06-23T13:23:57.725974,618780,45
2026-06-23T13:23:57.726045,618781,41
2026-06-23T13:23:57.726116,618782,41
2026-06-23T13:23:57.726201,618783,40
2026-06-23T13:23:57.726274,618784,40
2026-06-23T13:23:57.726345,618785,40
2026-06-23T13:23:57.736026,618786,40
2026-06-23T13:23:57.736123,618787,40
2026-06-23T13:23:57.736222,618788,40
2026-06-23T13:23:57.736303,618789,40
2026-06-23T13:23:57.736377,618789,40
2026-06-23T13:23:57.736449,618790,39
2026-06-23T13:23:57.736522,618791,40
2026-06-23T13:23:57.736614,618792,40
2026-06-23T13:23:57.736686,618793,39
2026-06-23T13:23:57.736757,618794,40
2026-06-23T13:23:57.736829,618795,40
2026-06-23T13:23:57.746425,618796,40
2026-06-23T13:23:57.746507,618797,40
2026-06-23T13:23:57.746580,618798,40
2026-06-23T13:23:57.746652,618799,40
2026-06-23T13:23:57.746725,618800,40
2026-06-23T13:23:57.746797,618801,40
2026-06-23T13:23:57.746869,618802,40
2026-06-23T13:23:57.746941,618803,40
2026-06-23T13:23:57.747023,618804,40
2026-06-23T13:23:57.747095,618805,40
2026-06-23T13:23:57.747166,618806,40
2026-06-23T13:23:57.756897,618807,40
2026-06-23T13:23:57.756996,618808,40
2026-06-23T13:23:57.757070,618809,40
2026-06-23T13:23:57.757142,618810,40
2026-06-23T13:23:57.757215,618811,40
2026-06-23T13:23:57.757287,618811,40
2026-06-23T13:23:57.757358,618812,40
2026-06-23T13:23:57.757430,618813,39
2026-06-23T13:23:57.757504,618814,39
2026-06-23T13:23:57.757576,618815,39
2026-06-23T13:23:57.757648,618816,39
2026-06-23T13:23:57.767360,618817,39
2026-06-23T13:23:57.767462,618818,39
2026-06-23T13:23:57.767563,618819,37
2026-06-23T13:23:57.767645,618820,38
2026-06-23T13:23:57.767720,618821,38
2026-06-23T13:23:57.767792,618822,38
2026-06-23T13:23:57.767864,618823,39
2026-06-23T13:23:57.767935,618824,38
2026-06-23T13:23:57.768007,618825,38
2026-06-23T13:23:57.768078,618826,38
2026-06-23T13:23:57.777721,618827,38
2026-06-23T13:23:57.777809,618828,38
2026-06-23T13:23:57.777897,618829,38
2026-06-23T13:23:57.777971,618830,38
2026-06-23T13:23:57.778043,618831,37
2026-06-23T13:23:57.778115,618832,38
2026-06-23T13:23:57.778187,618832,37
2026-06-23T13:23:57.778259,618833,37
2026-06-23T13:23:57.778330,618834,37
2026-06-23T13:23:57.778402,618835,38
2026-06-23T13:23:57.778473,618836,37
2026-06-23T13:23:57.788168,618837,37
2026-06-23T13:23:57.788265,618838,37
2026-06-23T13:23:57.788338,618839,37
2026-06-23T13:23:57.788410,618840,37
2026-06-23T13:23:57.788483,618841,37
2026-06-23T13:23:57.788554,618842,37
2026-06-23T13:23:57.788625,618843,36
2026-06-23T13:23:57.788696,618844,36
2026-06-23T13:23:57.788768,618845,37
2026-06-23T13:23:57.788838,618846,36
2026-06-23T13:23:57.788910,618847,36
2026-06-23T13:23:57.798611,618848,37
2026-06-23T13:23:57.798700,618849,36
2026-06-23T13:23:57.798772,618850,36
2026-06-23T13:23:57.798844,618851,36
2026-06-23T13:23:57.798916,618852,36
2026-06-23T13:23:57.798989,618853,36
2026-06-23T13:23:57.799060,618853,36
2026-06-23T13:23:57.799132,618854,36
2026-06-23T13:23:57.799204,618855,36
2026-06-23T13:23:57.799275,618856,36
2026-06-23T13:23:57.799347,618857,36
2026-06-23T13:23:57.809152,618858,37
2026-06-23T13:23:57.809257,618859,37
2026-06-23T13:23:57.809332,618860,37
2026-06-23T13:23:57.809404,618861,36
2026-06-23T13:23:57.809475,618862,36
2026-06-23T13:23:57.809549,618863,36
2026-06-23T13:23:57.809621,618864,36
2026-06-23T13:23:57.809693,618865,35
2026-06-23T13:23:57.809795,618866,35
2026-06-23T13:23:57.809894,618867,35
2026-06-23T13:23:57.809970,618868,35
2026-06-23T13:23:57.819486,618869,35
2026-06-23T13:23:57.819576,618870,35
2026-06-23T13:23:57.819648,618871,34
2026-06-23T13:23:57.819721,618872,34
2026-06-23T13:23:57.819792,618873,34
2026-06-23T13:23:57.819863,618874,34
2026-06-23T13:23:57.819951,618875,34
2026-06-23T13:23:57.820025,618875,34
2026-06-23T13:23:57.820097,618876,34
2026-06-23T13:23:57.820169,618877,34
2026-06-23T13:23:57.820244,618878,34
2026-06-23T13:23:57.829893,618879,34
2026-06-23T13:23:57.829975,618880,34
2026-06-23T13:23:57.830048,618881,33
2026-06-23T13:23:57.830120,618882,33
2026-06-23T13:23:57.830192,618883,33
2026-06-23T13:23:57.830265,618884,33
2026-06-23T13:23:57.830336,618885,34
2026-06-23T13:23:57.830407,618886,33
2026-06-23T13:23:57.830478,618887,33
2026-06-23T13:23:57.830549,618888,33
2026-06-23T13:23:57.830620,618889,33
2026-06-23T13:23:57.840396,618890,33
2026-06-23T13:23:57.840491,618891,33
2026-06-23T13:23:57.840564,618892,33
2026-06-23T13:23:57.840636,618893,33
2026-06-23T13:23:57.840708,618894,33
2026-06-23T13:23:57.840782,618895,33
2026-06-23T13:23:57.840854,618896,32
2026-06-23T13:23:57.840925,618896,32
2026-06-23T13:23:57.840996,618897,32
2026-06-23T13:23:57.841068,618898,32
2026-06-23T13:23:57.841138,618899,32
2026-06-23T13:23:57.850841,618900,32
2026-06-23T13:23:57.850943,618901,32
2026-06-23T13:23:57.851077,618902,32
2026-06-23T13:23:57.851178,618903,32
2026-06-23T13:23:57.851259,618904,32
2026-06-23T13:23:57.851335,618905,33
2026-06-23T13:23:57.851409,618906,33
2026-06-23T13:23:57.851482,618907,33
2026-06-23T13:23:57.851555,618908,33
2026-06-23T13:23:57.851631,618909,34
2026-06-23T13:23:57.851702,618910,34
2026-06-23T13:23:57.861253,618911,34
2026-06-23T13:23:57.861333,618912,33
2026-06-23T13:23:57.861438,618913,33
2026-06-23T13:23:57.861521,618914,34
2026-06-23T13:23:57.861601,618915,34
2026-06-23T13:23:57.861683,618916,33
2026-06-23T13:23:57.861754,618917,33
2026-06-23T13:23:57.861833,618917,33
2026-06-23T13:23:57.861904,618918,33
2026-06-23T13:23:57.861975,618919,32
2026-06-23T13:23:57.862046,618920,33
2026-06-23T13:23:57.871725,618921,32
2026-06-23T13:23:57.871823,618922,32
2026-06-23T13:23:57.871897,618923,32
2026-06-23T13:23:57.871980,618924,32
2026-06-23T13:23:57.872053,618925,32
2026-06-23T13:23:57.872126,618926,32
2026-06-23T13:23:57.872199,618927,32
2026-06-23T13:23:57.872271,618928,33
2026-06-23T13:23:57.872343,618929,32
2026-06-23T13:23:57.872417,618930,33
2026-06-23T13:23:57.872490,618931,32
2026-06-23T13:23:57.882199,618932,32
2026-06-23T13:23:57.882286,618933,32
2026-06-23T13:23:57.882358,618934,33
2026-06-23T13:23:57.882431,618935,33
2026-06-23T13:23:57.882502,618936,33
2026-06-23T13:23:57.882574,618937,33
2026-06-23T13:23:57.882645,618938,33
2026-06-23T13:23:57.882718,618939,32
2026-06-23T13:23:57.882789,618939,32
2026-06-23T13:23:57.882862,618940,31
2026-06-23T13:23:57.892579,618941,32
2026-06-23T13:23:57.892672,618942,32
2026-06-23T13:23:57.892745,618943,33
2026-06-23T13:23:57.892817,618944,32
2026-06-23T13:23:57.892889,618945,33
2026-06-23T13:23:57.892962,618946,33
2026-06-23T13:23:57.893033,618947,33
2026-06-23T13:23:57.893105,618948,33
2026-06-23T13:23:57.893176,618949,32
2026-06-23T13:23:57.893265,618950,32
2026-06-23T13:23:57.893336,618951,32
2026-06-23T13:23:57.903078,618952,32
2026-06-23T13:23:57.903177,618953,33
2026-06-23T13:23:57.903266,618954,32
2026-06-23T13:23:57.903341,618955,32
2026-06-23T13:23:57.903415,618956,32
2026-06-23T13:23:57.903487,618957,32
2026-06-23T13:23:57.903559,618958,32
2026-06-23T13:23:57.903632,618959,32
2026-06-23T13:23:57.903704,618960,32
2026-06-23T13:23:57.903775,618960,33
2026-06-23T13:23:57.903847,618961,33
2026-06-23T13:23:57.913485,618962,33
2026-06-23T13:23:57.913569,618963,33
2026-06-23T13:23:57.913645,618964,33
2026-06-23T13:23:57.913717,618965,33
2026-06-23T13:23:57.913788,618966,33
2026-06-23T13:23:57.913861,618967,33
2026-06-23T13:23:57.913932,618968,33
2026-06-23T13:23:57.914004,618969,33
2026-06-23T13:23:57.914076,618970,33
2026-06-23T13:23:57.914148,618971,33
2026-06-23T13:23:57.914219,618972,34
2026-06-23T13:23:57.923941,618973,33
2026-06-23T13:23:57.924033,618974,34
2026-06-23T13:23:57.924108,618975,33
2026-06-23T13:23:57.924182,618976,33
2026-06-23T13:23:57.924256,618977,33
2026-06-23T13:23:57.924327,618978,33
2026-06-23T13:23:57.924398,618979,33
2026-06-23T13:23:57.924470,618980,33
2026-06-23T13:23:57.924541,618981,33
2026-06-23T13:23:57.924613,618982,33
2026-06-23T13:23:57.924684,618982,33
2026-06-23T13:23:57.934404,618983,33
2026-06-23T13:23:57.934514,618984,33
2026-06-23T13:23:57.934601,618985,33
2026-06-23T13:23:57.934676,618986,33
2026-06-23T13:23:57.934748,618987,33
2026-06-23T13:23:57.934820,618988,34
2026-06-23T13:23:57.934891,618989,34
2026-06-23T13:23:57.934963,618990,34
2026-06-23T13:23:57.935034,618991,34
2026-06-23T13:23:57.935106,618992,34
2026-06-23T13:23:57.935177,618993,34
2026-06-23T13:23:57.944779,618994,34
2026-06-23T13:23:57.944860,618995,34
2026-06-23T13:23:57.944959,618996,34
2026-06-23T13:23:57.945033,618997,34
2026-06-23T13:23:57.945105,618998,34
2026-06-23T13:23:57.945175,618999,34
2026-06-23T13:23:57.945247,619000,34
2026-06-23T13:23:57.945318,619001,34
2026-06-23T13:23:57.945389,619002,34
2026-06-23T13:23:57.945461,619003,34
2026-06-23T13:23:57.945532,619003,33
2026-06-23T13:23:57.955265,619004,33
2026-06-23T13:23:57.955360,619005,33
2026-06-23T13:23:57.955432,619006,33
2026-06-23T13:23:57.955504,619007,33
2026-06-23T13:23:57.955575,619008,34
2026-06-23T13:23:57.955648,619009,34
2026-06-23T13:23:57.955719,619010,34
2026-06-23T13:23:57.955790,619011,33
2026-06-23T13:23:57.955861,619012,33
2026-06-23T13:23:57.955938,619013,33
2026-06-23T13:23:57.956010,619014,33
2026-06-23T13:23:57.965677,619015,33
2026-06-23T13:23:57.965767,619016,33
2026-06-23T13:23:57.965840,619017,33
2026-06-23T13:23:57.965912,619018,33
2026-06-23T13:23:57.966012,619019,34
2026-06-23T13:23:57.966084,619020,34
2026-06-23T13:23:57.966157,619021,34
2026-06-23T13:23:57.966229,619022,34
2026-06-23T13:23:57.966300,619023,34
2026-06-23T13:23:57.966371,619024,34
2026-06-23T13:23:57.966443,619024,34
2026-06-23T13:23:57.976168,619025,34
2026-06-23T13:23:57.976262,619026,33
2026-06-23T13:23:57.976355,619027,33
2026-06-23T13:23:57.976427,619028,33
2026-06-23T13:23:57.976512,619029,33
2026-06-23T13:23:57.976585,619030,33
2026-06-23T13:23:57.976656,619031,33
2026-06-23T13:23:57.976728,619032,33
2026-06-23T13:23:57.976800,619033,33
2026-06-23T13:23:57.976871,619034,33
2026-06-23T13:23:57.976942,619035,32
2026-06-23T13:23:57.986592,619036,32
2026-06-23T13:23:57.986689,619037,32
2026-06-23T13:23:57.986780,619038,32
2026-06-23T13:23:57.986865,619039,32
2026-06-23T13:23:57.986941,619040,32
2026-06-23T13:23:57.987012,619041,32
2026-06-23T13:23:57.987083,619042,32
2026-06-23T13:23:57.987154,619043,31
2026-06-23T13:23:57.987226,619044,31
2026-06-23T13:23:57.987297,619045,31
2026-06-23T13:23:57.987368,619046,30
2026-06-23T13:23:57.997028,619046,32
2026-06-23T13:23:57.997113,619047,32
2026-06-23T13:23:57.997186,619048,32
2026-06-23T13:23:57.997258,619049,32
2026-06-23T13:23:57.997329,619050,31
2026-06-23T13:23:57.997402,619051,32
2026-06-23T13:23:57.997473,619052,32
2026-06-23T13:23:57.997545,619053,31
2026-06-23T13:23:57.997618,619054,32
2026-06-23T13:23:57.997690,619055,32
2026-06-23T13:23:58.007419,619056,32
2026-06-23T13:23:58.007518,619057,32
2026-06-23T13:23:58.007591,619058,33
2026-06-23T13:23:58.007665,619059,33
2026-06-23T13:23:58.007737,619060,33
2026-06-23T13:23:58.007809,619061,32
2026-06-23T13:23:58.007882,619062,32
2026-06-23T13:23:58.007954,619063,32
2026-06-23T13:23:58.008026,619064,32
2026-06-23T13:23:58.008098,619065,32
2026-06-23T13:23:58.008170,619066,32
2026-06-23T13:23:58.017909,619067,32
2026-06-23T13:23:58.018006,619067,32
2026-06-23T13:23:58.018094,619068,32
2026-06-23T13:23:58.018167,619069,32
2026-06-23T13:23:58.018239,619070,32
2026-06-23T13:23:58.018311,619071,32
2026-06-23T13:23:58.018382,619072,32
2026-06-23T13:23:58.018454,619073,32
2026-06-23T13:23:58.018526,619074,32
2026-06-23T13:23:58.018597,619075,32
2026-06-23T13:23:58.018668,619076,32
2026-06-23T13:23:58.028317,619077,32
2026-06-23T13:23:58.028420,619078,32
2026-06-23T13:23:58.028606,619079,32
2026-06-23T13:23:58.028731,619080,31
2026-06-23T13:23:58.028835,619081,32
2026-06-23T13:23:58.028938,619082,31
2026-06-23T13:23:58.029037,619083,31
2026-06-23T13:23:58.029134,619084,31
2026-06-23T13:23:58.029228,619085,31
2026-06-23T13:23:58.029321,619086,31
2026-06-23T13:23:58.029414,619087,31
2026-06-23T13:23:58.038776,619088,31
2026-06-23T13:23:58.038885,619088,31
2026-06-23T13:23:58.038961,619089,31
2026-06-23T13:23:58.039035,619090,31
2026-06-23T13:23:58.039109,619091,30
2026-06-23T13:23:58.039181,619092,31
2026-06-23T13:23:58.039253,619093,31
2026-06-23T13:23:58.039326,619094,31
2026-06-23T13:23:58.039398,619095,31
2026-06-23T13:23:58.039470,619096,31
2026-06-23T13:23:58.039541,619097,31
2026-06-23T13:23:58.049204,619098,31
2026-06-23T13:23:58.049302,619099,31
2026-06-23T13:23:58.049378,619100,31
2026-06-23T13:23:58.049453,619101,31
2026-06-23T13:23:58.049528,619102,31
2026-06-23T13:23:58.049600,619103,30
2026-06-23T13:23:58.049673,619104,31
2026-06-23T13:23:58.049749,619105,31
2026-06-23T13:23:58.049821,619106,30
2026-06-23T13:23:58.049894,619107,31
2026-06-23T13:23:58.049965,619108,30
2026-06-23T13:23:58.059619,619109,31
2026-06-23T13:23:58.059712,619110,31
2026-06-23T13:23:58.059788,619110,31
2026-06-23T13:23:58.059863,619111,31
2026-06-23T13:23:58.059937,619112,30
2026-06-23T13:23:58.060009,619113,31
2026-06-23T13:23:58.060081,619114,31
2026-06-23T13:23:58.060153,619115,31
2026-06-23T13:23:58.060225,619116,31
2026-06-23T13:23:58.060297,619117,31
2026-06-23T13:23:58.060368,619118,30
2026-06-23T13:23:58.070128,619119,30
2026-06-23T13:23:58.070244,619120,31
2026-06-23T13:23:58.070351,619121,30
2026-06-23T13:23:58.070430,619122,30
2026-06-23T13:23:58.070503,619123,30
2026-06-23T13:23:58.070576,619124,30
2026-06-23T13:23:58.070648,619125,30
2026-06-23T13:23:58.070720,619126,30
2026-06-23T13:23:58.070791,619127,30
2026-06-23T13:23:58.070863,619128,30
2026-06-23T13:23:58.070934,619129,30
2026-06-23T13:23:58.080550,619130,30
2026-06-23T13:23:58.080640,619131,30
2026-06-23T13:23:58.080715,619131,30
2026-06-23T13:23:58.080788,619132,30
2026-06-23T13:23:58.080862,619133,31
2026-06-23T13:23:58.080938,619134,31
2026-06-23T13:23:58.081010,619135,31
2026-06-23T13:23:58.081090,619136,30
2026-06-23T13:23:58.081170,619137,31
2026-06-23T13:23:58.081242,619138,30
2026-06-23T13:23:58.081315,619139,30
2026-06-23T13:23:58.091042,619140,30
2026-06-23T13:23:58.091145,619141,30
2026-06-23T13:23:58.091222,619142,30
2026-06-23T13:23:58.091296,619143,31
2026-06-23T13:23:58.091370,619144,31
2026-06-23T13:23:58.091444,619145,30
2026-06-23T13:23:58.091517,619146,30
2026-06-23T13:23:58.091589,619147,30
2026-06-23T13:23:58.091661,619148,30
2026-06-23T13:23:58.091734,619149,30
2026-06-23T13:23:58.091809,619150,30
2026-06-23T13:23:58.101393,619151,30
2026-06-23T13:23:58.101494,619152,30
2026-06-23T13:23:58.101586,619152,30
2026-06-23T13:23:58.101664,619153,30
2026-06-23T13:23:58.101738,619154,30
2026-06-23T13:23:58.101812,619155,30
2026-06-23T13:23:58.101886,619156,30
2026-06-23T13:23:58.101960,619157,30
2026-06-23T13:23:58.102033,619158,30
2026-06-23T13:23:58.102105,619159,30
2026-06-23T13:23:58.102178,619160,30
2026-06-23T13:23:58.111845,619161,30
2026-06-23T13:23:58.111950,619162,31
2026-06-23T13:23:58.112063,619163,31
2026-06-23T13:23:58.112161,619164,31
2026-06-23T13:23:58.112253,619165,31
2026-06-23T13:23:58.112348,619166,31
2026-06-23T13:23:58.112443,619167,31
2026-06-23T13:23:58.112536,619168,31
2026-06-23T13:23:58.112628,619169,31
2026-06-23T13:23:58.112721,619170,31
2026-06-23T13:23:58.122251,619171,32
2026-06-23T13:23:58.122359,619172,32
2026-06-23T13:23:58.122432,619173,32
2026-06-23T13:23:58.122506,619174,31
2026-06-23T13:23:58.122579,619174,31
2026-06-23T13:23:58.122654,619175,31
2026-06-23T13:23:58.122727,619176,32
2026-06-23T13:23:58.122801,619177,32
2026-06-23T13:23:58.122875,619178,32
2026-06-23T13:23:58.122947,619179,33
2026-06-23T13:23:58.123020,619180,33
2026-06-23T13:23:58.132679,619181,33
2026-06-23T13:23:58.132781,619182,33
2026-06-23T13:23:58.132859,619183,33
2026-06-23T13:23:58.132934,619184,33
2026-06-23T13:23:58.133007,619185,32
2026-06-23T13:23:58.133080,619186,33
2026-06-23T13:23:58.133153,619187,32
2026-06-23T13:23:58.133228,619188,32
2026-06-23T13:23:58.133303,619189,32
2026-06-23T13:23:58.133374,619190,31
2026-06-23T13:23:58.133446,619191,32
2026-06-23T13:23:58.143078,619192,32
2026-06-23T13:23:58.143188,619193,31
2026-06-23T13:23:58.143283,619194,31
2026-06-23T13:23:58.143376,619195,31
2026-06-23T13:23:58.143469,619195,31
2026-06-23T13:23:58.143561,619196,31
2026-06-23T13:23:58.143654,619197,31
2026-06-23T13:23:58.143747,619198,31
2026-06-23T13:23:58.143840,619199,30
2026-06-23T13:23:58.143932,619200,31
2026-06-23T13:23:58.144026,619201,31
2026-06-23T13:23:58.153578,619202,31
2026-06-23T13:23:58.153681,619203,31
2026-06-23T13:23:58.153769,619204,31
2026-06-23T13:23:58.153845,619205,31
2026-06-23T13:23:58.153922,619206,31
2026-06-23T13:23:58.153995,619207,31
2026-06-23T13:23:58.154069,619208,31
2026-06-23T13:23:58.154142,619209,31
2026-06-23T13:23:58.154214,619210,31
2026-06-23T13:23:58.154286,619211,31
2026-06-23T13:23:58.154359,619212,30
2026-06-23T13:23:58.164066,619213,30
2026-06-23T13:23:58.164171,619214,30
2026-06-23T13:23:58.164264,619215,30
2026-06-23T13:23:58.164341,619216,30
2026-06-23T13:23:58.164413,619217,31
2026-06-23T13:23:58.164485,619217,30
2026-06-23T13:23:58.164558,619218,31
2026-06-23T13:23:58.164630,619219,31
2026-06-23T13:23:58.164702,619220,31
2026-06-23T13:23:58.164774,619221,30
2026-06-23T13:23:58.164847,619222,31
