datetime,arduino_millis,voltage
2026-06-23T13:23:15.899491,12,55
2026-06-23T13:23:15.899639,577026,59
2026-06-23T13:23:15.899681,577027,59
2026-06-23T13:23:15.899730,577028,59
2026-06-23T13:23:15.899767,577029,59
2026-06-23T13:23:15.899802,577030,58
2026-06-23T13:23:15.899836,577031,58
2026-06-23T13:23:15.899870,577032,57
2026-06-23T13:23:15.899903,577032,57
2026-06-23T13:23:15.899936,577033,57
2026-06-23T13:23:15.909870,577034,56
2026-06-23T13:23:15.909912,577035,55
2026-06-23T13:23:15.909991,577036,55
2026-06-23T13:23:15.910046,577037,54
2026-06-23T13:23:15.910088,577038,54
2026-06-23T13:23:15.910128,577039,54
2026-06-23T13:23:15.910165,577040,54
2026-06-23T13:23:15.910202,577041,53
2026-06-23T13:23:15.910239,577042,53
2026-06-23T13:23:15.910275,577043,51
2026-06-23T13:23:15.910311,577044,52
2026-06-23T13:23:15.920335,577045,52
2026-06-23T13:23:15.920396,577046,52
2026-06-23T13:23:15.920436,577047,53
2026-06-23T13:23:15.920473,577048,53
2026-06-23T13:23:15.920511,577049,53
2026-06-23T13:23:15.920547,577050,52
2026-06-23T13:23:15.920584,577051,52
2026-06-23T13:23:15.920620,577052,51
2026-06-23T13:23:15.920656,577053,51
2026-06-23T13:23:15.920693,577053,51
2026-06-23T13:23:15.920728,577054,50
2026-06-23T13:23:15.930787,577055,50
2026-06-23T13:23:15.930835,577056,50
2026-06-23T13:23:15.930873,577057,49
2026-06-23T13:23:15.930909,577058,49
2026-06-23T13:23:15.930946,577059,49
2026-06-23T13:23:15.930985,577060,49
2026-06-23T13:23:15.931021,577061,49
2026-06-23T13:23:15.931057,577062,48
2026-06-23T13:23:15.931093,577063,48
2026-06-23T13:23:15.931128,577064,48
2026-06-23T13:23:15.931164,577065,47
2026-06-23T13:23:15.941251,577066,47
2026-06-23T13:23:15.941306,577067,48
2026-06-23T13:23:15.941347,577068,46
2026-06-23T13:23:15.941384,577069,46
2026-06-23T13:23:15.941421,577070,45
2026-06-23T13:23:15.941458,577071,45
2026-06-23T13:23:15.941494,577072,43
2026-06-23T13:23:15.941531,577073,44
2026-06-23T13:23:15.941567,577074,44
2026-06-23T13:23:15.941602,577074,44
2026-06-23T13:23:15.941638,577075,44
2026-06-23T13:23:15.951716,577076,45
2026-06-23T13:23:15.951781,577077,45
2026-06-23T13:23:15.951885,577078,45
2026-06-23T13:23:15.951930,577079,45
2026-06-23T13:23:15.951972,577080,46
2026-06-23T13:23:15.952013,577081,45
2026-06-23T13:23:15.952054,577082,46
2026-06-23T13:23:15.952094,577083,44
2026-06-23T13:23:15.952135,577084,45
2026-06-23T13:23:15.952175,577085,44
2026-06-23T13:23:15.952216,577086,43
2026-06-23T13:23:15.962139,577087,43
2026-06-23T13:23:15.962192,577088,43
2026-06-23T13:23:15.962262,577089,42
2026-06-23T13:23:15.962310,577090,42
2026-06-23T13:23:15.962352,577091,42
2026-06-23T13:23:15.962394,577092,42
2026-06-23T13:23:15.962436,577093,42
2026-06-23T13:23:15.962476,577094,41
2026-06-23T13:23:15.962517,577095,41
2026-06-23T13:23:15.962557,577096,41
2026-06-23T13:23:15.962597,577096,41
2026-06-23T13:23:15.972569,577097,40
2026-06-23T13:23:15.972639,577098,40
2026-06-23T13:23:15.972697,577099,40
2026-06-23T13:23:15.972743,577100,40
2026-06-23T13:23:15.972785,577101,40
2026-06-23T13:23:15.972825,577102,40
2026-06-23T13:23:15.972866,577103,39
2026-06-23T13:23:15.972906,577104,39
2026-06-23T13:23:15.972946,577105,39
2026-06-23T13:23:15.972986,577106,39
2026-06-23T13:23:15.973026,577107,38
2026-06-23T13:23:15.983007,577108,38
2026-06-23T13:23:15.983094,577109,38
2026-06-23T13:23:15.983156,577110,39
2026-06-23T13:23:15.983204,577111,39
2026-06-23T13:23:15.983249,577112,39
2026-06-23T13:23:15.983291,577113,39
2026-06-23T13:23:15.983331,577114,39
2026-06-23T13:23:15.983372,577115,38
2026-06-23T13:23:15.983423,577116,38
2026-06-23T13:23:15.983464,577117,38
2026-06-23T13:23:15.983504,577117,38
2026-06-23T13:23:15.993448,577118,38
2026-06-23T13:23:15.993501,577119,38
2026-06-23T13:23:15.993567,577120,38
2026-06-23T13:23:15.993614,577121,38
2026-06-23T13:23:15.993660,577122,38
2026-06-23T13:23:15.993706,577123,38
2026-06-23T13:23:15.993751,577124,38
2026-06-23T13:23:15.993797,577125,37
2026-06-23T13:23:15.993842,577126,37
2026-06-23T13:23:15.993888,577127,38
2026-06-23T13:23:16.003866,577128,38
2026-06-23T13:23:16.003935,577129,40
2026-06-23T13:23:16.003999,577130,39
2026-06-23T13:23:16.004054,577131,39
2026-06-23T13:23:16.004105,577132,39
2026-06-23T13:23:16.004151,577133,39
2026-06-23T13:23:16.004196,577134,39
2026-06-23T13:23:16.004240,577135,39
2026-06-23T13:23:16.004284,577136,39
2026-06-23T13:23:16.004328,577137,39
2026-06-23T13:23:16.004371,577138,39
2026-06-23T13:23:16.014354,577138,38
2026-06-23T13:23:16.014409,577139,40
2026-06-23T13:23:16.014455,577140,40
2026-06-23T13:23:16.014500,577141,39
2026-06-23T13:23:16.014774,577142,39
2026-06-23T13:23:16.014821,577143,40
2026-06-23T13:23:16.014865,577144,40
2026-06-23T13:23:16.014908,577145,40
2026-06-23T13:23:16.014952,577146,40
2026-06-23T13:23:16.014998,577147,41
2026-06-23T13:23:16.015041,577148,41
2026-06-23T13:23:16.024778,577149,42
2026-06-23T13:23:16.024835,577150,42
2026-06-23T13:23:16.024879,577151,42
2026-06-23T13:23:16.024923,577152,42
2026-06-23T13:23:16.024968,577153,41
2026-06-23T13:23:16.025012,577154,41
2026-06-23T13:23:16.025055,577155,41
2026-06-23T13:23:16.025099,577156,41
2026-06-23T13:23:16.025142,577157,41
2026-06-23T13:23:16.025185,577158,41
2026-06-23T13:23:16.025229,577159,41
2026-06-23T13:23:16.035273,577160,40
2026-06-23T13:23:16.035339,577160,40
2026-06-23T13:23:16.035398,577161,40
2026-06-23T13:23:16.035445,577162,41
2026-06-23T13:23:16.035489,577163,41
2026-06-23T13:23:16.035532,577164,41
2026-06-23T13:23:16.035576,577165,41
2026-06-23T13:23:16.035619,577166,42
2026-06-23T13:23:16.035662,577167,42
2026-06-23T13:23:16.035705,577168,42
2026-06-23T13:23:16.035748,577169,42
2026-06-23T13:23:16.045663,577170,42
2026-06-23T13:23:16.045720,577171,42
2026-06-23T13:23:16.045800,577172,42
2026-06-23T13:23:16.045858,577173,42
2026-06-23T13:23:16.045910,577174,42
2026-06-23T13:23:16.045961,577175,41
2026-06-23T13:23:16.046011,577176,41
2026-06-23T13:23:16.046061,577177,41
2026-06-23T13:23:16.046111,577178,41
2026-06-23T13:23:16.046160,577179,41
2026-06-23T13:23:16.046211,577180,42
2026-06-23T13:23:16.056139,577181,42
2026-06-23T13:23:16.056221,577181,42
2026-06-23T13:23:16.056293,577182,42
2026-06-23T13:23:16.056347,577183,42
2026-06-23T13:23:16.056397,577184,43
2026-06-23T13:23:16.056448,577185,43
2026-06-23T13:23:16.056500,577186,43
2026-06-23T13:23:16.056594,577187,44
2026-06-23T13:23:16.056646,577188,43
2026-06-23T13:23:16.056696,577189,43
2026-06-23T13:23:16.056746,577190,43
2026-06-23T13:23:16.066645,577191,42
2026-06-23T13:23:16.066718,577192,42
2026-06-23T13:23:16.066779,577193,42
2026-06-23T13:23:16.066831,577194,42
2026-06-23T13:23:16.066881,577195,42
2026-06-23T13:23:16.066932,577196,42
2026-06-23T13:23:16.066982,577197,41
2026-06-23T13:23:16.067043,577198,42
2026-06-23T13:23:16.067094,577199,42
2026-06-23T13:23:16.067144,577200,43
2026-06-23T13:23:16.067195,577201,43
2026-06-23T13:23:16.077008,577202,43
2026-06-23T13:23:16.077065,577202,44
2026-06-23T13:23:16.077142,577203,44
2026-06-23T13:23:16.077199,577204,44
2026-06-23T13:23:16.077250,577205,43
2026-06-23T13:23:16.077300,577206,43
2026-06-23T13:23:16.077352,577207,42
2026-06-23T13:23:16.077402,577208,42
2026-06-23T13:23:16.077452,577209,42
2026-06-23T13:23:16.077503,577210,42
2026-06-23T13:23:16.077555,577211,41
2026-06-23T13:23:16.087480,577212,41
2026-06-23T13:23:16.087559,577213,42
2026-06-23T13:23:16.087611,577214,41
2026-06-23T13:23:16.087664,577215,41
2026-06-23T13:23:16.087717,577216,41
2026-06-23T13:23:16.087803,577217,41
2026-06-23T13:23:16.087882,577218,41
2026-06-23T13:23:16.087941,577219,41
2026-06-23T13:23:16.087996,577220,42
2026-06-23T13:23:16.088048,577221,43
2026-06-23T13:23:16.088100,577222,42
2026-06-23T13:23:16.097904,577223,42
2026-06-23T13:23:16.097980,577224,42
2026-06-23T13:23:16.098041,577224,41
2026-06-23T13:23:16.098103,577225,41
2026-06-23T13:23:16.098162,577226,41
2026-06-23T13:23:16.098223,577227,41
2026-06-23T13:23:16.098282,577228,40
2026-06-23T13:23:16.098341,577229,40
2026-06-23T13:23:16.098423,577230,40
2026-06-23T13:23:16.098482,577231,40
2026-06-23T13:23:16.098540,577232,40
2026-06-23T13:23:16.108379,577233,40
2026-06-23T13:23:16.108460,577234,40
2026-06-23T13:23:16.108521,577235,40
2026-06-23T13:23:16.108581,577236,40
2026-06-23T13:23:16.108640,577237,40
2026-06-23T13:23:16.108698,577238,41
2026-06-23T13:23:16.108757,577239,40
2026-06-23T13:23:16.108815,577240,41
2026-06-23T13:23:16.108873,577241,40
2026-06-23T13:23:16.108931,577242,40
2026-06-23T13:23:16.118796,577243,39
2026-06-23T13:23:16.118885,577244,39
2026-06-23T13:23:16.118967,577245,39
2026-06-23T13:23:16.119034,577245,39
2026-06-23T13:23:16.119095,577246,40
2026-06-23T13:23:16.119154,577247,40
2026-06-23T13:23:16.119212,577248,40
2026-06-23T13:23:16.119271,577249,40
2026-06-23T13:23:16.119329,577250,40
2026-06-23T13:23:16.119387,577251,40
2026-06-23T13:23:16.119445,577252,40
2026-06-23T13:23:16.129184,577253,40
2026-06-23T13:23:16.129254,577254,40
2026-06-23T13:23:16.129314,577255,39
2026-06-23T13:23:16.129375,577256,39
2026-06-23T13:23:16.129434,577257,40
2026-06-23T13:23:16.129492,577258,40
2026-06-23T13:23:16.129551,577259,40
2026-06-23T13:23:16.129611,577260,40
2026-06-23T13:23:16.129670,577261,40
2026-06-23T13:23:16.129728,577262,40
2026-06-23T13:23:16.129786,577263,39
2026-06-23T13:23:16.139643,577264,39
2026-06-23T13:23:16.139727,577265,40
2026-06-23T13:23:16.139786,577266,40
2026-06-23T13:23:16.139845,577266,39
2026-06-23T13:23:16.139904,577267,39
2026-06-23T13:23:16.139963,577268,39
2026-06-23T13:23:16.140021,577269,39
2026-06-23T13:23:16.140079,577270,39
2026-06-23T13:23:16.140137,577271,40
2026-06-23T13:23:16.140197,577272,39
2026-06-23T13:23:16.140256,577273,39
2026-06-23T13:23:16.150103,577274,39
2026-06-23T13:23:16.150227,577275,38
2026-06-23T13:23:16.150314,577276,38
2026-06-23T13:23:16.150377,577277,39
2026-06-23T13:23:16.150437,577278,39
2026-06-23T13:23:16.150497,577279,39
2026-06-23T13:23:16.150559,577280,39
2026-06-23T13:23:16.150618,577281,39
2026-06-23T13:23:16.150676,577282,40
2026-06-23T13:23:16.150734,577283,39
2026-06-23T13:23:16.150795,577284,39
2026-06-23T13:23:16.160501,577285,39
2026-06-23T13:23:16.160594,577286,38
2026-06-23T13:23:16.160679,577287,38
2026-06-23T13:23:16.160744,577288,38
2026-06-23T13:23:16.160805,577288,40
2026-06-23T13:23:16.160867,577289,37
2026-06-23T13:23:16.160927,577290,38
2026-06-23T13:23:16.160986,577291,37
2026-06-23T13:23:16.161045,577292,38
2026-06-23T13:23:16.161104,577293,37
2026-06-23T13:23:16.161163,577294,37
2026-06-23T13:23:16.170991,577295,37
2026-06-23T13:23:16.171086,577296,37
2026-06-23T13:23:16.171147,577297,37
2026-06-23T13:23:16.171206,577298,37
2026-06-23T13:23:16.171265,577299,37
2026-06-23T13:23:16.171323,577300,37
2026-06-23T13:23:16.171382,577301,37
2026-06-23T13:23:16.171440,577302,37
2026-06-23T13:23:16.171498,577303,37
2026-06-23T13:23:16.171556,577304,37
2026-06-23T13:23:16.171614,577305,37
2026-06-23T13:23:16.181364,577306,37
2026-06-23T13:23:16.181435,577307,37
2026-06-23T13:23:16.181494,577308,37
2026-06-23T13:23:16.181553,577309,37
2026-06-23T13:23:16.181611,577309,38
2026-06-23T13:23:16.181669,577310,38
2026-06-23T13:23:16.181727,577311,38
2026-06-23T13:23:16.181785,577312,38
2026-06-23T13:23:16.181843,577313,38
2026-06-23T13:23:16.181901,577314,37
2026-06-23T13:23:16.181958,577315,38
2026-06-23T13:23:16.191821,577316,38
2026-06-23T13:23:16.191939,577317,37
2026-06-23T13:23:16.192018,577318,38
2026-06-23T13:23:16.192093,577319,37
2026-06-23T13:23:16.192166,577320,38
2026-06-23T13:23:16.192239,577321,37
2026-06-23T13:23:16.192310,577322,37
2026-06-23T13:23:16.192383,577323,37
2026-06-23T13:23:16.192454,577324,37
2026-06-23T13:23:16.192525,577325,37
2026-06-23T13:23:16.192599,577326,37
2026-06-23T13:23:16.202245,577327,37
2026-06-23T13:23:16.202347,577328,37
2026-06-23T13:23:16.202423,577329,37
2026-06-23T13:23:16.202485,577330,37
2026-06-23T13:23:16.202546,577331,37
2026-06-23T13:23:16.202609,577331,37
2026-06-23T13:23:16.202668,577332,37
2026-06-23T13:23:16.202752,577333,37
2026-06-23T13:23:16.202811,577334,37
2026-06-23T13:23:16.202870,577335,37
2026-06-23T13:23:16.202929,577336,38
2026-06-23T13:23:16.212751,577337,37
2026-06-23T13:23:16.212838,577338,37
2026-06-23T13:23:16.212937,577339,37
2026-06-23T13:23:16.213004,577340,37
2026-06-23T13:23:16.213066,577341,37
2026-06-23T13:23:16.213126,577342,37
2026-06-23T13:23:16.213184,577343,37
2026-06-23T13:23:16.213243,577344,37
2026-06-23T13:23:16.213301,577345,37
2026-06-23T13:23:16.213360,577346,37
2026-06-23T13:23:16.213418,577347,37
2026-06-23T13:23:16.223206,577348,37
2026-06-23T13:23:16.223290,577349,37
2026-06-23T13:23:16.223351,577350,37
2026-06-23T13:23:16.223412,577351,37
2026-06-23T13:23:16.223474,577352,37
2026-06-23T13:23:16.223533,577352,37
2026-06-23T13:23:16.223594,577353,42
2026-06-23T13:23:16.223656,577354,37
2026-06-23T13:23:16.223723,577355,37
2026-06-23T13:23:16.223784,577356,37
2026-06-23T13:23:16.233571,577357,37
2026-06-23T13:23:16.233686,577358,36
2026-06-23T13:23:16.233755,577359,37
2026-06-23T13:23:16.233815,577360,37
2026-06-23T13:23:16.233875,577361,36
2026-06-23T13:23:16.233935,577362,36
2026-06-23T13:23:16.233993,577363,36
2026-06-23T13:23:16.234051,577364,36
2026-06-23T13:23:16.234112,577365,36
2026-06-23T13:23:16.234209,577366,36
2026-06-23T13:23:16.234275,577367,36
2026-06-23T13:23:16.244054,577368,36
2026-06-23T13:23:16.244159,577369,36
2026-06-23T13:23:16.244251,577370,37
2026-06-23T13:23:16.244332,577371,37
2026-06-23T13:23:16.244409,577372,37
2026-06-23T13:23:16.244488,577373,37
2026-06-23T13:23:16.244565,577373,37
2026-06-23T13:23:16.244639,577374,36
2026-06-23T13:23:16.244715,577375,36
2026-06-23T13:23:16.244790,577376,37
2026-06-23T13:23:16.244865,577377,37
2026-06-23T13:23:16.254492,577378,37
2026-06-23T13:23:16.254586,577379,37
2026-06-23T13:23:16.254646,577380,38
2026-06-23T13:23:16.254706,577381,38
2026-06-23T13:23:16.254766,577382,38
2026-06-23T13:23:16.254826,577383,38
2026-06-23T13:23:16.254884,577384,38
2026-06-23T13:23:16.254943,577385,38
2026-06-23T13:23:16.255002,577386,38
2026-06-23T13:23:16.255060,577387,38
2026-06-23T13:23:16.255119,577388,38
2026-06-23T13:23:16.264909,577389,39
2026-06-23T13:23:16.264997,577390,39
2026-06-23T13:23:16.265069,577391,38
2026-06-23T13:23:16.265141,577392,38
2026-06-23T13:23:16.265211,577393,38
2026-06-23T13:23:16.265283,577394,38
2026-06-23T13:23:16.265354,577395,38
2026-06-23T13:23:16.265424,577395,38
2026-06-23T13:23:16.265496,577396,38
2026-06-23T13:23:16.265567,577397,39
2026-06-23T13:23:16.265638,577398,39
2026-06-23T13:23:16.275305,577399,39
2026-06-23T13:23:16.275381,577400,39
2026-06-23T13:23:16.275441,577401,39
2026-06-23T13:23:16.275500,577402,38
2026-06-23T13:23:16.275558,577403,38
2026-06-23T13:23:16.275617,577404,38
2026-06-23T13:23:16.275677,577405,38
2026-06-23T13:23:16.275749,577406,38
2026-06-23T13:23:16.275819,577407,38
2026-06-23T13:23:16.275894,577408,39
2026-06-23T13:23:16.275964,577409,39
2026-06-23T13:23:16.285802,577410,39
2026-06-23T13:23:16.285884,577411,39
2026-06-23T13:23:16.285956,577412,39
2026-06-23T13:23:16.286016,577413,39
2026-06-23T13:23:16.286075,577414,40
2026-06-23T13:23:16.286134,577415,39
2026-06-23T13:23:16.286192,577416,40
2026-06-23T13:23:16.286250,577416,40
2026-06-23T13:23:16.286308,577417,40
2026-06-23T13:23:16.286366,577418,40
2026-06-23T13:23:16.286424,577419,40
2026-06-23T13:23:16.296243,577420,35
2026-06-23T13:23:16.296323,577421,41
2026-06-23T13:23:16.296396,577422,41
2026-06-23T13:23:16.296468,577423,41
2026-06-23T13:23:16.296539,577424,41
2026-06-23T13:23:16.296611,577425,41
2026-06-23T13:23:16.296681,577426,41
2026-06-23T13:23:16.296752,577427,41
2026-06-23T13:23:16.296823,577428,41
2026-06-23T13:23:16.296894,577429,41
2026-06-23T13:23:16.296964,577430,41
2026-06-23T13:23:16.306726,577431,41
2026-06-23T13:23:16.306836,577432,41
2026-06-23T13:23:16.306902,577433,40
2026-06-23T13:23:16.306964,577434,41
2026-06-23T13:23:16.307026,577435,41
2026-06-23T13:23:16.307087,577436,42
2026-06-23T13:23:16.307180,577437,42
2026-06-23T13:23:16.307242,577437,42
2026-06-23T13:23:16.307302,577438,42
2026-06-23T13:23:16.307369,577439,42
2026-06-23T13:23:16.307441,577440,42
2026-06-23T13:23:16.317190,577441,42
2026-06-23T13:23:16.317328,577442,44
2026-06-23T13:23:16.317415,577443,43
2026-06-23T13:23:16.317477,577444,43
2026-06-23T13:23:16.317537,577445,44
2026-06-23T13:23:16.317595,577446,44
2026-06-23T13:23:16.317654,577447,43
2026-06-23T13:23:16.317712,577448,43
2026-06-23T13:23:16.317782,577449,43
2026-06-23T13:23:16.317842,577450,43
2026-06-23T13:23:16.317901,577451,42
2026-06-23T13:23:16.327640,577452,43
2026-06-23T13:23:16.327722,577453,43
2026-06-23T13:23:16.327865,577454,44
2026-06-23T13:23:16.327970,577455,43
2026-06-23T13:23:16.328074,577456,43
2026-06-23T13:23:16.328157,577457,43
2026-06-23T13:23:16.328234,577458,43
2026-06-23T13:23:16.328309,577459,43
2026-06-23T13:23:16.328385,577459,43
2026-06-23T13:23:16.328460,577460,42
2026-06-23T13:23:16.328588,577461,43
2026-06-23T13:23:16.338069,577462,42
2026-06-23T13:23:16.338184,577463,43
2026-06-23T13:23:16.338250,577464,43
2026-06-23T13:23:16.338314,577465,43
2026-06-23T13:23:16.338376,577466,43
2026-06-23T13:23:16.338437,577467,44
2026-06-23T13:23:16.338497,577468,44
2026-06-23T13:23:16.338557,577469,43
2026-06-23T13:23:16.338616,577470,43
2026-06-23T13:23:16.338677,577471,43
2026-06-23T13:23:16.348447,577472,43
2026-06-23T13:23:16.348657,577473,44
2026-06-23T13:23:16.348740,577474,44
2026-06-23T13:23:16.348819,577475,44
2026-06-23T13:23:16.348970,577476,44
2026-06-23T13:23:16.349062,577477,44
2026-06-23T13:23:16.349121,577478,44
2026-06-23T13:23:16.349175,577479,44
2026-06-23T13:23:16.349231,577480,44
2026-06-23T13:23:16.349285,577480,45
2026-06-23T13:23:16.349340,577481,45
2026-06-23T13:23:16.358806,577482,44
2026-06-23T13:23:16.358890,577483,45
2026-06-23T13:23:16.358940,577484,45
2026-06-23T13:23:16.358989,577485,46
2026-06-23T13:23:16.359035,577486,46
2026-06-23T13:23:16.359082,577487,46
2026-06-23T13:23:16.359128,577488,46
2026-06-23T13:23:16.359198,577489,46
2026-06-23T13:23:16.359262,577490,46
2026-06-23T13:23:16.359312,577491,45
2026-06-23T13:23:16.359363,577492,45
2026-06-23T13:23:16.369248,577493,45
2026-06-23T13:23:16.369334,577494,45
2026-06-23T13:23:16.369380,577495,46
2026-06-23T13:23:16.369445,577496,46
2026-06-23T13:23:16.369505,577497,46
2026-06-23T13:23:16.369550,577498,46
2026-06-23T13:23:16.369594,577499,46
2026-06-23T13:23:16.369636,577500,46
2026-06-23T13:23:16.369677,577501,46
2026-06-23T13:23:16.369718,577501,46
2026-06-23T13:23:16.369761,577502,46
2026-06-23T13:23:16.379675,577503,46
2026-06-23T13:23:16.379746,577504,46
2026-06-23T13:23:16.379785,577505,46
2026-06-23T13:23:16.379824,577506,46
2026-06-23T13:23:16.379863,577507,46
2026-06-23T13:23:16.379902,577508,46
2026-06-23T13:23:16.379940,577509,46
2026-06-23T13:23:16.379978,577510,46
2026-06-23T13:23:16.380014,577511,47
2026-06-23T13:23:16.380052,577512,47
2026-06-23T13:23:16.380088,577513,47
2026-06-23T13:23:16.390111,577514,47
2026-06-23T13:23:16.390181,577515,47
2026-06-23T13:23:16.390218,577516,47
2026-06-23T13:23:16.390253,577517,47
2026-06-23T13:23:16.390287,577518,47
2026-06-23T13:23:16.390320,577519,47
2026-06-23T13:23:16.390355,577520,47
2026-06-23T13:23:16.390388,577521,47
2026-06-23T13:23:16.390421,577522,47
2026-06-23T13:23:16.390455,577523,47
2026-06-23T13:23:16.390490,577523,47
2026-06-23T13:23:16.400556,577524,47
2026-06-23T13:23:16.400702,577525,47
2026-06-23T13:23:16.400798,577526,46
2026-06-23T13:23:16.400929,577527,46
2026-06-23T13:23:16.400973,577528,46
2026-06-23T13:23:16.401006,577529,47
2026-06-23T13:23:16.401035,577530,47
2026-06-23T13:23:16.401065,577531,48
2026-06-23T13:23:16.401094,577532,48
2026-06-23T13:23:16.401122,577533,48
2026-06-23T13:23:16.401150,577534,48
2026-06-23T13:23:16.410989,577535,47
2026-06-23T13:23:16.411039,577536,47
2026-06-23T13:23:16.411091,577537,46
2026-06-23T13:23:16.411128,577538,46
2026-06-23T13:23:16.411159,577539,46
2026-06-23T13:23:16.411203,577540,46
2026-06-23T13:23:16.411234,577541,46
2026-06-23T13:23:16.411264,577542,47
2026-06-23T13:23:16.411293,577543,46
2026-06-23T13:23:16.411323,577544,47
2026-06-23T13:23:16.411352,577544,46
2026-06-23T13:23:16.421465,577545,46
2026-06-23T13:23:16.421516,577546,45
2026-06-23T13:23:16.421548,577547,46
2026-06-23T13:23:16.421578,577548,46
2026-06-23T13:23:16.421608,577549,45
2026-06-23T13:23:16.421638,577550,45
2026-06-23T13:23:16.421669,577551,45
2026-06-23T13:23:16.421700,577552,45
2026-06-23T13:23:16.421730,577553,45
2026-06-23T13:23:16.421761,577554,45
2026-06-23T13:23:16.421790,577555,46
2026-06-23T13:23:16.431956,577556,46
2026-06-23T13:23:16.432003,577557,46
2026-06-23T13:23:16.432035,577558,46
2026-06-23T13:23:16.432067,577559,46
2026-06-23T13:23:16.432099,577560,46
2026-06-23T13:23:16.432130,577561,46
2026-06-23T13:23:16.432162,577562,46
2026-06-23T13:23:16.432194,577563,46
2026-06-23T13:23:16.432225,577564,46
2026-06-23T13:23:16.432257,577565,46
2026-06-23T13:23:16.432289,577566,46
2026-06-23T13:23:16.442383,577566,46
2026-06-23T13:23:16.442445,577567,47
2026-06-23T13:23:16.442500,577568,47
2026-06-23T13:23:16.442561,577569,47
2026-06-23T13:23:16.442610,577570,47
2026-06-23T13:23:16.442648,577571,47
2026-06-23T13:23:16.442684,577572,47
2026-06-23T13:23:16.442718,577573,47
2026-06-23T13:23:16.442754,577574,48
2026-06-23T13:23:16.442788,577575,48
2026-06-23T13:23:16.442822,577576,48
2026-06-23T13:23:16.452780,577577,47
2026-06-23T13:23:16.452840,577578,47
2026-06-23T13:23:16.452874,577579,47
2026-06-23T13:23:16.452903,577580,46
2026-06-23T13:23:16.452932,577581,46
2026-06-23T13:23:16.452959,577582,46
2026-06-23T13:23:16.453007,577583,46
2026-06-23T13:23:16.453043,577584,46
2026-06-23T13:23:16.453072,577585,46
2026-06-23T13:23:16.453104,577586,47
2026-06-23T13:23:16.463202,577587,47
2026-06-23T13:23:16.463247,577587,47
2026-06-23T13:23:16.463277,577588,46
2026-06-23T13:23:16.463305,577589,46
2026-06-23T13:23:16.463334,577590,46
2026-06-23T13:23:16.463362,577591,46
2026-06-23T13:23:16.463389,577592,46
2026-06-23T13:23:16.463417,577593,46
2026-06-23T13:23:16.463445,577594,46
2026-06-23T13:23:16.463472,577595,45
2026-06-23T13:23:16.463500,577596,45
2026-06-23T13:23:16.473619,577597,46
2026-06-23T13:23:16.473677,577598,46
2026-06-23T13:23:16.473711,577599,46
2026-06-23T13:23:16.473741,577600,46
2026-06-23T13:23:16.473772,577601,46
2026-06-23T13:23:16.473801,577602,46
2026-06-23T13:23:16.473831,577603,46
2026-06-23T13:23:16.473860,577604,46
2026-06-23T13:23:16.473890,577605,46
2026-06-23T13:23:16.473920,577606,46
2026-06-23T13:23:16.473949,577607,46
2026-06-23T13:23:16.484078,577608,45
2026-06-23T13:23:16.484134,577608,45
2026-06-23T13:23:16.484180,577609,45
2026-06-23T13:23:16.484213,577610,45
2026-06-23T13:23:16.484245,577611,45
2026-06-23T13:23:16.484277,577612,45
2026-06-23T13:23:16.484308,577613,45
2026-06-23T13:23:16.484340,577614,45
2026-06-23T13:23:16.484371,577615,45
2026-06-23T13:23:16.484402,577616,45
2026-06-23T13:23:16.484433,577617,45
2026-06-23T13:23:16.494621,577618,46
2026-06-23T13:23:16.494660,577619,46
2026-06-23T13:23:16.494695,577620,45
2026-06-23T13:23:16.494733,577621,45
2026-06-23T13:23:16.494764,577622,45
2026-06-23T13:23:16.494796,577623,45
2026-06-23T13:23:16.494828,577624,45
2026-06-23T13:23:16.494859,577625,45
2026-06-23T13:23:16.494890,577626,44
2026-06-23T13:23:16.494921,577627,44
2026-06-23T13:23:16.494953,577628,45
2026-06-23T13:23:16.505012,577629,45
2026-06-23T13:23:16.505062,577630,46
2026-06-23T13:23:16.505116,577630,46
2026-06-23T13:23:16.505160,577631,47
2026-06-23T13:23:16.505196,577632,46
2026-06-23T13:23:16.505229,577633,46
2026-06-23T13:23:16.505262,577634,46
2026-06-23T13:23:16.505294,577635,46
2026-06-23T13:23:16.505326,577636,45
2026-06-23T13:23:16.505357,577637,45
2026-06-23T13:23:16.505388,577638,45
2026-06-23T13:23:16.515434,577639,45
2026-06-23T13:23:16.515499,577640,45
2026-06-23T13:23:16.515559,577641,44
2026-06-23T13:23:16.515625,577642,44
2026-06-23T13:23:16.515661,577643,44
2026-06-23T13:23:16.515696,577644,44
2026-06-23T13:23:16.515731,577645,44
2026-06-23T13:23:16.515765,577646,46
2026-06-23T13:23:16.515800,577647,44
2026-06-23T13:23:16.515835,577648,44
2026-06-23T13:23:16.515884,577649,44
2026-06-23T13:23:16.525920,577650,45
2026-06-23T13:23:16.525975,577651,44
2026-06-23T13:23:16.526026,577651,44
2026-06-23T13:23:16.526063,577652,44
2026-06-23T13:23:16.526099,577653,44
2026-06-23T13:23:16.526134,577654,44
2026-06-23T13:23:16.526169,577655,44
2026-06-23T13:23:16.526203,577656,44
2026-06-23T13:23:16.526238,577657,44
2026-06-23T13:23:16.526272,577658,44
2026-06-23T13:23:16.526306,577659,44
2026-06-23T13:23:16.536324,577660,44
2026-06-23T13:23:16.536381,577661,44
2026-06-23T13:23:16.536417,577662,45
2026-06-23T13:23:16.536454,577663,45
2026-06-23T13:23:16.536489,577664,45
2026-06-23T13:23:16.536524,577665,46
2026-06-23T13:23:16.536559,577666,46
2026-06-23T13:23:16.536594,577667,46
2026-06-23T13:23:16.536629,577668,46
2026-06-23T13:23:16.536664,577669,46
2026-06-23T13:23:16.536699,577670,46
2026-06-23T13:23:16.546753,577671,46
2026-06-23T13:23:16.546804,577672,46
2026-06-23T13:23:16.546848,577672,46
2026-06-23T13:23:16.546887,577673,45
2026-06-23T13:23:16.546926,577674,45
2026-06-23T13:23:16.546965,577675,45
2026-06-23T13:23:16.547004,577676,46
2026-06-23T13:23:16.547042,577677,46
2026-06-23T13:23:16.547080,577678,46
2026-06-23T13:23:16.547119,577679,46
2026-06-23T13:23:16.547157,577680,46
2026-06-23T13:23:16.557193,577681,46
2026-06-23T13:23:16.557253,577682,46
2026-06-23T13:23:16.557294,577683,46
2026-06-23T13:23:16.557334,577684,46
2026-06-23T13:23:16.557374,577685,46
2026-06-23T13:23:16.557414,577686,46
2026-06-23T13:23:16.557453,577687,47
2026-06-23T13:23:16.557492,577688,47
2026-06-23T13:23:16.557530,577689,46
2026-06-23T13:23:16.557569,577690,45
2026-06-23T13:23:16.557609,577691,45
2026-06-23T13:23:16.567686,577692,45
2026-06-23T13:23:16.567748,577693,44
2026-06-23T13:23:16.567797,577694,45
2026-06-23T13:23:16.567838,577694,45
2026-06-23T13:23:16.567878,577695,45
2026-06-23T13:23:16.567920,577696,45
2026-06-23T13:23:16.567964,577697,45
2026-06-23T13:23:16.568008,577698,45
2026-06-23T13:23:16.568051,577699,45
2026-06-23T13:23:16.568094,577700,45
2026-06-23T13:23:16.578099,577701,45
2026-06-23T13:23:16.578154,577702,45
2026-06-23T13:23:16.578217,577703,45
2026-06-23T13:23:16.578264,577704,45
2026-06-23T13:23:16.578308,577705,45
2026-06-23T13:23:16.578352,577706,45
2026-06-23T13:23:16.578395,577707,45
2026-06-23T13:23:16.578439,577708,45
2026-06-23T13:23:16.578492,577709,44
2026-06-23T13:23:16.578536,577710,44
2026-06-23T13:23:16.578580,577711,45
2026-06-23T13:23:16.588605,577712,45
2026-06-23T13:23:16.588673,577713,45
2026-06-23T13:23:16.588728,577714,45
2026-06-23T13:23:16.588774,577715,45
2026-06-23T13:23:16.588819,577715,45
2026-06-23T13:23:16.588863,577716,45
2026-06-23T13:23:16.588907,577717,45
2026-06-23T13:23:16.588950,577718,46
2026-06-23T13:23:16.588994,577719,45
2026-06-23T13:23:16.589038,577720,45
2026-06-23T13:23:16.589081,577721,45
2026-06-23T13:23:16.599016,577722,45
2026-06-23T13:23:16.599075,577723,45
2026-06-23T13:23:16.599123,577724,45
2026-06-23T13:23:16.599167,577725,45
2026-06-23T13:23:16.599210,577726,44
2026-06-23T13:23:16.599254,577727,44
2026-06-23T13:23:16.599297,577728,44
2026-06-23T13:23:16.599392,577729,44
2026-06-23T13:23:16.599442,577730,44
2026-06-23T13:23:16.599487,577731,44
2026-06-23T13:23:16.599530,577732,44
2026-06-23T13:23:16.609430,577733,44
2026-06-23T13:23:16.609501,577734,44
2026-06-23T13:23:16.609583,577735,44
2026-06-23T13:23:16.609641,577736,44
2026-06-23T13:23:16.609692,577736,44
2026-06-23T13:23:16.609743,577737,43
2026-06-23T13:23:16.609792,577738,43
2026-06-23T13:23:16.609843,577739,43
2026-06-23T13:23:16.609892,577740,43
2026-06-23T13:23:16.609942,577741,43
2026-06-23T13:23:16.609992,577742,43
2026-06-23T13:23:16.619954,577743,43
2026-06-23T13:23:16.620028,577744,43
2026-06-23T13:23:16.620100,577745,43
2026-06-23T13:23:16.620163,577746,43
2026-06-23T13:23:16.620215,577747,43
2026-06-23T13:23:16.620266,577748,43
2026-06-23T13:23:16.620317,577749,43
2026-06-23T13:23:16.620386,577750,43
2026-06-23T13:23:16.620437,577751,43
2026-06-23T13:23:16.620489,577752,43
2026-06-23T13:23:16.620539,577753,43
2026-06-23T13:23:16.630329,577754,43
2026-06-23T13:23:16.630388,577755,43
2026-06-23T13:23:16.630439,577756,43
2026-06-23T13:23:16.630490,577757,43
2026-06-23T13:23:16.630544,577758,43
2026-06-23T13:23:16.630594,577758,43
2026-06-23T13:23:16.630644,577759,43
2026-06-23T13:23:16.630694,577760,43
2026-06-23T13:23:16.630744,577761,43
2026-06-23T13:23:16.630793,577762,44
2026-06-23T13:23:16.630843,577763,44
2026-06-23T13:23:16.640798,577764,45
2026-06-23T13:23:16.640865,577765,45
2026-06-23T13:23:16.640915,577766,45
2026-06-23T13:23:16.640966,577767,44
2026-06-23T13:23:16.641016,577768,45
2026-06-23T13:23:16.641066,577769,45
2026-06-23T13:23:16.641116,577770,44
2026-06-23T13:23:16.641166,577771,44
2026-06-23T13:23:16.641215,577772,44
2026-06-23T13:23:16.641265,577773,44
2026-06-23T13:23:16.641315,577774,44
2026-06-23T13:23:16.651217,577775,45
2026-06-23T13:23:16.651285,577776,44
2026-06-23T13:23:16.651346,577777,44
2026-06-23T13:23:16.651397,577778,44
2026-06-23T13:23:16.651447,577779,44
2026-06-23T13:23:16.651497,577779,44
2026-06-23T13:23:16.651547,577780,44
2026-06-23T13:23:16.651597,577781,44
2026-06-23T13:23:16.651647,577782,43
2026-06-23T13:23:16.651696,577783,43
2026-06-23T13:23:16.651746,577784,43
2026-06-23T13:23:16.661616,577785,43
2026-06-23T13:23:16.661674,577786,43
2026-06-23T13:23:16.661746,577787,43
2026-06-23T13:23:16.661804,577788,41
2026-06-23T13:23:16.661855,577789,42
2026-06-23T13:23:16.661905,577790,42
2026-06-23T13:23:16.661954,577791,42
2026-06-23T13:23:16.662004,577792,42
2026-06-23T13:23:16.662054,577793,42
2026-06-23T13:23:16.662104,577794,42
2026-06-23T13:23:16.662154,577795,42
2026-06-23T13:23:16.672132,577796,43
2026-06-23T13:23:16.672210,577797,43
2026-06-23T13:23:16.672324,577798,43
2026-06-23T13:23:16.672387,577799,43
2026-06-23T13:23:16.672446,577800,43
2026-06-23T13:23:16.672504,577801,43
2026-06-23T13:23:16.672563,577801,44
2026-06-23T13:23:16.672621,577802,44
2026-06-23T13:23:16.672679,577803,44
2026-06-23T13:23:16.672737,577804,44
2026-06-23T13:23:16.672795,577805,44
2026-06-23T13:23:16.682575,577806,44
2026-06-23T13:23:16.682652,577807,44
2026-06-23T13:23:16.682711,577808,44
2026-06-23T13:23:16.682770,577809,44
2026-06-23T13:23:16.682829,577810,44
2026-06-23T13:23:16.682887,577811,43
2026-06-23T13:23:16.682946,577812,44
2026-06-23T13:23:16.683005,577813,44
2026-06-23T13:23:16.683063,577814,44
2026-06-23T13:23:16.683121,577815,44
2026-06-23T13:23:16.692990,577816,43
2026-06-23T13:23:16.693067,577817,44
2026-06-23T13:23:16.693126,577818,44
2026-06-23T13:23:16.693185,577819,44
2026-06-23T13:23:16.693261,577820,44
2026-06-23T13:23:16.693320,577821,44
2026-06-23T13:23:16.693390,577822,44
2026-06-23T13:23:16.693450,577822,44
2026-06-23T13:23:16.693508,577823,45
2026-06-23T13:23:16.693565,577824,46
2026-06-23T13:23:16.693623,577825,46
2026-06-23T13:23:16.703449,577826,45
2026-06-23T13:23:16.703540,577827,45
2026-06-23T13:23:16.703601,577828,45
2026-06-23T13:23:16.703687,577829,45
2026-06-23T13:23:16.703751,577830,45
2026-06-23T13:23:16.703813,577831,45
2026-06-23T13:23:16.703873,577832,45
2026-06-23T13:23:16.703932,577833,45
2026-06-23T13:23:16.703993,577834,45
2026-06-23T13:23:16.704052,577835,45
2026-06-23T13:23:16.704110,577836,44
2026-06-23T13:23:16.713846,577837,45
2026-06-23T13:23:16.713914,577838,45
2026-06-23T13:23:16.713973,577839,45
2026-06-23T13:23:16.714045,577840,45
2026-06-23T13:23:16.714103,577841,44
2026-06-23T13:23:16.714161,577842,45
2026-06-23T13:23:16.714219,577843,45
2026-06-23T13:23:16.714277,577843,45
2026-06-23T13:23:16.714334,577844,45
2026-06-23T13:23:16.714393,577845,45
2026-06-23T13:23:16.714451,577846,45
2026-06-23T13:23:16.724283,577847,44
2026-06-23T13:23:16.724395,577848,45
2026-06-23T13:23:16.724454,577849,45
2026-06-23T13:23:16.724513,577850,44
2026-06-23T13:23:16.724573,577851,44
2026-06-23T13:23:16.724631,577852,45
2026-06-23T13:23:16.724689,577853,45
2026-06-23T13:23:16.724747,577854,45
2026-06-23T13:23:16.724804,577855,45
2026-06-23T13:23:16.724862,577856,45
2026-06-23T13:23:16.724920,577857,44
2026-06-23T13:23:16.734774,577858,44
2026-06-23T13:23:16.734858,577859,44
2026-06-23T13:23:16.734930,577860,44
2026-06-23T13:23:16.734990,577861,45
2026-06-23T13:23:16.735049,577862,45
2026-06-23T13:23:16.735107,577863,45
2026-06-23T13:23:16.735165,577864,45
2026-06-23T13:23:16.735222,577865,44
2026-06-23T13:23:16.735279,577865,44
2026-06-23T13:23:16.735337,577866,44
2026-06-23T13:23:16.735394,577867,44
2026-06-23T13:23:16.745224,577868,45
2026-06-23T13:23:16.745306,577869,45
2026-06-23T13:23:16.745419,577870,46
2026-06-23T13:23:16.745501,577871,46
2026-06-23T13:23:16.745582,577872,46
2026-06-23T13:23:16.745654,577873,47
2026-06-23T13:23:16.745727,577874,46
2026-06-23T13:23:16.745799,577875,46
2026-06-23T13:23:16.745870,577876,46
2026-06-23T13:23:16.745941,577877,45
2026-06-23T13:23:16.746012,577878,46
2026-06-23T13:23:16.755657,577879,46
2026-06-23T13:23:16.755739,577880,46
2026-06-23T13:23:16.755918,577881,46
2026-06-23T13:23:16.755988,577882,46
2026-06-23T13:23:16.756048,577883,46
2026-06-23T13:23:16.756108,577884,46
2026-06-23T13:23:16.756167,577885,45
2026-06-23T13:23:16.756226,577886,45
2026-06-23T13:23:16.756284,577886,45
2026-06-23T13:23:16.756343,577887,45
2026-06-23T13:23:16.756401,577888,45
2026-06-23T13:23:16.766055,577889,45
2026-06-23T13:23:16.766129,577890,45
2026-06-23T13:23:16.766190,577891,44
2026-06-23T13:23:16.766250,577892,45
2026-06-23T13:23:16.766310,577893,45
2026-06-23T13:23:16.766369,577894,45
2026-06-23T13:23:16.766429,577895,46
2026-06-23T13:23:16.766488,577896,46
2026-06-23T13:23:16.766547,577897,45
2026-06-23T13:23:16.766606,577898,45
2026-06-23T13:23:16.766665,577899,45
2026-06-23T13:23:16.776583,577900,44
2026-06-23T13:23:16.776671,577901,45
2026-06-23T13:23:16.776768,577902,45
2026-06-23T13:23:16.776857,577903,45
2026-06-23T13:23:16.776929,577904,45
2026-06-23T13:23:16.777000,577905,45
2026-06-23T13:23:16.777071,577906,44
2026-06-23T13:23:16.777142,577907,44
2026-06-23T13:23:16.777213,577907,44
2026-06-23T13:23:16.777283,577908,44
2026-06-23T13:23:16.777354,577909,44
2026-06-23T13:23:16.787039,577910,45
2026-06-23T13:23:16.787139,577911,46
2026-06-23T13:23:16.787229,577912,45
2026-06-23T13:23:16.787307,577913,45
2026-06-23T13:23:16.787400,577914,45
2026-06-23T13:23:16.787473,577915,44
2026-06-23T13:23:16.787544,577916,44
2026-06-23T13:23:16.787615,577917,44
2026-06-23T13:23:16.787685,577918,44
2026-06-23T13:23:16.787757,577919,44
2026-06-23T13:23:16.787828,577920,45
2026-06-23T13:23:16.797431,577921,45
2026-06-23T13:23:16.797516,577922,44
2026-06-23T13:23:16.797588,577923,44
2026-06-23T13:23:16.797662,577924,45
2026-06-23T13:23:16.797736,577925,45
2026-06-23T13:23:16.797807,577926,45
2026-06-23T13:23:16.797878,577927,44
2026-06-23T13:23:16.797950,577928,44
2026-06-23T13:23:16.798024,577929,44
2026-06-23T13:23:16.798095,577929,44
2026-06-23T13:23:16.807856,577930,43
2026-06-23T13:23:16.807957,577931,43
2026-06-23T13:23:16.808032,577932,43
2026-06-23T13:23:16.808107,577933,43
2026-06-23T13:23:16.808180,577934,43
2026-06-23T13:23:16.808253,577935,43
2026-06-23T13:23:16.808325,577936,43
2026-06-23T13:23:16.808397,577937,44
2026-06-23T13:23:16.808469,577938,44
2026-06-23T13:23:16.808542,577939,44
2026-06-23T13:23:16.808613,577940,44
2026-06-23T13:23:16.818273,577941,44
2026-06-23T13:23:16.818367,577942,43
2026-06-23T13:23:16.818472,577943,43
2026-06-23T13:23:16.818547,577944,43
2026-06-23T13:23:16.818619,577945,43
2026-06-23T13:23:16.818689,577946,43
2026-06-23T13:23:16.818760,577947,43
2026-06-23T13:23:16.818830,577948,43
2026-06-23T13:23:16.818902,577949,43
2026-06-23T13:23:16.818972,577950,43
2026-06-23T13:23:16.819042,577950,44
2026-06-23T13:23:16.828697,577951,44
2026-06-23T13:23:16.828775,577952,44
2026-06-23T13:23:16.828875,577953,44
2026-06-23T13:23:16.828950,577954,44
2026-06-23T13:23:16.829025,577955,45
2026-06-23T13:23:16.829097,577956,45
2026-06-23T13:23:16.829167,577957,44
2026-06-23T13:23:16.829239,577958,44
2026-06-23T13:23:16.829309,577959,44
2026-06-23T13:23:16.829380,577960,44
2026-06-23T13:23:16.829450,577961,44
2026-06-23T13:23:16.839192,577962,45
2026-06-23T13:23:16.839288,577963,45
2026-06-23T13:23:16.839360,577964,45
2026-06-23T13:23:16.839431,577965,45
2026-06-23T13:23:16.839502,577966,45
2026-06-23T13:23:16.839573,577967,45
2026-06-23T13:23:16.839644,577968,44
2026-06-23T13:23:16.839715,577969,45
2026-06-23T13:23:16.839785,577970,46
2026-06-23T13:23:16.839856,577971,46
2026-06-23T13:23:16.839926,577971,45
2026-06-23T13:23:16.849567,577972,45
2026-06-23T13:23:16.849651,577973,45
2026-06-23T13:23:16.849723,577974,45
2026-06-23T13:23:16.849795,577975,45
2026-06-23T13:23:16.849865,577976,44
2026-06-23T13:23:16.849936,577977,44
2026-06-23T13:23:16.850007,577978,44
2026-06-23T13:23:16.850077,577979,44
2026-06-23T13:23:16.850148,577980,43
2026-06-23T13:23:16.850217,577981,44
2026-06-23T13:23:16.850286,577982,44
2026-06-23T13:23:16.860066,577983,44
2026-06-23T13:23:16.860156,577984,44
2026-06-23T13:23:16.860228,577985,44
2026-06-23T13:23:16.860300,577986,45
2026-06-23T13:23:16.860371,577987,44
2026-06-23T13:23:16.860442,577988,45
2026-06-23T13:23:16.860513,577989,45
2026-06-23T13:23:16.860583,577990,45
2026-06-23T13:23:16.860666,577991,45
2026-06-23T13:23:16.860742,577992,46
2026-06-23T13:23:16.860813,577993,47
2026-06-23T13:23:16.870530,577993,48
2026-06-23T13:23:16.870628,577994,48
2026-06-23T13:23:16.870740,577995,48
2026-06-23T13:23:16.870816,577996,48
2026-06-23T13:23:16.870888,577997,48
2026-06-23T13:23:16.870960,577998,48
2026-06-23T13:23:16.871030,577999,47
2026-06-23T13:23:16.871101,578000,47
2026-06-23T13:23:16.871171,578001,47
2026-06-23T13:23:16.871241,578002,47
2026-06-23T13:23:16.871311,578003,47
2026-06-23T13:23:16.880929,578004,48
2026-06-23T13:23:16.881011,578005,48
2026-06-23T13:23:16.881084,578006,48
2026-06-23T13:23:16.881154,578007,48
2026-06-23T13:23:16.881226,578008,49
2026-06-23T13:23:16.881298,578009,49
2026-06-23T13:23:16.881369,578010,49
2026-06-23T13:23:16.881440,578011,49
2026-06-23T13:23:16.881511,578012,49
2026-06-23T13:23:16.881582,578013,49
2026-06-23T13:23:16.881652,578014,49
2026-06-23T13:23:16.891380,578014,49
2026-06-23T13:23:16.891471,578015,49
2026-06-23T13:23:16.891543,578016,49
2026-06-23T13:23:16.891615,578017,49
2026-06-23T13:23:16.891686,578018,49
2026-06-23T13:23:16.891757,578019,50
2026-06-23T13:23:16.891827,578020,50
2026-06-23T13:23:16.891899,578021,50
2026-06-23T13:23:16.891969,578022,50
2026-06-23T13:23:16.892039,578023,50
2026-06-23T13:23:16.892109,578024,50
2026-06-23T13:23:16.901840,578025,49
2026-06-23T13:23:16.901935,578026,49
2026-06-23T13:23:16.902023,578027,49
2026-06-23T13:23:16.902100,578028,50
2026-06-23T13:23:16.902172,578029,50
2026-06-23T13:23:16.902245,578030,50
2026-06-23T13:23:16.902316,578031,51
2026-06-23T13:23:16.902387,578032,51
2026-06-23T13:23:16.902457,578033,51
2026-06-23T13:23:16.902527,578034,51
2026-06-23T13:23:16.902598,578035,49
2026-06-23T13:23:16.912265,578036,52
2026-06-23T13:23:16.912347,578036,52
2026-06-23T13:23:16.912434,578037,52
2026-06-23T13:23:16.912508,578038,52
2026-06-23T13:23:16.912579,578039,52
2026-06-23T13:23:16.912650,578040,52
2026-06-23T13:23:16.912721,578041,52
2026-06-23T13:23:16.912792,578042,51
2026-06-23T13:23:16.912863,578043,51
2026-06-23T13:23:16.912934,578044,51
2026-06-23T13:23:16.922671,578045,52
2026-06-23T13:23:16.922771,578046,52
2026-06-23T13:23:16.922881,578047,52
2026-06-23T13:23:16.922980,578048,51
2026-06-23T13:23:16.923058,578049,50
2026-06-23T13:23:16.923133,578050,51
2026-06-23T13:23:16.923206,578051,51
2026-06-23T13:23:16.923279,578052,51
2026-06-23T13:23:16.923351,578053,51
2026-06-23T13:23:16.923423,578054,51
2026-06-23T13:23:16.923521,578055,52
2026-06-23T13:23:16.933152,578056,51
2026-06-23T13:23:16.933245,578057,53
2026-06-23T13:23:16.933321,578057,52
2026-06-23T13:23:16.933392,578058,52
2026-06-23T13:23:16.933463,578059,52
2026-06-23T13:23:16.933539,578060,53
2026-06-23T13:23:16.933621,578061,52
2026-06-23T13:23:16.933692,578062,52
2026-06-23T13:23:16.933763,578063,52
2026-06-23T13:23:16.933833,578064,52
2026-06-23T13:23:16.933904,578065,52
2026-06-23T13:23:16.943690,578066,52
2026-06-23T13:23:16.943774,578067,52
2026-06-23T13:23:16.943846,578068,52
2026-06-23T13:23:16.943919,578069,52
2026-06-23T13:23:16.943990,578070,52
2026-06-23T13:23:16.944060,578071,52
2026-06-23T13:23:16.944148,578072,52
2026-06-23T13:23:16.944219,578073,52
2026-06-23T13:23:16.944290,578074,53
2026-06-23T13:23:16.944360,578075,53
2026-06-23T13:23:16.944430,578076,52
2026-06-23T13:23:16.954004,578077,53
2026-06-23T13:23:16.954105,578078,53
2026-06-23T13:23:16.954232,578078,52
2026-06-23T13:23:16.954308,578079,53
2026-06-23T13:23:16.954379,578080,52
2026-06-23T13:23:16.954450,578081,52
2026-06-23T13:23:16.954521,578082,52
2026-06-23T13:23:16.954591,578083,52
2026-06-23T13:23:16.954661,578084,52
2026-06-23T13:23:16.954731,578085,53
2026-06-23T13:23:16.954802,578086,53
2026-06-23T13:23:16.964422,578087,53
2026-06-23T13:23:16.964527,578088,52
2026-06-23T13:23:16.964604,578089,52
2026-06-23T13:23:16.964681,578090,52
2026-06-23T13:23:16.964755,578091,51
2026-06-23T13:23:16.964829,578092,51
2026-06-23T13:23:16.964893,578093,51
2026-06-23T13:23:16.964953,578094,51
2026-06-23T13:23:16.965012,578095,52
2026-06-23T13:23:16.965071,578096,52
2026-06-23T13:23:16.965129,578097,52
2026-06-23T13:23:16.974837,578098,52
2026-06-23T13:23:16.974927,578099,52
2026-06-23T13:23:16.974990,578100,53
2026-06-23T13:23:16.975053,578100,52
2026-06-23T13:23:16.975114,578101,52
2026-06-23T13:23:16.975174,578102,52
2026-06-23T13:23:16.975234,578103,52
2026-06-23T13:23:16.975294,578104,52
2026-06-23T13:23:16.975354,578105,52
2026-06-23T13:23:16.975414,578106,53
2026-06-23T13:23:16.975475,578107,53
2026-06-23T13:23:16.985386,578108,54
2026-06-23T13:23:16.985478,578109,54
2026-06-23T13:23:16.985561,578110,54
2026-06-23T13:23:16.985630,578111,53
2026-06-23T13:23:16.985691,578112,53
2026-06-23T13:23:16.985751,578113,53
2026-06-23T13:23:16.985810,578114,53
2026-06-23T13:23:16.985868,578115,53
2026-06-23T13:23:16.985927,578116,54
2026-06-23T13:23:16.985985,578117,53
2026-06-23T13:23:16.986044,578118,53
2026-06-23T13:23:16.995767,578119,53
2026-06-23T13:23:16.995849,578120,54
2026-06-23T13:23:16.995954,578121,53
2026-06-23T13:23:16.996030,578121,54
2026-06-23T13:23:16.996103,578122,54
2026-06-23T13:23:16.996177,578123,54
2026-06-23T13:23:16.996249,578124,55
2026-06-23T13:23:16.996320,578125,55
2026-06-23T13:23:16.996392,578126,56
2026-06-23T13:23:16.996464,578127,56
2026-06-23T13:23:16.996537,578128,55
2026-06-23T13:23:17.006226,578129,55
2026-06-23T13:23:17.006359,578130,55
2026-06-23T13:23:17.006421,578131,54
2026-06-23T13:23:17.006481,578132,54
2026-06-23T13:23:17.006540,578133,53
2026-06-23T13:23:17.006600,578134,53
2026-06-23T13:23:17.006659,578135,54
2026-06-23T13:23:17.006718,578136,53
2026-06-23T13:23:17.006776,578137,53
2026-06-23T13:23:17.006835,578138,53
2026-06-23T13:23:17.006893,578139,54
2026-06-23T13:23:17.016673,578140,53
2026-06-23T13:23:17.016755,578141,53
2026-06-23T13:23:17.016815,578142,54
2026-06-23T13:23:17.016874,578142,54
2026-06-23T13:23:17.016936,578143,54
2026-06-23T13:23:17.016994,578144,55
2026-06-23T13:23:17.017053,578145,55
2026-06-23T13:23:17.017111,578146,54
2026-06-23T13:23:17.017169,578147,53
2026-06-23T13:23:17.017227,578148,53
2026-06-23T13:23:17.017286,578149,53
2026-06-23T13:23:17.027042,578150,53
2026-06-23T13:23:17.027129,578151,52
2026-06-23T13:23:17.027201,578152,53
2026-06-23T13:23:17.027273,578153,53
2026-06-23T13:23:17.027344,578154,53
2026-06-23T13:23:17.027415,578155,53
2026-06-23T13:23:17.027487,578156,53
2026-06-23T13:23:17.027593,578157,52
2026-06-23T13:23:17.027665,578158,52
2026-06-23T13:23:17.027736,578159,52
2026-06-23T13:23:17.037421,578160,52
2026-06-23T13:23:17.037526,578161,52
2026-06-23T13:23:17.037630,578162,52
2026-06-23T13:23:17.037711,578163,53
2026-06-23T13:23:17.037784,578164,53
2026-06-23T13:23:17.037856,578164,53
2026-06-23T13:23:17.037927,578165,53
2026-06-23T13:23:17.037998,578166,53
2026-06-23T13:23:17.038070,578167,53
2026-06-23T13:23:17.038141,578168,52
2026-06-23T13:23:17.038212,578169,53
2026-06-23T13:23:17.047932,578170,52
2026-06-23T13:23:17.048021,578171,53
2026-06-23T13:23:17.048094,578172,53
2026-06-23T13:23:17.048166,578173,53
2026-06-23T13:23:17.048240,578174,53
2026-06-23T13:23:17.048311,578175,53
2026-06-23T13:23:17.048383,578176,52
2026-06-23T13:23:17.048454,578177,52
2026-06-23T13:23:17.048525,578178,51
2026-06-23T13:23:17.048595,578179,52
2026-06-23T13:23:17.048668,578180,52
2026-06-23T13:23:17.058339,578181,52
2026-06-23T13:23:17.058428,578182,52
2026-06-23T13:23:17.058501,578183,52
2026-06-23T13:23:17.058574,578184,52
2026-06-23T13:23:17.058647,578185,52
2026-06-23T13:23:17.058720,578185,52
2026-06-23T13:23:17.058791,578186,52
2026-06-23T13:23:17.058862,578187,52
2026-06-23T13:23:17.058967,578188,51
2026-06-23T13:23:17.059040,578189,52
2026-06-23T13:23:17.059112,578190,51
2026-06-23T13:23:17.068898,578191,51
2026-06-23T13:23:17.068993,578192,50
2026-06-23T13:23:17.069082,578193,51
2026-06-23T13:23:17.069155,578194,51
2026-06-23T13:23:17.069226,578195,51
2026-06-23T13:23:17.069297,578196,51
2026-06-23T13:23:17.069371,578197,51
2026-06-23T13:23:17.069441,578198,51
2026-06-23T13:23:17.069512,578199,52
2026-06-23T13:23:17.069583,578200,51
2026-06-23T13:23:17.069653,578201,51
2026-06-23T13:23:17.079265,578202,51
2026-06-23T13:23:17.079344,578203,52
2026-06-23T13:23:17.079417,578204,52
2026-06-23T13:23:17.079488,578205,52
2026-06-23T13:23:17.079559,578206,53
2026-06-23T13:23:17.079630,578206,53
2026-06-23T13:23:17.079700,578207,53
2026-06-23T13:23:17.079771,578208,52
2026-06-23T13:23:17.079840,578209,52
2026-06-23T13:23:17.079911,578210,51
2026-06-23T13:23:17.079981,578211,51
2026-06-23T13:23:17.089738,578212,51
2026-06-23T13:23:17.089831,578213,51
2026-06-23T13:23:17.089903,578214,51
2026-06-23T13:23:17.089975,578215,51
2026-06-23T13:23:17.090046,578216,51
2026-06-23T13:23:17.090116,578217,51
2026-06-23T13:23:17.090187,578218,52
2026-06-23T13:23:17.090258,578219,52
2026-06-23T13:23:17.090328,578220,52
2026-06-23T13:23:17.090399,578221,52
2026-06-23T13:23:17.090470,578222,52
2026-06-23T13:23:17.100198,578223,52
2026-06-23T13:23:17.100293,578224,52
2026-06-23T13:23:17.100365,578225,52
2026-06-23T13:23:17.100437,578226,51
2026-06-23T13:23:17.100511,578227,51
2026-06-23T13:23:17.100585,578228,51
2026-06-23T13:23:17.100657,578228,51
2026-06-23T13:23:17.100728,578229,52
2026-06-23T13:23:17.100828,578230,52
2026-06-23T13:23:17.100910,578231,52
2026-06-23T13:23:17.101056,578232,52
2026-06-23T13:23:17.110608,578233,52
2026-06-23T13:23:17.110694,578234,52
2026-06-23T13:23:17.110770,578235,53
2026-06-23T13:23:17.110846,578236,53
2026-06-23T13:23:17.110919,578237,52
2026-06-23T13:23:17.110991,578238,53
2026-06-23T13:23:17.111062,578239,53
2026-06-23T13:23:17.111139,578240,53
2026-06-23T13:23:17.111212,578241,53
2026-06-23T13:23:17.111284,578242,52
2026-06-23T13:23:17.111356,578243,52
2026-06-23T13:23:17.121096,578244,52
2026-06-23T13:23:17.121196,578245,51
2026-06-23T13:23:17.121269,578246,51
2026-06-23T13:23:17.121340,578247,51
2026-06-23T13:23:17.121411,578248,51
2026-06-23T13:23:17.121482,578249,51
2026-06-23T13:23:17.121553,578249,52
2026-06-23T13:23:17.121624,578250,52
2026-06-23T13:23:17.121695,578251,52
2026-06-23T13:23:17.121766,578252,52
2026-06-23T13:23:17.121837,578253,52
2026-06-23T13:23:17.131512,578254,52
2026-06-23T13:23:17.131599,578255,53
2026-06-23T13:23:17.131674,578256,52
2026-06-23T13:23:17.131745,578257,52
2026-06-23T13:23:17.131816,578258,52
2026-06-23T13:23:17.131886,578259,52
2026-06-23T13:23:17.131992,578260,52
2026-06-23T13:23:17.132063,578261,52
2026-06-23T13:23:17.132134,578262,53
2026-06-23T13:23:17.132205,578263,53
2026-06-23T13:23:17.132275,578264,54
2026-06-23T13:23:17.141935,578265,54
2026-06-23T13:23:17.142021,578266,54
2026-06-23T13:23:17.142093,578267,54
2026-06-23T13:23:17.142165,578268,53
2026-06-23T13:23:17.142236,578269,53
2026-06-23T13:23:17.142308,578270,52
2026-06-23T13:23:17.142380,578270,51
2026-06-23T13:23:17.142452,578271,51
2026-06-23T13:23:17.142522,578272,51
2026-06-23T13:23:17.142593,578273,51
2026-06-23T13:23:17.152351,578274,51
2026-06-23T13:23:17.152453,578275,51
2026-06-23T13:23:17.152549,578276,51
2026-06-23T13:23:17.152628,578277,52
2026-06-23T13:23:17.152700,578278,52
2026-06-23T13:23:17.152772,578279,52
2026-06-23T13:23:17.152844,578280,52
2026-06-23T13:23:17.152915,578281,52
2026-06-23T13:23:17.152986,578282,53
2026-06-23T13:23:17.153057,578283,52
2026-06-23T13:23:17.153128,578284,52
2026-06-23T13:23:17.162786,578285,52
2026-06-23T13:23:17.162866,578286,53
2026-06-23T13:23:17.162937,578287,53
2026-06-23T13:23:17.163009,578288,53
2026-06-23T13:23:17.163080,578289,53
2026-06-23T13:23:17.163150,578290,53
2026-06-23T13:23:17.163221,578291,53
2026-06-23T13:23:17.163291,578292,53
2026-06-23T13:23:17.163362,578292,53
2026-06-23T13:23:17.163433,578293,55
2026-06-23T13:23:17.163504,578294,53
2026-06-23T13:23:17.173240,578295,53
2026-06-23T13:23:17.173332,578296,53
2026-06-23T13:23:17.173405,578297,53
2026-06-23T13:23:17.173476,578298,53
2026-06-23T13:23:17.173547,578299,53
2026-06-23T13:23:17.173618,578300,53
2026-06-23T13:23:17.173688,578301,53
2026-06-23T13:23:17.173760,578302,53
2026-06-23T13:23:17.173833,578303,53
2026-06-23T13:23:17.173907,578304,53
2026-06-23T13:23:17.173978,578305,53
2026-06-23T13:23:17.183694,578306,53
2026-06-23T13:23:17.183785,578307,52
2026-06-23T13:23:17.183884,578308,51
2026-06-23T13:23:17.183964,578309,52
2026-06-23T13:23:17.184105,578310,51
2026-06-23T13:23:17.184186,578311,52
2026-06-23T13:23:17.184257,578312,51
2026-06-23T13:23:17.184329,578313,52
2026-06-23T13:23:17.184400,578313,52
2026-06-23T13:23:17.184470,578314,52
2026-06-23T13:23:17.184555,578315,52
2026-06-23T13:23:17.194143,578316,52
2026-06-23T13:23:17.194231,578317,52
2026-06-23T13:23:17.194340,578318,52
2026-06-23T13:23:17.194451,578319,52
2026-06-23T13:23:17.194533,578320,52
2026-06-23T13:23:17.194611,578321,52
2026-06-23T13:23:17.194685,578322,52
2026-06-23T13:23:17.194759,578323,51
2026-06-23T13:23:17.194840,578324,51
2026-06-23T13:23:17.194912,578325,51
2026-06-23T13:23:17.194984,578326,52
2026-06-23T13:23:17.204647,578327,51
2026-06-23T13:23:17.204741,578328,51
2026-06-23T13:23:17.204813,578329,51
2026-06-23T13:23:17.204884,578330,51
2026-06-23T13:23:17.204955,578331,51
2026-06-23T13:23:17.205026,578332,51
2026-06-23T13:23:17.205098,578333,51
2026-06-23T13:23:17.205168,578334,51
2026-06-23T13:23:17.205240,578335,52
2026-06-23T13:23:17.205311,578335,52
2026-06-23T13:23:17.205381,578336,52
2026-06-23T13:23:17.215017,578337,51
2026-06-23T13:23:17.215109,578338,51
2026-06-23T13:23:17.215179,578339,51
2026-06-23T13:23:17.215251,578340,50
2026-06-23T13:23:17.215321,578341,50
2026-06-23T13:23:17.215391,578342,50
2026-06-23T13:23:17.215461,578343,49
2026-06-23T13:23:17.215531,578344,50
2026-06-23T13:23:17.215602,578345,50
2026-06-23T13:23:17.215673,578346,49
2026-06-23T13:23:17.215745,578347,50
2026-06-23T13:23:17.225468,578348,50
2026-06-23T13:23:17.225571,578349,50
2026-06-23T13:23:17.225648,578350,49
2026-06-23T13:23:17.225722,578351,49
2026-06-23T13:23:17.225796,578352,49
2026-06-23T13:23:17.225871,578353,49
2026-06-23T13:23:17.225944,578354,49
2026-06-23T13:23:17.226016,578355,49
2026-06-23T13:23:17.226087,578356,49
2026-06-23T13:23:17.226158,578356,49
2026-06-23T13:23:17.226230,578357,50
2026-06-23T13:23:17.235947,578358,49
2026-06-23T13:23:17.236049,578359,49
2026-06-23T13:23:17.236178,578360,49
2026-06-23T13:23:17.236252,578361,48
2026-06-23T13:23:17.236323,578362,49
2026-06-23T13:23:17.236422,578363,49
2026-06-23T13:23:17.236493,578364,48
2026-06-23T13:23:17.236563,578365,48
2026-06-23T13:23:17.236637,578366,48
2026-06-23T13:23:17.236711,578367,48
2026-06-23T13:23:17.236782,578368,48
2026-06-23T13:23:17.246336,578369,48
2026-06-23T13:23:17.246415,578370,48
2026-06-23T13:23:17.246486,578371,47
2026-06-23T13:23:17.246556,578372,47
2026-06-23T13:23:17.246627,578373,47
2026-06-23T13:23:17.246697,578374,47
2026-06-23T13:23:17.246767,578375,46
2026-06-23T13:23:17.246837,578376,46
2026-06-23T13:23:17.246907,578377,46
2026-06-23T13:23:17.246978,578377,47
2026-06-23T13:23:17.247048,578378,46
2026-06-23T13:23:17.256836,578379,47
2026-06-23T13:23:17.256928,578380,47
2026-06-23T13:23:17.257000,578381,47
2026-06-23T13:23:17.257072,578382,47
2026-06-23T13:23:17.257143,578383,47
2026-06-23T13:23:17.257215,578384,46
2026-06-23T13:23:17.257285,578385,46
2026-06-23T13:23:17.257356,578386,46
2026-06-23T13:23:17.257426,578387,45
2026-06-23T13:23:17.257497,578388,45
2026-06-23T13:23:17.267200,578389,46
2026-06-23T13:23:17.267294,578390,46
2026-06-23T13:23:17.267379,578391,42
2026-06-23T13:23:17.267455,578392,46
2026-06-23T13:23:17.267527,578393,45
2026-06-23T13:23:17.267598,578394,45
2026-06-23T13:23:17.267669,578395,45
2026-06-23T13:23:17.267741,578396,45
2026-06-23T13:23:17.267813,578397,45
2026-06-23T13:23:17.267884,578398,46
2026-06-23T13:23:17.267954,578399,44
2026-06-23T13:23:17.277557,578399,44
2026-06-23T13:23:17.277637,578400,44
2026-06-23T13:23:17.277723,578401,44
2026-06-23T13:23:17.277796,578402,43
2026-06-23T13:23:17.277867,578403,43
2026-06-23T13:23:17.277937,578404,43
2026-06-23T13:23:17.278007,578405,43
2026-06-23T13:23:17.278077,578406,43
2026-06-23T13:23:17.278147,578407,43
2026-06-23T13:23:17.278218,578408,43
2026-06-23T13:23:17.278287,578409,43
2026-06-23T13:23:17.288090,578410,43
2026-06-23T13:23:17.288184,578411,43
2026-06-23T13:23:17.288256,578412,42
2026-06-23T13:23:17.288327,578413,42
2026-06-23T13:23:17.288398,578414,42
2026-06-23T13:23:17.288468,578415,42
2026-06-23T13:23:17.288539,578416,41
2026-06-23T13:23:17.288610,578417,41
2026-06-23T13:23:17.288681,578418,41
2026-06-23T13:23:17.288752,578419,41
2026-06-23T13:23:17.288822,578420,41
2026-06-23T13:23:17.298543,578420,41
2026-06-23T13:23:17.298630,578421,41
2026-06-23T13:23:17.298704,578422,40
2026-06-23T13:23:17.298775,578423,41
2026-06-23T13:23:17.298849,578424,41
2026-06-23T13:23:17.298920,578425,42
2026-06-23T13:23:17.298992,578426,41
2026-06-23T13:23:17.299066,578427,42
2026-06-23T13:23:17.299139,578428,42
2026-06-23T13:23:17.299212,578429,42
2026-06-23T13:23:17.299286,578430,42
2026-06-23T13:23:17.308994,578431,41
2026-06-23T13:23:17.309101,578432,41
2026-06-23T13:23:17.309178,578433,41
2026-06-23T13:23:17.309251,578434,41
2026-06-23T13:23:17.309323,578435,41
2026-06-23T13:23:17.309395,578436,41
2026-06-23T13:23:17.309469,578437,41
2026-06-23T13:23:17.309543,578438,40
2026-06-23T13:23:17.309615,578439,40
2026-06-23T13:23:17.309687,578440,40
2026-06-23T13:23:17.309760,578441,40
2026-06-23T13:23:17.319447,578441,41
2026-06-23T13:23:17.319549,578442,40
2026-06-23T13:23:17.319655,578443,41
2026-06-23T13:23:17.319740,578444,39
2026-06-23T13:23:17.319815,578445,40
2026-06-23T13:23:17.319887,578446,40
2026-06-23T13:23:17.319958,578447,41
2026-06-23T13:23:17.320029,578448,40
2026-06-23T13:23:17.320102,578449,39
2026-06-23T13:23:17.320174,578450,39
2026-06-23T13:23:17.320245,578451,39
2026-06-23T13:23:17.329882,578452,39
2026-06-23T13:23:17.329964,578453,39
2026-06-23T13:23:17.330037,578454,39
2026-06-23T13:23:17.330108,578455,39
2026-06-23T13:23:17.330180,578456,39
2026-06-23T13:23:17.330252,578457,39
2026-06-23T13:23:17.330323,578458,39
2026-06-23T13:23:17.330394,578459,39
2026-06-23T13:23:17.330465,578460,39
2026-06-23T13:23:17.330538,578461,39
2026-06-23T13:23:17.330610,578462,38
2026-06-23T13:23:17.340318,578463,38
2026-06-23T13:23:17.340406,578463,38
2026-06-23T13:23:17.340478,578464,39
2026-06-23T13:23:17.340549,578465,39
2026-06-23T13:23:17.340646,578466,39
2026-06-23T13:23:17.340717,578467,39
2026-06-23T13:23:17.340789,578468,39
2026-06-23T13:23:17.340860,578469,38
2026-06-23T13:23:17.340952,578470,39
2026-06-23T13:23:17.341024,578471,39
2026-06-23T13:23:17.341095,578472,38
2026-06-23T13:23:17.350764,578473,38
2026-06-23T13:23:17.350858,578474,38
2026-06-23T13:23:17.350945,578475,38
2026-06-23T13:23:17.351017,578476,38
2026-06-23T13:23:17.351089,578477,38
2026-06-23T13:23:17.351160,578478,37
2026-06-23T13:23:17.351230,578479,38
2026-06-23T13:23:17.351302,578480,38
2026-06-23T13:23:17.351373,578481,38
2026-06-23T13:23:17.351444,578482,38
2026-06-23T13:23:17.351514,578483,38
2026-06-23T13:23:17.361191,578484,39
2026-06-23T13:23:17.361281,578484,38
2026-06-23T13:23:17.361382,578485,38
2026-06-23T13:23:17.361462,578486,38
2026-06-23T13:23:17.361535,578487,38
2026-06-23T13:23:17.361606,578488,38
2026-06-23T13:23:17.361677,578489,37
2026-06-23T13:23:17.361748,578490,38
2026-06-23T13:23:17.361822,578491,38
2026-06-23T13:23:17.361893,578492,38
2026-06-23T13:23:17.361965,578493,37
2026-06-23T13:23:17.371697,578494,38
2026-06-23T13:23:17.371793,578495,38
2026-06-23T13:23:17.371864,578496,37
2026-06-23T13:23:17.371936,578497,37
2026-06-23T13:23:17.372006,578498,37
2026-06-23T13:23:17.372077,578499,37
2026-06-23T13:23:17.372149,578500,37
2026-06-23T13:23:17.372219,578501,37
2026-06-23T13:23:17.372289,578502,36
2026-06-23T13:23:17.372359,578503,36
2026-06-23T13:23:17.382033,578504,36
2026-06-23T13:23:17.382119,578505,37
2026-06-23T13:23:17.382190,578505,37
2026-06-23T13:23:17.382261,578506,38
2026-06-23T13:23:17.382331,578507,38
2026-06-23T13:23:17.382401,578508,38
2026-06-23T13:23:17.382471,578509,38
2026-06-23T13:23:17.382541,578510,37
2026-06-23T13:23:17.382611,578511,37
2026-06-23T13:23:17.382682,578512,37
2026-06-23T13:23:17.382752,578513,37
2026-06-23T13:23:17.392485,578514,37
2026-06-23T13:23:17.392580,578515,37
2026-06-23T13:23:17.392656,578516,37
2026-06-23T13:23:17.392729,578517,37
2026-06-23T13:23:17.392870,578518,37
2026-06-23T13:23:17.392944,578519,37
2026-06-23T13:23:17.393016,578520,37
2026-06-23T13:23:17.393087,578521,37
2026-06-23T13:23:17.393157,578522,38
2026-06-23T13:23:17.393228,578523,36
2026-06-23T13:23:17.393298,578524,36
2026-06-23T13:23:17.402961,578525,36
2026-06-23T13:23:17.403049,578526,36
2026-06-23T13:23:17.403111,578527,36
2026-06-23T13:23:17.403193,578527,36
2026-06-23T13:23:17.403263,578528,36
2026-06-23T13:23:17.403324,578529,36
2026-06-23T13:23:17.403386,578530,36
2026-06-23T13:23:17.403445,578531,36
2026-06-23T13:23:17.403507,578532,36
2026-06-23T13:23:17.403567,578533,36
2026-06-23T13:23:17.403625,578534,37
2026-06-23T13:23:17.413349,578535,37
2026-06-23T13:23:17.413417,578536,37
2026-06-23T13:23:17.413475,578537,37
2026-06-23T13:23:17.413534,578538,37
2026-06-23T13:23:17.413593,578539,37
2026-06-23T13:23:17.413652,578540,37
2026-06-23T13:23:17.413711,578541,37
2026-06-23T13:23:17.413770,578542,37
2026-06-23T13:23:17.413829,578543,37
2026-06-23T13:23:17.413887,578544,36
2026-06-23T13:23:17.413945,578545,37
2026-06-23T13:23:17.423875,578546,36
2026-06-23T13:23:17.423967,578547,36
2026-06-23T13:23:17.424027,578548,36
2026-06-23T13:23:17.424086,578548,36
2026-06-23T13:23:17.424145,578549,36
2026-06-23T13:23:17.424227,578550,37
2026-06-23T13:23:17.424317,578551,36
2026-06-23T13:23:17.424381,578552,36
2026-06-23T13:23:17.424441,578553,36
2026-06-23T13:23:17.424500,578554,36
2026-06-23T13:23:17.424559,578555,35
2026-06-23T13:23:17.434284,578556,36
2026-06-23T13:23:17.434365,578557,35
2026-06-23T13:23:17.434424,578558,35
2026-06-23T13:23:17.434483,578559,35
2026-06-23T13:23:17.434541,578560,36
2026-06-23T13:23:17.434599,578561,35
2026-06-23T13:23:17.434657,578562,35
2026-06-23T13:23:17.434715,578563,37
2026-06-23T13:23:17.434772,578564,36
2026-06-23T13:23:17.434830,578565,36
2026-06-23T13:23:17.434889,578566,36
2026-06-23T13:23:17.444678,578567,36
2026-06-23T13:23:17.444753,578568,36
2026-06-23T13:23:17.444814,578569,36
2026-06-23T13:23:17.444894,578570,36
2026-06-23T13:23:17.444953,578570,36
2026-06-23T13:23:17.445011,578571,35
2026-06-23T13:23:17.445070,578572,35
2026-06-23T13:23:17.445134,578573,35
2026-06-23T13:23:17.445193,578574,35
2026-06-23T13:23:17.445251,578575,35
2026-06-23T13:23:17.445309,578576,35
2026-06-23T13:23:17.455134,578577,35
2026-06-23T13:23:17.455218,578578,35
2026-06-23T13:23:17.455290,578579,35
2026-06-23T13:23:17.455350,578580,35
2026-06-23T13:23:17.455409,578581,36
2026-06-23T13:23:17.455468,578582,36
2026-06-23T13:23:17.455526,578583,35
2026-06-23T13:23:17.455584,578584,36
2026-06-23T13:23:17.455642,578585,36
2026-06-23T13:23:17.455700,578586,36
2026-06-23T13:23:17.455758,578587,36
2026-06-23T13:23:17.465645,578588,35
2026-06-23T13:23:17.465726,578589,35
2026-06-23T13:23:17.465800,578590,35
2026-06-23T13:23:17.465860,578591,35
2026-06-23T13:23:17.465918,578591,35
2026-06-23T13:23:17.465976,578592,35
2026-06-23T13:23:17.466033,578593,35
2026-06-23T13:23:17.466091,578594,35
2026-06-23T13:23:17.466152,578595,35
2026-06-23T13:23:17.466210,578596,34
2026-06-23T13:23:17.466267,578597,34
2026-06-23T13:23:17.476025,578598,34
2026-06-23T13:23:17.476105,578599,34
2026-06-23T13:23:17.476164,578600,34
2026-06-23T13:23:17.476222,578601,34
2026-06-23T13:23:17.476280,578602,34
2026-06-23T13:23:17.476339,578603,34
2026-06-23T13:23:17.476397,578604,34
2026-06-23T13:23:17.476455,578605,34
2026-06-23T13:23:17.476514,578606,33
2026-06-23T13:23:17.476571,578607,33
2026-06-23T13:23:17.476629,578608,33
2026-06-23T13:23:17.486463,578609,33
2026-06-23T13:23:17.486549,578610,33
2026-06-23T13:23:17.486619,578611,33
2026-06-23T13:23:17.486670,578612,32
2026-06-23T13:23:17.486720,578612,33
2026-06-23T13:23:17.486774,578613,33
2026-06-23T13:23:17.486825,578614,33
2026-06-23T13:23:17.486875,578615,33
2026-06-23T13:23:17.486924,578616,32
2026-06-23T13:23:17.486974,578617,32
2026-06-23T13:23:17.496827,578618,33
2026-06-23T13:23:17.496897,578619,32
2026-06-23T13:23:17.496956,578620,32
2026-06-23T13:23:17.497014,578621,32
2026-06-23T13:23:17.497073,578622,32
2026-06-23T13:23:17.497130,578623,32
2026-06-23T13:23:17.497188,578624,33
2026-06-23T13:23:17.497246,578625,32
2026-06-23T13:23:17.497304,578626,32
2026-06-23T13:23:17.497363,578627,32
2026-06-23T13:23:17.497421,578628,32
2026-06-23T13:23:17.507353,578629,32
2026-06-23T13:23:17.507434,578630,32
2026-06-23T13:23:17.507485,578631,32
2026-06-23T13:23:17.507535,578632,32
2026-06-23T13:23:17.507586,578633,32
2026-06-23T13:23:17.507636,578634,32
2026-06-23T13:23:17.507687,578634,33
2026-06-23T13:23:17.507737,578635,33
2026-06-23T13:23:17.507787,578636,33
2026-06-23T13:23:17.507836,578637,33
2026-06-23T13:23:17.507885,578638,34
2026-06-23T13:23:17.517788,578639,34
2026-06-23T13:23:17.517869,578640,34
2026-06-23T13:23:17.517934,578641,33
2026-06-23T13:23:17.517999,578642,33
2026-06-23T13:23:17.518051,578643,34
2026-06-23T13:23:17.518102,578644,33
2026-06-23T13:23:17.518152,578645,33
2026-06-23T13:23:17.518202,578646,33
2026-06-23T13:23:17.518251,578647,33
2026-06-23T13:23:17.518315,578648,33
2026-06-23T13:23:17.518365,578649,33
2026-06-23T13:23:17.528205,578650,33
2026-06-23T13:23:17.528263,578651,33
2026-06-23T13:23:17.528358,578652,33
2026-06-23T13:23:17.528431,578653,33
2026-06-23T13:23:17.528489,578654,33
2026-06-23T13:23:17.528543,578655,33
2026-06-23T13:23:17.528595,578655,33
2026-06-23T13:23:17.528647,578656,33
2026-06-23T13:23:17.528698,578657,33
2026-06-23T13:23:17.528749,578658,33
2026-06-23T13:23:17.528802,578659,33
2026-06-23T13:23:17.538618,578660,33
2026-06-23T13:23:17.538696,578661,33
2026-06-23T13:23:17.538747,578662,32
2026-06-23T13:23:17.538799,578663,32
2026-06-23T13:23:17.538852,578664,33
2026-06-23T13:23:17.538902,578665,33
2026-06-23T13:23:17.538952,578666,33
2026-06-23T13:23:17.539002,578667,33
2026-06-23T13:23:17.539053,578668,33
2026-06-23T13:23:17.539102,578669,33
2026-06-23T13:23:17.539152,578670,33
2026-06-23T13:23:17.549108,578671,34
2026-06-23T13:23:17.549203,578672,33
2026-06-23T13:23:17.549254,578673,33
2026-06-23T13:23:17.549304,578674,33
2026-06-23T13:23:17.549354,578675,33
2026-06-23T13:23:17.549404,578676,33
2026-06-23T13:23:17.549454,578676,33
2026-06-23T13:23:17.549504,578677,33
2026-06-23T13:23:17.549554,578678,33
2026-06-23T13:23:17.549603,578679,33
2026-06-23T13:23:17.549653,578680,33
2026-06-23T13:23:17.559547,578681,34
2026-06-23T13:23:17.559665,578682,34
2026-06-23T13:23:17.559734,578683,35
2026-06-23T13:23:17.559785,578684,35
2026-06-23T13:23:17.559835,578685,36
2026-06-23T13:23:17.559885,578686,35
2026-06-23T13:23:17.559935,578687,35
2026-06-23T13:23:17.559985,578688,35
2026-06-23T13:23:17.560034,578689,35
2026-06-23T13:23:17.560084,578690,35
2026-06-23T13:23:17.560134,578691,35
2026-06-23T13:23:17.569990,578692,37
2026-06-23T13:23:17.570061,578693,35
2026-06-23T13:23:17.570132,578694,36
2026-06-23T13:23:17.570189,578695,36
2026-06-23T13:23:17.570240,578696,36
2026-06-23T13:23:17.570291,578697,36
2026-06-23T13:23:17.570360,578698,36
2026-06-23T13:23:17.570411,578698,36
2026-06-23T13:23:17.570460,578699,37
2026-06-23T13:23:17.570511,578700,37
2026-06-23T13:23:17.570562,578701,37
2026-06-23T13:23:17.580482,578702,38
2026-06-23T13:23:17.580539,578703,38
2026-06-23T13:23:17.580591,578704,37
2026-06-23T13:23:17.580641,578705,37
2026-06-23T13:23:17.580692,578706,37
2026-06-23T13:23:17.580743,578707,38
2026-06-23T13:23:17.580794,578708,38
2026-06-23T13:23:17.580844,578709,38
2026-06-23T13:23:17.580894,578710,38
2026-06-23T13:23:17.580945,578711,38
2026-06-23T13:23:17.580996,578712,38
2026-06-23T13:23:17.590907,578713,38
2026-06-23T13:23:17.590990,578714,38
2026-06-23T13:23:17.591041,578715,38
2026-06-23T13:23:17.591092,578716,39
2026-06-23T13:23:17.591142,578717,39
2026-06-23T13:23:17.591191,578718,39
2026-06-23T13:23:17.591241,578719,39
2026-06-23T13:23:17.591290,578719,39
2026-06-23T13:23:17.591339,578720,39
2026-06-23T13:23:17.591388,578721,39
2026-06-23T13:23:17.591437,578722,39
2026-06-23T13:23:17.601327,578723,39
2026-06-23T13:23:17.601406,578724,39
2026-06-23T13:23:17.601458,578725,39
2026-06-23T13:23:17.601508,578726,40
2026-06-23T13:23:17.601558,578727,40
2026-06-23T13:23:17.601608,578728,41
2026-06-23T13:23:17.601657,578729,41
2026-06-23T13:23:17.601730,578730,41
2026-06-23T13:23:17.601788,578731,42
2026-06-23T13:23:17.601841,578732,42
2026-06-23T13:23:17.611708,578733,43
2026-06-23T13:23:17.611771,578734,44
2026-06-23T13:23:17.611824,578735,44
2026-06-23T13:23:17.611875,578736,44
2026-06-23T13:23:17.611927,578737,44
2026-06-23T13:23:17.611978,578738,44
2026-06-23T13:23:17.612028,578739,43
2026-06-23T13:23:17.612078,578740,44
2026-06-23T13:23:17.612128,578740,44
2026-06-23T13:23:17.612178,578741,44
2026-06-23T13:23:17.612228,578742,45
2026-06-23T13:23:17.622190,578743,46
2026-06-23T13:23:17.622282,578744,45
2026-06-23T13:23:17.622334,578745,45
2026-06-23T13:23:17.622386,578746,46
2026-06-23T13:23:17.622440,578747,46
2026-06-23T13:23:17.622491,578748,46
2026-06-23T13:23:17.622542,578749,47
2026-06-23T13:23:17.622593,578750,48
2026-06-23T13:23:17.622644,578751,47
2026-06-23T13:23:17.622693,578752,48
2026-06-23T13:23:17.622743,578753,49
2026-06-23T13:23:17.632635,578754,49
2026-06-23T13:23:17.632702,578755,49
2026-06-23T13:23:17.632757,578756,49
2026-06-23T13:23:17.632807,578757,49
2026-06-23T13:23:17.632856,578758,50
2026-06-23T13:23:17.632906,578759,50
2026-06-23T13:23:17.632958,578760,50
2026-06-23T13:23:17.633010,578761,50
2026-06-23T13:23:17.633060,578762,49
2026-06-23T13:23:17.633109,578762,49
2026-06-23T13:23:17.633159,578763,50
2026-06-23T13:23:17.643090,578764,50
2026-06-23T13:23:17.643166,578765,50
2026-06-23T13:23:17.643217,578766,50
2026-06-23T13:23:17.643268,578767,50
2026-06-23T13:23:17.643318,578768,50
2026-06-23T13:23:17.643368,578769,50
2026-06-23T13:23:17.643418,578770,50
2026-06-23T13:23:17.643468,578771,50
2026-06-23T13:23:17.643530,578772,50
2026-06-23T13:23:17.643581,578773,50
2026-06-23T13:23:17.643637,578774,50
2026-06-23T13:23:17.653486,578775,51
2026-06-23T13:23:17.653556,578776,51
2026-06-23T13:23:17.653600,578777,51
2026-06-23T13:23:17.653659,578778,51
2026-06-23T13:23:17.653709,578779,50
2026-06-23T13:23:17.653755,578780,52
2026-06-23T13:23:17.653800,578781,52
2026-06-23T13:23:17.653844,578782,52
2026-06-23T13:23:17.653889,578783,52
2026-06-23T13:23:17.653933,578783,52
2026-06-23T13:23:17.653980,578784,52
2026-06-23T13:23:17.663876,578785,53
2026-06-23T13:23:17.663936,578786,52
2026-06-23T13:23:17.663987,578787,52
2026-06-23T13:23:17.664037,578788,52
2026-06-23T13:23:17.664087,578789,52
2026-06-23T13:23:17.664137,578790,52
2026-06-23T13:23:17.664187,578791,52
2026-06-23T13:23:17.664237,578792,52
2026-06-23T13:23:17.664287,578793,52
2026-06-23T13:23:17.664336,578794,52
2026-06-23T13:23:17.664386,578795,52
2026-06-23T13:23:17.674383,578796,52
2026-06-23T13:23:17.674457,578797,52
2026-06-23T13:23:17.674507,578798,53
2026-06-23T13:23:17.674557,578799,52
2026-06-23T13:23:17.674607,578800,52
2026-06-23T13:23:17.674658,578801,52
2026-06-23T13:23:17.674710,578802,52
2026-06-23T13:23:17.674760,578803,52
2026-06-23T13:23:17.674810,578804,51
2026-06-23T13:23:17.674860,578805,52
2026-06-23T13:23:17.674909,578805,52
2026-06-23T13:23:17.684850,578806,52
2026-06-23T13:23:17.684932,578807,52
2026-06-23T13:23:17.684983,578808,52
2026-06-23T13:23:17.685033,578809,52
2026-06-23T13:23:17.685109,578810,52
2026-06-23T13:23:17.685166,578811,52
2026-06-23T13:23:17.685218,578812,53
2026-06-23T13:23:17.685269,578813,53
2026-06-23T13:23:17.685319,578814,52
2026-06-23T13:23:17.685380,578815,52
2026-06-23T13:23:17.685431,578816,52
2026-06-23T13:23:17.695238,578817,52
2026-06-23T13:23:17.695294,578818,52
2026-06-23T13:23:17.695369,578819,52
2026-06-23T13:23:17.695427,578820,52
2026-06-23T13:23:17.695478,578821,52
2026-06-23T13:23:17.695530,578822,52
2026-06-23T13:23:17.695580,578823,52
2026-06-23T13:23:17.695631,578824,52
2026-06-23T13:23:17.695688,578825,53
2026-06-23T13:23:17.695739,578826,53
2026-06-23T13:23:17.695790,578826,53
2026-06-23T13:23:17.705752,578827,53
2026-06-23T13:23:17.705832,578828,53
2026-06-23T13:23:17.705875,578829,53
2026-06-23T13:23:17.705919,578830,52
2026-06-23T13:23:17.705963,578831,52
2026-06-23T13:23:17.706006,578832,51
2026-06-23T13:23:17.706049,578833,52
2026-06-23T13:23:17.706092,578834,52
2026-06-23T13:23:17.706135,578835,52
2026-06-23T13:23:17.706178,578836,51
2026-06-23T13:23:17.706221,578837,51
2026-06-23T13:23:17.716204,578838,51
2026-06-23T13:23:17.716277,578839,51
2026-06-23T13:23:17.716328,578840,51
2026-06-23T13:23:17.716377,578841,51
2026-06-23T13:23:17.716427,578842,51
2026-06-23T13:23:17.716477,578843,51
2026-06-23T13:23:17.716526,578844,51
2026-06-23T13:23:17.716575,578845,51
2026-06-23T13:23:17.716628,578846,51
2026-06-23T13:23:17.716678,578847,51
2026-06-23T13:23:17.726613,578847,51
2026-06-23T13:23:17.726706,578848,51
2026-06-23T13:23:17.726758,578849,51
2026-06-23T13:23:17.726809,578850,51
2026-06-23T13:23:17.726858,578851,51
2026-06-23T13:23:17.726908,578852,51
2026-06-23T13:23:17.726958,578853,51
2026-06-23T13:23:17.727008,578854,51
2026-06-23T13:23:17.727057,578855,52
2026-06-23T13:23:17.727107,578856,51
2026-06-23T13:23:17.727157,578857,51
2026-06-23T13:23:17.736996,578858,51
2026-06-23T13:23:17.737062,578859,51
2026-06-23T13:23:17.737125,578860,51
2026-06-23T13:23:17.737176,578861,51
2026-06-23T13:23:17.737223,578862,51
2026-06-23T13:23:17.737283,578863,51
2026-06-23T13:23:17.737332,578864,51
2026-06-23T13:23:17.737376,578865,51
2026-06-23T13:23:17.737420,578866,50
2026-06-23T13:23:17.737464,578867,50
2026-06-23T13:23:17.737507,578868,48
2026-06-23T13:23:17.747423,578869,49
2026-06-23T13:23:17.747483,578869,48
2026-06-23T13:23:17.747534,578870,48
2026-06-23T13:23:17.747584,578871,48
2026-06-23T13:23:17.747634,578872,48
2026-06-23T13:23:17.747683,578873,48
2026-06-23T13:23:17.747733,578874,48
2026-06-23T13:23:17.747782,578875,48
2026-06-23T13:23:17.747831,578876,48
2026-06-23T13:23:17.747881,578877,49
2026-06-23T13:23:17.747931,578878,48
2026-06-23T13:23:17.757924,578879,48
2026-06-23T13:23:17.758002,578880,47
2026-06-23T13:23:17.758053,578881,47
2026-06-23T13:23:17.758103,578882,47
2026-06-23T13:23:17.758154,578883,48
2026-06-23T13:23:17.758203,578884,47
2026-06-23T13:23:17.758253,578885,47
2026-06-23T13:23:17.758302,578886,47
2026-06-23T13:23:17.758351,578887,47
2026-06-23T13:23:17.758400,578888,48
2026-06-23T13:23:17.758449,578889,48
2026-06-23T13:23:17.768360,578890,47
2026-06-23T13:23:17.768446,578890,47
2026-06-23T13:23:17.768502,578891,47
2026-06-23T13:23:17.768554,578892,47
2026-06-23T13:23:17.768643,578893,52
2026-06-23T13:23:17.768690,578894,46
2026-06-23T13:23:17.768734,578895,46
2026-06-23T13:23:17.768787,578896,45
2026-06-23T13:23:17.768831,578897,45
2026-06-23T13:23:17.768875,578898,46
2026-06-23T13:23:17.768918,578899,46
2026-06-23T13:23:17.778797,578900,46
2026-06-23T13:23:17.778853,578901,46
2026-06-23T13:23:17.778926,578902,46
2026-06-23T13:23:17.778978,578903,45
2026-06-23T13:23:17.779030,578904,45
2026-06-23T13:23:17.779081,578905,45
2026-06-23T13:23:17.779130,578906,45
2026-06-23T13:23:17.779181,578907,45
2026-06-23T13:23:17.779231,578908,44
2026-06-23T13:23:17.779280,578909,44
2026-06-23T13:23:17.779329,578910,44
2026-06-23T13:23:17.789246,578911,44
2026-06-23T13:23:17.789322,578911,44
2026-06-23T13:23:17.789365,578912,44
2026-06-23T13:23:17.789409,578913,44
2026-06-23T13:23:17.789453,578914,44
2026-06-23T13:23:17.789496,578915,44
2026-06-23T13:23:17.789539,578916,44
2026-06-23T13:23:17.789582,578917,43
2026-06-23T13:23:17.789625,578918,44
2026-06-23T13:23:17.789668,578919,43
2026-06-23T13:23:17.789711,578920,43
2026-06-23T13:23:17.799680,578921,43
2026-06-23T13:23:17.799754,578922,43
2026-06-23T13:23:17.799804,578923,43
2026-06-23T13:23:17.799854,578924,43
2026-06-23T13:23:17.799904,578925,43
2026-06-23T13:23:17.799954,578926,43
2026-06-23T13:23:17.800003,578927,43
2026-06-23T13:23:17.800053,578928,42
2026-06-23T13:23:17.800102,578929,43
2026-06-23T13:23:17.800152,578930,43
2026-06-23T13:23:17.800202,578931,43
2026-06-23T13:23:17.810088,578932,43
2026-06-23T13:23:17.810147,578933,43
2026-06-23T13:23:17.810190,578933,44
2026-06-23T13:23:17.810233,578934,42
2026-06-23T13:23:17.810276,578935,43
2026-06-23T13:23:17.810319,578936,42
2026-06-23T13:23:17.810361,578937,42
2026-06-23T13:23:17.810403,578938,42
2026-06-23T13:23:17.810445,578939,42
2026-06-23T13:23:17.810488,578940,40
2026-06-23T13:23:17.810530,578941,41
2026-06-23T13:23:17.820683,578942,41
2026-06-23T13:23:17.820776,578943,41
2026-06-23T13:23:17.820841,578944,41
2026-06-23T13:23:17.820892,578945,42
2026-06-23T13:23:17.820939,578946,42
2026-06-23T13:23:17.820984,578947,42
2026-06-23T13:23:17.821027,578948,42
2026-06-23T13:23:17.821072,578949,42
2026-06-23T13:23:17.821116,578950,42
2026-06-23T13:23:17.821159,578951,42
2026-06-23T13:23:17.821202,578952,41
2026-06-23T13:23:17.831004,578953,41
2026-06-23T13:23:17.831065,578954,41
2026-06-23T13:23:17.831115,578954,41
2026-06-23T13:23:17.831164,578955,41
2026-06-23T13:23:17.831214,578956,41
2026-06-23T13:23:17.831263,578957,41
2026-06-23T13:23:17.831313,578958,41
2026-06-23T13:23:17.831363,578959,41
2026-06-23T13:23:17.831413,578960,41
2026-06-23T13:23:17.831465,578961,41
2026-06-23T13:23:17.841429,578962,41
2026-06-23T13:23:17.841500,578963,41
2026-06-23T13:23:17.841551,578964,41
2026-06-23T13:23:17.841601,578965,41
2026-06-23T13:23:17.841651,578966,42
2026-06-23T13:23:17.841701,578967,40
2026-06-23T13:23:17.841751,578968,40
2026-06-23T13:23:17.841802,578969,40
2026-06-23T13:23:17.841853,578970,40
2026-06-23T13:23:17.841903,578971,40
2026-06-23T13:23:17.841952,578972,40
2026-06-23T13:23:17.851887,578973,40
2026-06-23T13:23:17.851961,578974,40
2026-06-23T13:23:17.852024,578975,40
2026-06-23T13:23:17.852076,578975,40
2026-06-23T13:23:17.852126,578976,41
2026-06-23T13:23:17.852176,578977,40
2026-06-23T13:23:17.852225,578978,40
2026-06-23T13:23:17.852275,578979,40
2026-06-23T13:23:17.852324,578980,40
2026-06-23T13:23:17.852374,578981,41
2026-06-23T13:23:17.852423,578982,41
2026-06-23T13:23:17.862256,578983,40
2026-06-23T13:23:17.862317,578984,39
2026-06-23T13:23:17.862380,578985,40
2026-06-23T13:23:17.862431,578986,40
2026-06-23T13:23:17.862481,578987,40
2026-06-23T13:23:17.862531,578988,40
2026-06-23T13:23:17.862581,578989,40
2026-06-23T13:23:17.862631,578990,39
2026-06-23T13:23:17.862681,578991,39
2026-06-23T13:23:17.862731,578992,40
2026-06-23T13:23:17.862782,578993,39
2026-06-23T13:23:17.872770,578994,39
2026-06-23T13:23:17.872849,578995,38
2026-06-23T13:23:17.872920,578996,39
2026-06-23T13:23:17.872972,578997,39
2026-06-23T13:23:17.873024,578997,38
2026-06-23T13:23:17.873087,578998,39
2026-06-23T13:23:17.873137,578999,39
2026-06-23T13:23:17.873187,579000,38
2026-06-23T13:23:17.873238,579001,37
2026-06-23T13:23:17.873288,579002,39
2026-06-23T13:23:17.873337,579003,38
2026-06-23T13:23:17.883177,579004,38
2026-06-23T13:23:17.883248,579005,38
2026-06-23T13:23:17.883299,579006,38
2026-06-23T13:23:17.883349,579007,38
2026-06-23T13:23:17.883398,579008,38
2026-06-23T13:23:17.883448,579009,38
2026-06-23T13:23:17.883497,579010,38
2026-06-23T13:23:17.883548,579011,38
2026-06-23T13:23:17.883597,579012,38
2026-06-23T13:23:17.883647,579013,38
2026-06-23T13:23:17.883731,579014,38
2026-06-23T13:23:17.893606,579015,38
2026-06-23T13:23:17.893674,579016,38
2026-06-23T13:23:17.893732,579017,38
2026-06-23T13:23:17.893791,579018,37
2026-06-23T13:23:17.893853,579018,37
2026-06-23T13:23:17.893913,579019,37
2026-06-23T13:23:17.893974,579020,37
2026-06-23T13:23:17.894039,579021,37
2026-06-23T13:23:17.894099,579022,37
2026-06-23T13:23:17.894158,579023,37
2026-06-23T13:23:17.894216,579024,37
2026-06-23T13:23:17.904110,579025,36
2026-06-23T13:23:17.904224,579026,36
2026-06-23T13:23:17.904292,579027,36
2026-06-23T13:23:17.904355,579028,36
2026-06-23T13:23:17.904416,579029,36
2026-06-23T13:23:17.904477,579030,37
2026-06-23T13:23:17.904537,579031,37
2026-06-23T13:23:17.904596,579032,37
2026-06-23T13:23:17.904655,579033,36
2026-06-23T13:23:17.904713,579034,36
2026-06-23T13:23:17.904772,579035,37
2026-06-23T13:23:17.914486,579036,36
2026-06-23T13:23:17.914557,579037,37
2026-06-23T13:23:17.914617,579038,37
2026-06-23T13:23:17.914678,579039,38
2026-06-23T13:23:17.914739,579040,38
2026-06-23T13:23:17.914797,579040,39
2026-06-23T13:23:17.914856,579041,39
2026-06-23T13:23:17.914914,579042,39
2026-06-23T13:23:17.914972,579043,39
2026-06-23T13:23:17.915030,579044,38
2026-06-23T13:23:17.915088,579045,38
2026-06-23T13:23:17.924993,579046,38
2026-06-23T13:23:17.925070,579047,37
2026-06-23T13:23:17.925129,579048,38
2026-06-23T13:23:17.925188,579049,40
2026-06-23T13:23:17.925246,579050,39
2026-06-23T13:23:17.925304,579051,39
2026-06-23T13:23:17.925363,579052,39
2026-06-23T13:23:17.925420,579053,38
2026-06-23T13:23:17.925478,579054,38
2026-06-23T13:23:17.925536,579055,38
2026-06-23T13:23:17.925594,579056,38
2026-06-23T13:23:17.935450,579057,38
2026-06-23T13:23:17.935536,579058,38
2026-06-23T13:23:17.935609,579059,38
2026-06-23T13:23:17.935669,579060,38
2026-06-23T13:23:17.935729,579061,38
2026-06-23T13:23:17.935787,579061,38
2026-06-23T13:23:17.935846,579062,37
2026-06-23T13:23:17.935904,579063,37
2026-06-23T13:23:17.935962,579064,37
2026-06-23T13:23:17.936019,579065,37
2026-06-23T13:23:17.936078,579066,37
2026-06-23T13:23:17.945772,579067,37
2026-06-23T13:23:17.945837,579068,37
2026-06-23T13:23:17.945896,579069,37
2026-06-23T13:23:17.945954,579070,37
2026-06-23T13:23:17.946012,579071,37
2026-06-23T13:23:17.946070,579072,37
2026-06-23T13:23:17.946128,579073,38
2026-06-23T13:23:17.946187,579074,38
2026-06-23T13:23:17.946245,579075,37
2026-06-23T13:23:17.946304,579076,37
2026-06-23T13:23:17.956252,579077,37
2026-06-23T13:23:17.956340,579078,37
2026-06-23T13:23:17.956401,579079,37
2026-06-23T13:23:17.956461,579080,37
2026-06-23T13:23:17.956548,579081,37
2026-06-23T13:23:17.956619,579082,36
2026-06-23T13:23:17.956681,579082,36
2026-06-23T13:23:17.956742,579083,36
2026-06-23T13:23:17.956808,579084,36
2026-06-23T13:23:17.956867,579085,36
2026-06-23T13:23:17.956926,579086,37
2026-06-23T13:23:17.966721,579087,37
2026-06-23T13:23:17.966818,579088,37
2026-06-23T13:23:17.966884,579089,37
2026-06-23T13:23:17.966946,579090,37
2026-06-23T13:23:17.967006,579091,37
2026-06-23T13:23:17.967066,579092,37
2026-06-23T13:23:17.967125,579093,37
2026-06-23T13:23:17.967184,579094,37
2026-06-23T13:23:17.967242,579095,37
2026-06-23T13:23:17.967300,579096,36
2026-06-23T13:23:17.967398,579097,37
2026-06-23T13:23:17.977174,579098,37
2026-06-23T13:23:17.977271,579099,36
2026-06-23T13:23:17.977352,579100,37
2026-06-23T13:23:17.977426,579101,36
2026-06-23T13:23:17.977499,579102,36
2026-06-23T13:23:17.977591,579103,36
2026-06-23T13:23:17.977663,579104,36
2026-06-23T13:23:17.977740,579104,36
2026-06-23T13:23:17.977816,579105,36
2026-06-23T13:23:17.977897,579106,37
2026-06-23T13:23:17.977969,579107,38
2026-06-23T13:23:17.987628,579108,36
2026-06-23T13:23:17.987711,579109,36
2026-06-23T13:23:17.987771,579110,36
2026-06-23T13:23:17.987831,579111,37
2026-06-23T13:23:17.987890,579112,37
2026-06-23T13:23:17.987949,579113,37
2026-06-23T13:23:17.988008,579114,37
2026-06-23T13:23:17.988066,579115,37
2026-06-23T13:23:17.988125,579116,37
2026-06-23T13:23:17.988183,579117,38
2026-06-23T13:23:17.988241,579118,37
2026-06-23T13:23:17.998039,579119,37
2026-06-23T13:23:17.998123,579120,37
2026-06-23T13:23:17.998197,579121,37
2026-06-23T13:23:17.998271,579122,37
2026-06-23T13:23:17.998345,579123,37
2026-06-23T13:23:17.998417,579124,37
2026-06-23T13:23:17.998492,579125,37
2026-06-23T13:23:17.998564,579125,37
2026-06-23T13:23:17.998636,579126,38
2026-06-23T13:23:17.998707,579127,38
2026-06-23T13:23:17.998780,579128,38
2026-06-23T13:23:18.008432,579129,37
2026-06-23T13:23:18.008525,579130,37
2026-06-23T13:23:18.008599,579131,37
2026-06-23T13:23:18.008672,579132,37
2026-06-23T13:23:18.008747,579133,37
2026-06-23T13:23:18.008820,579134,37
2026-06-23T13:23:18.008894,579135,38
2026-06-23T13:23:18.008969,579136,38
2026-06-23T13:23:18.009042,579137,38
2026-06-23T13:23:18.009115,579138,38
2026-06-23T13:23:18.009203,579139,38
2026-06-23T13:23:18.018939,579140,38
2026-06-23T13:23:18.019049,579141,38
2026-06-23T13:23:18.019155,579142,37
2026-06-23T13:23:18.019236,579143,37
2026-06-23T13:23:18.019309,579144,37
2026-06-23T13:23:18.019380,579145,37
2026-06-23T13:23:18.019451,579146,37
2026-06-23T13:23:18.019521,579146,36
2026-06-23T13:23:18.019592,579147,37
2026-06-23T13:23:18.019665,579148,37
2026-06-23T13:23:18.019735,579149,37
2026-06-23T13:23:18.029359,579150,37
2026-06-23T13:23:18.029445,579151,37
2026-06-23T13:23:18.029555,579152,37
2026-06-23T13:23:18.029632,579153,37
2026-06-23T13:23:18.029703,579154,37
2026-06-23T13:23:18.029774,579155,37
2026-06-23T13:23:18.029845,579156,38
2026-06-23T13:23:18.029918,579157,38
2026-06-23T13:23:18.029989,579158,38
2026-06-23T13:23:18.030059,579159,38
2026-06-23T13:23:18.030130,579160,38
2026-06-23T13:23:18.039826,579161,38
2026-06-23T13:23:18.039924,579162,38
2026-06-23T13:23:18.039998,579163,39
2026-06-23T13:23:18.040070,579164,39
2026-06-23T13:23:18.040142,579165,39
2026-06-23T13:23:18.040214,579166,39
2026-06-23T13:23:18.040285,579167,39
2026-06-23T13:23:18.040356,579168,39
2026-06-23T13:23:18.040429,579168,39
2026-06-23T13:23:18.040501,579169,39
2026-06-23T13:23:18.040573,579170,38
2026-06-23T13:23:18.050290,579171,38
2026-06-23T13:23:18.050383,579172,38
2026-06-23T13:23:18.050455,579173,38
2026-06-23T13:23:18.050527,579174,38
2026-06-23T13:23:18.050599,579175,38
2026-06-23T13:23:18.050670,579176,39
2026-06-23T13:23:18.050741,579177,39
2026-06-23T13:23:18.050816,579178,39
2026-06-23T13:23:18.050887,579179,39
2026-06-23T13:23:18.050959,579180,39
2026-06-23T13:23:18.051030,579181,39
2026-06-23T13:23:18.060685,579182,38
2026-06-23T13:23:18.060777,579183,38
2026-06-23T13:23:18.060850,579184,38
2026-06-23T13:23:18.060941,579185,38
2026-06-23T13:23:18.061014,579186,37
2026-06-23T13:23:18.061086,579187,37
2026-06-23T13:23:18.061157,579188,37
2026-06-23T13:23:18.061229,579189,37
2026-06-23T13:23:18.061300,579189,37
2026-06-23T13:23:18.061371,579190,37
2026-06-23T13:23:18.071125,579191,37
2026-06-23T13:23:18.071234,579192,37
2026-06-23T13:23:18.071338,579193,37
2026-06-23T13:23:18.071418,579194,37
2026-06-23T13:23:18.071491,579195,38
2026-06-23T13:23:18.071564,579196,37
2026-06-23T13:23:18.071636,579197,37
2026-06-23T13:23:18.071707,579198,37
2026-06-23T13:23:18.071779,579199,37
2026-06-23T13:23:18.071850,579200,37
2026-06-23T13:23:18.071922,579201,38
2026-06-23T13:23:18.081640,579202,37
2026-06-23T13:23:18.081726,579203,37
2026-06-23T13:23:18.081798,579204,37
2026-06-23T13:23:18.081870,579205,37
2026-06-23T13:23:18.081941,579206,37
2026-06-23T13:23:18.082012,579207,37
2026-06-23T13:23:18.082082,579208,37
2026-06-23T13:23:18.082153,579209,37
2026-06-23T13:23:18.082224,579210,37
2026-06-23T13:23:18.082302,579210,37
2026-06-23T13:23:18.082373,579211,37
2026-06-23T13:23:18.091984,579212,36
2026-06-23T13:23:18.092074,579213,37
2026-06-23T13:23:18.092146,579214,37
2026-06-23T13:23:18.092217,579215,37
2026-06-23T13:23:18.092288,579216,37
2026-06-23T13:23:18.092360,579217,37
2026-06-23T13:23:18.092430,579218,37
2026-06-23T13:23:18.092500,579219,37
2026-06-23T13:23:18.092570,579220,37
2026-06-23T13:23:18.092641,579221,38
2026-06-23T13:23:18.092711,579222,38
2026-06-23T13:23:18.102451,579223,38
2026-06-23T13:23:18.102547,579224,39
2026-06-23T13:23:18.102669,579225,39
2026-06-23T13:23:18.102776,579226,39
2026-06-23T13:23:18.102857,579227,39
2026-06-23T13:23:18.102933,579228,39
2026-06-23T13:23:18.103007,579229,38
2026-06-23T13:23:18.103082,579230,38
2026-06-23T13:23:18.103156,579231,38
2026-06-23T13:23:18.103229,579232,39
2026-06-23T13:23:18.103301,579232,39
2026-06-23T13:23:18.112896,579233,39
2026-06-23T13:23:18.112976,579234,39
2026-06-23T13:23:18.113050,579235,39
2026-06-23T13:23:18.113122,579236,38
2026-06-23T13:23:18.113194,579237,38
2026-06-23T13:23:18.113265,579238,38
2026-06-23T13:23:18.113336,579239,38
2026-06-23T13:23:18.113407,579240,38
2026-06-23T13:23:18.113478,579241,38
2026-06-23T13:23:18.113549,579242,38
2026-06-23T13:23:18.113620,579243,36
2026-06-23T13:23:18.123336,579244,39
2026-06-23T13:23:18.123473,579245,40
2026-06-23T13:23:18.123554,579246,40
2026-06-23T13:23:18.123626,579247,39
2026-06-23T13:23:18.123699,579248,39
2026-06-23T13:23:18.123771,579249,40
2026-06-23T13:23:18.123842,579250,39
2026-06-23T13:23:18.123913,579251,39
2026-06-23T13:23:18.123985,579252,39
2026-06-23T13:23:18.124056,579253,39
2026-06-23T13:23:18.124128,579253,39
2026-06-23T13:23:18.133798,579254,39
2026-06-23T13:23:18.133890,579255,39
2026-06-23T13:23:18.133962,579256,39
2026-06-23T13:23:18.134034,579257,40
2026-06-23T13:23:18.134105,579258,41
2026-06-23T13:23:18.134176,579259,39
2026-06-23T13:23:18.134288,579260,39
2026-06-23T13:23:18.134392,579261,40
2026-06-23T13:23:18.134501,579262,40
2026-06-23T13:23:18.134579,579263,40
2026-06-23T13:23:18.134654,579264,40
2026-06-23T13:23:18.144204,579265,40
2026-06-23T13:23:18.144284,579266,40
2026-06-23T13:23:18.144356,579267,40
2026-06-23T13:23:18.144427,579268,40
2026-06-23T13:23:18.144498,579269,40
2026-06-23T13:23:18.144568,579270,40
2026-06-23T13:23:18.144666,579271,40
2026-06-23T13:23:18.144750,579272,40
2026-06-23T13:23:18.144825,579273,40
2026-06-23T13:23:18.144898,579274,40
2026-06-23T13:23:18.144971,579274,40
2026-06-23T13:23:18.154700,579275,40
2026-06-23T13:23:18.154798,579276,40
2026-06-23T13:23:18.154869,579277,40
2026-06-23T13:23:18.154940,579278,40
2026-06-23T13:23:18.155012,579279,40
2026-06-23T13:23:18.155083,579280,41
2026-06-23T13:23:18.155154,579281,40
2026-06-23T13:23:18.155225,579282,40
2026-06-23T13:23:18.155296,579283,40
2026-06-23T13:23:18.155366,579284,40
2026-06-23T13:23:18.155437,579285,40
2026-06-23T13:23:18.165098,579286,40
2026-06-23T13:23:18.165190,579287,40
2026-06-23T13:23:18.165261,579288,40
2026-06-23T13:23:18.165336,579289,41
2026-06-23T13:23:18.165406,579290,41
2026-06-23T13:23:18.165477,579291,41
2026-06-23T13:23:18.165550,579292,41
2026-06-23T13:23:18.165625,579293,41
2026-06-23T13:23:18.165696,579294,41
2026-06-23T13:23:18.165766,579295,41
2026-06-23T13:23:18.165836,579296,41
2026-06-23T13:23:18.175551,579296,40
2026-06-23T13:23:18.175641,579297,40
2026-06-23T13:23:18.175716,579298,40
2026-06-23T13:23:18.175789,579299,41
2026-06-23T13:23:18.175862,579300,41
2026-06-23T13:23:18.175934,579301,41
2026-06-23T13:23:18.176004,579302,40
2026-06-23T13:23:18.176075,579303,40
2026-06-23T13:23:18.176145,579304,40
2026-06-23T13:23:18.176215,579305,40
2026-06-23T13:23:18.185971,579306,41
2026-06-23T13:23:18.186069,579307,41
2026-06-23T13:23:18.186189,579308,41
2026-06-23T13:23:18.186292,579309,40
2026-06-23T13:23:18.186371,579310,40
2026-06-23T13:23:18.186446,579311,40
2026-06-23T13:23:18.186519,579312,40
2026-06-23T13:23:18.186592,579313,40
2026-06-23T13:23:18.186664,579314,41
2026-06-23T13:23:18.186736,579315,41
2026-06-23T13:23:18.186807,579316,41
2026-06-23T13:23:18.196343,579317,41
2026-06-23T13:23:18.196424,579317,40
2026-06-23T13:23:18.196496,579318,40
2026-06-23T13:23:18.196568,579319,40
2026-06-23T13:23:18.196640,579320,40
2026-06-23T13:23:18.196712,579321,40
2026-06-23T13:23:18.196784,579322,40
2026-06-23T13:23:18.196855,579323,40
2026-06-23T13:23:18.196927,579324,40
2026-06-23T13:23:18.196997,579325,40
2026-06-23T13:23:18.197068,579326,40
2026-06-23T13:23:18.206845,579327,40
2026-06-23T13:23:18.206938,579328,39
2026-06-23T13:23:18.207010,579329,40
2026-06-23T13:23:18.207084,579330,39
2026-06-23T13:23:18.207156,579331,40
2026-06-23T13:23:18.207229,579332,39
2026-06-23T13:23:18.207300,579333,40
2026-06-23T13:23:18.207370,579334,39
2026-06-23T13:23:18.207440,579335,39
2026-06-23T13:23:18.207511,579336,40
2026-06-23T13:23:18.207581,579337,40
2026-06-23T13:23:18.217302,579338,39
2026-06-23T13:23:18.217425,579339,39
2026-06-23T13:23:18.217508,579339,39
2026-06-23T13:23:18.217583,579340,39
2026-06-23T13:23:18.217694,579341,39
2026-06-23T13:23:18.217790,579342,39
2026-06-23T13:23:18.217868,579343,39
2026-06-23T13:23:18.217941,579344,39
2026-06-23T13:23:18.218014,579345,39
2026-06-23T13:23:18.218086,579346,39
2026-06-23T13:23:18.218158,579347,39
2026-06-23T13:23:18.227732,579348,39
2026-06-23T13:23:18.227815,579349,39
2026-06-23T13:23:18.227930,579350,39
2026-06-23T13:23:18.228015,579351,39
2026-06-23T13:23:18.228092,579352,39
2026-06-23T13:23:18.228165,579353,39
2026-06-23T13:23:18.228238,579354,39
2026-06-23T13:23:18.228311,579355,39
2026-06-23T13:23:18.228383,579356,39
2026-06-23T13:23:18.228457,579357,38
2026-06-23T13:23:18.228529,579358,38
2026-06-23T13:23:18.238196,579359,38
2026-06-23T13:23:18.238293,579360,38
2026-06-23T13:23:18.238365,579360,38
2026-06-23T13:23:18.238436,579361,38
2026-06-23T13:23:18.238507,579362,38
2026-06-23T13:23:18.238578,579363,38
2026-06-23T13:23:18.238649,579364,37
2026-06-23T13:23:18.238719,579365,37
2026-06-23T13:23:18.238790,579366,37
2026-06-23T13:23:18.238860,579367,37
2026-06-23T13:23:18.238931,579368,37
2026-06-23T13:23:18.248633,579369,37
2026-06-23T13:23:18.248722,579370,37
2026-06-23T13:23:18.248794,579371,37
2026-06-23T13:23:18.248864,579372,37
2026-06-23T13:23:18.248934,579373,38
2026-06-23T13:23:18.249005,579374,37
2026-06-23T13:23:18.249077,579375,37
2026-06-23T13:23:18.249148,579376,37
2026-06-23T13:23:18.249217,579377,37
2026-06-23T13:23:18.249287,579378,37
2026-06-23T13:23:18.249358,579379,37
2026-06-23T13:23:18.259041,579380,38
2026-06-23T13:23:18.259129,579381,37
2026-06-23T13:23:18.259201,579381,37
2026-06-23T13:23:18.259272,579382,38
2026-06-23T13:23:18.259343,579383,37
2026-06-23T13:23:18.259413,579384,37
2026-06-23T13:23:18.259484,579385,37
2026-06-23T13:23:18.259559,579386,37
2026-06-23T13:23:18.259630,579387,37
2026-06-23T13:23:18.259722,579388,37
2026-06-23T13:23:18.259793,579389,37
2026-06-23T13:23:18.269518,579390,37
2026-06-23T13:23:18.269612,579391,37
2026-06-23T13:23:18.269723,579392,36
2026-06-23T13:23:18.269819,579393,37
2026-06-23T13:23:18.269896,579394,37
2026-06-23T13:23:18.269970,579395,37
2026-06-23T13:23:18.270043,579396,37
2026-06-23T13:23:18.270115,579397,37
2026-06-23T13:23:18.270187,579398,36
2026-06-23T13:23:18.270259,579399,37
2026-06-23T13:23:18.270330,579400,37
2026-06-23T13:23:18.279943,579401,36
2026-06-23T13:23:18.280023,579402,37
2026-06-23T13:23:18.280095,579403,37
2026-06-23T13:23:18.280166,579403,37
2026-06-23T13:23:18.280237,579404,37
2026-06-23T13:23:18.280308,579405,37
2026-06-23T13:23:18.280378,579406,37
2026-06-23T13:23:18.280449,579407,37
2026-06-23T13:23:18.280520,579408,37
2026-06-23T13:23:18.280590,579409,36
2026-06-23T13:23:18.280660,579410,37
2026-06-23T13:23:18.290433,579411,36
2026-06-23T13:23:18.290526,579412,36
2026-06-23T13:23:18.290599,579413,36
2026-06-23T13:23:18.290670,579414,36
2026-06-23T13:23:18.290741,579415,36
2026-06-23T13:23:18.290812,579416,37
2026-06-23T13:23:18.290882,579417,37
2026-06-23T13:23:18.290954,579418,37
2026-06-23T13:23:18.291024,579419,37
2026-06-23T13:23:18.291095,579420,36
2026-06-23T13:23:18.300802,579421,36
2026-06-23T13:23:18.300944,579422,36
2026-06-23T13:23:18.301024,579423,36
2026-06-23T13:23:18.301135,579424,36
2026-06-23T13:23:18.301229,579424,36
2026-06-23T13:23:18.301306,579425,36
2026-06-23T13:23:18.301379,579426,36
2026-06-23T13:23:18.301452,579427,36
2026-06-23T13:23:18.301524,579428,36
2026-06-23T13:23:18.301596,579429,36
2026-06-23T13:23:18.301667,579430,36
2026-06-23T13:23:18.311170,579431,36
2026-06-23T13:23:18.311250,579432,36
2026-06-23T13:23:18.311388,579433,36
2026-06-23T13:23:18.311468,579434,36
2026-06-23T13:23:18.311543,579435,36
2026-06-23T13:23:18.311615,579436,36
2026-06-23T13:23:18.311687,579437,36
2026-06-23T13:23:18.311759,579438,36
2026-06-23T13:23:18.311832,579439,36
2026-06-23T13:23:18.311904,579440,36
2026-06-23T13:23:18.311976,579441,36
2026-06-23T13:23:18.321695,579442,36
2026-06-23T13:23:18.321793,579443,37
2026-06-23T13:23:18.321868,579444,36
2026-06-23T13:23:18.321944,579445,36
2026-06-23T13:23:18.322016,579445,35
2026-06-23T13:23:18.322090,579446,36
2026-06-23T13:23:18.322161,579447,36
2026-06-23T13:23:18.322271,579448,36
2026-06-23T13:23:18.322359,579449,36
2026-06-23T13:23:18.322436,579450,36
2026-06-23T13:23:18.322509,579451,35
2026-06-23T13:23:18.332061,579452,35
2026-06-23T13:23:18.332144,579453,35
2026-06-23T13:23:18.332216,579454,35
2026-06-23T13:23:18.332287,579455,35
2026-06-23T13:23:18.332357,579456,34
2026-06-23T13:23:18.332428,579457,35
2026-06-23T13:23:18.332521,579458,35
2026-06-23T13:23:18.332601,579459,35
2026-06-23T13:23:18.332673,579460,35
2026-06-23T13:23:18.332745,579461,35
2026-06-23T13:23:18.332817,579462,35
2026-06-23T13:23:18.342589,579463,36
2026-06-23T13:23:18.342675,579464,36
2026-06-23T13:23:18.342749,579465,36
2026-06-23T13:23:18.342820,579466,35
2026-06-23T13:23:18.342892,579467,36
2026-06-23T13:23:18.342964,579467,36
2026-06-23T13:23:18.343036,579468,36
2026-06-23T13:23:18.343109,579469,36
2026-06-23T13:23:18.343179,579470,36
2026-06-23T13:23:18.343250,579471,35
2026-06-23T13:23:18.343321,579472,35
2026-06-23T13:23:18.352991,579473,35
2026-06-23T13:23:18.353093,579474,35
2026-06-23T13:23:18.353184,579475,35
2026-06-23T13:23:18.353260,579476,35
2026-06-23T13:23:18.353333,579477,35
2026-06-23T13:23:18.353406,579478,35
2026-06-23T13:23:18.353480,579479,34
2026-06-23T13:23:18.353555,579480,34
2026-06-23T13:23:18.353626,579481,34
2026-06-23T13:23:18.353697,579482,35
2026-06-23T13:23:18.353785,579483,35
2026-06-23T13:23:18.363476,579484,35
2026-06-23T13:23:18.363571,579485,35
2026-06-23T13:23:18.363644,579486,34
2026-06-23T13:23:18.363721,579487,34
2026-06-23T13:23:18.363796,579488,34
2026-06-23T13:23:18.363873,579488,34
2026-06-23T13:23:18.363946,579489,34
2026-06-23T13:23:18.364017,579490,34
2026-06-23T13:23:18.364087,579491,34
2026-06-23T13:23:18.364159,579492,35
2026-06-23T13:23:18.364234,579493,34
2026-06-23T13:23:18.373971,579494,34
2026-06-23T13:23:18.374088,579495,35
2026-06-23T13:23:18.374167,579496,34
2026-06-23T13:23:18.374239,579497,34
2026-06-23T13:23:18.374311,579498,34
2026-06-23T13:23:18.374382,579499,34
2026-06-23T13:23:18.374452,579500,34
2026-06-23T13:23:18.374522,579501,34
2026-06-23T13:23:18.374593,579502,34
2026-06-23T13:23:18.374665,579503,34
2026-06-23T13:23:18.374787,579504,34
2026-06-23T13:23:18.384396,579505,34
2026-06-23T13:23:18.384516,579506,34
2026-06-23T13:23:18.384642,579507,34
2026-06-23T13:23:18.384736,579508,34
2026-06-23T13:23:18.384817,579509,34
2026-06-23T13:23:18.384890,579509,34
2026-06-23T13:23:18.384962,579510,34
2026-06-23T13:23:18.385036,579511,34
2026-06-23T13:23:18.385132,579512,34
2026-06-23T13:23:18.385205,579513,34
2026-06-23T13:23:18.385276,579514,34
2026-06-23T13:23:18.394779,579515,34
2026-06-23T13:23:18.394865,579516,34
2026-06-23T13:23:18.394969,579517,35
2026-06-23T13:23:18.395045,579518,35
2026-06-23T13:23:18.395117,579519,35
2026-06-23T13:23:18.395192,579520,35
2026-06-23T13:23:18.395263,579521,35
2026-06-23T13:23:18.395334,579522,35
2026-06-23T13:23:18.395406,579523,35
2026-06-23T13:23:18.395477,579524,35
2026-06-23T13:23:18.395548,579525,36
2026-06-23T13:23:18.405270,579526,36
2026-06-23T13:23:18.405372,579527,35
2026-06-23T13:23:18.405446,579528,35
2026-06-23T13:23:18.405517,579529,35
2026-06-23T13:23:18.405588,579530,35
2026-06-23T13:23:18.405660,579531,35
2026-06-23T13:23:18.405730,579531,35
2026-06-23T13:23:18.405801,579532,35
2026-06-23T13:23:18.405872,579533,36
2026-06-23T13:23:18.405943,579534,36
2026-06-23T13:23:18.415655,579535,36
2026-06-23T13:23:18.415748,579536,36
2026-06-23T13:23:18.415822,579537,36
2026-06-23T13:23:18.415893,579538,36
2026-06-23T13:23:18.415964,579539,35
2026-06-23T13:23:18.416035,579540,35
2026-06-23T13:23:18.416114,579541,35
2026-06-23T13:23:18.416185,579542,35
2026-06-23T13:23:18.416256,579543,35
2026-06-23T13:23:18.416326,579544,35
2026-06-23T13:23:18.416396,579545,36
2026-06-23T13:23:18.426110,579546,35
2026-06-23T13:23:18.426197,579547,35
2026-06-23T13:23:18.426268,579548,35
2026-06-23T13:23:18.426340,579549,35
2026-06-23T13:23:18.426430,579550,35
2026-06-23T13:23:18.426501,579551,35
2026-06-23T13:23:18.426572,579552,35
2026-06-23T13:23:18.426642,579552,35
2026-06-23T13:23:18.426712,579553,35
2026-06-23T13:23:18.426782,579554,35
2026-06-23T13:23:18.426852,579555,35
2026-06-23T13:23:18.436535,579556,35
2026-06-23T13:23:18.436629,579557,35
2026-06-23T13:23:18.436731,579558,35
2026-06-23T13:23:18.436819,579559,35
2026-06-23T13:23:18.436894,579560,36
2026-06-23T13:23:18.436969,579561,36
2026-06-23T13:23:18.437043,579562,37
2026-06-23T13:23:18.437115,579563,36
2026-06-23T13:23:18.437185,579564,36
2026-06-23T13:23:18.437257,579565,36
2026-06-23T13:23:18.437358,579566,36
2026-06-23T13:23:18.446925,579567,36
2026-06-23T13:23:18.447005,579568,35
2026-06-23T13:23:18.447077,579569,35
2026-06-23T13:23:18.447149,579570,35
2026-06-23T13:23:18.447220,579571,35
2026-06-23T13:23:18.447290,579572,35
2026-06-23T13:23:18.447361,579573,35
2026-06-23T13:23:18.447433,579574,35
2026-06-23T13:23:18.447505,579574,34
2026-06-23T13:23:18.447577,579575,35
2026-06-23T13:23:18.447648,579576,35
2026-06-23T13:23:18.457419,579577,35
2026-06-23T13:23:18.457513,579578,35
2026-06-23T13:23:18.457585,579579,35
2026-06-23T13:23:18.457657,579580,35
2026-06-23T13:23:18.457728,579581,35
2026-06-23T13:23:18.457800,579582,35
2026-06-23T13:23:18.457893,579583,35
2026-06-23T13:23:18.457965,579584,35
2026-06-23T13:23:18.458035,579585,35
2026-06-23T13:23:18.458106,579586,35
2026-06-23T13:23:18.458177,579587,36
2026-06-23T13:23:18.467876,579588,36
2026-06-23T13:23:18.467977,579589,35
2026-06-23T13:23:18.468135,579590,35
2026-06-23T13:23:18.468218,579591,35
2026-06-23T13:23:18.468316,579592,35
2026-06-23T13:23:18.468400,579593,34
2026-06-23T13:23:18.468475,579594,35
2026-06-23T13:23:18.468548,579595,35
2026-06-23T13:23:18.468620,579595,35
2026-06-23T13:23:18.468695,579596,35
2026-06-23T13:23:18.468766,579597,35
2026-06-23T13:23:18.478292,579598,35
2026-06-23T13:23:18.478370,579599,36
2026-06-23T13:23:18.478472,579600,35
2026-06-23T13:23:18.478546,579601,35
2026-06-23T13:23:18.478618,579602,34
2026-06-23T13:23:18.478690,579603,34
2026-06-23T13:23:18.478761,579604,34
2026-06-23T13:23:18.478831,579605,34
2026-06-23T13:23:18.478902,579606,34
2026-06-23T13:23:18.478974,579607,34
2026-06-23T13:23:18.479046,579608,34
2026-06-23T13:23:18.488774,579609,34
2026-06-23T13:23:18.488875,579610,34
2026-06-23T13:23:18.488947,579611,34
2026-06-23T13:23:18.489020,579612,33
2026-06-23T13:23:18.489092,579613,34
2026-06-23T13:23:18.489163,579614,34
2026-06-23T13:23:18.489234,579615,34
2026-06-23T13:23:18.489304,579616,34
2026-06-23T13:23:18.489375,579616,34
2026-06-23T13:23:18.489445,579617,34
2026-06-23T13:23:18.489516,579618,34
2026-06-23T13:23:18.499197,579619,34
2026-06-23T13:23:18.499285,579620,34
2026-06-23T13:23:18.499356,579621,34
2026-06-23T13:23:18.499427,579622,34
2026-06-23T13:23:18.499498,579623,33
2026-06-23T13:23:18.499569,579624,33
2026-06-23T13:23:18.499639,579625,33
2026-06-23T13:23:18.499710,579626,33
2026-06-23T13:23:18.499780,579627,33
2026-06-23T13:23:18.499851,579628,34
2026-06-23T13:23:18.499921,579629,34
2026-06-23T13:23:18.509652,579630,33
2026-06-23T13:23:18.509759,579631,34
2026-06-23T13:23:18.509831,579632,34
2026-06-23T13:23:18.509911,579633,34
2026-06-23T13:23:18.509982,579634,34
2026-06-23T13:23:18.510053,579635,34
2026-06-23T13:23:18.510123,579636,34
2026-06-23T13:23:18.510197,579637,34
2026-06-23T13:23:18.510267,579638,35
2026-06-23T13:23:18.510346,579638,35
2026-06-23T13:23:18.510418,579639,36
2026-06-23T13:23:18.520106,579640,36
2026-06-23T13:23:18.520197,579641,36
2026-06-23T13:23:18.520298,579642,36
2026-06-23T13:23:18.520388,579643,36
2026-06-23T13:23:18.520460,579644,36
2026-06-23T13:23:18.520532,579645,36
2026-06-23T13:23:18.520603,579646,36
2026-06-23T13:23:18.520679,579647,36
2026-06-23T13:23:18.520749,579648,35
2026-06-23T13:23:18.520820,579649,35
2026-06-23T13:23:18.530437,579650,35
2026-06-23T13:23:18.530554,579651,35
2026-06-23T13:23:18.530647,579652,35
2026-06-23T13:23:18.530739,579653,35
2026-06-23T13:23:18.530832,579654,35
2026-06-23T13:23:18.530927,579655,29
2026-06-23T13:23:18.531017,579656,35
2026-06-23T13:23:18.531109,579657,36
2026-06-23T13:23:18.531200,579658,36
2026-06-23T13:23:18.531291,579659,36
2026-06-23T13:23:18.531384,579659,36
2026-06-23T13:23:18.540917,579660,36
2026-06-23T13:23:18.541007,579661,36
2026-06-23T13:23:18.541079,579662,36
2026-06-23T13:23:18.541150,579663,36
2026-06-23T13:23:18.541221,579664,35
2026-06-23T13:23:18.541292,579665,35
2026-06-23T13:23:18.541362,579666,35
2026-06-23T13:23:18.541433,579667,35
2026-06-23T13:23:18.541503,579668,35
2026-06-23T13:23:18.541573,579669,35
2026-06-23T13:23:18.541644,579670,34
2026-06-23T13:23:18.551405,579671,34
2026-06-23T13:23:18.551511,579672,35
2026-06-23T13:23:18.551667,579673,35
2026-06-23T13:23:18.551743,579674,36
2026-06-23T13:23:18.551815,579675,35
2026-06-23T13:23:18.551887,579676,34
2026-06-23T13:23:18.551959,579677,34
2026-06-23T13:23:18.552030,579678,34
2026-06-23T13:23:18.552101,579679,34
2026-06-23T13:23:18.552173,579680,35
2026-06-23T13:23:18.552244,579680,35
2026-06-23T13:23:18.561748,579681,34
2026-06-23T13:23:18.561829,579682,35
2026-06-23T13:23:18.561943,579683,35
2026-06-23T13:23:18.562021,579684,35
2026-06-23T13:23:18.562103,579685,36
2026-06-23T13:23:18.562174,579686,36
2026-06-23T13:23:18.562245,579687,36
2026-06-23T13:23:18.562315,579688,37
2026-06-23T13:23:18.562387,579689,37
2026-06-23T13:23:18.562458,579690,37
2026-06-23T13:23:18.562529,579691,37
2026-06-23T13:23:18.572262,579692,37
2026-06-23T13:23:18.572355,579693,37
2026-06-23T13:23:18.572427,579694,37
2026-06-23T13:23:18.572498,579695,37
2026-06-23T13:23:18.572569,579696,37
2026-06-23T13:23:18.572640,579697,37
2026-06-23T13:23:18.572711,579698,38
2026-06-23T13:23:18.572782,579699,38
2026-06-23T13:23:18.572853,579700,37
2026-06-23T13:23:18.572923,579701,37
2026-06-23T13:23:18.572994,579702,37
2026-06-23T13:23:18.582689,579702,37
2026-06-23T13:23:18.582784,579703,38
2026-06-23T13:23:18.582856,579704,38
2026-06-23T13:23:18.582927,579705,38
2026-06-23T13:23:18.582999,579706,37
2026-06-23T13:23:18.583071,579707,38
2026-06-23T13:23:18.583142,579708,37
2026-06-23T13:23:18.583213,579709,37
2026-06-23T13:23:18.583284,579710,37
2026-06-23T13:23:18.583354,579711,38
2026-06-23T13:23:18.583425,579712,38
2026-06-23T13:23:18.593146,579713,38
2026-06-23T13:23:18.593228,579714,38
2026-06-23T13:23:18.593300,579715,38
2026-06-23T13:23:18.593375,579716,37
2026-06-23T13:23:18.593447,579717,37
2026-06-23T13:23:18.593517,579718,37
2026-06-23T13:23:18.593588,579719,38
2026-06-23T13:23:18.593659,579720,38
2026-06-23T13:23:18.593729,579721,38
2026-06-23T13:23:18.593800,579722,38
2026-06-23T13:23:18.593870,579723,38
2026-06-23T13:23:18.603666,579723,38
2026-06-23T13:23:18.603772,579724,38
2026-06-23T13:23:18.603876,579725,38
2026-06-23T13:23:18.603957,579726,38
2026-06-23T13:23:18.604035,579727,38
2026-06-23T13:23:18.604106,579728,38
2026-06-23T13:23:18.604177,579729,38
2026-06-23T13:23:18.604248,579730,37
2026-06-23T13:23:18.604318,579731,38
2026-06-23T13:23:18.604389,579732,38
2026-06-23T13:23:18.604460,579733,37
2026-06-23T13:23:18.613987,579734,37
2026-06-23T13:23:18.614069,579735,36
2026-06-23T13:23:18.614144,579736,37
2026-06-23T13:23:18.614222,579737,37
2026-06-23T13:23:18.614293,579738,38
2026-06-23T13:23:18.614363,579739,38
2026-06-23T13:23:18.614433,579740,38
2026-06-23T13:23:18.614503,579741,38
2026-06-23T13:23:18.614573,579742,38
2026-06-23T13:23:18.614644,579743,37
2026-06-23T13:23:18.614714,579744,38
2026-06-23T13:23:18.624485,579744,38
2026-06-23T13:23:18.624578,579745,38
2026-06-23T13:23:18.624651,579746,38
2026-06-23T13:23:18.624723,579747,38
2026-06-23T13:23:18.624795,579748,39
2026-06-23T13:23:18.624866,579749,39
2026-06-23T13:23:18.624937,579750,39
2026-06-23T13:23:18.625008,579751,39
2026-06-23T13:23:18.625078,579752,39
2026-06-23T13:23:18.625149,579753,39
2026-06-23T13:23:18.625218,579754,39
2026-06-23T13:23:18.634994,579755,39
2026-06-23T13:23:18.635092,579756,39
2026-06-23T13:23:18.635194,579757,38
2026-06-23T13:23:18.635274,579758,39
2026-06-23T13:23:18.635346,579759,38
2026-06-23T13:23:18.635417,579760,38
2026-06-23T13:23:18.635488,579761,38
2026-06-23T13:23:18.635559,579762,38
2026-06-23T13:23:18.635630,579763,39
2026-06-23T13:23:18.635701,579764,39
2026-06-23T13:23:18.645300,579765,39
2026-06-23T13:23:18.645388,579766,39
2026-06-23T13:23:18.645496,579766,38
2026-06-23T13:23:18.645575,579767,38
2026-06-23T13:23:18.645648,579768,38
2026-06-23T13:23:18.645720,579769,38
2026-06-23T13:23:18.645791,579770,38
2026-06-23T13:23:18.645862,579771,38
2026-06-23T13:23:18.645933,579772,38
2026-06-23T13:23:18.646003,579773,37
2026-06-23T13:23:18.646074,579774,38
2026-06-23T13:23:18.655777,579775,38
2026-06-23T13:23:18.655877,579776,38
2026-06-23T13:23:18.655949,579777,38
2026-06-23T13:23:18.656020,579778,39
2026-06-23T13:23:18.656091,579779,39
2026-06-23T13:23:18.656161,579780,39
2026-06-23T13:23:18.656232,579781,39
2026-06-23T13:23:18.656302,579782,39
2026-06-23T13:23:18.656372,579783,40
2026-06-23T13:23:18.656442,579784,39
2026-06-23T13:23:18.656513,579785,39
2026-06-23T13:23:18.666208,579786,39
2026-06-23T13:23:18.666305,579787,39
2026-06-23T13:23:18.666376,579787,38
2026-06-23T13:23:18.666447,579788,38
2026-06-23T13:23:18.666517,579789,38
2026-06-23T13:23:18.666587,579790,38
2026-06-23T13:23:18.666658,579791,39
2026-06-23T13:23:18.666728,579792,38
2026-06-23T13:23:18.666798,579793,39
2026-06-23T13:23:18.666869,579794,39
2026-06-23T13:23:18.666939,579795,39
2026-06-23T13:23:18.676670,579796,39
2026-06-23T13:23:18.676754,579797,39
2026-06-23T13:23:18.676826,579798,39
2026-06-23T13:23:18.676898,579799,39
2026-06-23T13:23:18.676969,579800,39
2026-06-23T13:23:18.677041,579801,38
2026-06-23T13:23:18.677112,579802,38
2026-06-23T13:23:18.677182,579803,38
2026-06-23T13:23:18.677252,579804,38
2026-06-23T13:23:18.677322,579805,38
2026-06-23T13:23:18.677392,579806,38
2026-06-23T13:23:18.687149,579807,38
2026-06-23T13:23:18.687244,579808,38
2026-06-23T13:23:18.687398,579809,37
2026-06-23T13:23:18.687504,579809,38
2026-06-23T13:23:18.687584,579810,37
2026-06-23T13:23:18.687664,579811,37
2026-06-23T13:23:18.687738,579812,38
2026-06-23T13:23:18.687810,579813,38
2026-06-23T13:23:18.687883,579814,37
2026-06-23T13:23:18.687955,579815,37
2026-06-23T13:23:18.688026,579816,38
2026-06-23T13:23:18.697527,579817,37
2026-06-23T13:23:18.697612,579818,37
2026-06-23T13:23:18.697683,579819,36
2026-06-23T13:23:18.697754,579820,37
2026-06-23T13:23:18.697824,579821,37
2026-06-23T13:23:18.697895,579822,37
2026-06-23T13:23:18.697965,579823,38
2026-06-23T13:23:18.698035,579824,38
2026-06-23T13:23:18.698105,579825,38
2026-06-23T13:23:18.698175,579826,39
2026-06-23T13:23:18.698245,579827,39
2026-06-23T13:23:18.707961,579828,40
2026-06-23T13:23:18.708049,579829,40
2026-06-23T13:23:18.708121,579830,40
2026-06-23T13:23:18.708193,579830,39
2026-06-23T13:23:18.708263,579831,39
2026-06-23T13:23:18.708334,579832,39
2026-06-23T13:23:18.708404,579833,39
2026-06-23T13:23:18.708474,579834,39
2026-06-23T13:23:18.708544,579835,38
2026-06-23T13:23:18.708615,579836,38
2026-06-23T13:23:18.708686,579837,38
2026-06-23T13:23:18.718451,579838,39
2026-06-23T13:23:18.718540,579839,38
2026-06-23T13:23:18.718626,579840,39
2026-06-23T13:23:18.718699,579841,38
2026-06-23T13:23:18.718770,579842,38
2026-06-23T13:23:18.718844,579843,38
2026-06-23T13:23:18.718916,579844,38
2026-06-23T13:23:18.718987,579845,38
2026-06-23T13:23:18.719058,579846,38
2026-06-23T13:23:18.719128,579847,38
2026-06-23T13:23:18.719198,579848,39
2026-06-23T13:23:18.728825,579849,39
2026-06-23T13:23:18.728917,579850,39
2026-06-23T13:23:18.729007,579851,39
2026-06-23T13:23:18.729092,579851,39
2026-06-23T13:23:18.729167,579852,38
2026-06-23T13:23:18.729239,579853,38
2026-06-23T13:23:18.729313,579854,38
2026-06-23T13:23:18.729387,579855,38
2026-06-23T13:23:18.729499,579856,37
2026-06-23T13:23:18.729578,579857,37
2026-06-23T13:23:18.729652,579858,37
2026-06-23T13:23:18.739378,579859,37
2026-06-23T13:23:18.739524,579860,37
2026-06-23T13:23:18.739602,579861,37
2026-06-23T13:23:18.739677,579862,37
2026-06-23T13:23:18.739750,579863,37
2026-06-23T13:23:18.739822,579864,37
2026-06-23T13:23:18.739893,579865,37
2026-06-23T13:23:18.739964,579866,37
2026-06-23T13:23:18.740037,579867,37
2026-06-23T13:23:18.740111,579868,37
2026-06-23T13:23:18.740182,579869,37
2026-06-23T13:23:18.749803,579870,38
2026-06-23T13:23:18.749898,579871,37
2026-06-23T13:23:18.749970,579872,37
2026-06-23T13:23:18.750042,579873,37
2026-06-23T13:23:18.750114,579873,37
2026-06-23T13:23:18.750185,579874,37
2026-06-23T13:23:18.750256,579875,37
2026-06-23T13:23:18.750328,579876,37
2026-06-23T13:23:18.750401,579877,37
2026-06-23T13:23:18.750472,579878,37
2026-06-23T13:23:18.760151,579879,37
2026-06-23T13:23:18.760245,579880,37
2026-06-23T13:23:18.760319,579881,36
2026-06-23T13:23:18.760390,579882,36
2026-06-23T13:23:18.760461,579883,36
2026-06-23T13:23:18.760533,579884,36
2026-06-23T13:23:18.760605,579885,36
2026-06-23T13:23:18.760678,579886,36
2026-06-23T13:23:18.760750,579887,36
2026-06-23T13:23:18.760823,579888,36
2026-06-23T13:23:18.760893,579889,35
2026-06-23T13:23:18.770624,579890,35
2026-06-23T13:23:18.770738,579891,36
2026-06-23T13:23:18.770813,579892,35
2026-06-23T13:23:18.770886,579893,36
2026-06-23T13:23:18.770958,579894,36
2026-06-23T13:23:18.771030,579894,36
2026-06-23T13:23:18.771101,579895,37
2026-06-23T13:23:18.771172,579896,37
2026-06-23T13:23:18.771242,579897,36
2026-06-23T13:23:18.771313,579898,36
2026-06-23T13:23:18.771383,579899,36
2026-06-23T13:23:18.781050,579900,37
2026-06-23T13:23:18.781140,579901,36
2026-06-23T13:23:18.781213,579902,36
2026-06-23T13:23:18.781288,579903,35
2026-06-23T13:23:18.781360,579904,35
2026-06-23T13:23:18.781431,579905,36
2026-06-23T13:23:18.781502,579906,35
2026-06-23T13:23:18.781573,579907,35
2026-06-23T13:23:18.781653,579908,35
2026-06-23T13:23:18.781724,579909,35
2026-06-23T13:23:18.781795,579910,35
2026-06-23T13:23:18.791444,579911,35
2026-06-23T13:23:18.791537,579912,36
2026-06-23T13:23:18.791608,579913,35
2026-06-23T13:23:18.791680,579914,37
2026-06-23T13:23:18.791751,579915,35
2026-06-23T13:23:18.791821,579915,35
2026-06-23T13:23:18.791891,579916,36
2026-06-23T13:23:18.791962,579917,35
2026-06-23T13:23:18.792032,579918,36
2026-06-23T13:23:18.792102,579919,35
2026-06-23T13:23:18.792172,579920,35
2026-06-23T13:23:18.801975,579921,35
2026-06-23T13:23:18.802076,579922,35
2026-06-23T13:23:18.802201,579923,35
2026-06-23T13:23:18.802302,579924,35
2026-06-23T13:23:18.802382,579925,35
2026-06-23T13:23:18.802456,579926,35
2026-06-23T13:23:18.802530,579927,35
2026-06-23T13:23:18.802602,579928,36
2026-06-23T13:23:18.802674,579929,36
2026-06-23T13:23:18.802745,579930,35
2026-06-23T13:23:18.802816,579931,35
2026-06-23T13:23:18.812368,579932,35
2026-06-23T13:23:18.812447,579933,35
2026-06-23T13:23:18.812548,579934,35
2026-06-23T13:23:18.812622,579935,36
2026-06-23T13:23:18.812693,579936,32
2026-06-23T13:23:18.812764,579937,35
2026-06-23T13:23:18.812834,579937,34
2026-06-23T13:23:18.812907,579938,35
2026-06-23T13:23:18.812978,579939,34
2026-06-23T13:23:18.813048,579940,34
2026-06-23T13:23:18.813118,579941,33
2026-06-23T13:23:18.822867,579942,34
2026-06-23T13:23:18.822965,579943,34
2026-06-23T13:23:18.823037,579944,34
2026-06-23T13:23:18.823109,579945,34
2026-06-23T13:23:18.823179,579946,34
2026-06-23T13:23:18.823250,579947,35
2026-06-23T13:23:18.823320,579948,34
2026-06-23T13:23:18.823391,579949,34
2026-06-23T13:23:18.823460,579950,34
2026-06-23T13:23:18.823536,579951,34
2026-06-23T13:23:18.823607,579952,35
2026-06-23T13:23:18.833345,579953,34
2026-06-23T13:23:18.833453,579954,34
2026-06-23T13:23:18.833530,579955,34
2026-06-23T13:23:18.833605,579956,34
2026-06-23T13:23:18.833715,579957,35
2026-06-23T13:23:18.833806,579958,35
2026-06-23T13:23:18.833884,579958,35
2026-06-23T13:23:18.833958,579959,35
2026-06-23T13:23:18.834031,579960,36
2026-06-23T13:23:18.834103,579961,35
2026-06-23T13:23:18.834174,579962,35
2026-06-23T13:23:18.843752,579963,35
2026-06-23T13:23:18.843847,579964,35
2026-06-23T13:23:18.843922,579965,35
2026-06-23T13:23:18.843995,579966,35
2026-06-23T13:23:18.844067,579967,34
2026-06-23T13:23:18.844140,579968,34
2026-06-23T13:23:18.844211,579969,35
2026-06-23T13:23:18.844283,579970,36
2026-06-23T13:23:18.844355,579971,36
2026-06-23T13:23:18.844427,579972,36
2026-06-23T13:23:18.844498,579973,36
2026-06-23T13:23:18.854166,579974,36
2026-06-23T13:23:18.854270,579975,36
2026-06-23T13:23:18.854404,579976,36
2026-06-23T13:23:18.854490,579977,37
2026-06-23T13:23:18.854564,579978,36
2026-06-23T13:23:18.854637,579979,36
2026-06-23T13:23:18.854709,579979,37
2026-06-23T13:23:18.854780,579980,36
2026-06-23T13:23:18.854851,579981,35
2026-06-23T13:23:18.854921,579982,35
2026-06-23T13:23:18.854992,579983,35
2026-06-23T13:23:18.864640,579984,36
2026-06-23T13:23:18.864727,579985,36
2026-06-23T13:23:18.864800,579986,36
2026-06-23T13:23:18.864871,579987,37
2026-06-23T13:23:18.864942,579988,36
2026-06-23T13:23:18.865012,579989,36
2026-06-23T13:23:18.865083,579990,36
2026-06-23T13:23:18.865154,579991,36
2026-06-23T13:23:18.865224,579992,36
2026-06-23T13:23:18.865295,579993,36
2026-06-23T13:23:18.875001,579994,36
2026-06-23T13:23:18.875096,579995,36
2026-06-23T13:23:18.875168,579996,35
2026-06-23T13:23:18.875239,579997,36
2026-06-23T13:23:18.875311,579998,36
2026-06-23T13:23:18.875381,579999,36
2026-06-23T13:23:18.875453,580000,36
2026-06-23T13:23:18.875523,580001,36
2026-06-23T13:23:18.875596,580001,36
2026-06-23T13:23:18.875667,580002,36
2026-06-23T13:23:18.875737,580003,36
2026-06-23T13:23:18.885421,580004,36
2026-06-23T13:23:18.885516,580005,36
2026-06-23T13:23:18.885617,580006,36
2026-06-23T13:23:18.885700,580007,36
2026-06-23T13:23:18.885773,580008,36
2026-06-23T13:23:18.885846,580009,36
2026-06-23T13:23:18.885919,580010,36
2026-06-23T13:23:18.885990,580011,36
2026-06-23T13:23:18.886061,580012,35
2026-06-23T13:23:18.886132,580013,36
2026-06-23T13:23:18.886203,580014,37
2026-06-23T13:23:18.895920,580015,37
2026-06-23T13:23:18.896024,580016,38
2026-06-23T13:23:18.896136,580017,39
2026-06-23T13:23:18.896229,580018,39
2026-06-23T13:23:18.896320,580019,41
2026-06-23T13:23:18.896412,580020,40
2026-06-23T13:23:18.896502,580021,40
2026-06-23T13:23:18.896592,580022,40
2026-06-23T13:23:18.896682,580022,39
2026-06-23T13:23:18.896772,580023,39
2026-06-23T13:23:18.896861,580024,39
2026-06-23T13:23:18.906370,580025,39
2026-06-23T13:23:18.906465,580026,39
2026-06-23T13:23:18.906538,580027,40
2026-06-23T13:23:18.906609,580028,35
2026-06-23T13:23:18.906679,580029,39
2026-06-23T13:23:18.906750,580030,39
2026-06-23T13:23:18.906820,580031,39
2026-06-23T13:23:18.906891,580032,40
2026-06-23T13:23:18.906961,580033,40
2026-06-23T13:23:18.907032,580034,40
2026-06-23T13:23:18.907106,580035,40
2026-06-23T13:23:18.916792,580036,40
2026-06-23T13:23:18.916884,580037,38
2026-06-23T13:23:18.916956,580038,39
2026-06-23T13:23:18.917030,580039,39
2026-06-23T13:23:18.917103,580040,39
2026-06-23T13:23:18.917173,580041,38
2026-06-23T13:23:18.917244,580042,38
2026-06-23T13:23:18.917315,580043,38
2026-06-23T13:23:18.917386,580043,39
2026-06-23T13:23:18.917458,580044,38
2026-06-23T13:23:18.917553,580045,38
2026-06-23T13:23:18.927256,580046,39
2026-06-23T13:23:18.927360,580047,39
2026-06-23T13:23:18.927453,580048,39
2026-06-23T13:23:18.927543,580049,41
2026-06-23T13:23:18.927634,580050,40
2026-06-23T13:23:18.927724,580051,40
2026-06-23T13:23:18.927815,580052,39
2026-06-23T13:23:18.927942,580053,39
2026-06-23T13:23:18.928068,580054,39
2026-06-23T13:23:18.928165,580055,39
2026-06-23T13:23:18.928264,580056,37
2026-06-23T13:23:18.937684,580057,38
2026-06-23T13:23:18.937778,580058,39
2026-06-23T13:23:18.937850,580059,38
2026-06-23T13:23:18.937922,580060,39
2026-06-23T13:23:18.937993,580061,39
2026-06-23T13:23:18.938064,580062,39
2026-06-23T13:23:18.938134,580063,39
2026-06-23T13:23:18.938204,580064,39
2026-06-23T13:23:18.938275,580065,39
2026-06-23T13:23:18.938346,580065,39
2026-06-23T13:23:18.938416,580066,39
2026-06-23T13:23:18.948118,580067,39
2026-06-23T13:23:18.948206,580068,38
2026-06-23T13:23:18.948280,580069,38
2026-06-23T13:23:18.948353,580070,38
2026-06-23T13:23:18.948425,580071,38
2026-06-23T13:23:18.948495,580072,39
2026-06-23T13:23:18.948566,580073,38
2026-06-23T13:23:18.948637,580074,39
2026-06-23T13:23:18.948708,580075,38
2026-06-23T13:23:18.948779,580076,39
2026-06-23T13:23:18.948849,580077,39
2026-06-23T13:23:18.958668,580078,39
2026-06-23T13:23:18.958774,580079,39
2026-06-23T13:23:18.958850,580080,40
2026-06-23T13:23:18.958924,580081,40
2026-06-23T13:23:18.958996,580082,41
2026-06-23T13:23:18.959071,580083,41
2026-06-23T13:23:18.959142,580084,41
2026-06-23T13:23:18.959215,580085,42
2026-06-23T13:23:18.959286,580086,42
2026-06-23T13:23:18.959358,580086,42
2026-06-23T13:23:18.959430,580087,41
2026-06-23T13:23:18.969053,580088,42
2026-06-23T13:23:18.969148,580089,42
2026-06-23T13:23:18.969292,580090,43
2026-06-23T13:23:18.969374,580091,41
2026-06-23T13:23:18.969447,580092,41
2026-06-23T13:23:18.969519,580093,41
2026-06-23T13:23:18.969596,580094,41
2026-06-23T13:23:18.969667,580095,41
2026-06-23T13:23:18.969739,580096,42
2026-06-23T13:23:18.969810,580097,42
2026-06-23T13:23:18.969903,580098,42
2026-06-23T13:23:18.979470,580099,42
2026-06-23T13:23:18.979552,580100,42
2026-06-23T13:23:18.979625,580101,42
2026-06-23T13:23:18.979700,580102,42
2026-06-23T13:23:18.979772,580103,42
2026-06-23T13:23:18.979844,580104,42
2026-06-23T13:23:18.979915,580105,42
2026-06-23T13:23:18.979986,580106,42
2026-06-23T13:23:18.980057,580107,41
2026-06-23T13:23:18.980128,580108,41
2026-06-23T13:23:18.989874,580108,41
2026-06-23T13:23:18.989986,580109,41
2026-06-23T13:23:18.990061,580110,42
2026-06-23T13:23:18.990134,580111,42
2026-06-23T13:23:18.990206,580112,43
2026-06-23T13:23:18.990279,580113,43
2026-06-23T13:23:18.990350,580114,43
2026-06-23T13:23:18.990422,580115,42
2026-06-23T13:23:18.990494,580116,42
2026-06-23T13:23:18.990566,580117,42
2026-06-23T13:23:18.990637,580118,42
2026-06-23T13:23:19.000319,580119,42
2026-06-23T13:23:19.000419,580120,42
2026-06-23T13:23:19.000493,580121,41
2026-06-23T13:23:19.000565,580122,42
2026-06-23T13:23:19.000636,580123,36
2026-06-23T13:23:19.000708,580124,42
2026-06-23T13:23:19.000780,580125,42
2026-06-23T13:23:19.000872,580126,42
2026-06-23T13:23:19.000987,580127,42
2026-06-23T13:23:19.001089,580128,42
2026-06-23T13:23:19.001169,580129,42
2026-06-23T13:23:19.010729,580129,44
2026-06-23T13:23:19.010810,580130,42
2026-06-23T13:23:19.010885,580131,42
2026-06-23T13:23:19.010960,580132,43
2026-06-23T13:23:19.011031,580133,43
2026-06-23T13:23:19.011103,580134,43
2026-06-23T13:23:19.011178,580135,43
2026-06-23T13:23:19.011250,580136,43
2026-06-23T13:23:19.011321,580137,43
2026-06-23T13:23:19.011393,580138,43
2026-06-23T13:23:19.011464,580139,42
2026-06-23T13:23:19.021227,580140,42
2026-06-23T13:23:19.021329,580141,42
2026-06-23T13:23:19.021402,580142,42
2026-06-23T13:23:19.021473,580143,42
2026-06-23T13:23:19.021544,580144,42
2026-06-23T13:23:19.021614,580145,42
2026-06-23T13:23:19.021686,580146,42
2026-06-23T13:23:19.021758,580147,42
2026-06-23T13:23:19.021829,580148,42
2026-06-23T13:23:19.021900,580149,42
2026-06-23T13:23:19.021971,580150,41
2026-06-23T13:23:19.031619,580150,41
2026-06-23T13:23:19.031706,580151,41
2026-06-23T13:23:19.031778,580152,41
2026-06-23T13:23:19.031850,580153,41
2026-06-23T13:23:19.031922,580154,40
2026-06-23T13:23:19.031993,580155,41
2026-06-23T13:23:19.032064,580156,42
2026-06-23T13:23:19.032135,580157,42
2026-06-23T13:23:19.032206,580158,43
2026-06-23T13:23:19.032277,580159,43
2026-06-23T13:23:19.032349,580160,43
2026-06-23T13:23:19.042070,580161,43
2026-06-23T13:23:19.042172,580162,42
2026-06-23T13:23:19.042251,580163,43
2026-06-23T13:23:19.042327,580164,43
2026-06-23T13:23:19.042401,580165,43
2026-06-23T13:23:19.042476,580166,43
2026-06-23T13:23:19.042550,580167,42
2026-06-23T13:23:19.042624,580168,43
2026-06-23T13:23:19.042699,580169,43
2026-06-23T13:23:19.042773,580170,43
2026-06-23T13:23:19.042847,580171,42
2026-06-23T13:23:19.052561,580172,42
2026-06-23T13:23:19.052657,580172,42
2026-06-23T13:23:19.052748,580173,41
2026-06-23T13:23:19.052825,580174,41
2026-06-23T13:23:19.052897,580175,41
2026-06-23T13:23:19.052970,580176,41
2026-06-23T13:23:19.053042,580177,41
2026-06-23T13:23:19.053113,580178,41
2026-06-23T13:23:19.053186,580179,41
2026-06-23T13:23:19.053258,580180,41
2026-06-23T13:23:19.053333,580181,41
2026-06-23T13:23:19.062950,580182,41
2026-06-23T13:23:19.063055,580183,41
2026-06-23T13:23:19.063150,580184,40
2026-06-23T13:23:19.063242,580185,40
2026-06-23T13:23:19.063335,580186,40
2026-06-23T13:23:19.063426,580187,40
2026-06-23T13:23:19.063518,580188,40
2026-06-23T13:23:19.063610,580189,40
2026-06-23T13:23:19.063701,580190,40
2026-06-23T13:23:19.063792,580191,40
2026-06-23T13:23:19.063883,580192,40
2026-06-23T13:23:19.073474,580193,40
2026-06-23T13:23:19.073573,580193,40
2026-06-23T13:23:19.073647,580194,39
2026-06-23T13:23:19.073720,580195,39
2026-06-23T13:23:19.073792,580196,38
2026-06-23T13:23:19.073865,580197,39
2026-06-23T13:23:19.073936,580198,39
2026-06-23T13:23:19.074008,580199,39
2026-06-23T13:23:19.074079,580200,39
2026-06-23T13:23:19.074151,580201,39
2026-06-23T13:23:19.074223,580202,39
2026-06-23T13:23:19.083858,580203,39
2026-06-23T13:23:19.083955,580204,39
2026-06-23T13:23:19.084028,580205,39
2026-06-23T13:23:19.084099,580206,39
2026-06-23T13:23:19.084178,580207,39
2026-06-23T13:23:19.084252,580208,39
2026-06-23T13:23:19.084349,580209,39
2026-06-23T13:23:19.084438,580210,39
2026-06-23T13:23:19.084517,580211,39
2026-06-23T13:23:19.084589,580212,39
2026-06-23T13:23:19.084660,580213,39
2026-06-23T13:23:19.094217,580214,38
2026-06-23T13:23:19.094297,580214,38
2026-06-23T13:23:19.094373,580215,38
2026-06-23T13:23:19.094445,580216,38
2026-06-23T13:23:19.094516,580217,38
2026-06-23T13:23:19.094590,580218,38
2026-06-23T13:23:19.094663,580219,38
2026-06-23T13:23:19.094734,580220,39
2026-06-23T13:23:19.094805,580221,38
2026-06-23T13:23:19.094876,580222,38
2026-06-23T13:23:19.104714,580223,39
2026-06-23T13:23:19.104823,580224,40
2026-06-23T13:23:19.104895,580225,42
2026-06-23T13:23:19.104967,580226,42
2026-06-23T13:23:19.105038,580227,42
2026-06-23T13:23:19.105109,580228,42
2026-06-23T13:23:19.105180,580229,43
2026-06-23T13:23:19.105251,580230,43
2026-06-23T13:23:19.105322,580231,44
2026-06-23T13:23:19.105392,580232,44
2026-06-23T13:23:19.105463,580233,44
2026-06-23T13:23:19.115150,580234,44
2026-06-23T13:23:19.115239,580235,43
2026-06-23T13:23:19.115312,580236,44
2026-06-23T13:23:19.115383,580236,43
2026-06-23T13:23:19.115455,580237,43
2026-06-23T13:23:19.115526,580238,43
2026-06-23T13:23:19.115597,580239,43
2026-06-23T13:23:19.115669,580240,43
2026-06-23T13:23:19.115739,580241,43
2026-06-23T13:23:19.115810,580242,43
2026-06-23T13:23:19.115881,580243,44
2026-06-23T13:23:19.125598,580244,45
2026-06-23T13:23:19.125690,580245,44
2026-06-23T13:23:19.125763,580246,44
2026-06-23T13:23:19.125837,580247,43
2026-06-23T13:23:19.125930,580248,43
2026-06-23T13:23:19.126024,580249,44
2026-06-23T13:23:19.126096,580250,44
2026-06-23T13:23:19.126168,580251,45
2026-06-23T13:23:19.126239,580252,44
2026-06-23T13:23:19.126310,580253,45
2026-06-23T13:23:19.126381,580254,44
2026-06-23T13:23:19.136043,580255,44
2026-06-23T13:23:19.136136,580256,44
2026-06-23T13:23:19.136243,580257,44
2026-06-23T13:23:19.136328,580257,44
2026-06-23T13:23:19.136402,580258,44
2026-06-23T13:23:19.136474,580259,44
2026-06-23T13:23:19.136546,580260,44
2026-06-23T13:23:19.136617,580261,43
2026-06-23T13:23:19.136688,580262,43
2026-06-23T13:23:19.136758,580263,43
2026-06-23T13:23:19.136829,580264,43
2026-06-23T13:23:19.146453,580265,43
2026-06-23T13:23:19.146554,580266,43
2026-06-23T13:23:19.146646,580267,43
2026-06-23T13:23:19.146738,580268,44
2026-06-23T13:23:19.146828,580269,43
2026-06-23T13:23:19.146919,580270,42
2026-06-23T13:23:19.147010,580271,43
2026-06-23T13:23:19.147100,580272,43
2026-06-23T13:23:19.147193,580273,42
2026-06-23T13:23:19.147283,580274,42
2026-06-23T13:23:19.147373,580275,45
2026-06-23T13:23:19.156935,580276,42
2026-06-23T13:23:19.157028,580277,42
2026-06-23T13:23:19.157101,580278,42
2026-06-23T13:23:19.157173,580278,42
2026-06-23T13:23:19.157245,580279,42
2026-06-23T13:23:19.157316,580280,42
2026-06-23T13:23:19.157386,580281,42
2026-06-23T13:23:19.157456,580282,42
2026-06-23T13:23:19.157527,580283,43
2026-06-23T13:23:19.157598,580284,42
2026-06-23T13:23:19.157669,580285,42
2026-06-23T13:23:19.167378,580286,42
2026-06-23T13:23:19.167512,580287,42
2026-06-23T13:23:19.167646,580288,42
2026-06-23T13:23:19.167733,580289,41
2026-06-23T13:23:19.167810,580290,41
2026-06-23T13:23:19.167883,580291,41
2026-06-23T13:23:19.167955,580292,41
2026-06-23T13:23:19.168027,580293,41
2026-06-23T13:23:19.168098,580294,41
2026-06-23T13:23:19.168169,580295,41
2026-06-23T13:23:19.168241,580296,42
2026-06-23T13:23:19.177733,580297,41
2026-06-23T13:23:19.177814,580298,41
2026-06-23T13:23:19.177888,580299,41
2026-06-23T13:23:19.177961,580300,41
2026-06-23T13:23:19.178033,580300,40
2026-06-23T13:23:19.178105,580301,40
2026-06-23T13:23:19.178177,580302,40
2026-06-23T13:23:19.178249,580303,40
2026-06-23T13:23:19.178321,580304,40
2026-06-23T13:23:19.178392,580305,40
2026-06-23T13:23:19.178465,580306,40
2026-06-23T13:23:19.188243,580307,40
2026-06-23T13:23:19.188339,580308,39
2026-06-23T13:23:19.188414,580309,39
2026-06-23T13:23:19.188488,580310,39
2026-06-23T13:23:19.188559,580311,40
2026-06-23T13:23:19.188631,580312,40
2026-06-23T13:23:19.188703,580313,40
2026-06-23T13:23:19.188776,580314,41
2026-06-23T13:23:19.188848,580315,40
2026-06-23T13:23:19.188922,580316,41
2026-06-23T13:23:19.188992,580317,41
2026-06-23T13:23:19.198654,580318,41
2026-06-23T13:23:19.198740,580319,42
2026-06-23T13:23:19.198821,580320,42
2026-06-23T13:23:19.198893,580321,42
2026-06-23T13:23:19.198964,580321,42
2026-06-23T13:23:19.199036,580322,41
2026-06-23T13:23:19.199108,580323,41
2026-06-23T13:23:19.199179,580324,41
2026-06-23T13:23:19.199250,580325,41
2026-06-23T13:23:19.199321,580326,41
2026-06-23T13:23:19.199392,580327,40
2026-06-23T13:23:19.209084,580328,40
2026-06-23T13:23:19.209180,580329,40
2026-06-23T13:23:19.209253,580330,40
2026-06-23T13:23:19.209326,580331,40
2026-06-23T13:23:19.209399,580332,40
2026-06-23T13:23:19.209470,580333,40
2026-06-23T13:23:19.209543,580334,40
2026-06-23T13:23:19.209614,580335,40
2026-06-23T13:23:19.209686,580336,41
2026-06-23T13:23:19.209756,580337,41
2026-06-23T13:23:19.219614,580338,41
2026-06-23T13:23:19.219754,580339,41
2026-06-23T13:23:19.219887,580340,40
2026-06-23T13:23:19.219977,580341,41
2026-06-23T13:23:19.220054,580342,40
2026-06-23T13:23:19.220128,580343,40
2026-06-23T13:23:19.220201,580343,40
2026-06-23T13:23:19.220273,580344,40
2026-06-23T13:23:19.220346,580345,40
2026-06-23T13:23:19.220418,580346,39
2026-06-23T13:23:19.220490,580347,39
2026-06-23T13:23:19.229959,580348,40
2026-06-23T13:23:19.230041,580349,39
2026-06-23T13:23:19.230103,580350,39
2026-06-23T13:23:19.230163,580351,39
2026-06-23T13:23:19.230222,580352,39
2026-06-23T13:23:19.230281,580353,39
2026-06-23T13:23:19.230340,580354,39
2026-06-23T13:23:19.230402,580355,40
2026-06-23T13:23:19.230461,580356,40
2026-06-23T13:23:19.230520,580357,39
2026-06-23T13:23:19.230578,580358,39
2026-06-23T13:23:19.240420,580359,39
2026-06-23T13:23:19.240520,580360,40
2026-06-23T13:23:19.240594,580361,40
2026-06-23T13:23:19.240648,580362,40
2026-06-23T13:23:19.240702,580363,39
2026-06-23T13:23:19.240756,580364,39
2026-06-23T13:23:19.240810,580364,40
2026-06-23T13:23:19.240862,580365,40
2026-06-23T13:23:19.240913,580366,40
2026-06-23T13:23:19.240964,580367,39
2026-06-23T13:23:19.241015,580368,39
2026-06-23T13:23:19.250864,580369,39
2026-06-23T13:23:19.250949,580370,39
2026-06-23T13:23:19.250999,580371,38
2026-06-23T13:23:19.251044,580372,38
2026-06-23T13:23:19.251090,580373,38
2026-06-23T13:23:19.251134,580374,38
2026-06-23T13:23:19.251179,580375,39
2026-06-23T13:23:19.251222,580376,40
2026-06-23T13:23:19.251270,580377,40
2026-06-23T13:23:19.251314,580378,40
2026-06-23T13:23:19.251358,580379,40
2026-06-23T13:23:19.261246,580380,40
2026-06-23T13:23:19.261314,580381,39
2026-06-23T13:23:19.261404,580382,39
2026-06-23T13:23:19.261457,580383,39
2026-06-23T13:23:19.261499,580384,39
2026-06-23T13:23:19.261539,580385,39
2026-06-23T13:23:19.261578,580385,38
2026-06-23T13:23:19.261617,580386,38
2026-06-23T13:23:19.261656,580387,39
2026-06-23T13:23:19.261718,580388,39
2026-06-23T13:23:19.261773,580389,39
2026-06-23T13:23:19.271751,580390,39
2026-06-23T13:23:19.271827,580391,39
2026-06-23T13:23:19.271899,580392,39
2026-06-23T13:23:19.271938,580393,39
2026-06-23T13:23:19.271975,580394,38
2026-06-23T13:23:19.272010,580395,38
2026-06-23T13:23:19.272045,580396,38
2026-06-23T13:23:19.272080,580397,38
2026-06-23T13:23:19.272114,580398,38
2026-06-23T13:23:19.272149,580399,38
2026-06-23T13:23:19.272184,580400,38
2026-06-23T13:23:19.282185,580401,38
2026-06-23T13:23:19.282267,580402,37
2026-06-23T13:23:19.282301,580403,38
2026-06-23T13:23:19.282334,580404,38
2026-06-23T13:23:19.282367,580405,38
2026-06-23T13:23:19.282399,580406,38
2026-06-23T13:23:19.282431,580407,39
2026-06-23T13:23:19.282463,580407,39
2026-06-23T13:23:19.282495,580408,39
2026-06-23T13:23:19.282527,580409,39
2026-06-23T13:23:19.282559,580410,39
2026-06-23T13:23:19.292579,580411,38
2026-06-23T13:23:19.292639,580412,38
2026-06-23T13:23:19.292671,580413,38
2026-06-23T13:23:19.292727,580414,38
2026-06-23T13:23:19.292766,580415,38
2026-06-23T13:23:19.292797,580416,38
2026-06-23T13:23:19.292827,580417,37
2026-06-23T13:23:19.292857,580418,37
2026-06-23T13:23:19.292886,580419,37
2026-06-23T13:23:19.292915,580420,37
2026-06-23T13:23:19.292943,580421,37
2026-06-23T13:23:19.302980,580422,37
2026-06-23T13:23:19.303055,580423,37
2026-06-23T13:23:19.303086,580424,36
2026-06-23T13:23:19.303116,580425,37
2026-06-23T13:23:19.303145,580426,36
2026-06-23T13:23:19.303173,580427,36
2026-06-23T13:23:19.303202,580428,36
2026-06-23T13:23:19.303230,580428,34
2026-06-23T13:23:19.303258,580429,37
2026-06-23T13:23:19.303286,580430,37
2026-06-23T13:23:19.303314,580431,37
2026-06-23T13:23:19.313451,580432,37
2026-06-23T13:23:19.313492,580433,37
2026-06-23T13:23:19.313517,580434,37
2026-06-23T13:23:19.313543,580435,37
2026-06-23T13:23:19.313568,580436,37
2026-06-23T13:23:19.313594,580437,37
2026-06-23T13:23:19.313619,580438,37
2026-06-23T13:23:19.313645,580439,37
2026-06-23T13:23:19.313670,580440,37
2026-06-23T13:23:19.313695,580441,37
2026-06-23T13:23:19.313720,580442,37
2026-06-23T13:23:19.323989,580443,38
2026-06-23T13:23:19.324154,580444,37
2026-06-23T13:23:19.324271,580445,37
2026-06-23T13:23:19.324364,580446,37
2026-06-23T13:23:19.324462,580447,37
2026-06-23T13:23:19.324597,580448,35
2026-06-23T13:23:19.324714,580449,37
2026-06-23T13:23:19.324812,580449,37
2026-06-23T13:23:19.324904,580450,36
2026-06-23T13:23:19.324999,580451,36
2026-06-23T13:23:19.334325,580452,36
2026-06-23T13:23:19.334715,580453,36
2026-06-23T13:23:19.334819,580454,36
2026-06-23T13:23:19.334898,580455,36
2026-06-23T13:23:19.334977,580456,37
2026-06-23T13:23:19.335051,580457,38
2026-06-23T13:23:19.335126,580458,37
2026-06-23T13:23:19.335200,580459,38
2026-06-23T13:23:19.335274,580460,38
2026-06-23T13:23:19.335347,580461,37
2026-06-23T13:23:19.335421,580462,37
2026-06-23T13:23:19.344775,580463,37
2026-06-23T13:23:19.344938,580464,37
2026-06-23T13:23:19.345017,580465,37
2026-06-23T13:23:19.345142,580466,37
2026-06-23T13:23:19.345270,580467,37
2026-06-23T13:23:19.345359,580468,38
2026-06-23T13:23:19.345441,580469,38
2026-06-23T13:23:19.345533,580470,38
2026-06-23T13:23:19.345626,580471,38
2026-06-23T13:23:19.345715,580471,38
2026-06-23T13:23:19.345804,580472,36
2026-06-23T13:23:19.355182,580473,37
2026-06-23T13:23:19.355240,580474,37
2026-06-23T13:23:19.355271,580475,35
2026-06-23T13:23:19.355301,580476,36
2026-06-23T13:23:19.355330,580477,36
2026-06-23T13:23:19.355358,580478,36
2026-06-23T13:23:19.355386,580479,36
2026-06-23T13:23:19.355414,580480,36
2026-06-23T13:23:19.355442,580481,36
2026-06-23T13:23:19.355476,580482,36
2026-06-23T13:23:19.355507,580483,36
2026-06-23T13:23:19.365580,580484,36
2026-06-23T13:23:19.365618,580485,36
2026-06-23T13:23:19.365647,580486,36
2026-06-23T13:23:19.365676,580487,36
2026-06-23T13:23:19.365704,580488,36
2026-06-23T13:23:19.365732,580489,36
2026-06-23T13:23:19.365761,580490,36
2026-06-23T13:23:19.365789,580491,36
2026-06-23T13:23:19.365818,580492,35
2026-06-23T13:23:19.365845,580492,35
2026-06-23T13:23:19.365873,580493,35
2026-06-23T13:23:19.376123,580494,35
2026-06-23T13:23:19.376258,580495,35
2026-06-23T13:23:19.376336,580496,35
2026-06-23T13:23:19.376424,580497,35
2026-06-23T13:23:19.376500,580498,35
2026-06-23T13:23:19.376574,580499,35
2026-06-23T13:23:19.376648,580500,35
2026-06-23T13:23:19.376721,580501,35
2026-06-23T13:23:19.376795,580502,35
2026-06-23T13:23:19.376868,580503,35
2026-06-23T13:23:19.376941,580504,36
2026-06-23T13:23:19.386567,580505,36
2026-06-23T13:23:19.386615,580506,36
2026-06-23T13:23:19.386645,580507,36
2026-06-23T13:23:19.386675,580508,36
2026-06-23T13:23:19.386704,580509,36
2026-06-23T13:23:19.386733,580510,35
2026-06-23T13:23:19.386761,580511,35
2026-06-23T13:23:19.386789,580512,35
2026-06-23T13:23:19.386817,580513,34
2026-06-23T13:23:19.386845,580513,35
2026-06-23T13:23:19.386872,580514,35
2026-06-23T13:23:19.397052,580515,36
2026-06-23T13:23:19.397210,580516,36
2026-06-23T13:23:19.397294,580517,36
2026-06-23T13:23:19.397373,580518,36
2026-06-23T13:23:19.397447,580519,36
2026-06-23T13:23:19.397521,580520,36
2026-06-23T13:23:19.397595,580521,37
2026-06-23T13:23:19.397669,580522,36
2026-06-23T13:23:19.397743,580523,36
2026-06-23T13:23:19.397819,580524,37
2026-06-23T13:23:19.397893,580525,36
2026-06-23T13:23:19.407459,580526,36
2026-06-23T13:23:19.407602,580527,36
2026-06-23T13:23:19.407681,580528,36
2026-06-23T13:23:19.407759,580529,36
2026-06-23T13:23:19.407837,580530,36
2026-06-23T13:23:19.407979,580531,36
2026-06-23T13:23:19.408085,580532,37
2026-06-23T13:23:19.408166,580533,36
2026-06-23T13:23:19.408242,580534,37
2026-06-23T13:23:19.408318,580535,37
2026-06-23T13:23:19.408395,580535,37
2026-06-23T13:23:19.417844,580536,37
2026-06-23T13:23:19.417898,580537,37
2026-06-23T13:23:19.417926,580538,39
2026-06-23T13:23:19.417965,580539,37
2026-06-23T13:23:19.418003,580540,37
2026-06-23T13:23:19.418034,580541,37
2026-06-23T13:23:19.418061,580542,37
2026-06-23T13:23:19.418088,580543,37
2026-06-23T13:23:19.418113,580544,36
2026-06-23T13:23:19.418139,580545,36
2026-06-23T13:23:19.418165,580546,36
2026-06-23T13:23:19.428292,580547,36
2026-06-23T13:23:19.428492,580548,37
2026-06-23T13:23:19.428580,580549,37
2026-06-23T13:23:19.428658,580550,37
2026-06-23T13:23:19.428734,580551,37
2026-06-23T13:23:19.428808,580552,37
2026-06-23T13:23:19.428882,580553,36
2026-06-23T13:23:19.428956,580554,36
2026-06-23T13:23:19.429032,580555,36
2026-06-23T13:23:19.429108,580556,36
2026-06-23T13:23:19.429182,580556,36
2026-06-23T13:23:19.438767,580557,36
2026-06-23T13:23:19.438894,580558,36
2026-06-23T13:23:19.439002,580559,36
2026-06-23T13:23:19.439081,580560,36
2026-06-23T13:23:19.439156,580561,36
2026-06-23T13:23:19.439230,580562,36
2026-06-23T13:23:19.439305,580563,35
2026-06-23T13:23:19.439379,580564,35
2026-06-23T13:23:19.439453,580565,35
2026-06-23T13:23:19.439553,580566,36
2026-06-23T13:23:19.449148,580567,35
2026-06-23T13:23:19.449206,580568,36
2026-06-23T13:23:19.449233,580569,36
2026-06-23T13:23:19.449260,580570,36
2026-06-23T13:23:19.449286,580571,35
2026-06-23T13:23:19.449333,580572,36
2026-06-23T13:23:19.449386,580573,35
2026-06-23T13:23:19.449427,580574,35
2026-06-23T13:23:19.449455,580575,35
2026-06-23T13:23:19.449495,580576,35
2026-06-23T13:23:19.449529,580577,35
2026-06-23T13:23:19.459573,580578,35
2026-06-23T13:23:19.459710,580578,34
2026-06-23T13:23:19.459823,580579,35
2026-06-23T13:23:19.459921,580580,35
2026-06-23T13:23:19.460012,580581,35
2026-06-23T13:23:19.460103,580582,35
2026-06-23T13:23:19.460193,580583,35
2026-06-23T13:23:19.460282,580584,35
2026-06-23T13:23:19.460372,580585,35
2026-06-23T13:23:19.460460,580586,34
2026-06-23T13:23:19.460549,580587,34
2026-06-23T13:23:19.469996,580588,34
2026-06-23T13:23:19.470030,580589,34
2026-06-23T13:23:19.470057,580590,34
2026-06-23T13:23:19.470083,580591,34
2026-06-23T13:23:19.470109,580592,34
2026-06-23T13:23:19.470138,580593,34
2026-06-23T13:23:19.470163,580594,34
2026-06-23T13:23:19.470189,580595,34
2026-06-23T13:23:19.470214,580596,34
2026-06-23T13:23:19.470239,580597,36
2026-06-23T13:23:19.470264,580598,35
2026-06-23T13:23:19.480518,580599,35
2026-06-23T13:23:19.480559,580599,34
2026-06-23T13:23:19.480586,580600,34
2026-06-23T13:23:19.480613,580601,34
2026-06-23T13:23:19.480638,580602,34
2026-06-23T13:23:19.480666,580603,34
2026-06-23T13:23:19.480692,580604,34
2026-06-23T13:23:19.480717,580605,34
2026-06-23T13:23:19.480742,580606,35
2026-06-23T13:23:19.480767,580607,34
2026-06-23T13:23:19.480792,580608,35
2026-06-23T13:23:19.490913,580609,34
2026-06-23T13:23:19.490955,580610,34
2026-06-23T13:23:19.490982,580611,34
2026-06-23T13:23:19.491009,580612,34
2026-06-23T13:23:19.491034,580613,34
2026-06-23T13:23:19.491060,580614,34
2026-06-23T13:23:19.491086,580615,34
2026-06-23T13:23:19.491111,580616,34
2026-06-23T13:23:19.491137,580617,34
2026-06-23T13:23:19.491162,580618,34
2026-06-23T13:23:19.491188,580619,34
2026-06-23T13:23:19.501395,580620,34
2026-06-23T13:23:19.501438,580620,34
2026-06-23T13:23:19.501465,580621,33
2026-06-23T13:23:19.501491,580622,34
2026-06-23T13:23:19.501518,580623,33
2026-06-23T13:23:19.501544,580624,34
2026-06-23T13:23:19.501569,580625,34
2026-06-23T13:23:19.501595,580626,34
2026-06-23T13:23:19.501620,580627,34
2026-06-23T13:23:19.501645,580628,32
2026-06-23T13:23:19.501670,580629,34
2026-06-23T13:23:19.511833,580630,34
2026-06-23T13:23:19.511969,580631,34
2026-06-23T13:23:19.512079,580632,34
2026-06-23T13:23:19.512171,580633,33
2026-06-23T13:23:19.512261,580634,33
2026-06-23T13:23:19.512349,580635,33
2026-06-23T13:23:19.512438,580636,34
2026-06-23T13:23:19.512527,580637,34
2026-06-23T13:23:19.512615,580638,35
2026-06-23T13:23:19.512703,580639,35
2026-06-23T13:23:19.512791,580640,35
2026-06-23T13:23:19.522267,580641,35
2026-06-23T13:23:19.522394,580642,35
2026-06-23T13:23:19.522501,580642,34
2026-06-23T13:23:19.522579,580643,34
2026-06-23T13:23:19.522772,580644,34
2026-06-23T13:23:19.522868,580645,34
2026-06-23T13:23:19.522948,580646,34
2026-06-23T13:23:19.523060,580647,34
2026-06-23T13:23:19.523150,580648,34
2026-06-23T13:23:19.523227,580649,34
2026-06-23T13:23:19.523315,580650,34
2026-06-23T13:23:19.532737,580651,34
2026-06-23T13:23:19.532853,580652,34
2026-06-23T13:23:19.532929,580653,34
2026-06-23T13:23:19.533004,580654,34
2026-06-23T13:23:19.533079,580655,34
2026-06-23T13:23:19.533152,580656,34
2026-06-23T13:23:19.533226,580657,37
2026-06-23T13:23:19.533302,580658,34
2026-06-23T13:23:19.533375,580659,34
2026-06-23T13:23:19.533450,580660,34
2026-06-23T13:23:19.533523,580661,34
2026-06-23T13:23:19.543138,580662,34
2026-06-23T13:23:19.543262,580663,34
2026-06-23T13:23:19.543338,580663,34
2026-06-23T13:23:19.543412,580664,33
2026-06-23T13:23:19.543485,580665,33
2026-06-23T13:23:19.543559,580666,33
2026-06-23T13:23:19.543632,580667,33
2026-06-23T13:23:19.543704,580668,33
2026-06-23T13:23:19.543776,580669,33
2026-06-23T13:23:19.543849,580670,33
2026-06-23T13:23:19.543921,580671,33
2026-06-23T13:23:19.553565,580672,33
2026-06-23T13:23:19.553611,580673,33
2026-06-23T13:23:19.553649,580674,33
2026-06-23T13:23:19.553688,580675,33
2026-06-23T13:23:19.553715,580676,33
2026-06-23T13:23:19.553742,580677,33
2026-06-23T13:23:19.553768,580678,33
2026-06-23T13:23:19.553797,580679,33
2026-06-23T13:23:19.553824,580680,33
2026-06-23T13:23:19.553849,580681,33
2026-06-23T13:23:19.563969,580682,33
2026-06-23T13:23:19.564101,580683,33
2026-06-23T13:23:19.564193,580684,33
2026-06-23T13:23:19.564282,580684,33
2026-06-23T13:23:19.564370,580685,33
2026-06-23T13:23:19.564459,580686,32
2026-06-23T13:23:19.564547,580687,33
2026-06-23T13:23:19.564636,580688,33
2026-06-23T13:23:19.564725,580689,33
2026-06-23T13:23:19.564813,580690,33
2026-06-23T13:23:19.564902,580691,33
2026-06-23T13:23:19.574448,580692,33
2026-06-23T13:23:19.574576,580693,32
2026-06-23T13:23:19.574694,580694,33
2026-06-23T13:23:19.574797,580695,33
2026-06-23T13:23:19.574874,580696,33
2026-06-23T13:23:19.574948,580697,33
2026-06-23T13:23:19.575022,580698,32
2026-06-23T13:23:19.575096,580699,33
2026-06-23T13:23:19.575169,580700,33
2026-06-23T13:23:19.575242,580701,33
2026-06-23T13:23:19.575315,580702,32
2026-06-23T13:23:19.584871,580703,33
2026-06-23T13:23:19.584913,580704,33
2026-06-23T13:23:19.584940,580705,33
2026-06-23T13:23:19.584982,580706,33
2026-06-23T13:23:19.585011,580706,33
2026-06-23T13:23:19.585037,580707,33
2026-06-23T13:23:19.585062,580708,33
2026-06-23T13:23:19.585088,580709,33
2026-06-23T13:23:19.585113,580710,33
2026-06-23T13:23:19.585138,580711,33
2026-06-23T13:23:19.585164,580712,33
2026-06-23T13:23:19.595365,580713,33
2026-06-23T13:23:19.595513,580714,32
2026-06-23T13:23:19.595622,580715,33
2026-06-23T13:23:19.595715,580716,33
2026-06-23T13:23:19.595806,580717,33
2026-06-23T13:23:19.595911,580718,33
2026-06-23T13:23:19.596013,580719,33
2026-06-23T13:23:19.596102,580720,33
2026-06-23T13:23:19.596192,580721,33
2026-06-23T13:23:19.596281,580722,33
2026-06-23T13:23:19.596369,580723,33
2026-06-23T13:23:19.605831,580724,33
2026-06-23T13:23:19.605877,580725,33
2026-06-23T13:23:19.605963,580726,33
2026-06-23T13:23:19.605994,580727,33
2026-06-23T13:23:19.606021,580727,33
2026-06-23T13:23:19.606048,580728,33
2026-06-23T13:23:19.606074,580729,33
2026-06-23T13:23:19.606100,580730,33
2026-06-23T13:23:19.606130,580731,35
2026-06-23T13:23:19.606156,580732,33
2026-06-23T13:23:19.606181,580733,33
2026-06-23T13:23:19.616217,580734,33
2026-06-23T13:23:19.616253,580735,33
2026-06-23T13:23:19.616280,580736,33
2026-06-23T13:23:19.616306,580737,33
2026-06-23T13:23:19.616331,580738,33
2026-06-23T13:23:19.616357,580739,33
2026-06-23T13:23:19.616382,580740,33
2026-06-23T13:23:19.616407,580741,33
2026-06-23T13:23:19.616432,580742,33
2026-06-23T13:23:19.616458,580743,32
2026-06-23T13:23:19.616483,580744,33
2026-06-23T13:23:19.626676,580745,33
2026-06-23T13:23:19.626805,580746,33
2026-06-23T13:23:19.626883,580747,33
2026-06-23T13:23:19.626970,580748,33
2026-06-23T13:23:19.627045,580748,33
2026-06-23T13:23:19.627121,580749,33
2026-06-23T13:23:19.627195,580750,33
2026-06-23T13:23:19.627267,580751,33
2026-06-23T13:23:19.627340,580752,33
2026-06-23T13:23:19.627412,580753,34
2026-06-23T13:23:19.627484,580754,33
2026-06-23T13:23:19.637065,580755,33
2026-06-23T13:23:19.637234,580756,33
2026-06-23T13:23:19.637341,580757,33
2026-06-23T13:23:19.637416,580758,32
2026-06-23T13:23:19.637490,580759,33
2026-06-23T13:23:19.637564,580760,33
2026-06-23T13:23:19.637637,580761,33
2026-06-23T13:23:19.637711,580762,33
2026-06-23T13:23:19.637783,580763,32
2026-06-23T13:23:19.637857,580764,33
2026-06-23T13:23:19.637930,580765,33
2026-06-23T13:23:19.647637,580766,33
2026-06-23T13:23:19.647791,580767,33
2026-06-23T13:23:19.647884,580768,33
2026-06-23T13:23:19.647974,580769,34
2026-06-23T13:23:19.648071,580770,34
2026-06-23T13:23:19.648169,580770,34
2026-06-23T13:23:19.648258,580771,34
2026-06-23T13:23:19.648347,580772,34
2026-06-23T13:23:19.648437,580773,34
2026-06-23T13:23:19.648525,580774,34
2026-06-23T13:23:19.648614,580775,33
2026-06-23T13:23:19.658039,580776,33
2026-06-23T13:23:19.658178,580777,34
2026-06-23T13:23:19.658347,580778,34
2026-06-23T13:23:19.658432,580779,35
2026-06-23T13:23:19.658508,580780,34
2026-06-23T13:23:19.658582,580781,34
2026-06-23T13:23:19.658656,580782,34
2026-06-23T13:23:19.658729,580783,34
2026-06-23T13:23:19.658802,580784,34
2026-06-23T13:23:19.658874,580785,34
2026-06-23T13:23:19.658947,580786,34
2026-06-23T13:23:19.668466,580787,34
2026-06-23T13:23:19.668529,580788,34
2026-06-23T13:23:19.668567,580789,34
2026-06-23T13:23:19.668622,580790,33
2026-06-23T13:23:19.668658,580791,33
2026-06-23T13:23:19.668691,580791,33
2026-06-23T13:23:19.668716,580792,33
2026-06-23T13:23:19.668742,580793,33
2026-06-23T13:23:19.668768,580794,33
2026-06-23T13:23:19.668794,580795,33
2026-06-23T13:23:19.678861,580796,33
2026-06-23T13:23:19.679027,580797,33
2026-06-23T13:23:19.679176,580798,33
2026-06-23T13:23:19.679286,580799,33
2026-06-23T13:23:19.679382,580800,34
2026-06-23T13:23:19.679473,580801,34
2026-06-23T13:23:19.679564,580802,34
2026-06-23T13:23:19.679654,580803,34
2026-06-23T13:23:19.679744,580804,34
2026-06-23T13:23:19.679833,580805,34
2026-06-23T13:23:19.679922,580806,33
2026-06-23T13:23:19.689283,580807,33
2026-06-23T13:23:19.689333,580808,33
2026-06-23T13:23:19.689360,580809,33
2026-06-23T13:23:19.689386,580810,33
2026-06-23T13:23:19.689411,580811,33
2026-06-23T13:23:19.689437,580812,34
2026-06-23T13:23:19.689462,580813,34
2026-06-23T13:23:19.689487,580813,34
2026-06-23T13:23:19.689512,580814,33
2026-06-23T13:23:19.689537,580815,34
2026-06-23T13:23:19.689562,580816,34
2026-06-23T13:23:19.699844,580817,34
2026-06-23T13:23:19.699877,580818,34
2026-06-23T13:23:19.699903,580819,34
2026-06-23T13:23:19.699929,580820,34
2026-06-23T13:23:19.699954,580821,34
2026-06-23T13:23:19.699980,580822,35
2026-06-23T13:23:19.700005,580823,35
2026-06-23T13:23:19.700030,580824,35
2026-06-23T13:23:19.700056,580825,35
2026-06-23T13:23:19.700081,580826,35
2026-06-23T13:23:19.700106,580827,35
2026-06-23T13:23:19.710265,580828,34
2026-06-23T13:23:19.710410,580829,35
2026-06-23T13:23:19.710489,580830,34
2026-06-23T13:23:19.710568,580831,34
2026-06-23T13:23:19.710642,580832,35
2026-06-23T13:23:19.710717,580833,35
2026-06-23T13:23:19.710790,580834,34
2026-06-23T13:23:19.710889,580834,35
2026-06-23T13:23:19.711037,580835,35
2026-06-23T13:23:19.711152,580836,35
2026-06-23T13:23:19.711242,580837,35
2026-06-23T13:23:19.720587,580838,34
2026-06-23T13:23:19.720631,580839,35
2026-06-23T13:23:19.720658,580840,35
2026-06-23T13:23:19.720683,580841,35
2026-06-23T13:23:19.720709,580842,35
2026-06-23T13:23:19.720735,580843,34
2026-06-23T13:23:19.720760,580844,35
2026-06-23T13:23:19.720784,580845,34
2026-06-23T13:23:19.720809,580846,34
2026-06-23T13:23:19.720833,580847,34
2026-06-23T13:23:19.720858,580848,34
2026-06-23T13:23:19.731114,580849,34
2026-06-23T13:23:19.731273,580850,36
2026-06-23T13:23:19.731419,580851,33
2026-06-23T13:23:19.731474,580852,33
2026-06-23T13:23:19.731501,580853,33
2026-06-23T13:23:19.731527,580854,34
2026-06-23T13:23:19.731552,580855,33
2026-06-23T13:23:19.731577,580855,33
2026-06-23T13:23:19.731602,580856,33
2026-06-23T13:23:19.731627,580857,33
2026-06-23T13:23:19.731652,580858,34
2026-06-23T13:23:19.741613,580859,34
2026-06-23T13:23:19.741668,580860,34
2026-06-23T13:23:19.741696,580861,34
2026-06-23T13:23:19.741725,580862,34
2026-06-23T13:23:19.741751,580863,33
2026-06-23T13:23:19.741777,580864,35
2026-06-23T13:23:19.741803,580865,35
2026-06-23T13:23:19.741832,580866,34
2026-06-23T13:23:19.741857,580867,35
2026-06-23T13:23:19.741883,580868,34
2026-06-23T13:23:19.741910,580869,35
2026-06-23T13:23:19.751921,580870,35
2026-06-23T13:23:19.751968,580871,34
2026-06-23T13:23:19.751995,580872,34
2026-06-23T13:23:19.752044,580873,34
2026-06-23T13:23:19.752084,580874,34
2026-06-23T13:23:19.752114,580875,34
2026-06-23T13:23:19.752140,580876,34
2026-06-23T13:23:19.752167,580877,34
2026-06-23T13:23:19.752192,580877,35
2026-06-23T13:23:19.752218,580878,35
2026-06-23T13:23:19.752242,580879,34
2026-06-23T13:23:19.762440,580880,34
2026-06-23T13:23:19.762578,580881,34
2026-06-23T13:23:19.762669,580882,34
2026-06-23T13:23:19.762745,580883,34
2026-06-23T13:23:19.762889,580884,34
2026-06-23T13:23:19.762981,580885,34
2026-06-23T13:23:19.763065,580886,34
2026-06-23T13:23:19.763156,580887,34
2026-06-23T13:23:19.763247,580888,34
2026-06-23T13:23:19.763336,580889,34
2026-06-23T13:23:19.763426,580890,34
2026-06-23T13:23:19.772943,580891,34
2026-06-23T13:23:19.773317,580892,34
2026-06-23T13:23:19.773431,580893,34
2026-06-23T13:23:19.773509,580894,34
2026-06-23T13:23:19.773601,580895,34
2026-06-23T13:23:19.773680,580896,37
2026-06-23T13:23:19.773757,580897,35
2026-06-23T13:23:19.773845,580898,34
2026-06-23T13:23:19.773921,580898,34
2026-06-23T13:23:19.773995,580899,34
2026-06-23T13:23:19.774069,580900,34
2026-06-23T13:23:19.783291,580901,34
2026-06-23T13:23:19.783335,580902,34
2026-06-23T13:23:19.783361,580903,34
2026-06-23T13:23:19.783400,580904,34
2026-06-23T13:23:19.783429,580905,34
2026-06-23T13:23:19.783456,580906,34
2026-06-23T13:23:19.783481,580907,34
2026-06-23T13:23:19.783506,580908,34
2026-06-23T13:23:19.783532,580909,34
2026-06-23T13:23:19.783557,580910,34
2026-06-23T13:23:19.793727,580911,33
2026-06-23T13:23:19.793884,580912,34
2026-06-23T13:23:19.793989,580913,34
2026-06-23T13:23:19.794080,580914,34
2026-06-23T13:23:19.794169,580915,34
2026-06-23T13:23:19.794257,580916,35
2026-06-23T13:23:19.794353,580917,35
2026-06-23T13:23:19.794441,580918,35
2026-06-23T13:23:19.794529,580919,35
2026-06-23T13:23:19.794618,580919,35
2026-06-23T13:23:19.794706,580920,35
2026-06-23T13:23:19.804188,580921,35
2026-06-23T13:23:19.804366,580922,34
2026-06-23T13:23:19.804453,580923,35
2026-06-23T13:23:19.804529,580924,34
2026-06-23T13:23:19.804605,580925,34
2026-06-23T13:23:19.804681,580926,33
2026-06-23T13:23:19.804755,580927,34
2026-06-23T13:23:19.804847,580928,34
2026-06-23T13:23:19.804929,580929,34
2026-06-23T13:23:19.805004,580930,35
2026-06-23T13:23:19.805079,580931,34
2026-06-23T13:23:19.814612,580932,34
2026-06-23T13:23:19.814778,580933,34
2026-06-23T13:23:19.814871,580934,34
2026-06-23T13:23:19.814970,580935,33
2026-06-23T13:23:19.815058,580936,33
2026-06-23T13:23:19.815146,580937,33
2026-06-23T13:23:19.815236,580938,34
2026-06-23T13:23:19.815324,580939,33
2026-06-23T13:23:19.815411,580940,33
2026-06-23T13:23:19.815499,580941,33
2026-06-23T13:23:19.815587,580941,33
2026-06-23T13:23:19.825065,580942,33
2026-06-23T13:23:19.825240,580943,33
2026-06-23T13:23:19.825334,580944,33
2026-06-23T13:23:19.825425,580945,33
2026-06-23T13:23:19.825526,580946,33
2026-06-23T13:23:19.825616,580947,33
2026-06-23T13:23:19.825742,580948,33
2026-06-23T13:23:19.825844,580949,33
2026-06-23T13:23:19.825935,580950,33
2026-06-23T13:23:19.826025,580951,34
2026-06-23T13:23:19.826116,580952,34
2026-06-23T13:23:19.835521,580953,34
2026-06-23T13:23:19.835688,580954,33
2026-06-23T13:23:19.835777,580955,33
2026-06-23T13:23:19.835853,580956,33
2026-06-23T13:23:19.835928,580957,33
2026-06-23T13:23:19.836001,580958,33
2026-06-23T13:23:19.836074,580959,34
2026-06-23T13:23:19.836148,580960,34
2026-06-23T13:23:19.836221,580961,34
2026-06-23T13:23:19.836297,580962,33
2026-06-23T13:23:19.836370,580962,33
2026-06-23T13:23:19.845958,580963,33
2026-06-23T13:23:19.846151,580964,33
2026-06-23T13:23:19.846276,580965,33
2026-06-23T13:23:19.846369,580966,33
2026-06-23T13:23:19.846459,580967,33
2026-06-23T13:23:19.846548,580968,33
2026-06-23T13:23:19.846636,580969,34
2026-06-23T13:23:19.846725,580970,34
2026-06-23T13:23:19.846813,580971,33
2026-06-23T13:23:19.846901,580972,34
2026-06-23T13:23:19.846989,580973,34
2026-06-23T13:23:19.856420,580974,34
2026-06-23T13:23:19.856482,580975,34
2026-06-23T13:23:19.856512,580976,34
2026-06-23T13:23:19.856551,580977,34
2026-06-23T13:23:19.856578,580978,35
2026-06-23T13:23:19.856603,580979,35
2026-06-23T13:23:19.856629,580980,34
2026-06-23T13:23:19.856654,580981,35
2026-06-23T13:23:19.856680,580982,35
2026-06-23T13:23:19.856705,580983,35
2026-06-23T13:23:19.856730,580983,35
2026-06-23T13:23:19.866823,580984,36
2026-06-23T13:23:19.866864,580985,35
2026-06-23T13:23:19.866911,580986,35
2026-06-23T13:23:19.866943,580987,35
2026-06-23T13:23:19.867022,580988,34
2026-06-23T13:23:19.867059,580989,35
2026-06-23T13:23:19.867088,580990,35
2026-06-23T13:23:19.867114,580991,35
2026-06-23T13:23:19.867140,580992,35
2026-06-23T13:23:19.867165,580993,35
2026-06-23T13:23:19.867191,580994,35
2026-06-23T13:23:19.877248,580995,35
2026-06-23T13:23:19.877387,580996,35
2026-06-23T13:23:19.877482,580997,35
2026-06-23T13:23:19.877560,580998,35
2026-06-23T13:23:19.877637,580999,35
2026-06-23T13:23:19.877713,581000,35
2026-06-23T13:23:19.877788,581001,35
2026-06-23T13:23:19.877863,581002,35
2026-06-23T13:23:19.877939,581003,35
2026-06-23T13:23:19.878014,581004,35
2026-06-23T13:23:19.878089,581005,35
2026-06-23T13:23:19.887732,581005,35
2026-06-23T13:23:19.887784,581006,35
2026-06-23T13:23:19.887811,581007,35
2026-06-23T13:23:19.887843,581008,35
2026-06-23T13:23:19.887869,581009,35
2026-06-23T13:23:19.887895,581010,34
2026-06-23T13:23:19.887920,581011,35
2026-06-23T13:23:19.887945,581012,35
2026-06-23T13:23:19.887970,581013,35
2026-06-23T13:23:19.887995,581014,35
2026-06-23T13:23:19.888020,581015,35
2026-06-23T13:23:19.898204,581016,35
2026-06-23T13:23:19.898351,581017,36
2026-06-23T13:23:19.898430,581018,35
2026-06-23T13:23:19.898507,581019,36
2026-06-23T13:23:19.898584,581020,35
2026-06-23T13:23:19.898661,581021,35
2026-06-23T13:23:19.898736,581022,35
2026-06-23T13:23:19.898812,581023,36
2026-06-23T13:23:19.898887,581024,35
2026-06-23T13:23:19.898962,581025,35
2026-06-23T13:23:19.908511,581026,35
2026-06-23T13:23:19.908578,581026,35
2026-06-23T13:23:19.908609,581027,35
2026-06-23T13:23:19.908637,581028,34
2026-06-23T13:23:19.908663,581029,34
2026-06-23T13:23:19.908690,581030,34
2026-06-23T13:23:19.908715,581031,34
2026-06-23T13:23:19.908741,581032,35
2026-06-23T13:23:19.908767,581033,34
2026-06-23T13:23:19.908793,581034,34
2026-06-23T13:23:19.908818,581035,34
2026-06-23T13:23:19.918943,581036,34
2026-06-23T13:23:19.918996,581037,34
2026-06-23T13:23:19.919044,581038,35
2026-06-23T13:23:19.919075,581039,34
2026-06-23T13:23:19.919101,581040,34
2026-06-23T13:23:19.919127,581041,34
2026-06-23T13:23:19.919152,581042,34
2026-06-23T13:23:19.919177,581043,34
2026-06-23T13:23:19.919203,581044,34
2026-06-23T13:23:19.919228,581045,34
2026-06-23T13:23:19.919254,581046,33
2026-06-23T13:23:19.929427,581047,34
2026-06-23T13:23:19.929582,581047,34
2026-06-23T13:23:19.929679,581048,34
2026-06-23T13:23:19.929772,581049,34
2026-06-23T13:23:19.929865,581050,35
2026-06-23T13:23:19.929956,581051,34
2026-06-23T13:23:19.930048,581052,34
2026-06-23T13:23:19.930141,581053,34
2026-06-23T13:23:19.930231,581054,34
2026-06-23T13:23:19.930322,581055,34
2026-06-23T13:23:19.930413,581056,34
2026-06-23T13:23:19.939909,581057,33
2026-06-23T13:23:19.940047,581058,34
2026-06-23T13:23:19.940126,581059,34
2026-06-23T13:23:19.940201,581060,33
2026-06-23T13:23:19.940275,581061,34
2026-06-23T13:23:19.940349,581062,34
2026-06-23T13:23:19.940424,581063,34
2026-06-23T13:23:19.940497,581064,34
2026-06-23T13:23:19.940569,581065,35
2026-06-23T13:23:19.940643,581066,34
2026-06-23T13:23:19.940718,581067,34
2026-06-23T13:23:19.950284,581068,34
2026-06-23T13:23:19.950343,581069,33
2026-06-23T13:23:19.950381,581069,34
2026-06-23T13:23:19.950415,581070,33
2026-06-23T13:23:19.950441,581071,33
2026-06-23T13:23:19.950468,581072,33
2026-06-23T13:23:19.950494,581073,33
2026-06-23T13:23:19.950520,581074,33
2026-06-23T13:23:19.950546,581075,33
2026-06-23T13:23:19.950573,581076,33
2026-06-23T13:23:19.950598,581077,33
2026-06-23T13:23:19.960804,581078,33
2026-06-23T13:23:19.960918,581079,33
2026-06-23T13:23:19.961063,581080,33
2026-06-23T13:23:19.961180,581081,33
2026-06-23T13:23:19.961279,581082,33
2026-06-23T13:23:19.961377,581083,33
2026-06-23T13:23:19.961476,581084,33
2026-06-23T13:23:19.961573,581085,34
2026-06-23T13:23:19.961667,581086,33
2026-06-23T13:23:19.961764,581087,33
2026-06-23T13:23:19.961857,581088,33
2026-06-23T13:23:19.971167,581089,33
2026-06-23T13:23:19.971263,581090,32
2026-06-23T13:23:19.971340,581090,33
2026-06-23T13:23:19.971415,581091,33
2026-06-23T13:23:19.971489,581092,32
2026-06-23T13:23:19.971562,581093,32
2026-06-23T13:23:19.971635,581094,32
2026-06-23T13:23:19.971711,581095,32
2026-06-23T13:23:19.971783,581096,32
2026-06-23T13:23:19.971855,581097,32
2026-06-23T13:23:19.971927,581098,32
2026-06-23T13:23:19.981658,581099,32
2026-06-23T13:23:19.981746,581100,32
2026-06-23T13:23:19.981822,581101,32
2026-06-23T13:23:19.981894,581102,32
2026-06-23T13:23:19.981965,581103,32
2026-06-23T13:23:19.982036,581104,31
2026-06-23T13:23:19.982106,581105,31
2026-06-23T13:23:19.982177,581106,31
2026-06-23T13:23:19.982248,581107,32
2026-06-23T13:23:19.982318,581108,32
2026-06-23T13:23:19.982389,581109,32
2026-06-23T13:23:19.992068,581110,32
2026-06-23T13:23:19.992189,581111,32
2026-06-23T13:23:19.992268,581112,32
2026-06-23T13:23:19.992343,581112,32
2026-06-23T13:23:19.992416,581113,32
2026-06-23T13:23:19.992489,581114,32
2026-06-23T13:23:19.992561,581115,32
2026-06-23T13:23:19.992633,581116,32
2026-06-23T13:23:19.992705,581117,32
2026-06-23T13:23:19.992777,581118,32
2026-06-23T13:23:19.992861,581119,32
2026-06-23T13:23:20.002635,581120,32
2026-06-23T13:23:20.002749,581121,32
2026-06-23T13:23:20.002855,581122,32
2026-06-23T13:23:20.002938,581123,32
2026-06-23T13:23:20.003011,581124,32
2026-06-23T13:23:20.003083,581125,32
2026-06-23T13:23:20.003155,581126,32
2026-06-23T13:23:20.003226,581127,32
2026-06-23T13:23:20.003297,581128,33
2026-06-23T13:23:20.003368,581129,33
2026-06-23T13:23:20.003439,581130,33
2026-06-23T13:23:20.013040,581131,33
2026-06-23T13:23:20.013120,581132,33
2026-06-23T13:23:20.013192,581133,33
2026-06-23T13:23:20.013263,581133,34
2026-06-23T13:23:20.013334,581134,33
2026-06-23T13:23:20.013404,581135,33
2026-06-23T13:23:20.013475,581136,33
2026-06-23T13:23:20.013546,581137,33
2026-06-23T13:23:20.013616,581138,34
2026-06-23T13:23:20.013686,581139,34
2026-06-23T13:23:20.023407,581140,34
2026-06-23T13:23:20.023518,581141,34
2026-06-23T13:23:20.023595,581142,34
2026-06-23T13:23:20.023677,581143,34
2026-06-23T13:23:20.023750,581144,34
2026-06-23T13:23:20.023822,581145,33
2026-06-23T13:23:20.023894,581146,34
2026-06-23T13:23:20.023966,581147,33
2026-06-23T13:23:20.024038,581148,34
2026-06-23T13:23:20.024109,581149,34
2026-06-23T13:23:20.024181,581150,34
2026-06-23T13:23:20.033870,581151,34
2026-06-23T13:23:20.033961,581152,34
2026-06-23T13:23:20.034035,581153,34
2026-06-23T13:23:20.034109,581154,33
2026-06-23T13:23:20.034208,581154,34
2026-06-23T13:23:20.034284,581155,35
2026-06-23T13:23:20.034355,581156,34
2026-06-23T13:23:20.034426,581157,34
2026-06-23T13:23:20.034497,581158,34
2026-06-23T13:23:20.034568,581159,34
2026-06-23T13:23:20.034639,581160,35
2026-06-23T13:23:20.044327,581161,34
2026-06-23T13:23:20.044421,581162,35
2026-06-23T13:23:20.044530,581163,35
2026-06-23T13:23:20.044608,581164,35
2026-06-23T13:23:20.044683,581165,34
2026-06-23T13:23:20.044756,581166,34
2026-06-23T13:23:20.044828,581167,34
2026-06-23T13:23:20.044900,581168,34
2026-06-23T13:23:20.044972,581169,34
2026-06-23T13:23:20.045043,581170,34
2026-06-23T13:23:20.045123,581171,33
2026-06-23T13:23:20.054801,581172,33
2026-06-23T13:23:20.054907,581173,33
2026-06-23T13:23:20.054982,581174,33
2026-06-23T13:23:20.055056,581175,33
2026-06-23T13:23:20.055128,581176,33
2026-06-23T13:23:20.055201,581176,34
2026-06-23T13:23:20.055272,581177,34
2026-06-23T13:23:20.055343,581178,34
2026-06-23T13:23:20.055415,581179,34
2026-06-23T13:23:20.055486,581180,35
2026-06-23T13:23:20.055556,581181,35
2026-06-23T13:23:20.065214,581182,35
2026-06-23T13:23:20.065298,581183,35
2026-06-23T13:23:20.065371,581184,35
2026-06-23T13:23:20.065443,581185,34
2026-06-23T13:23:20.065514,581186,34
2026-06-23T13:23:20.065586,581187,34
2026-06-23T13:23:20.065657,581188,34
2026-06-23T13:23:20.065728,581189,35
2026-06-23T13:23:20.065798,581190,34
2026-06-23T13:23:20.065869,581191,34
2026-06-23T13:23:20.065939,581192,34
2026-06-23T13:23:20.075632,581193,34
2026-06-23T13:23:20.075742,581194,34
2026-06-23T13:23:20.075818,581195,35
2026-06-23T13:23:20.075891,581196,34
2026-06-23T13:23:20.075964,581197,34
2026-06-23T13:23:20.076036,581197,34
2026-06-23T13:23:20.076108,581198,34
2026-06-23T13:23:20.076180,581199,34
2026-06-23T13:23:20.076269,581200,34
2026-06-23T13:23:20.076341,581201,34
2026-06-23T13:23:20.076414,581202,35
2026-06-23T13:23:20.086176,581203,35
2026-06-23T13:23:20.086281,581204,35
2026-06-23T13:23:20.086384,581205,35
2026-06-23T13:23:20.086462,581206,34
2026-06-23T13:23:20.086536,581207,35
2026-06-23T13:23:20.086609,581208,35
2026-06-23T13:23:20.086682,581209,34
2026-06-23T13:23:20.086754,581210,35
2026-06-23T13:23:20.086825,581211,35
2026-06-23T13:23:20.086897,581212,34
2026-06-23T13:23:20.086968,581213,35
2026-06-23T13:23:20.096610,581214,34
2026-06-23T13:23:20.096693,581215,34
2026-06-23T13:23:20.096765,581216,34
2026-06-23T13:23:20.096838,581217,34
2026-06-23T13:23:20.096909,581218,34
2026-06-23T13:23:20.096981,581218,34
2026-06-23T13:23:20.097055,581219,34
2026-06-23T13:23:20.097127,581220,33
2026-06-23T13:23:20.097200,581221,33
2026-06-23T13:23:20.097271,581222,33
2026-06-23T13:23:20.097343,581223,33
2026-06-23T13:23:20.107051,581224,34
2026-06-23T13:23:20.107160,581225,33
2026-06-23T13:23:20.107237,581226,34
2026-06-23T13:23:20.107312,581227,34
2026-06-23T13:23:20.107386,581228,34
2026-06-23T13:23:20.107458,581229,35
2026-06-23T13:23:20.107531,581230,34
2026-06-23T13:23:20.107604,581231,35
2026-06-23T13:23:20.107676,581232,34
2026-06-23T13:23:20.107748,581233,34
2026-06-23T13:23:20.107819,581234,35
2026-06-23T13:23:20.117490,581235,35
2026-06-23T13:23:20.117597,581236,34
2026-06-23T13:23:20.117707,581237,35
2026-06-23T13:23:20.117794,581238,35
2026-06-23T13:23:20.117867,581239,36
2026-06-23T13:23:20.117939,581240,36
2026-06-23T13:23:20.118010,581240,36
2026-06-23T13:23:20.118081,581241,36
2026-06-23T13:23:20.118152,581242,37
2026-06-23T13:23:20.118223,581243,36
2026-06-23T13:23:20.118294,581244,36
2026-06-23T13:23:20.127900,581245,37
2026-06-23T13:23:20.127994,581246,36
2026-06-23T13:23:20.128108,581247,36
2026-06-23T13:23:20.128192,581248,36
2026-06-23T13:23:20.128267,581249,36
2026-06-23T13:23:20.128339,581250,36
2026-06-23T13:23:20.128410,581251,36
2026-06-23T13:23:20.128483,581252,36
2026-06-23T13:23:20.128555,581253,36
2026-06-23T13:23:20.128625,581254,36
2026-06-23T13:23:20.138305,581255,37
2026-06-23T13:23:20.138423,581256,36
2026-06-23T13:23:20.138501,581257,37
2026-06-23T13:23:20.138575,581258,37
2026-06-23T13:23:20.138648,581259,37
2026-06-23T13:23:20.138720,581260,37
2026-06-23T13:23:20.138791,581261,37
2026-06-23T13:23:20.138863,581261,37
2026-06-23T13:23:20.138934,581262,37
2026-06-23T13:23:20.139005,581263,37
2026-06-23T13:23:20.139076,581264,36
2026-06-23T13:23:20.148706,581265,37
2026-06-23T13:23:20.148792,581266,37
2026-06-23T13:23:20.148864,581267,37
2026-06-23T13:23:20.148935,581268,37
2026-06-23T13:23:20.149010,581269,37
2026-06-23T13:23:20.149081,581270,37
2026-06-23T13:23:20.149151,581271,37
2026-06-23T13:23:20.149221,581272,37
2026-06-23T13:23:20.149291,581273,37
2026-06-23T13:23:20.149362,581274,36
2026-06-23T13:23:20.149432,581275,36
2026-06-23T13:23:20.159205,581276,36
2026-06-23T13:23:20.159311,581277,36
2026-06-23T13:23:20.159387,581278,36
2026-06-23T13:23:20.159461,581279,36
2026-06-23T13:23:20.159533,581280,36
2026-06-23T13:23:20.159606,581281,36
2026-06-23T13:23:20.159678,581282,36
2026-06-23T13:23:20.159750,581282,36
2026-06-23T13:23:20.159821,581283,35
2026-06-23T13:23:20.159892,581284,36
2026-06-23T13:23:20.159983,581285,36
2026-06-23T13:23:20.169651,581286,36
2026-06-23T13:23:20.169756,581287,36
2026-06-23T13:23:20.169863,581288,36
2026-06-23T13:23:20.169943,581289,36
2026-06-23T13:23:20.170015,581290,36
2026-06-23T13:23:20.170090,581291,36
2026-06-23T13:23:20.170161,581292,36
2026-06-23T13:23:20.170232,581293,37
2026-06-23T13:23:20.170302,581294,37
2026-06-23T13:23:20.170372,581295,37
2026-06-23T13:23:20.170444,581296,37
2026-06-23T13:23:20.180078,581297,37
2026-06-23T13:23:20.180160,581298,37
2026-06-23T13:23:20.180231,581299,37
2026-06-23T13:23:20.180302,581300,37
2026-06-23T13:23:20.180373,581301,36
2026-06-23T13:23:20.180444,581302,37
2026-06-23T13:23:20.180515,581303,36
2026-06-23T13:23:20.180586,581304,37
2026-06-23T13:23:20.180657,581304,36
2026-06-23T13:23:20.180727,581305,36
2026-06-23T13:23:20.180797,581306,36
2026-06-23T13:23:20.190556,581307,37
2026-06-23T13:23:20.190663,581308,37
2026-06-23T13:23:20.190739,581309,37
2026-06-23T13:23:20.190813,581310,37
2026-06-23T13:23:20.190887,581311,37
2026-06-23T13:23:20.190961,581312,37
2026-06-23T13:23:20.191033,581313,37
2026-06-23T13:23:20.191105,581314,36
2026-06-23T13:23:20.191176,581315,37
2026-06-23T13:23:20.191272,581316,36
2026-06-23T13:23:20.191357,581317,37
2026-06-23T13:23:20.200993,581318,37
2026-06-23T13:23:20.201082,581319,38
2026-06-23T13:23:20.201154,581320,38
2026-06-23T13:23:20.201228,581321,38
2026-06-23T13:23:20.201299,581322,38
2026-06-23T13:23:20.201370,581323,40
2026-06-23T13:23:20.201483,581324,38
2026-06-23T13:23:20.201568,581325,38
2026-06-23T13:23:20.201643,581325,38
2026-06-23T13:23:20.201754,581326,37
2026-06-23T13:23:20.201839,581327,37
2026-06-23T13:23:20.211421,581328,37
2026-06-23T13:23:20.211532,581329,37
2026-06-23T13:23:20.211626,581330,37
2026-06-23T13:23:20.211725,581331,37
2026-06-23T13:23:20.211820,581332,38
2026-06-23T13:23:20.211913,581333,38
2026-06-23T13:23:20.212005,581334,38
2026-06-23T13:23:20.212095,581335,38
2026-06-23T13:23:20.212186,581336,38
2026-06-23T13:23:20.212276,581337,38
2026-06-23T13:23:20.212366,581338,38
2026-06-23T13:23:20.221877,581339,38
2026-06-23T13:23:20.221983,581340,37
2026-06-23T13:23:20.222059,581341,38
2026-06-23T13:23:20.222131,581342,38
2026-06-23T13:23:20.222202,581343,39
2026-06-23T13:23:20.222275,581344,39
2026-06-23T13:23:20.222346,581345,39
2026-06-23T13:23:20.222418,581346,40
2026-06-23T13:23:20.222489,581347,39
2026-06-23T13:23:20.222560,581347,40
2026-06-23T13:23:20.222631,581348,39
2026-06-23T13:23:20.232289,581349,38
2026-06-23T13:23:20.232375,581350,39
2026-06-23T13:23:20.232448,581351,39
2026-06-23T13:23:20.232519,581352,39
2026-06-23T13:23:20.232590,581353,39
2026-06-23T13:23:20.232662,581354,38
2026-06-23T13:23:20.232733,581355,38
2026-06-23T13:23:20.232803,581356,38
2026-06-23T13:23:20.232875,581357,38
2026-06-23T13:23:20.232945,581358,38
2026-06-23T13:23:20.233016,581359,38
2026-06-23T13:23:20.242721,581360,38
2026-06-23T13:23:20.242820,581361,39
2026-06-23T13:23:20.242896,581362,39
2026-06-23T13:23:20.242970,581363,39
2026-06-23T13:23:20.243042,581364,39
2026-06-23T13:23:20.243114,581365,39
2026-06-23T13:23:20.243186,581366,39
2026-06-23T13:23:20.243257,581367,39
2026-06-23T13:23:20.243330,581368,39
2026-06-23T13:23:20.243401,581368,39
2026-06-23T13:23:20.253121,581369,38
2026-06-23T13:23:20.253233,581370,41
2026-06-23T13:23:20.253350,581371,40
2026-06-23T13:23:20.253432,581372,39
2026-06-23T13:23:20.253505,581373,39
2026-06-23T13:23:20.253577,581374,38
2026-06-23T13:23:20.253648,581375,38
2026-06-23T13:23:20.253720,581376,38
2026-06-23T13:23:20.253791,581377,38
2026-06-23T13:23:20.253862,581378,38
2026-06-23T13:23:20.253963,581379,38
2026-06-23T13:23:20.263535,581380,38
2026-06-23T13:23:20.263617,581381,38
2026-06-23T13:23:20.263690,581382,37
2026-06-23T13:23:20.263762,581383,38
2026-06-23T13:23:20.263836,581384,37
2026-06-23T13:23:20.263907,581385,37
2026-06-23T13:23:20.263978,581386,37
2026-06-23T13:23:20.264049,581387,38
2026-06-23T13:23:20.264120,581388,38
2026-06-23T13:23:20.264191,581389,38
2026-06-23T13:23:20.264262,581389,38
2026-06-23T13:23:20.274069,581390,38
2026-06-23T13:23:20.274179,581391,38
2026-06-23T13:23:20.274256,581392,38
2026-06-23T13:23:20.274330,581393,38
2026-06-23T13:23:20.274402,581394,38
2026-06-23T13:23:20.274475,581395,38
2026-06-23T13:23:20.274548,581396,38
2026-06-23T13:23:20.274630,581397,38
2026-06-23T13:23:20.274705,581398,38
2026-06-23T13:23:20.274777,581399,38
2026-06-23T13:23:20.274848,581400,38
2026-06-23T13:23:20.284535,581401,38
2026-06-23T13:23:20.284648,581402,38
2026-06-23T13:23:20.284739,581403,37
2026-06-23T13:23:20.284815,581404,37
2026-06-23T13:23:20.284909,581405,37
2026-06-23T13:23:20.284983,581406,38
2026-06-23T13:23:20.285055,581407,38
2026-06-23T13:23:20.285127,581408,37
2026-06-23T13:23:20.285198,581409,37
2026-06-23T13:23:20.285270,581410,37
2026-06-23T13:23:20.285342,581411,37
2026-06-23T13:23:20.294905,581411,37
2026-06-23T13:23:20.294985,581412,37
2026-06-23T13:23:20.295101,581413,37
2026-06-23T13:23:20.295182,581414,38
2026-06-23T13:23:20.295255,581415,37
2026-06-23T13:23:20.295328,581416,37
2026-06-23T13:23:20.295398,581417,37
2026-06-23T13:23:20.295479,581418,38
2026-06-23T13:23:20.295549,581419,37
2026-06-23T13:23:20.295621,581420,38
2026-06-23T13:23:20.295693,581421,36
2026-06-23T13:23:20.305398,581422,38
2026-06-23T13:23:20.305511,581423,38
2026-06-23T13:23:20.305588,581424,38
2026-06-23T13:23:20.305662,581425,39
2026-06-23T13:23:20.305735,581426,38
2026-06-23T13:23:20.305807,581427,38
2026-06-23T13:23:20.305879,581428,38
2026-06-23T13:23:20.305951,581429,38
2026-06-23T13:23:20.306022,581430,38
2026-06-23T13:23:20.306093,581431,38
2026-06-23T13:23:20.306164,581432,38
2026-06-23T13:23:20.315823,581432,37
2026-06-23T13:23:20.315909,581433,37
2026-06-23T13:23:20.315981,581434,37
2026-06-23T13:23:20.316053,581435,38
2026-06-23T13:23:20.316126,581436,37
2026-06-23T13:23:20.316197,581437,37
2026-06-23T13:23:20.316268,581438,37
2026-06-23T13:23:20.316339,581439,37
2026-06-23T13:23:20.316409,581440,38
2026-06-23T13:23:20.316479,581441,38
2026-06-23T13:23:20.316549,581442,38
2026-06-23T13:23:20.326292,581443,38
2026-06-23T13:23:20.326392,581444,39
2026-06-23T13:23:20.326468,581445,38
2026-06-23T13:23:20.326542,581446,38
2026-06-23T13:23:20.326615,581447,38
2026-06-23T13:23:20.326705,581448,38
2026-06-23T13:23:20.326778,581449,38
2026-06-23T13:23:20.326866,581450,37
2026-06-23T13:23:20.326939,581451,37
2026-06-23T13:23:20.327009,581452,37
2026-06-23T13:23:20.327080,581453,37
2026-06-23T13:23:20.336749,581453,37
2026-06-23T13:23:20.336855,581454,37
2026-06-23T13:23:20.336966,581455,37
2026-06-23T13:23:20.337071,581456,37
2026-06-23T13:23:20.337145,581457,37
2026-06-23T13:23:20.337217,581458,39
2026-06-23T13:23:20.337315,581459,37
2026-06-23T13:23:20.337394,581460,37
2026-06-23T13:23:20.337468,581461,37
2026-06-23T13:23:20.337539,581462,38
2026-06-23T13:23:20.337610,581463,38
2026-06-23T13:23:20.347152,581464,38
2026-06-23T13:23:20.347233,581465,37
2026-06-23T13:23:20.347304,581466,37
2026-06-23T13:23:20.347375,581467,37
2026-06-23T13:23:20.347446,581468,37
2026-06-23T13:23:20.347516,581469,37
2026-06-23T13:23:20.347586,581470,37
2026-06-23T13:23:20.347656,581471,37
2026-06-23T13:23:20.347727,581472,37
2026-06-23T13:23:20.347797,581473,37
2026-06-23T13:23:20.347868,581474,37
2026-06-23T13:23:20.357662,581475,37
2026-06-23T13:23:20.357768,581475,37
2026-06-23T13:23:20.357844,581476,36
2026-06-23T13:23:20.357918,581477,37
2026-06-23T13:23:20.357992,581478,36
2026-06-23T13:23:20.358064,581479,37
2026-06-23T13:23:20.358135,581480,36
2026-06-23T13:23:20.358206,581481,36
2026-06-23T13:23:20.358277,581482,36
2026-06-23T13:23:20.358348,581483,36
2026-06-23T13:23:20.368031,581484,37
2026-06-23T13:23:20.368158,581485,37
2026-06-23T13:23:20.368298,581486,37
2026-06-23T13:23:20.368376,581487,37
2026-06-23T13:23:20.368450,581488,37
2026-06-23T13:23:20.368523,581489,37
2026-06-23T13:23:20.368594,581490,37
2026-06-23T13:23:20.368665,581491,36
2026-06-23T13:23:20.368737,581492,37
2026-06-23T13:23:20.368808,581493,36
2026-06-23T13:23:20.368879,581494,36
2026-06-23T13:23:20.378402,581495,36
2026-06-23T13:23:20.378490,581496,36
2026-06-23T13:23:20.378586,581496,36
2026-06-23T13:23:20.378663,581497,35
2026-06-23T13:23:20.378734,581498,35
2026-06-23T13:23:20.378805,581499,35
2026-06-23T13:23:20.378876,581500,35
2026-06-23T13:23:20.378954,581501,35
2026-06-23T13:23:20.379024,581502,35
2026-06-23T13:23:20.379094,581503,35
2026-06-23T13:23:20.379165,581504,35
2026-06-23T13:23:20.388912,581505,35
2026-06-23T13:23:20.389022,581506,35
2026-06-23T13:23:20.389098,581507,36
2026-06-23T13:23:20.389171,581508,36
2026-06-23T13:23:20.389242,581509,36
2026-06-23T13:23:20.389314,581510,36
2026-06-23T13:23:20.389385,581511,36
2026-06-23T13:23:20.389456,581512,36
2026-06-23T13:23:20.389527,581513,36
2026-06-23T13:23:20.389598,581514,36
2026-06-23T13:23:20.389668,581515,36
2026-06-23T13:23:20.399345,581516,36
2026-06-23T13:23:20.399432,581517,36
2026-06-23T13:23:20.399505,581517,36
2026-06-23T13:23:20.399577,581518,36
2026-06-23T13:23:20.399649,581519,36
2026-06-23T13:23:20.399720,581520,35
2026-06-23T13:23:20.399790,581521,36
2026-06-23T13:23:20.399860,581522,36
2026-06-23T13:23:20.399932,581523,35
2026-06-23T13:23:20.400002,581524,36
2026-06-23T13:23:20.400074,581525,36
2026-06-23T13:23:20.409662,581526,36
2026-06-23T13:23:20.409763,581527,36
2026-06-23T13:23:20.409840,581528,36
2026-06-23T13:23:20.409915,581529,36
2026-06-23T13:23:20.409987,581530,36
2026-06-23T13:23:20.410060,581531,36
2026-06-23T13:23:20.410133,581532,34
2026-06-23T13:23:20.410205,581533,35
2026-06-23T13:23:20.410278,581534,35
2026-06-23T13:23:20.410349,581535,35
2026-06-23T13:23:20.410422,581536,36
2026-06-23T13:23:20.420118,581537,36
2026-06-23T13:23:20.420223,581538,36
2026-06-23T13:23:20.420287,581539,36
2026-06-23T13:23:20.420384,581539,36
2026-06-23T13:23:20.420446,581540,36
2026-06-23T13:23:20.420535,581541,36
2026-06-23T13:23:20.420608,581542,35
2026-06-23T13:23:20.420674,581543,35
2026-06-23T13:23:20.420736,581544,35
2026-06-23T13:23:20.420796,581545,35
2026-06-23T13:23:20.420855,581546,35
2026-06-23T13:23:20.430641,581547,35
2026-06-23T13:23:20.430722,581548,35
2026-06-23T13:23:20.430778,581549,35
2026-06-23T13:23:20.430835,581550,35
2026-06-23T13:23:20.430893,581551,35
2026-06-23T13:23:20.430945,581552,35
2026-06-23T13:23:20.430997,581553,35
2026-06-23T13:23:20.431048,581554,35
2026-06-23T13:23:20.431105,581555,35
2026-06-23T13:23:20.431156,581556,35
2026-06-23T13:23:20.431206,581557,35
2026-06-23T13:23:20.441016,581558,35
2026-06-23T13:23:20.441100,581559,35
2026-06-23T13:23:20.441153,581560,35
2026-06-23T13:23:20.441199,581560,35
2026-06-23T13:23:20.441247,581561,35
2026-06-23T13:23:20.441293,581562,36
2026-06-23T13:23:20.441340,581563,35
2026-06-23T13:23:20.441385,581564,35
2026-06-23T13:23:20.441432,581565,35
2026-06-23T13:23:20.441481,581566,35
2026-06-23T13:23:20.441529,581567,35
2026-06-23T13:23:20.451538,581568,35
2026-06-23T13:23:20.451619,581569,36
2026-06-23T13:23:20.451664,581570,35
2026-06-23T13:23:20.451741,581571,34
2026-06-23T13:23:20.451785,581572,35
2026-06-23T13:23:20.451827,581573,34
2026-06-23T13:23:20.451867,581574,34
2026-06-23T13:23:20.451906,581575,34
2026-06-23T13:23:20.451946,581576,35
2026-06-23T13:23:20.451985,581577,35
2026-06-23T13:23:20.452023,581578,35
2026-06-23T13:23:20.461899,581579,35
2026-06-23T13:23:20.461952,581580,35
2026-06-23T13:23:20.461991,581581,35
2026-06-23T13:23:20.462036,581582,35
2026-06-23T13:23:20.462072,581582,35
2026-06-23T13:23:20.462108,581583,35
2026-06-23T13:23:20.462143,581584,36
2026-06-23T13:23:20.462178,581585,36
2026-06-23T13:23:20.462213,581586,36
2026-06-23T13:23:20.462248,581587,36
2026-06-23T13:23:20.462283,581588,36
2026-06-23T13:23:20.472342,581589,36
2026-06-23T13:23:20.472407,581590,36
2026-06-23T13:23:20.472461,581591,36
2026-06-23T13:23:20.472521,581592,36
2026-06-23T13:23:20.472558,581593,36
2026-06-23T13:23:20.472591,581594,37
2026-06-23T13:23:20.472625,581595,36
2026-06-23T13:23:20.472660,581596,36
2026-06-23T13:23:20.472694,581597,36
2026-06-23T13:23:20.472727,581598,36
2026-06-23T13:23:20.482733,581599,36
2026-06-23T13:23:20.482803,581600,36
2026-06-23T13:23:20.482836,581601,36
2026-06-23T13:23:20.482867,581602,36
2026-06-23T13:23:20.482897,581603,35
2026-06-23T13:23:20.482929,581603,35
2026-06-23T13:23:20.482963,581604,35
2026-06-23T13:23:20.483037,581605,35
2026-06-23T13:23:20.483070,581606,35
2026-06-23T13:23:20.483099,581607,35
2026-06-23T13:23:20.483129,581608,34
2026-06-23T13:23:20.493183,581609,34
2026-06-23T13:23:20.493228,581610,35
2026-06-23T13:23:20.493322,581611,34
2026-06-23T13:23:20.493368,581612,34
2026-06-23T13:23:20.493398,581613,35
2026-06-23T13:23:20.493426,581614,36
2026-06-23T13:23:20.493454,581615,34
2026-06-23T13:23:20.493482,581616,34
2026-06-23T13:23:20.493508,581617,33
2026-06-23T13:23:20.493534,581618,34
2026-06-23T13:23:20.493561,581619,34
2026-06-23T13:23:20.503631,581620,34
2026-06-23T13:23:20.503685,581621,35
2026-06-23T13:23:20.503713,581622,34
2026-06-23T13:23:20.503741,581623,34
2026-06-23T13:23:20.503768,581624,35
2026-06-23T13:23:20.503805,581624,34
2026-06-23T13:23:20.503838,581625,34
2026-06-23T13:23:20.503866,581626,34
2026-06-23T13:23:20.503893,581627,34
2026-06-23T13:23:20.503919,581628,34
2026-06-23T13:23:20.503946,581629,34
2026-06-23T13:23:20.514089,581630,34
2026-06-23T13:23:20.514212,581631,33
2026-06-23T13:23:20.514290,581632,34
2026-06-23T13:23:20.514365,581633,31
2026-06-23T13:23:20.514439,581634,34
2026-06-23T13:23:20.514513,581635,33
2026-06-23T13:23:20.514587,581636,34
2026-06-23T13:23:20.514660,581637,33
2026-06-23T13:23:20.514733,581638,33
2026-06-23T13:23:20.514806,581639,33
2026-06-23T13:23:20.514879,581640,33
2026-06-23T13:23:20.524555,581641,33
2026-06-23T13:23:20.524699,581642,33
2026-06-23T13:23:20.524781,581643,34
2026-06-23T13:23:20.524861,581644,33
2026-06-23T13:23:20.524937,581645,33
2026-06-23T13:23:20.525013,581646,33
2026-06-23T13:23:20.525094,581646,33
2026-06-23T13:23:20.525178,581647,34
2026-06-23T13:23:20.525254,581648,34
2026-06-23T13:23:20.525332,581649,34
2026-06-23T13:23:20.525456,581650,34
2026-06-23T13:23:20.534941,581651,34
2026-06-23T13:23:20.534998,581652,34
2026-06-23T13:23:20.535026,581653,34
2026-06-23T13:23:20.535055,581654,34
2026-06-23T13:23:20.535082,581655,33
2026-06-23T13:23:20.535110,581656,34
2026-06-23T13:23:20.535153,581657,34
2026-06-23T13:23:20.535188,581658,34
2026-06-23T13:23:20.535217,581659,34
2026-06-23T13:23:20.535255,581660,34
2026-06-23T13:23:20.535289,581661,33
2026-06-23T13:23:20.545438,581662,33
2026-06-23T13:23:20.545573,581663,33
2026-06-23T13:23:20.545688,581664,33
2026-06-23T13:23:20.545795,581665,33
2026-06-23T13:23:20.545893,581666,33
2026-06-23T13:23:20.545985,581667,33
2026-06-23T13:23:20.546078,581667,33
2026-06-23T13:23:20.546169,581668,33
2026-06-23T13:23:20.546263,581669,32
2026-06-23T13:23:20.546355,581670,32
2026-06-23T13:23:20.546483,581671,34
2026-06-23T13:23:20.555886,581672,33
2026-06-23T13:23:20.556023,581673,33
2026-06-23T13:23:20.556156,581674,33
2026-06-23T13:23:20.556239,581675,33
2026-06-23T13:23:20.556313,581676,33
2026-06-23T13:23:20.556388,581677,33
2026-06-23T13:23:20.556581,581678,33
2026-06-23T13:23:20.556700,581679,33
2026-06-23T13:23:20.556781,581680,33
2026-06-23T13:23:20.556856,581681,33
2026-06-23T13:23:20.556930,581682,34
2026-06-23T13:23:20.566357,581683,33
2026-06-23T13:23:20.566529,581684,33
2026-06-23T13:23:20.566598,581685,33
2026-06-23T13:23:20.566628,581686,33
2026-06-23T13:23:20.566656,581687,33
2026-06-23T13:23:20.566685,581688,33
2026-06-23T13:23:20.566715,581688,34
2026-06-23T13:23:20.566742,581689,33
2026-06-23T13:23:20.566769,581690,33
2026-06-23T13:23:20.566796,581691,34
2026-06-23T13:23:20.566821,581692,33
2026-06-23T13:23:20.576773,581693,33
2026-06-23T13:23:20.576918,581694,34
2026-06-23T13:23:20.576996,581695,33
2026-06-23T13:23:20.577071,581696,34
2026-06-23T13:23:20.577145,581697,34
2026-06-23T13:23:20.577219,581698,35
2026-06-23T13:23:20.577293,581699,34
2026-06-23T13:23:20.577366,581700,34
2026-06-23T13:23:20.577439,581701,34
2026-06-23T13:23:20.577512,581702,34
2026-06-23T13:23:20.577585,581703,33
2026-06-23T13:23:20.587189,581704,33
2026-06-23T13:23:20.587256,581705,33
2026-06-23T13:23:20.587287,581706,33
2026-06-23T13:23:20.587342,581707,33
2026-06-23T13:23:20.587384,581708,32
2026-06-23T13:23:20.587414,581709,33
2026-06-23T13:23:20.587442,581710,33
2026-06-23T13:23:20.587477,581710,33
2026-06-23T13:23:20.587507,581711,34
2026-06-23T13:23:20.587533,581712,33
2026-06-23T13:23:20.597556,581713,34
2026-06-23T13:23:20.597620,581714,33
2026-06-23T13:23:20.597648,581715,33
2026-06-23T13:23:20.597675,581716,33
2026-06-23T13:23:20.597702,581717,33
2026-06-23T13:23:20.597728,581718,33
2026-06-23T13:23:20.597756,581719,34
2026-06-23T13:23:20.597781,581720,33
2026-06-23T13:23:20.597806,581721,34
2026-06-23T13:23:20.597831,581722,34
2026-06-23T13:23:20.597856,581723,34
2026-06-23T13:23:20.608013,581724,34
2026-06-23T13:23:20.608081,581725,34
2026-06-23T13:23:20.608112,581726,34
2026-06-23T13:23:20.608141,581727,34
2026-06-23T13:23:20.608169,581728,34
2026-06-23T13:23:20.608197,581729,34
2026-06-23T13:23:20.608223,581730,34
2026-06-23T13:23:20.608250,581731,34
2026-06-23T13:23:20.608277,581731,34
2026-06-23T13:23:20.608304,581732,34
2026-06-23T13:23:20.608331,581733,33
2026-06-23T13:23:20.618515,581734,33
2026-06-23T13:23:20.618591,581735,33
2026-06-23T13:23:20.618621,581736,34
2026-06-23T13:23:20.618649,581737,33
2026-06-23T13:23:20.618712,581738,33
2026-06-23T13:23:20.618750,581739,34
2026-06-23T13:23:20.618778,581740,34
2026-06-23T13:23:20.618806,581741,34
2026-06-23T13:23:20.618833,581742,34
2026-06-23T13:23:20.618859,581743,34
2026-06-23T13:23:20.618885,581744,34
2026-06-23T13:23:20.628926,581745,35
2026-06-23T13:23:20.629056,581746,34
2026-06-23T13:23:20.629145,581747,33
2026-06-23T13:23:20.629221,581748,33
2026-06-23T13:23:20.629295,581749,33
2026-06-23T13:23:20.629369,581750,33
2026-06-23T13:23:20.629442,581751,33
2026-06-23T13:23:20.629516,581752,33
2026-06-23T13:23:20.629589,581752,32
2026-06-23T13:23:20.629663,581753,33
2026-06-23T13:23:20.629735,581754,33
2026-06-23T13:23:20.639399,581755,34
2026-06-23T13:23:20.639459,581756,33
2026-06-23T13:23:20.639487,581757,33
2026-06-23T13:23:20.639516,581758,33
2026-06-23T13:23:20.639553,581759,33
2026-06-23T13:23:20.639581,581760,33
2026-06-23T13:23:20.639623,581761,33
2026-06-23T13:23:20.639672,581762,33
2026-06-23T13:23:20.639729,581763,33
2026-06-23T13:23:20.639760,581764,33
2026-06-23T13:23:20.639791,581765,33
2026-06-23T13:23:20.649816,581766,33
2026-06-23T13:23:20.649884,581767,33
2026-06-23T13:23:20.649968,581768,33
2026-06-23T13:23:20.650106,581769,33
2026-06-23T13:23:20.650175,581770,34
2026-06-23T13:23:20.650239,581771,33
2026-06-23T13:23:20.650272,581772,34
2026-06-23T13:23:20.650300,581773,33
2026-06-23T13:23:20.650347,581774,33
2026-06-23T13:23:20.650388,581774,33
2026-06-23T13:23:20.650450,581775,33
2026-06-23T13:23:20.660334,581776,33
2026-06-23T13:23:20.660516,581777,33
2026-06-23T13:23:20.660596,581778,31
2026-06-23T13:23:20.660682,581779,33
2026-06-23T13:23:20.660757,581780,33
2026-06-23T13:23:20.660830,581781,33
2026-06-23T13:23:20.660903,581782,32
2026-06-23T13:23:20.660976,581783,33
2026-06-23T13:23:20.661049,581784,33
2026-06-23T13:23:20.661121,581785,33
2026-06-23T13:23:20.661194,581786,33
2026-06-23T13:23:20.670712,581787,33
2026-06-23T13:23:20.670829,581788,33
2026-06-23T13:23:20.670906,581789,34
2026-06-23T13:23:20.670981,581790,33
2026-06-23T13:23:20.671054,581791,33
2026-06-23T13:23:20.671127,581792,34
2026-06-23T13:23:20.671199,581793,34
2026-06-23T13:23:20.671272,581794,33
2026-06-23T13:23:20.671344,581795,33
2026-06-23T13:23:20.671416,581795,33
2026-06-23T13:23:20.671487,581796,33
2026-06-23T13:23:20.681226,581797,33
2026-06-23T13:23:20.681327,581798,34
2026-06-23T13:23:20.681409,581799,33
2026-06-23T13:23:20.681484,581800,33
2026-06-23T13:23:20.681557,581801,33
2026-06-23T13:23:20.681630,581802,33
2026-06-23T13:23:20.681701,581803,32
2026-06-23T13:23:20.681772,581804,33
2026-06-23T13:23:20.681842,581805,33
2026-06-23T13:23:20.681913,581806,32
2026-06-23T13:23:20.681982,581807,32
2026-06-23T13:23:20.691666,581808,32
2026-06-23T13:23:20.691774,581809,32
2026-06-23T13:23:20.691866,581810,32
2026-06-23T13:23:20.691940,581811,32
2026-06-23T13:23:20.692012,581812,32
2026-06-23T13:23:20.692084,581813,32
2026-06-23T13:23:20.692156,581814,32
2026-06-23T13:23:20.692227,581815,31
2026-06-23T13:23:20.692297,581816,32
2026-06-23T13:23:20.692368,581816,32
2026-06-23T13:23:20.692439,581817,32
2026-06-23T13:23:20.702153,581818,32
2026-06-23T13:23:20.702258,581819,32
2026-06-23T13:23:20.702309,581820,32
2026-06-23T13:23:20.702349,581821,32
2026-06-23T13:23:20.702388,581822,32
2026-06-23T13:23:20.702427,581823,32
2026-06-23T13:23:20.702466,581824,32
2026-06-23T13:23:20.702504,581825,32
2026-06-23T13:23:20.702542,581826,32
2026-06-23T13:23:20.702581,581827,31
2026-06-23T13:23:20.712591,581828,32
2026-06-23T13:23:20.712701,581829,32
2026-06-23T13:23:20.712799,581830,32
2026-06-23T13:23:20.712875,581831,32
2026-06-23T13:23:20.712948,581832,32
2026-06-23T13:23:20.713022,581833,32
2026-06-23T13:23:20.713094,581834,33
2026-06-23T13:23:20.713166,581835,32
2026-06-23T13:23:20.713237,581836,32
2026-06-23T13:23:20.713309,581837,32
2026-06-23T13:23:20.713380,581838,32
2026-06-23T13:23:20.722956,581838,32
2026-06-23T13:23:20.723054,581839,32
2026-06-23T13:23:20.723127,581840,32
2026-06-23T13:23:20.723199,581841,32
2026-06-23T13:23:20.723271,581842,32
2026-06-23T13:23:20.723343,581843,31
2026-06-23T13:23:20.723414,581844,32
2026-06-23T13:23:20.723485,581845,32
2026-06-23T13:23:20.723556,581846,32
2026-06-23T13:23:20.723626,581847,32
2026-06-23T13:23:20.723697,581848,32
2026-06-23T13:23:20.733424,581849,33
2026-06-23T13:23:20.733517,581850,32
2026-06-23T13:23:20.733590,581851,32
2026-06-23T13:23:20.733681,581852,32
2026-06-23T13:23:20.733754,581853,32
2026-06-23T13:23:20.733825,581854,32
2026-06-23T13:23:20.733897,581855,32
2026-06-23T13:23:20.733968,581856,32
2026-06-23T13:23:20.734039,581857,32
2026-06-23T13:23:20.734110,581858,32
2026-06-23T13:23:20.734181,581859,32
2026-06-23T13:23:20.743884,581859,32
2026-06-23T13:23:20.743990,581860,32
2026-06-23T13:23:20.744068,581861,33
2026-06-23T13:23:20.744143,581862,33
2026-06-23T13:23:20.744217,581863,33
2026-06-23T13:23:20.744291,581864,33
2026-06-23T13:23:20.744364,581865,32
2026-06-23T13:23:20.744437,581866,33
2026-06-23T13:23:20.744511,581867,33
2026-06-23T13:23:20.744583,581868,33
2026-06-23T13:23:20.744655,581869,32
2026-06-23T13:23:20.754261,581870,32
2026-06-23T13:23:20.754335,581871,32
2026-06-23T13:23:20.754400,581872,33
2026-06-23T13:23:20.754452,581873,33
2026-06-23T13:23:20.754503,581874,33
2026-06-23T13:23:20.754554,581875,33
2026-06-23T13:23:20.754603,581876,34
2026-06-23T13:23:20.754653,581877,34
2026-06-23T13:23:20.754703,581878,34
2026-06-23T13:23:20.754753,581879,34
2026-06-23T13:23:20.754803,581880,34
2026-06-23T13:23:20.764767,581881,34
2026-06-23T13:23:20.764852,581881,34
2026-06-23T13:23:20.764924,581882,34
2026-06-23T13:23:20.764996,581883,34
2026-06-23T13:23:20.765067,581884,34
2026-06-23T13:23:20.765137,581885,34
2026-06-23T13:23:20.765208,581886,34
2026-06-23T13:23:20.765278,581887,34
2026-06-23T13:23:20.765349,581888,35
2026-06-23T13:23:20.765419,581889,35
2026-06-23T13:23:20.765489,581890,35
2026-06-23T13:23:20.775218,581891,34
2026-06-23T13:23:20.775312,581892,34
2026-06-23T13:23:20.775386,581893,34
2026-06-23T13:23:20.775458,581894,34
2026-06-23T13:23:20.775530,581895,34
2026-06-23T13:23:20.775628,581896,34
2026-06-23T13:23:20.775700,581897,34
2026-06-23T13:23:20.775772,581898,34
2026-06-23T13:23:20.775843,581899,34
2026-06-23T13:23:20.775914,581900,34
2026-06-23T13:23:20.775985,581901,34
2026-06-23T13:23:20.785634,581902,34
2026-06-23T13:23:20.785733,581902,34
2026-06-23T13:23:20.785850,581903,34
2026-06-23T13:23:20.785953,581904,34
2026-06-23T13:23:20.786033,581905,33
2026-06-23T13:23:20.786109,581906,34
2026-06-23T13:23:20.786185,581907,34
2026-06-23T13:23:20.786257,581908,34
2026-06-23T13:23:20.786329,581909,34
2026-06-23T13:23:20.786401,581910,35
2026-06-23T13:23:20.786472,581911,35
2026-06-23T13:23:20.796105,581912,35
2026-06-23T13:23:20.796185,581913,35
2026-06-23T13:23:20.796257,581914,35
2026-06-23T13:23:20.796329,581915,35
2026-06-23T13:23:20.796400,581916,35
2026-06-23T13:23:20.796471,581917,35
2026-06-23T13:23:20.796541,581918,35
2026-06-23T13:23:20.796612,581919,34
2026-06-23T13:23:20.796682,581920,35
2026-06-23T13:23:20.796753,581921,35
2026-06-23T13:23:20.796823,581922,35
2026-06-23T13:23:20.806557,581923,35
2026-06-23T13:23:20.806653,581923,34
2026-06-23T13:23:20.806724,581924,34
2026-06-23T13:23:20.806796,581925,35
2026-06-23T13:23:20.806866,581926,35
2026-06-23T13:23:20.806938,581927,35
2026-06-23T13:23:20.807010,581928,35
2026-06-23T13:23:20.807081,581929,35
2026-06-23T13:23:20.807153,581930,35
2026-06-23T13:23:20.807223,581931,35
2026-06-23T13:23:20.807294,581932,35
2026-06-23T13:23:20.817012,581933,35
2026-06-23T13:23:20.817136,581934,34
2026-06-23T13:23:20.817216,581935,36
2026-06-23T13:23:20.817296,581936,35
2026-06-23T13:23:20.817371,581937,34
2026-06-23T13:23:20.817444,581938,34
2026-06-23T13:23:20.817516,581939,34
2026-06-23T13:23:20.817635,581940,34
2026-06-23T13:23:20.817742,581941,34
2026-06-23T13:23:20.817862,581942,34
2026-06-23T13:23:20.827362,581943,34
2026-06-23T13:23:20.827452,581944,34
2026-06-23T13:23:20.827527,581945,34
2026-06-23T13:23:20.827608,581945,35
2026-06-23T13:23:20.827679,581946,34
2026-06-23T13:23:20.827749,581947,35
2026-06-23T13:23:20.827819,581948,35
2026-06-23T13:23:20.827890,581949,35
2026-06-23T13:23:20.827993,581950,35
2026-06-23T13:23:20.828083,581951,35
2026-06-23T13:23:20.828160,581952,35
2026-06-23T13:23:20.837741,581953,34
2026-06-23T13:23:20.837840,581954,34
2026-06-23T13:23:20.837912,581955,34
2026-06-23T13:23:20.837983,581956,34
2026-06-23T13:23:20.838054,581957,34
2026-06-23T13:23:20.838124,581958,34
2026-06-23T13:23:20.838195,581959,35
2026-06-23T13:23:20.838265,581960,34
2026-06-23T13:23:20.838336,581961,34
2026-06-23T13:23:20.838406,581962,34
2026-06-23T13:23:20.838477,581963,34
2026-06-23T13:23:20.848264,581964,34
2026-06-23T13:23:20.848356,581965,35
2026-06-23T13:23:20.848428,581966,34
2026-06-23T13:23:20.848499,581966,34
2026-06-23T13:23:20.848578,581967,34
2026-06-23T13:23:20.848650,581968,34
2026-06-23T13:23:20.848723,581969,33
2026-06-23T13:23:20.848794,581970,34
2026-06-23T13:23:20.848864,581971,34
2026-06-23T13:23:20.848934,581972,34
2026-06-23T13:23:20.849005,581973,34
2026-06-23T13:23:20.858731,581974,35
2026-06-23T13:23:20.858824,581975,36
2026-06-23T13:23:20.858897,581976,36
2026-06-23T13:23:20.858968,581977,36
2026-06-23T13:23:20.859039,581978,36
2026-06-23T13:23:20.859111,581979,36
2026-06-23T13:23:20.859183,581980,36
2026-06-23T13:23:20.859254,581981,36
2026-06-23T13:23:20.859326,581982,36
2026-06-23T13:23:20.859397,581983,35
2026-06-23T13:23:20.859468,581984,35
2026-06-23T13:23:20.869201,581985,35
2026-06-23T13:23:20.869303,581986,35
2026-06-23T13:23:20.869390,581987,34
2026-06-23T13:23:20.869464,581987,34
2026-06-23T13:23:20.869535,581988,34
2026-06-23T13:23:20.869607,581989,35
2026-06-23T13:23:20.869677,581990,34
2026-06-23T13:23:20.869747,581991,34
2026-06-23T13:23:20.869818,581992,34
2026-06-23T13:23:20.869889,581993,34
2026-06-23T13:23:20.869959,581994,34
2026-06-23T13:23:20.879606,581995,34
2026-06-23T13:23:20.879685,581996,35
2026-06-23T13:23:20.879757,581997,35
2026-06-23T13:23:20.879831,581998,35
2026-06-23T13:23:20.879902,581999,34
2026-06-23T13:23:20.879973,582000,34
2026-06-23T13:23:20.880044,582001,34
2026-06-23T13:23:20.880117,582002,35
2026-06-23T13:23:20.880188,582003,35
2026-06-23T13:23:20.880258,582004,35
2026-06-23T13:23:20.880329,582005,35
2026-06-23T13:23:20.890058,582006,35
2026-06-23T13:23:20.890153,582007,36
2026-06-23T13:23:20.890224,582008,35
2026-06-23T13:23:20.890295,582009,34
2026-06-23T13:23:20.890367,582009,34
2026-06-23T13:23:20.890438,582010,34
2026-06-23T13:23:20.890510,582011,34
2026-06-23T13:23:20.890580,582012,34
2026-06-23T13:23:20.890651,582013,35
2026-06-23T13:23:20.890721,582014,39
2026-06-23T13:23:20.890792,582015,35
2026-06-23T13:23:20.900529,582016,35
2026-06-23T13:23:20.900632,582017,35
2026-06-23T13:23:20.900705,582018,35
2026-06-23T13:23:20.900776,582019,35
2026-06-23T13:23:20.900851,582020,35
2026-06-23T13:23:20.900922,582021,35
2026-06-23T13:23:20.900994,582022,34
2026-06-23T13:23:20.901066,582023,34
2026-06-23T13:23:20.901138,582024,34
2026-06-23T13:23:20.901209,582025,34
2026-06-23T13:23:20.901280,582026,34
2026-06-23T13:23:20.910935,582027,35
2026-06-23T13:23:20.911018,582028,35
2026-06-23T13:23:20.911090,582029,35
2026-06-23T13:23:20.911161,582030,35
2026-06-23T13:23:20.911231,582030,35
2026-06-23T13:23:20.911302,582031,35
2026-06-23T13:23:20.911372,582032,36
2026-06-23T13:23:20.911442,582033,35
2026-06-23T13:23:20.911512,582034,36
2026-06-23T13:23:20.911583,582035,35
2026-06-23T13:23:20.911653,582036,36
2026-06-23T13:23:20.921388,582037,35
2026-06-23T13:23:20.921492,582038,35
2026-06-23T13:23:20.921579,582039,35
2026-06-23T13:23:20.921652,582040,35
2026-06-23T13:23:20.921723,582041,36
2026-06-23T13:23:20.921794,582042,35
2026-06-23T13:23:20.921864,582043,35
2026-06-23T13:23:20.921934,582044,40
2026-06-23T13:23:20.922004,582045,35
2026-06-23T13:23:20.922074,582046,36
2026-06-23T13:23:20.922145,582047,35
2026-06-23T13:23:20.931839,582048,35
2026-06-23T13:23:20.931924,582049,35
2026-06-23T13:23:20.931995,582050,36
2026-06-23T13:23:20.932066,582051,35
2026-06-23T13:23:20.932136,582051,35
2026-06-23T13:23:20.932206,582052,36
2026-06-23T13:23:20.932276,582053,36
2026-06-23T13:23:20.932347,582054,36
2026-06-23T13:23:20.932417,582055,36
2026-06-23T13:23:20.932488,582056,36
2026-06-23T13:23:20.942249,582057,36
2026-06-23T13:23:20.942344,582058,36
2026-06-23T13:23:20.942417,582059,37
2026-06-23T13:23:20.942488,582060,36
2026-06-23T13:23:20.942559,582061,36
2026-06-23T13:23:20.942630,582062,35
2026-06-23T13:23:20.942700,582063,36
2026-06-23T13:23:20.942771,582064,35
2026-06-23T13:23:20.942842,582065,35
2026-06-23T13:23:20.942912,582066,35
2026-06-23T13:23:20.942982,582067,35
2026-06-23T13:23:20.952714,582068,35
2026-06-23T13:23:20.952822,582069,34
2026-06-23T13:23:20.952978,582070,35
2026-06-23T13:23:20.953082,582071,35
2026-06-23T13:23:20.953162,582072,35
2026-06-23T13:23:20.953238,582073,35
2026-06-23T13:23:20.953316,582073,35
2026-06-23T13:23:20.953390,582074,34
2026-06-23T13:23:20.953463,582075,35
2026-06-23T13:23:20.953535,582076,36
2026-06-23T13:23:20.953606,582077,36
2026-06-23T13:23:20.963093,582078,36
2026-06-23T13:23:20.963177,582079,36
2026-06-23T13:23:20.963253,582080,36
2026-06-23T13:23:20.963326,582081,37
2026-06-23T13:23:20.963397,582082,37
2026-06-23T13:23:20.963468,582083,36
2026-06-23T13:23:20.963539,582084,36
2026-06-23T13:23:20.963609,582085,36
2026-06-23T13:23:20.963679,582086,36
2026-06-23T13:23:20.963749,582087,36
2026-06-23T13:23:20.963820,582088,39
2026-06-23T13:23:20.973605,582089,36
2026-06-23T13:23:20.973703,582090,36
2026-06-23T13:23:20.973775,582091,36
2026-06-23T13:23:20.973847,582092,36
2026-06-23T13:23:20.973918,582093,36
2026-06-23T13:23:20.973989,582094,36
2026-06-23T13:23:20.974060,582094,36
2026-06-23T13:23:20.974131,582095,36
2026-06-23T13:23:20.974202,582096,36
2026-06-23T13:23:20.974273,582097,35
2026-06-23T13:23:20.974343,582098,35
2026-06-23T13:23:20.984010,582099,35
2026-06-23T13:23:20.984111,582100,36
2026-06-23T13:23:20.984225,582101,35
2026-06-23T13:23:20.984365,582102,35
2026-06-23T13:23:20.984469,582103,35
2026-06-23T13:23:20.984547,582104,35
2026-06-23T13:23:20.984622,582105,35
2026-06-23T13:23:20.984696,582106,35
2026-06-23T13:23:20.984768,582107,35
2026-06-23T13:23:20.984839,582108,35
2026-06-23T13:23:20.984911,582109,35
2026-06-23T13:23:20.994400,582110,35
2026-06-23T13:23:20.994480,582111,35
2026-06-23T13:23:20.994556,582112,35
2026-06-23T13:23:20.994658,582113,35
2026-06-23T13:23:20.994732,582114,35
2026-06-23T13:23:20.994805,582115,35
2026-06-23T13:23:20.994876,582116,35
2026-06-23T13:23:20.994947,582116,35
2026-06-23T13:23:20.995018,582117,35
2026-06-23T13:23:20.995098,582118,35
2026-06-23T13:23:20.995170,582119,35
2026-06-23T13:23:21.004902,582120,35
2026-06-23T13:23:21.005001,582121,35
2026-06-23T13:23:21.005075,582122,35
2026-06-23T13:23:21.005147,582123,35
2026-06-23T13:23:21.005217,582124,35
2026-06-23T13:23:21.005287,582125,35
2026-06-23T13:23:21.005359,582126,35
2026-06-23T13:23:21.005431,582127,35
2026-06-23T13:23:21.005501,582128,35
2026-06-23T13:23:21.005571,582129,35
2026-06-23T13:23:21.005641,582130,35
2026-06-23T13:23:21.015313,582131,36
2026-06-23T13:23:21.015400,582132,35
2026-06-23T13:23:21.015472,582133,35
2026-06-23T13:23:21.015543,582134,34
2026-06-23T13:23:21.015614,582135,35
2026-06-23T13:23:21.015684,582136,35
2026-06-23T13:23:21.015754,582137,35
2026-06-23T13:23:21.015825,582137,37
2026-06-23T13:23:21.015895,582138,34
2026-06-23T13:23:21.015965,582139,35
2026-06-23T13:23:21.016036,582140,35
2026-06-23T13:23:21.025758,582141,35
2026-06-23T13:23:21.025849,582142,35
2026-06-23T13:23:21.025922,582143,35
2026-06-23T13:23:21.025994,582144,35
2026-06-23T13:23:21.026066,582145,36
2026-06-23T13:23:21.026137,582146,36
2026-06-23T13:23:21.026226,582147,36
2026-06-23T13:23:21.026297,582148,35
2026-06-23T13:23:21.026368,582149,35
2026-06-23T13:23:21.026438,582150,36
2026-06-23T13:23:21.026509,582151,35
2026-06-23T13:23:21.036260,582152,35
2026-06-23T13:23:21.036363,582153,35
2026-06-23T13:23:21.036504,582154,36
2026-06-23T13:23:21.036587,582155,36
2026-06-23T13:23:21.036659,582156,36
2026-06-23T13:23:21.036731,582157,36
2026-06-23T13:23:21.036804,582158,36
2026-06-23T13:23:21.036875,582158,36
2026-06-23T13:23:21.036947,582159,36
2026-06-23T13:23:21.037033,582160,36
2026-06-23T13:23:21.037105,582161,36
2026-06-23T13:23:21.046682,582162,36
2026-06-23T13:23:21.046761,582163,36
2026-06-23T13:23:21.046832,582164,36
2026-06-23T13:23:21.046905,582165,36
2026-06-23T13:23:21.046977,582166,35
2026-06-23T13:23:21.047054,582167,35
2026-06-23T13:23:21.047126,582168,35
2026-06-23T13:23:21.047199,582169,35
2026-06-23T13:23:21.047274,582170,35
2026-06-23T13:23:21.047346,582171,35
2026-06-23T13:23:21.057093,582172,35
2026-06-23T13:23:21.057198,582173,36
2026-06-23T13:23:21.057270,582174,36
2026-06-23T13:23:21.057341,582175,35
2026-06-23T13:23:21.057411,582176,36
2026-06-23T13:23:21.057482,582177,36
2026-06-23T13:23:21.057552,582178,36
2026-06-23T13:23:21.057623,582179,35
2026-06-23T13:23:21.057693,582180,35
2026-06-23T13:23:21.057764,582180,35
2026-06-23T13:23:21.057902,582181,35
2026-06-23T13:23:21.067601,582182,35
2026-06-23T13:23:21.067692,582183,35
2026-06-23T13:23:21.067768,582184,35
2026-06-23T13:23:21.067839,582185,34
2026-06-23T13:23:21.067909,582186,35
2026-06-23T13:23:21.067980,582187,35
2026-06-23T13:23:21.068050,582188,35
2026-06-23T13:23:21.068131,582189,35
2026-06-23T13:23:21.068203,582190,35
2026-06-23T13:23:21.068319,582191,35
2026-06-23T13:23:21.068414,582192,35
2026-06-23T13:23:21.077944,582193,36
2026-06-23T13:23:21.078026,582194,35
2026-06-23T13:23:21.078097,582195,35
2026-06-23T13:23:21.078168,582196,35
2026-06-23T13:23:21.078239,582197,35
2026-06-23T13:23:21.078310,582198,35
2026-06-23T13:23:21.078379,582199,35
2026-06-23T13:23:21.078452,582200,35
2026-06-23T13:23:21.078527,582201,35
2026-06-23T13:23:21.078599,582201,35
2026-06-23T13:23:21.078670,582202,35
2026-06-23T13:23:21.088416,582203,34
2026-06-23T13:23:21.088513,582204,35
2026-06-23T13:23:21.088585,582205,34
2026-06-23T13:23:21.088656,582206,34
2026-06-23T13:23:21.088726,582207,35
2026-06-23T13:23:21.088797,582208,34
2026-06-23T13:23:21.088868,582209,34
2026-06-23T13:23:21.088939,582210,34
2026-06-23T13:23:21.089009,582211,34
2026-06-23T13:23:21.089079,582212,34
2026-06-23T13:23:21.089149,582213,35
2026-06-23T13:23:21.098852,582214,34
2026-06-23T13:23:21.098946,582215,34
2026-06-23T13:23:21.099018,582216,34
2026-06-23T13:23:21.099089,582217,34
2026-06-23T13:23:21.099159,582218,34
2026-06-23T13:23:21.099230,582219,34
2026-06-23T13:23:21.099301,582220,34
2026-06-23T13:23:21.099372,582221,33
2026-06-23T13:23:21.099442,582222,33
2026-06-23T13:23:21.099513,582222,33
2026-06-23T13:23:21.099587,582223,33
2026-06-23T13:23:21.109255,582224,33
2026-06-23T13:23:21.109350,582225,34
2026-06-23T13:23:21.109449,582226,34
2026-06-23T13:23:21.109538,582227,35
2026-06-23T13:23:21.109609,582228,35
2026-06-23T13:23:21.109680,582229,35
2026-06-23T13:23:21.109751,582230,35
2026-06-23T13:23:21.109821,582231,35
2026-06-23T13:23:21.109891,582232,34
2026-06-23T13:23:21.109961,582233,35
2026-06-23T13:23:21.110048,582234,34
2026-06-23T13:23:21.119754,582235,34
2026-06-23T13:23:21.119847,582236,34
2026-06-23T13:23:21.119932,582237,34
2026-06-23T13:23:21.120005,582238,34
2026-06-23T13:23:21.120077,582239,34
2026-06-23T13:23:21.120148,582240,34
2026-06-23T13:23:21.120219,582241,34
2026-06-23T13:23:21.120289,582242,34
2026-06-23T13:23:21.120368,582243,35
2026-06-23T13:23:21.120439,582244,34
2026-06-23T13:23:21.120510,582244,34
2026-06-23T13:23:21.130160,582245,34
2026-06-23T13:23:21.130240,582246,33
2026-06-23T13:23:21.130311,582247,33
2026-06-23T13:23:21.130383,582248,33
2026-06-23T13:23:21.130455,582249,33
2026-06-23T13:23:21.130526,582250,33
2026-06-23T13:23:21.130597,582251,33
2026-06-23T13:23:21.130668,582252,33
2026-06-23T13:23:21.130740,582253,33
2026-06-23T13:23:21.130811,582254,33
2026-06-23T13:23:21.130881,582255,33
2026-06-23T13:23:21.140651,582256,34
2026-06-23T13:23:21.140743,582257,34
2026-06-23T13:23:21.140816,582258,34
2026-06-23T13:23:21.140886,582259,34
2026-06-23T13:23:21.140957,582260,34
2026-06-23T13:23:21.141028,582261,34
2026-06-23T13:23:21.141098,582262,34
2026-06-23T13:23:21.141169,582263,34
2026-06-23T13:23:21.141258,582264,34
2026-06-23T13:23:21.141330,582265,33
2026-06-23T13:23:21.141401,582265,33
2026-06-23T13:23:21.151127,582266,34
2026-06-23T13:23:21.151230,582267,34
2026-06-23T13:23:21.151318,582268,34
2026-06-23T13:23:21.151410,582269,35
2026-06-23T13:23:21.151482,582270,34
2026-06-23T13:23:21.151553,582271,34
2026-06-23T13:23:21.151623,582272,34
2026-06-23T13:23:21.151694,582273,34
2026-06-23T13:23:21.151764,582274,34
2026-06-23T13:23:21.151834,582275,34
2026-06-23T13:23:21.151904,582276,34
2026-06-23T13:23:21.161475,582277,33
2026-06-23T13:23:21.161561,582278,33
2026-06-23T13:23:21.161672,582279,33
2026-06-23T13:23:21.161758,582280,33
2026-06-23T13:23:21.161832,582281,33
2026-06-23T13:23:21.161906,582282,33
2026-06-23T13:23:21.161979,582283,32
2026-06-23T13:23:21.162052,582284,33
2026-06-23T13:23:21.162125,582285,33
2026-06-23T13:23:21.162196,582286,32
2026-06-23T13:23:21.171943,582286,33
2026-06-23T13:23:21.172046,582287,33
2026-06-23T13:23:21.172119,582288,33
2026-06-23T13:23:21.172191,582289,33
2026-06-23T13:23:21.172262,582290,33
2026-06-23T13:23:21.172333,582291,33
2026-06-23T13:23:21.172404,582292,34
2026-06-23T13:23:21.172474,582293,34
2026-06-23T13:23:21.172545,582294,34
2026-06-23T13:23:21.172616,582295,34
2026-06-23T13:23:21.172686,582296,33
2026-06-23T13:23:21.182370,582297,34
2026-06-23T13:23:21.182457,582298,33
2026-06-23T13:23:21.182528,582299,34
2026-06-23T13:23:21.182599,582300,33
2026-06-23T13:23:21.182669,582301,33
2026-06-23T13:23:21.182740,582302,33
2026-06-23T13:23:21.182809,582303,33
2026-06-23T13:23:21.182880,582304,34
2026-06-23T13:23:21.182950,582305,34
2026-06-23T13:23:21.183021,582306,35
2026-06-23T13:23:21.183091,582307,34
2026-06-23T13:23:21.192744,582308,34
2026-06-23T13:23:21.192828,582308,34
2026-06-23T13:23:21.192918,582309,34
2026-06-23T13:23:21.192989,582310,34
2026-06-23T13:23:21.193060,582311,34
2026-06-23T13:23:21.193130,582312,34
2026-06-23T13:23:21.193201,582313,34
2026-06-23T13:23:21.193271,582314,34
2026-06-23T13:23:21.193342,582315,34
2026-06-23T13:23:21.193413,582316,32
2026-06-23T13:23:21.193483,582317,34
2026-06-23T13:23:21.203257,582318,34
2026-06-23T13:23:21.203349,582319,34
2026-06-23T13:23:21.203420,582320,34
2026-06-23T13:23:21.203491,582321,34
2026-06-23T13:23:21.203562,582322,34
2026-06-23T13:23:21.203635,582323,34
2026-06-23T13:23:21.203723,582324,34
2026-06-23T13:23:21.203794,582325,34
2026-06-23T13:23:21.203865,582326,34
2026-06-23T13:23:21.203936,582327,34
2026-06-23T13:23:21.204008,582328,33
2026-06-23T13:23:21.213673,582329,34
2026-06-23T13:23:21.213760,582329,34
2026-06-23T13:23:21.213831,582330,34
2026-06-23T13:23:21.213902,582331,34
2026-06-23T13:23:21.213973,582332,34
2026-06-23T13:23:21.214044,582333,35
2026-06-23T13:23:21.214114,582334,35
2026-06-23T13:23:21.214185,582335,35
2026-06-23T13:23:21.214254,582336,35
2026-06-23T13:23:21.214325,582337,35
2026-06-23T13:23:21.214395,582338,36
2026-06-23T13:23:21.224149,582339,35
2026-06-23T13:23:21.224243,582340,35
2026-06-23T13:23:21.224316,582341,35
2026-06-23T13:23:21.224387,582342,35
2026-06-23T13:23:21.224457,582343,35
2026-06-23T13:23:21.224528,582344,34
2026-06-23T13:23:21.224601,582345,39
2026-06-23T13:23:21.224673,582346,35
2026-06-23T13:23:21.224744,582347,36
2026-06-23T13:23:21.224815,582348,36
2026-06-23T13:23:21.224885,582349,36
2026-06-23T13:23:21.234639,582350,36
2026-06-23T13:23:21.234747,582351,36
2026-06-23T13:23:21.234832,582351,35
2026-06-23T13:23:21.234906,582352,35
2026-06-23T13:23:21.234991,582353,36
2026-06-23T13:23:21.235062,582354,36
2026-06-23T13:23:21.235133,582355,36
2026-06-23T13:23:21.235203,582356,36
2026-06-23T13:23:21.235276,582357,36
2026-06-23T13:23:21.235346,582358,36
2026-06-23T13:23:21.235415,582359,36
2026-06-23T13:23:21.245026,582360,36
2026-06-23T13:23:21.245112,582361,36
2026-06-23T13:23:21.245212,582362,36
2026-06-23T13:23:21.245286,582363,36
2026-06-23T13:23:21.245358,582364,36
2026-06-23T13:23:21.245428,582365,36
2026-06-23T13:23:21.245498,582366,36
2026-06-23T13:23:21.245568,582367,36
2026-06-23T13:23:21.245638,582368,36
2026-06-23T13:23:21.245708,582369,35
2026-06-23T13:23:21.245780,582370,36
2026-06-23T13:23:21.255535,582371,35
2026-06-23T13:23:21.255634,582372,36
2026-06-23T13:23:21.255707,582372,36
2026-06-23T13:23:21.255778,582373,36
2026-06-23T13:23:21.255849,582374,36
2026-06-23T13:23:21.255920,582375,36
2026-06-23T13:23:21.255989,582376,36
2026-06-23T13:23:21.256059,582377,36
2026-06-23T13:23:21.256130,582378,36
2026-06-23T13:23:21.256207,582379,36
2026-06-23T13:23:21.256283,582380,35
2026-06-23T13:23:21.265939,582381,36
2026-06-23T13:23:21.266027,582382,36
2026-06-23T13:23:21.266101,582383,38
2026-06-23T13:23:21.266171,582384,36
2026-06-23T13:23:21.266245,582385,36
2026-06-23T13:23:21.266316,582386,37
2026-06-23T13:23:21.266386,582387,37
2026-06-23T13:23:21.266456,582388,37
2026-06-23T13:23:21.266527,582389,37
2026-06-23T13:23:21.266601,582390,37
2026-06-23T13:23:21.266672,582391,38
2026-06-23T13:23:21.276373,582392,37
2026-06-23T13:23:21.276465,582393,37
2026-06-23T13:23:21.276538,582393,37
2026-06-23T13:23:21.276612,582394,37
2026-06-23T13:23:21.276682,582395,37
2026-06-23T13:23:21.276774,582396,37
2026-06-23T13:23:21.276847,582397,37
2026-06-23T13:23:21.276917,582398,37
2026-06-23T13:23:21.276987,582399,37
2026-06-23T13:23:21.277058,582400,37
2026-06-23T13:23:21.286751,582401,37
2026-06-23T13:23:21.286859,582402,37
2026-06-23T13:23:21.286971,582403,37
2026-06-23T13:23:21.287060,582404,37
2026-06-23T13:23:21.287137,582405,37
2026-06-23T13:23:21.287211,582406,37
2026-06-23T13:23:21.287289,582407,37
2026-06-23T13:23:21.287363,582408,37
2026-06-23T13:23:21.287435,582409,37
2026-06-23T13:23:21.287506,582410,37
2026-06-23T13:23:21.287578,582411,37
2026-06-23T13:23:21.297213,582412,37
2026-06-23T13:23:21.297294,582413,37
2026-06-23T13:23:21.297367,582414,36
2026-06-23T13:23:21.297444,582415,36
2026-06-23T13:23:21.297529,582415,36
2026-06-23T13:23:21.297600,582416,36
2026-06-23T13:23:21.297670,582417,36
2026-06-23T13:23:21.297741,582418,36
2026-06-23T13:23:21.297811,582419,37
2026-06-23T13:23:21.297881,582420,37
2026-06-23T13:23:21.297951,582421,38
2026-06-23T13:23:21.307654,582422,37
2026-06-23T13:23:21.307749,582423,37
2026-06-23T13:23:21.307821,582424,37
2026-06-23T13:23:21.307911,582425,37
2026-06-23T13:23:21.307984,582426,37
2026-06-23T13:23:21.308055,582427,38
2026-06-23T13:23:21.308125,582428,37
2026-06-23T13:23:21.308196,582429,37
2026-06-23T13:23:21.308265,582430,37
2026-06-23T13:23:21.308336,582431,37
2026-06-23T13:23:21.308406,582432,37
2026-06-23T13:23:21.318128,582433,37
2026-06-23T13:23:21.318222,582434,37
2026-06-23T13:23:21.318308,582435,37
2026-06-23T13:23:21.318382,582436,37
2026-06-23T13:23:21.318453,582436,37
2026-06-23T13:23:21.318523,582437,37
2026-06-23T13:23:21.318594,582438,37
2026-06-23T13:23:21.318665,582439,37
2026-06-23T13:23:21.318736,582440,37
2026-06-23T13:23:21.318807,582441,36
2026-06-23T13:23:21.318877,582442,37
2026-06-23T13:23:21.328581,582443,36
2026-06-23T13:23:21.328660,582444,36
2026-06-23T13:23:21.328771,582445,37
2026-06-23T13:23:21.328852,582446,37
2026-06-23T13:23:21.328924,582447,37
2026-06-23T13:23:21.328995,582448,37
2026-06-23T13:23:21.329067,582449,37
2026-06-23T13:23:21.329138,582450,37
2026-06-23T13:23:21.329209,582451,37
2026-06-23T13:23:21.329280,582452,38
2026-06-23T13:23:21.329351,582453,37
2026-06-23T13:23:21.339014,582454,37
2026-06-23T13:23:21.339113,582455,37
2026-06-23T13:23:21.339185,582456,37
2026-06-23T13:23:21.339256,582457,37
2026-06-23T13:23:21.339327,582457,37
2026-06-23T13:23:21.339397,582458,36
2026-06-23T13:23:21.339468,582459,36
2026-06-23T13:23:21.339545,582460,36
2026-06-23T13:23:21.339644,582461,36
2026-06-23T13:23:21.339723,582462,36
2026-06-23T13:23:21.339795,582463,37
2026-06-23T13:23:21.349440,582464,37
2026-06-23T13:23:21.349528,582465,37
2026-06-23T13:23:21.349600,582466,37
2026-06-23T13:23:21.349671,582467,36
2026-06-23T13:23:21.349743,582468,36
2026-06-23T13:23:21.349820,582469,36
2026-06-23T13:23:21.349891,582470,36
2026-06-23T13:23:21.349962,582471,36
2026-06-23T13:23:21.350033,582472,36
2026-06-23T13:23:21.350104,582473,36
2026-06-23T13:23:21.350175,582474,37
2026-06-23T13:23:21.359853,582475,37
2026-06-23T13:23:21.359937,582476,37
2026-06-23T13:23:21.360009,582477,37
2026-06-23T13:23:21.360082,582478,37
2026-06-23T13:23:21.360154,582479,37
2026-06-23T13:23:21.360226,582479,36
2026-06-23T13:23:21.360298,582480,36
2026-06-23T13:23:21.360369,582481,35
2026-06-23T13:23:21.360441,582482,36
2026-06-23T13:23:21.360514,582483,36
2026-06-23T13:23:21.360587,582484,35
2026-06-23T13:23:21.370299,582485,36
2026-06-23T13:23:21.370408,582486,36
2026-06-23T13:23:21.370494,582487,36
2026-06-23T13:23:21.370567,582488,36
2026-06-23T13:23:21.370643,582489,37
2026-06-23T13:23:21.370715,582490,37
2026-06-23T13:23:21.370787,582491,37
2026-06-23T13:23:21.370858,582492,41
2026-06-23T13:23:21.370928,582493,37
2026-06-23T13:23:21.370998,582494,36
2026-06-23T13:23:21.371069,582495,36
2026-06-23T13:23:21.380750,582496,36
2026-06-23T13:23:21.380855,582497,36
2026-06-23T13:23:21.380946,582498,37
2026-06-23T13:23:21.381037,582499,36
2026-06-23T13:23:21.381127,582500,36
2026-06-23T13:23:21.381217,582500,36
2026-06-23T13:23:21.381307,582501,36
2026-06-23T13:23:21.381396,582502,36
2026-06-23T13:23:21.381486,582503,36
2026-06-23T13:23:21.381576,582504,36
2026-06-23T13:23:21.381666,582505,36
2026-06-23T13:23:21.391144,582506,35
2026-06-23T13:23:21.391229,582507,35
2026-06-23T13:23:21.391300,582508,35
2026-06-23T13:23:21.391371,582509,35
2026-06-23T13:23:21.391441,582510,36
2026-06-23T13:23:21.391511,582511,35
2026-06-23T13:23:21.391581,582512,36
2026-06-23T13:23:21.391652,582513,35
2026-06-23T13:23:21.391722,582514,36
2026-06-23T13:23:21.391792,582515,35
2026-06-23T13:23:21.401588,582516,35
2026-06-23T13:23:21.401685,582517,36
2026-06-23T13:23:21.401785,582518,36
2026-06-23T13:23:21.401859,582519,36
2026-06-23T13:23:21.401930,582520,35
2026-06-23T13:23:21.401999,582521,36
2026-06-23T13:23:21.402069,582521,36
2026-06-23T13:23:21.402140,582522,37
2026-06-23T13:23:21.402210,582523,37
2026-06-23T13:23:21.402280,582524,37
2026-06-23T13:23:21.402361,582525,38
2026-06-23T13:23:21.412031,582526,44
2026-06-23T13:23:21.412109,582527,38
2026-06-23T13:23:21.412209,582528,39
2026-06-23T13:23:21.412282,582529,38
2026-06-23T13:23:21.412353,582530,38
2026-06-23T13:23:21.412423,582531,38
2026-06-23T13:23:21.412493,582532,38
2026-06-23T13:23:21.412562,582533,38
2026-06-23T13:23:21.412632,582534,38
2026-06-23T13:23:21.412702,582535,38
2026-06-23T13:23:21.412772,582536,37
2026-06-23T13:23:21.422511,582537,38
2026-06-23T13:23:21.422610,582538,38
2026-06-23T13:23:21.422683,582539,38
2026-06-23T13:23:21.422755,582540,38
2026-06-23T13:23:21.422826,582541,37
2026-06-23T13:23:21.422897,582542,38
2026-06-23T13:23:21.422967,582543,38
2026-06-23T13:23:21.423038,582543,38
2026-06-23T13:23:21.423114,582544,37
2026-06-23T13:23:21.423186,582545,37
2026-06-23T13:23:21.423259,582546,37
2026-06-23T13:23:21.432964,582547,37
2026-06-23T13:23:21.433054,582548,37
2026-06-23T13:23:21.433127,582549,37
2026-06-23T13:23:21.433198,582550,37
2026-06-23T13:23:21.433268,582551,37
2026-06-23T13:23:21.433340,582552,37
2026-06-23T13:23:21.433414,582553,37
2026-06-23T13:23:21.433486,582554,36
2026-06-23T13:23:21.433557,582555,36
2026-06-23T13:23:21.433628,582556,37
2026-06-23T13:23:21.433698,582557,36
2026-06-23T13:23:21.443333,582558,37
2026-06-23T13:23:21.443415,582559,37
2026-06-23T13:23:21.443488,582560,37
2026-06-23T13:23:21.443588,582561,37
2026-06-23T13:23:21.443683,582562,36
2026-06-23T13:23:21.443758,582563,36
2026-06-23T13:23:21.443830,582564,37
2026-06-23T13:23:21.443902,582564,37
2026-06-23T13:23:21.443974,582565,36
2026-06-23T13:23:21.444045,582566,37
2026-06-23T13:23:21.444117,582567,36
2026-06-23T13:23:21.453894,582568,36
2026-06-23T13:23:21.453992,582569,37
2026-06-23T13:23:21.454067,582570,37
2026-06-23T13:23:21.454137,582571,37
2026-06-23T13:23:21.454208,582572,36
2026-06-23T13:23:21.454278,582573,36
2026-06-23T13:23:21.454349,582574,36
2026-06-23T13:23:21.454419,582575,36
2026-06-23T13:23:21.454490,582576,36
2026-06-23T13:23:21.454560,582577,36
2026-06-23T13:23:21.454630,582578,36
2026-06-23T13:23:21.464266,582579,36
2026-06-23T13:23:21.464347,582580,36
2026-06-23T13:23:21.464418,582581,35
2026-06-23T13:23:21.464489,582582,36
2026-06-23T13:23:21.464559,582583,36
2026-06-23T13:23:21.464630,582584,36
2026-06-23T13:23:21.464701,582585,36
2026-06-23T13:23:21.464771,582586,36
2026-06-23T13:23:21.464841,582586,36
2026-06-23T13:23:21.464912,582587,37
2026-06-23T13:23:21.464983,582588,36
2026-06-23T13:23:21.474756,582589,36
2026-06-23T13:23:21.474881,582590,37
2026-06-23T13:23:21.474962,582591,36
2026-06-23T13:23:21.475038,582592,36
2026-06-23T13:23:21.475113,582593,37
2026-06-23T13:23:21.475186,582594,36
2026-06-23T13:23:21.475259,582595,36
2026-06-23T13:23:21.475333,582596,36
2026-06-23T13:23:21.475405,582597,36
2026-06-23T13:23:21.475476,582598,36
2026-06-23T13:23:21.475548,582599,36
2026-06-23T13:23:21.485190,582600,36
2026-06-23T13:23:21.485288,582601,36
2026-06-23T13:23:21.485390,582602,36
2026-06-23T13:23:21.485473,582603,36
2026-06-23T13:23:21.485546,582604,36
2026-06-23T13:23:21.485618,582605,36
2026-06-23T13:23:21.485689,582606,36
2026-06-23T13:23:21.485759,582607,36
2026-06-23T13:23:21.485830,582607,36
2026-06-23T13:23:21.485900,582608,36
2026-06-23T13:23:21.485971,582609,36
2026-06-23T13:23:21.495624,582610,36
2026-06-23T13:23:21.495704,582611,36
2026-06-23T13:23:21.495825,582612,36
2026-06-23T13:23:21.495921,582613,36
2026-06-23T13:23:21.496000,582614,35
2026-06-23T13:23:21.496080,582615,35
2026-06-23T13:23:21.496157,582616,35
2026-06-23T13:23:21.496230,582617,35
2026-06-23T13:23:21.496302,582618,35
2026-06-23T13:23:21.496374,582619,36
2026-06-23T13:23:21.496446,582620,36
2026-06-23T13:23:21.506090,582621,36
2026-06-23T13:23:21.506202,582622,36
2026-06-23T13:23:21.506278,582623,36
2026-06-23T13:23:21.506352,582624,36
2026-06-23T13:23:21.506424,582625,36
2026-06-23T13:23:21.506495,582626,36
2026-06-23T13:23:21.506567,582627,36
2026-06-23T13:23:21.506639,582628,36
2026-06-23T13:23:21.506709,582628,36
2026-06-23T13:23:21.506780,582629,36
2026-06-23T13:23:21.516483,582630,36
2026-06-23T13:23:21.516587,582631,36
2026-06-23T13:23:21.516664,582632,36
2026-06-23T13:23:21.516739,582633,36
2026-06-23T13:23:21.516814,582634,35
2026-06-23T13:23:21.516887,582635,35
2026-06-23T13:23:21.516990,582636,35
2026-06-23T13:23:21.517075,582637,35
2026-06-23T13:23:21.517150,582638,35
2026-06-23T13:23:21.517227,582639,36
2026-06-23T13:23:21.517303,582640,36
2026-06-23T13:23:21.526903,582641,36
2026-06-23T13:23:21.526997,582642,36
2026-06-23T13:23:21.527075,582643,36
2026-06-23T13:23:21.527150,582644,36
2026-06-23T13:23:21.527223,582645,36
2026-06-23T13:23:21.527295,582646,36
2026-06-23T13:23:21.527366,582647,36
2026-06-23T13:23:21.527437,582648,36
2026-06-23T13:23:21.527509,582649,36
2026-06-23T13:23:21.527580,582650,36
2026-06-23T13:23:21.527650,582650,36
2026-06-23T13:23:21.537404,582651,36
2026-06-23T13:23:21.537514,582652,36
2026-06-23T13:23:21.537604,582653,36
2026-06-23T13:23:21.537679,582654,35
2026-06-23T13:23:21.537752,582655,35
2026-06-23T13:23:21.537824,582656,36
2026-06-23T13:23:21.537896,582657,36
2026-06-23T13:23:21.537967,582658,37
2026-06-23T13:23:21.538039,582659,36
2026-06-23T13:23:21.538110,582660,36
2026-06-23T13:23:21.538181,582661,36
2026-06-23T13:23:21.547793,582662,36
2026-06-23T13:23:21.547877,582663,36
2026-06-23T13:23:21.547953,582664,36
2026-06-23T13:23:21.548026,582665,35
2026-06-23T13:23:21.548099,582666,35
2026-06-23T13:23:21.548171,582667,35
2026-06-23T13:23:21.548243,582668,35
2026-06-23T13:23:21.548314,582669,35
2026-06-23T13:23:21.548387,582670,35
2026-06-23T13:23:21.548461,582671,35
2026-06-23T13:23:21.548533,582671,35
2026-06-23T13:23:21.558231,582672,35
2026-06-23T13:23:21.558334,582673,35
2026-06-23T13:23:21.558412,582674,35
2026-06-23T13:23:21.558487,582675,35
2026-06-23T13:23:21.558560,582676,35
2026-06-23T13:23:21.558634,582677,34
2026-06-23T13:23:21.558705,582678,34
2026-06-23T13:23:21.558779,582679,34
2026-06-23T13:23:21.558852,582680,34
2026-06-23T13:23:21.558923,582681,34
2026-06-23T13:23:21.558994,582682,34
2026-06-23T13:23:21.568729,582683,34
2026-06-23T13:23:21.568834,582684,34
2026-06-23T13:23:21.568942,582685,34
2026-06-23T13:23:21.569024,582686,34
2026-06-23T13:23:21.569096,582687,34
2026-06-23T13:23:21.569169,582688,34
2026-06-23T13:23:21.569241,582689,34
2026-06-23T13:23:21.569312,582690,34
2026-06-23T13:23:21.569382,582691,34
2026-06-23T13:23:21.569453,582692,34
2026-06-23T13:23:21.569523,582692,34
2026-06-23T13:23:21.579082,582693,34
2026-06-23T13:23:21.579168,582694,34
2026-06-23T13:23:21.579290,582695,34
2026-06-23T13:23:21.579368,582696,34
2026-06-23T13:23:21.579440,582697,34
2026-06-23T13:23:21.579512,582698,34
2026-06-23T13:23:21.579584,582699,34
2026-06-23T13:23:21.579655,582700,34
2026-06-23T13:23:21.579725,582701,35
2026-06-23T13:23:21.579796,582702,34
2026-06-23T13:23:21.579867,582703,34
2026-06-23T13:23:21.589615,582704,34
2026-06-23T13:23:21.589707,582705,34
2026-06-23T13:23:21.589775,582706,34
2026-06-23T13:23:21.589837,582707,34
2026-06-23T13:23:21.589898,582708,34
2026-06-23T13:23:21.589957,582709,35
2026-06-23T13:23:21.590016,582710,34
2026-06-23T13:23:21.590074,582711,34
2026-06-23T13:23:21.590134,582712,34
2026-06-23T13:23:21.590194,582713,34
2026-06-23T13:23:21.590256,582714,34
2026-06-23T13:23:21.600061,582714,34
2026-06-23T13:23:21.600172,582715,34
2026-06-23T13:23:21.600245,582716,34
2026-06-23T13:23:21.600349,582717,34
2026-06-23T13:23:21.600441,582718,34
2026-06-23T13:23:21.600516,582719,34
2026-06-23T13:23:21.600589,582720,34
2026-06-23T13:23:21.600662,582721,34
2026-06-23T13:23:21.600733,582722,33
2026-06-23T13:23:21.600804,582723,33
2026-06-23T13:23:21.600875,582724,33
2026-06-23T13:23:21.610450,582725,33
2026-06-23T13:23:21.610536,582726,33
2026-06-23T13:23:21.610609,582727,33
2026-06-23T13:23:21.610682,582728,33
2026-06-23T13:23:21.610754,582729,33
2026-06-23T13:23:21.610827,582730,34
2026-06-23T13:23:21.610899,582731,34
2026-06-23T13:23:21.610971,582732,34
2026-06-23T13:23:21.611043,582733,34
2026-06-23T13:23:21.611114,582734,34
2026-06-23T13:23:21.611185,582735,34
2026-06-23T13:23:21.620920,582735,34
2026-06-23T13:23:21.621016,582736,34
2026-06-23T13:23:21.621105,582737,33
2026-06-23T13:23:21.621179,582738,34
2026-06-23T13:23:21.621251,582739,34
2026-06-23T13:23:21.621323,582740,34
2026-06-23T13:23:21.621395,582741,35
2026-06-23T13:23:21.621465,582742,35
2026-06-23T13:23:21.621537,582743,35
2026-06-23T13:23:21.621607,582744,35
2026-06-23T13:23:21.631299,582745,35
2026-06-23T13:23:21.631387,582746,34
2026-06-23T13:23:21.631461,582747,35
2026-06-23T13:23:21.631532,582748,35
2026-06-23T13:23:21.631602,582749,34
2026-06-23T13:23:21.631673,582750,35
2026-06-23T13:23:21.631744,582751,34
2026-06-23T13:23:21.631814,582752,34
2026-06-23T13:23:21.631884,582753,34
2026-06-23T13:23:21.631955,582754,34
2026-06-23T13:23:21.632024,582755,34
2026-06-23T13:23:21.641684,582756,34
2026-06-23T13:23:21.641787,582756,34
2026-06-23T13:23:21.641861,582757,34
2026-06-23T13:23:21.641932,582758,34
2026-06-23T13:23:21.642004,582759,33
2026-06-23T13:23:21.642074,582760,33
2026-06-23T13:23:21.642147,582761,34
2026-06-23T13:23:21.642218,582762,33
2026-06-23T13:23:21.642288,582763,34
2026-06-23T13:23:21.642398,582764,34
2026-06-23T13:23:21.642469,582765,34
2026-06-23T13:23:21.652193,582766,34
2026-06-23T13:23:21.652286,582767,34
2026-06-23T13:23:21.652390,582768,34
2026-06-23T13:23:21.652472,582769,34
2026-06-23T13:23:21.652545,582770,34
2026-06-23T13:23:21.652619,582771,34
2026-06-23T13:23:21.652693,582772,33
2026-06-23T13:23:21.652763,582773,34
2026-06-23T13:23:21.652835,582774,34
2026-06-23T13:23:21.652906,582775,34
2026-06-23T13:23:21.652977,582776,34
2026-06-23T13:23:21.662677,582777,34
2026-06-23T13:23:21.662759,582778,34
2026-06-23T13:23:21.662847,582778,34
2026-06-23T13:23:21.662921,582779,35
2026-06-23T13:23:21.662992,582780,35
2026-06-23T13:23:21.663064,582781,36
2026-06-23T13:23:21.663134,582782,35
2026-06-23T13:23:21.663205,582783,35
2026-06-23T13:23:21.663276,582784,37
2026-06-23T13:23:21.663347,582785,35
2026-06-23T13:23:21.663417,582786,35
2026-06-23T13:23:21.673098,582787,35
2026-06-23T13:23:21.673194,582788,35
2026-06-23T13:23:21.673266,582789,35
2026-06-23T13:23:21.673339,582790,34
2026-06-23T13:23:21.673419,582791,34
2026-06-23T13:23:21.673491,582792,34
2026-06-23T13:23:21.673605,582793,35
2026-06-23T13:23:21.673710,582794,35
2026-06-23T13:23:21.673789,582795,34
2026-06-23T13:23:21.673865,582796,35
2026-06-23T13:23:21.673939,582797,34
2026-06-23T13:23:21.683586,582798,34
2026-06-23T13:23:21.683677,582799,34
2026-06-23T13:23:21.683752,582799,35
2026-06-23T13:23:21.683824,582800,34
2026-06-23T13:23:21.683896,582801,34
2026-06-23T13:23:21.683971,582802,34
2026-06-23T13:23:21.684043,582803,34
2026-06-23T13:23:21.684113,582804,34
2026-06-23T13:23:21.684184,582805,34
2026-06-23T13:23:21.684255,582806,34
2026-06-23T13:23:21.684326,582807,33
2026-06-23T13:23:21.693965,582808,33
2026-06-23T13:23:21.694054,582809,34
2026-06-23T13:23:21.694125,582810,34
2026-06-23T13:23:21.694197,582811,33
2026-06-23T13:23:21.694268,582812,34
2026-06-23T13:23:21.694340,582813,34
2026-06-23T13:23:21.694411,582814,34
2026-06-23T13:23:21.694489,582815,32
2026-06-23T13:23:21.694560,582816,34
2026-06-23T13:23:21.694631,582817,34
2026-06-23T13:23:21.694701,582818,34
2026-06-23T13:23:21.704448,582819,34
2026-06-23T13:23:21.704546,582820,34
2026-06-23T13:23:21.704633,582820,34
2026-06-23T13:23:21.704706,582821,34
2026-06-23T13:23:21.704779,582822,34
2026-06-23T13:23:21.704850,582823,35
2026-06-23T13:23:21.704921,582824,34
2026-06-23T13:23:21.704991,582825,35
2026-06-23T13:23:21.705063,582826,35
2026-06-23T13:23:21.705133,582827,34
2026-06-23T13:23:21.705204,582828,35
2026-06-23T13:23:21.714861,582829,35
2026-06-23T13:23:21.714943,582830,35
2026-06-23T13:23:21.715014,582831,34
2026-06-23T13:23:21.715086,582832,34
2026-06-23T13:23:21.715156,582833,34
2026-06-23T13:23:21.715228,582834,36
2026-06-23T13:23:21.715298,582835,34
2026-06-23T13:23:21.715368,582836,34
2026-06-23T13:23:21.715439,582837,34
2026-06-23T13:23:21.715510,582838,34
2026-06-23T13:23:21.715581,582839,34
2026-06-23T13:23:21.725303,582840,33
2026-06-23T13:23:21.725391,582841,34
2026-06-23T13:23:21.725464,582842,33
2026-06-23T13:23:21.725538,582842,33
2026-06-23T13:23:21.725608,582843,33
2026-06-23T13:23:21.725679,582844,33
2026-06-23T13:23:21.725784,582845,33
2026-06-23T13:23:21.725856,582846,33
2026-06-23T13:23:21.725927,582847,33
2026-06-23T13:23:21.725997,582848,33
2026-06-23T13:23:21.726068,582849,33
2026-06-23T13:23:21.735797,582850,33
2026-06-23T13:23:21.735888,582851,33
2026-06-23T13:23:21.736009,582852,33
2026-06-23T13:23:21.736111,582853,33
2026-06-23T13:23:21.736190,582854,33
2026-06-23T13:23:21.736265,582855,34
2026-06-23T13:23:21.736338,582856,34
2026-06-23T13:23:21.736410,582857,34
2026-06-23T13:23:21.736483,582858,34
2026-06-23T13:23:21.736554,582859,34
2026-06-23T13:23:21.746170,582860,34
2026-06-23T13:23:21.746256,582861,33
2026-06-23T13:23:21.746331,582862,34
2026-06-23T13:23:21.746402,582863,34
2026-06-23T13:23:21.746473,582863,34
2026-06-23T13:23:21.746543,582864,34
2026-06-23T13:23:21.746614,582865,34
2026-06-23T13:23:21.746685,582866,34
2026-06-23T13:23:21.746757,582867,34
2026-06-23T13:23:21.746829,582868,34
2026-06-23T13:23:21.746900,582869,34
2026-06-23T13:23:21.756666,582870,34
2026-06-23T13:23:21.756789,582871,34
2026-06-23T13:23:21.756867,582872,34
2026-06-23T13:23:21.756942,582873,34
2026-06-23T13:23:21.757016,582874,34
2026-06-23T13:23:21.757089,582875,34
2026-06-23T13:23:21.757161,582876,34
2026-06-23T13:23:21.757233,582877,34
2026-06-23T13:23:21.757305,582878,34
2026-06-23T13:23:21.757377,582879,34
2026-06-23T13:23:21.757449,582880,36
2026-06-23T13:23:21.767083,582881,35
2026-06-23T13:23:21.767182,582882,35
2026-06-23T13:23:21.767255,582883,34
2026-06-23T13:23:21.767327,582884,35
2026-06-23T13:23:21.767399,582885,35
2026-06-23T13:23:21.767471,582885,34
2026-06-23T13:23:21.767543,582886,34
2026-06-23T13:23:21.767615,582887,34
2026-06-23T13:23:21.767688,582888,34
2026-06-23T13:23:21.767761,582889,33
2026-06-23T13:23:21.767862,582890,33
2026-06-23T13:23:21.777570,582891,33
2026-06-23T13:23:21.777651,582892,34
2026-06-23T13:23:21.777723,582893,34
2026-06-23T13:23:21.777795,582894,35
2026-06-23T13:23:21.777869,582895,35
2026-06-23T13:23:21.777942,582896,35
2026-06-23T13:23:21.778014,582897,35
2026-06-23T13:23:21.778115,582898,35
2026-06-23T13:23:21.778213,582899,34
2026-06-23T13:23:21.778291,582900,35
2026-06-23T13:23:21.778373,582901,34
2026-06-23T13:23:21.787963,582902,34
2026-06-23T13:23:21.788062,582903,35
2026-06-23T13:23:21.788134,582904,35
2026-06-23T13:23:21.788205,582905,35
2026-06-23T13:23:21.788276,582906,35
2026-06-23T13:23:21.788347,582906,35
2026-06-23T13:23:21.788419,582907,35
2026-06-23T13:23:21.788490,582908,35
2026-06-23T13:23:21.788560,582909,35
2026-06-23T13:23:21.788631,582910,34
2026-06-23T13:23:21.788701,582911,34
2026-06-23T13:23:21.798394,582912,34
2026-06-23T13:23:21.798503,582913,34
2026-06-23T13:23:21.798595,582914,34
2026-06-23T13:23:21.798690,582915,34
2026-06-23T13:23:21.798782,582916,34
2026-06-23T13:23:21.798872,582917,34
2026-06-23T13:23:21.798962,582918,34
2026-06-23T13:23:21.799053,582919,35
2026-06-23T13:23:21.799126,582920,35
2026-06-23T13:23:21.799197,582921,34
2026-06-23T13:23:21.799267,582922,35
2026-06-23T13:23:21.808794,582923,39
2026-06-23T13:23:21.808882,582924,35
2026-06-23T13:23:21.808957,582925,35
2026-06-23T13:23:21.809031,582926,36
2026-06-23T13:23:21.809103,582927,36
2026-06-23T13:23:21.809175,582927,36
2026-06-23T13:23:21.809246,582928,36
2026-06-23T13:23:21.809319,582929,36
2026-06-23T13:23:21.809392,582930,36
2026-06-23T13:23:21.809464,582931,36
2026-06-23T13:23:21.809536,582932,36
2026-06-23T13:23:21.819277,582933,35
2026-06-23T13:23:21.819369,582934,35
2026-06-23T13:23:21.819455,582935,35
2026-06-23T13:23:21.819529,582936,35
2026-06-23T13:23:21.819601,582937,35
2026-06-23T13:23:21.819672,582938,35
2026-06-23T13:23:21.819742,582939,35
2026-06-23T13:23:21.819813,582940,35
2026-06-23T13:23:21.819885,582941,35
2026-06-23T13:23:21.819956,582942,35
2026-06-23T13:23:21.820028,582943,35
2026-06-23T13:23:21.829703,582944,36
2026-06-23T13:23:21.829786,582945,35
2026-06-23T13:23:21.829858,582946,35
2026-06-23T13:23:21.829929,582947,36
2026-06-23T13:23:21.829999,582948,36
2026-06-23T13:23:21.830070,582949,36
2026-06-23T13:23:21.830140,582949,36
2026-06-23T13:23:21.830211,582950,35
2026-06-23T13:23:21.830283,582951,35
2026-06-23T13:23:21.830354,582952,36
2026-06-23T13:23:21.830425,582953,35
2026-06-23T13:23:21.840192,582954,36
2026-06-23T13:23:21.840288,582955,35
2026-06-23T13:23:21.840361,582956,35
2026-06-23T13:23:21.840433,582957,34
2026-06-23T13:23:21.840505,582958,34
2026-06-23T13:23:21.840577,582959,34
2026-06-23T13:23:21.840649,582960,34
2026-06-23T13:23:21.840719,582961,34
2026-06-23T13:23:21.840792,582962,34
2026-06-23T13:23:21.840863,582963,34
2026-06-23T13:23:21.840935,582964,34
2026-06-23T13:23:21.850596,582965,34
2026-06-23T13:23:21.850697,582966,34
2026-06-23T13:23:21.850778,582967,34
2026-06-23T13:23:21.850851,582968,34
2026-06-23T13:23:21.850933,582969,34
2026-06-23T13:23:21.851008,582970,34
2026-06-23T13:23:21.851167,582970,33
2026-06-23T13:23:21.851264,582971,33
2026-06-23T13:23:21.851341,582972,34
2026-06-23T13:23:21.851419,582973,34
2026-06-23T13:23:21.860977,582974,34
2026-06-23T13:23:21.861062,582975,34
2026-06-23T13:23:21.861133,582976,34
2026-06-23T13:23:21.861204,582977,34
2026-06-23T13:23:21.861276,582978,34
2026-06-23T13:23:21.861348,582979,33
2026-06-23T13:23:21.861420,582980,33
2026-06-23T13:23:21.861491,582981,33
2026-06-23T13:23:21.861562,582982,38
2026-06-23T13:23:21.861632,582983,33
2026-06-23T13:23:21.861702,582984,33
2026-06-23T13:23:21.871436,582985,34
2026-06-23T13:23:21.871531,582986,33
2026-06-23T13:23:21.871603,582987,33
2026-06-23T13:23:21.871675,582988,34
2026-06-23T13:23:21.871745,582989,33
2026-06-23T13:23:21.871816,582990,34
2026-06-23T13:23:21.871887,582991,35
2026-06-23T13:23:21.871958,582991,35
2026-06-23T13:23:21.872029,582992,35
2026-06-23T13:23:21.872101,582993,35
2026-06-23T13:23:21.872171,582994,36
2026-06-23T13:23:21.881893,582995,36
2026-06-23T13:23:21.881977,582996,36
2026-06-23T13:23:21.882048,582997,36
2026-06-23T13:23:21.882120,582998,36
2026-06-23T13:23:21.882191,582999,36
2026-06-23T13:23:21.882262,583000,35
2026-06-23T13:23:21.882333,583001,35
2026-06-23T13:23:21.882403,583002,35
2026-06-23T13:23:21.882473,583003,35
2026-06-23T13:23:21.882544,583004,35
2026-06-23T13:23:21.882613,583005,36
2026-06-23T13:23:21.892328,583006,36
2026-06-23T13:23:21.892418,583007,37
2026-06-23T13:23:21.892490,583008,37
2026-06-23T13:23:21.892561,583009,38
2026-06-23T13:23:21.892632,583010,38
2026-06-23T13:23:21.892703,583011,38
2026-06-23T13:23:21.892774,583012,38
2026-06-23T13:23:21.892844,583013,39
2026-06-23T13:23:21.892914,583013,40
2026-06-23T13:23:21.892984,583014,39
2026-06-23T13:23:21.893054,583015,39
2026-06-23T13:23:21.902770,583016,39
2026-06-23T13:23:21.902870,583017,40
2026-06-23T13:23:21.902982,583018,40
2026-06-23T13:23:21.903065,583019,41
2026-06-23T13:23:21.903139,583020,41
2026-06-23T13:23:21.903210,583021,41
2026-06-23T13:23:21.903281,583022,41
2026-06-23T13:23:21.903352,583023,41
2026-06-23T13:23:21.903423,583024,41
2026-06-23T13:23:21.903494,583025,42
2026-06-23T13:23:21.903564,583026,42
2026-06-23T13:23:21.913184,583027,42
2026-06-23T13:23:21.913266,583028,43
2026-06-23T13:23:21.913338,583029,49
2026-06-23T13:23:21.913410,583030,43
2026-06-23T13:23:21.913482,583031,43
2026-06-23T13:23:21.913553,583032,43
2026-06-23T13:23:21.913626,583033,43
2026-06-23T13:23:21.913697,583034,43
2026-06-23T13:23:21.913768,583034,42
2026-06-23T13:23:21.913839,583035,42
2026-06-23T13:23:21.913909,583036,42
2026-06-23T13:23:21.923717,583037,42
2026-06-23T13:23:21.923814,583038,42
2026-06-23T13:23:21.923886,583039,43
2026-06-23T13:23:21.923958,583040,43
2026-06-23T13:23:21.924029,583041,43
2026-06-23T13:23:21.924101,583042,43
2026-06-23T13:23:21.924173,583043,43
2026-06-23T13:23:21.924244,583044,44
2026-06-23T13:23:21.924315,583045,44
2026-06-23T13:23:21.924386,583046,44
2026-06-23T13:23:21.924456,583047,44
2026-06-23T13:23:21.934167,583048,44
2026-06-23T13:23:21.934271,583049,44
2026-06-23T13:23:21.934346,583050,44
2026-06-23T13:23:21.934420,583051,44
2026-06-23T13:23:21.934492,583052,44
2026-06-23T13:23:21.934564,583053,44
2026-06-23T13:23:21.934636,583054,44
2026-06-23T13:23:21.934708,583055,44
2026-06-23T13:23:21.934780,583055,44
2026-06-23T13:23:21.934855,583056,44
2026-06-23T13:23:21.934928,583057,48
