datetime,arduino_millis,voltage
2026-06-23T13:23:30.778957,91877,44
2026-06-23T13:23:30.779080,591878,44
2026-06-23T13:23:30.779124,591878,43
2026-06-23T13:23:30.779161,591879,43
2026-06-23T13:23:30.779217,591880,43
2026-06-23T13:23:30.779254,591881,43
2026-06-23T13:23:30.779289,591882,42
2026-06-23T13:23:30.779323,591883,42
2026-06-23T13:23:30.779358,591884,42
2026-06-23T13:23:30.779392,591885,41
2026-06-23T13:23:30.779425,591886,41
2026-06-23T13:23:30.789270,591887,41
2026-06-23T13:23:30.789328,591888,40
2026-06-23T13:23:30.789364,591889,40
2026-06-23T13:23:30.789446,591890,40
2026-06-23T13:23:30.789498,591891,40
2026-06-23T13:23:30.789537,591892,40
2026-06-23T13:23:30.789573,591893,40
2026-06-23T13:23:30.789609,591894,40
2026-06-23T13:23:30.789643,591895,40
2026-06-23T13:23:30.789677,591896,40
2026-06-23T13:23:30.799770,591897,40
2026-06-23T13:23:30.799883,591898,40
2026-06-23T13:23:30.799921,591899,41
2026-06-23T13:23:30.799987,591899,40
2026-06-23T13:23:30.800039,591900,40
2026-06-23T13:23:30.800078,591901,40
2026-06-23T13:23:30.800114,591902,40
2026-06-23T13:23:30.800149,591903,40
2026-06-23T13:23:30.800184,591904,40
2026-06-23T13:23:30.800217,591905,40
2026-06-23T13:23:30.800251,591906,39
2026-06-23T13:23:30.810141,591907,39
2026-06-23T13:23:30.810204,591908,39
2026-06-23T13:23:30.810265,591909,39
2026-06-23T13:23:30.810306,591910,39
2026-06-23T13:23:30.810343,591911,39
2026-06-23T13:23:30.810380,591912,39
2026-06-23T13:23:30.810416,591913,39
2026-06-23T13:23:30.810453,591914,39
2026-06-23T13:23:30.810489,591915,39
2026-06-23T13:23:30.810525,591916,38
2026-06-23T13:23:30.810561,591917,38
2026-06-23T13:23:30.820561,591918,38
2026-06-23T13:23:30.820627,591919,38
2026-06-23T13:23:30.820711,591920,38
2026-06-23T13:23:30.820752,591920,37
2026-06-23T13:23:30.820790,591921,37
2026-06-23T13:23:30.820827,591922,37
2026-06-23T13:23:30.820864,591923,37
2026-06-23T13:23:30.820901,591924,37
2026-06-23T13:23:30.820937,591925,37
2026-06-23T13:23:30.820974,591926,37
2026-06-23T13:23:30.821011,591927,37
2026-06-23T13:23:30.831003,591928,37
2026-06-23T13:23:30.831058,591929,36
2026-06-23T13:23:30.831102,591930,36
2026-06-23T13:23:30.831145,591931,36
2026-06-23T13:23:30.831187,591932,36
2026-06-23T13:23:30.831228,591933,36
2026-06-23T13:23:30.831269,591934,36
2026-06-23T13:23:30.831310,591935,36
2026-06-23T13:23:30.831351,591936,37
2026-06-23T13:23:30.831392,591937,38
2026-06-23T13:23:30.831432,591938,39
2026-06-23T13:23:30.841467,591939,39
2026-06-23T13:23:30.841518,591940,39
2026-06-23T13:23:30.841560,591941,38
2026-06-23T13:23:30.841601,591942,38
2026-06-23T13:23:30.841641,591942,38
2026-06-23T13:23:30.841682,591943,38
2026-06-23T13:23:30.841722,591944,38
2026-06-23T13:23:30.841762,591945,38
2026-06-23T13:23:30.841803,591946,38
2026-06-23T13:23:30.841844,591947,37
2026-06-23T13:23:30.841884,591948,38
2026-06-23T13:23:30.851973,591949,38
2026-06-23T13:23:30.852031,591950,39
2026-06-23T13:23:30.852073,591951,39
2026-06-23T13:23:30.852114,591952,39
2026-06-23T13:23:30.852156,591953,39
2026-06-23T13:23:30.852196,591954,38
2026-06-23T13:23:30.852236,591955,39
2026-06-23T13:23:30.852277,591956,39
2026-06-23T13:23:30.852317,591957,37
2026-06-23T13:23:30.852357,591958,38
2026-06-23T13:23:30.852397,591959,38
2026-06-23T13:23:30.862364,591960,38
2026-06-23T13:23:30.862412,591961,38
2026-06-23T13:23:30.862455,591962,38
2026-06-23T13:23:30.862495,591963,38
2026-06-23T13:23:30.862536,591963,38
2026-06-23T13:23:30.862578,591964,38
2026-06-23T13:23:30.862618,591965,39
2026-06-23T13:23:30.862658,591966,39
2026-06-23T13:23:30.862698,591967,39
2026-06-23T13:23:30.862739,591968,39
2026-06-23T13:23:30.862779,591969,38
2026-06-23T13:23:30.872807,591970,38
2026-06-23T13:23:30.872868,591971,38
2026-06-23T13:23:30.872910,591972,38
2026-06-23T13:23:30.872951,591973,38
2026-06-23T13:23:30.872992,591974,35
2026-06-23T13:23:30.873033,591975,39
2026-06-23T13:23:30.873073,591976,39
2026-06-23T13:23:30.873114,591977,38
2026-06-23T13:23:30.873154,591978,38
2026-06-23T13:23:30.873206,591979,38
2026-06-23T13:23:30.873246,591980,39
2026-06-23T13:23:30.883370,591981,39
2026-06-23T13:23:30.883447,591982,40
2026-06-23T13:23:30.883492,591983,41
2026-06-23T13:23:30.883537,591984,42
2026-06-23T13:23:30.883582,591985,43
2026-06-23T13:23:30.883626,591985,43
2026-06-23T13:23:30.883677,591986,43
2026-06-23T13:23:30.883721,591987,47
2026-06-23T13:23:30.883765,591988,43
2026-06-23T13:23:30.883808,591989,43
2026-06-23T13:23:30.883852,591990,43
2026-06-23T13:23:30.893690,591991,42
2026-06-23T13:23:30.893765,591992,42
2026-06-23T13:23:30.893808,591993,42
2026-06-23T13:23:30.893850,591994,41
2026-06-23T13:23:30.893890,591995,41
2026-06-23T13:23:30.893930,591996,41
2026-06-23T13:23:30.893969,591997,41
2026-06-23T13:23:30.894009,591998,41
2026-06-23T13:23:30.894049,591999,41
2026-06-23T13:23:30.894089,592000,40
2026-06-23T13:23:30.894129,592001,41
2026-06-23T13:23:30.904109,592002,41
2026-06-23T13:23:30.904178,592003,41
2026-06-23T13:23:30.904219,592004,41
2026-06-23T13:23:30.904260,592005,40
2026-06-23T13:23:30.904300,592006,40
2026-06-23T13:23:30.904339,592006,40
2026-06-23T13:23:30.904379,592007,39
2026-06-23T13:23:30.904418,592008,39
2026-06-23T13:23:30.904457,592009,39
2026-06-23T13:23:30.904496,592010,39
2026-06-23T13:23:30.914511,592011,39
2026-06-23T13:23:30.914584,592012,38
2026-06-23T13:23:30.914622,592013,38
2026-06-23T13:23:30.914657,592014,38
2026-06-23T13:23:30.914692,592015,38
2026-06-23T13:23:30.914726,592016,38
2026-06-23T13:23:30.914761,592017,38
2026-06-23T13:23:30.914795,592018,38
2026-06-23T13:23:30.914829,592019,38
2026-06-23T13:23:30.914863,592020,38
2026-06-23T13:23:30.914898,592021,38
2026-06-23T13:23:30.924938,592022,39
2026-06-23T13:23:30.925010,592023,40
2026-06-23T13:23:30.925082,592024,40
2026-06-23T13:23:30.925151,592025,41
2026-06-23T13:23:30.925193,592026,41
2026-06-23T13:23:30.925227,592027,41
2026-06-23T13:23:30.925347,592027,41
2026-06-23T13:23:30.925391,592028,41
2026-06-23T13:23:30.925433,592029,41
2026-06-23T13:23:30.925493,592030,40
2026-06-23T13:23:30.925526,592031,40
2026-06-23T13:23:30.935384,592032,41
2026-06-23T13:23:30.935445,592033,39
2026-06-23T13:23:30.935477,592034,40
2026-06-23T13:23:30.935507,592035,40
2026-06-23T13:23:30.935535,592036,41
2026-06-23T13:23:30.935564,592037,41
2026-06-23T13:23:30.935592,592038,41
2026-06-23T13:23:30.935621,592039,42
2026-06-23T13:23:30.935649,592040,41
2026-06-23T13:23:30.935677,592041,41
2026-06-23T13:23:30.935705,592042,41
2026-06-23T13:23:30.945821,592043,42
2026-06-23T13:23:30.945884,592044,43
2026-06-23T13:23:30.945917,592045,44
2026-06-23T13:23:30.945948,592046,45
2026-06-23T13:23:30.945979,592047,46
2026-06-23T13:23:30.946010,592048,45
2026-06-23T13:23:30.946041,592049,46
2026-06-23T13:23:30.946073,592049,46
2026-06-23T13:23:30.946104,592050,46
2026-06-23T13:23:30.946134,592051,46
2026-06-23T13:23:30.946164,592052,46
2026-06-23T13:23:30.956251,592053,46
2026-06-23T13:23:30.956314,592054,46
2026-06-23T13:23:30.956348,592055,46
2026-06-23T13:23:30.956380,592056,46
2026-06-23T13:23:30.956411,592057,46
2026-06-23T13:23:30.956442,592058,47
2026-06-23T13:23:30.956472,592059,46
2026-06-23T13:23:30.956502,592060,46
2026-06-23T13:23:30.956533,592061,46
2026-06-23T13:23:30.956563,592062,46
2026-06-23T13:23:30.956593,592063,46
2026-06-23T13:23:30.966713,592064,45
2026-06-23T13:23:30.966783,592065,45
2026-06-23T13:23:30.966816,592066,45
2026-06-23T13:23:30.966847,592067,48
2026-06-23T13:23:30.966878,592068,44
2026-06-23T13:23:30.966909,592069,45
2026-06-23T13:23:30.966939,592070,45
2026-06-23T13:23:30.966969,592070,46
2026-06-23T13:23:30.966999,592071,45
2026-06-23T13:23:30.967029,592072,45
2026-06-23T13:23:30.967058,592073,46
2026-06-23T13:23:30.977162,592074,47
2026-06-23T13:23:30.977225,592075,48
2026-06-23T13:23:30.977261,592076,47
2026-06-23T13:23:30.977295,592077,47
2026-06-23T13:23:30.977328,592078,47
2026-06-23T13:23:30.977362,592079,49
2026-06-23T13:23:30.977394,592080,51
2026-06-23T13:23:30.977427,592081,53
2026-06-23T13:23:30.977471,592082,53
2026-06-23T13:23:30.977504,592083,53
2026-06-23T13:23:30.977537,592084,53
2026-06-23T13:23:30.987601,592085,53
2026-06-23T13:23:30.987665,592086,53
2026-06-23T13:23:30.987696,592087,53
2026-06-23T13:23:30.987726,592088,53
2026-06-23T13:23:30.987755,592089,53
2026-06-23T13:23:30.987783,592090,53
2026-06-23T13:23:30.987812,592091,52
2026-06-23T13:23:30.987840,592091,52
2026-06-23T13:23:30.987868,592092,51
2026-06-23T13:23:30.987896,592093,51
2026-06-23T13:23:30.987924,592094,51
2026-06-23T13:23:30.998117,592095,51
2026-06-23T13:23:30.998194,592096,52
2026-06-23T13:23:30.998229,592097,52
2026-06-23T13:23:30.998262,592098,53
2026-06-23T13:23:30.998296,592099,52
2026-06-23T13:23:30.998328,592100,51
2026-06-23T13:23:30.998360,592101,52
2026-06-23T13:23:30.998391,592102,53
2026-06-23T13:23:30.998422,592103,53
2026-06-23T13:23:30.998453,592104,54
2026-06-23T13:23:30.998483,592105,54
2026-06-23T13:23:31.008493,592106,53
2026-06-23T13:23:31.008548,592107,53
2026-06-23T13:23:31.008587,592108,52
2026-06-23T13:23:31.008621,592109,52
2026-06-23T13:23:31.008654,592110,52
2026-06-23T13:23:31.008686,592111,51
2026-06-23T13:23:31.008719,592112,51
2026-06-23T13:23:31.008752,592113,51
2026-06-23T13:23:31.008785,592113,51
2026-06-23T13:23:31.008817,592114,52
2026-06-23T13:23:31.008848,592115,53
2026-06-23T13:23:31.019020,592116,54
2026-06-23T13:23:31.019067,592117,54
2026-06-23T13:23:31.019102,592118,54
2026-06-23T13:23:31.019135,592119,54
2026-06-23T13:23:31.019167,592120,54
2026-06-23T13:23:31.019199,592121,54
2026-06-23T13:23:31.019231,592122,54
2026-06-23T13:23:31.019263,592123,55
2026-06-23T13:23:31.019295,592124,56
2026-06-23T13:23:31.019326,592125,56
2026-06-23T13:23:31.029370,592126,56
2026-06-23T13:23:31.029412,592127,57
2026-06-23T13:23:31.029445,592128,58
2026-06-23T13:23:31.029478,592129,60
2026-06-23T13:23:31.029510,592130,62
2026-06-23T13:23:31.029542,592131,64
2026-06-23T13:23:31.029574,592132,65
2026-06-23T13:23:31.029606,592133,65
2026-06-23T13:23:31.029637,592134,65
2026-06-23T13:23:31.029669,592134,65
2026-06-23T13:23:31.029700,592135,65
2026-06-23T13:23:31.039857,592136,66
2026-06-23T13:23:31.039907,592137,67
2026-06-23T13:23:31.039943,592138,66
2026-06-23T13:23:31.039980,592139,65
2026-06-23T13:23:31.040016,592140,65
2026-06-23T13:23:31.040051,592141,64
2026-06-23T13:23:31.040085,592142,64
2026-06-23T13:23:31.040121,592143,65
2026-06-23T13:23:31.040157,592144,64
2026-06-23T13:23:31.040192,592145,64
2026-06-23T13:23:31.040226,592146,63
2026-06-23T13:23:31.050247,592147,63
2026-06-23T13:23:31.050307,592148,62
2026-06-23T13:23:31.050345,592149,61
2026-06-23T13:23:31.050381,592150,61
2026-06-23T13:23:31.050417,592151,62
2026-06-23T13:23:31.050453,592152,62
2026-06-23T13:23:31.050489,592153,62
2026-06-23T13:23:31.050525,592154,62
2026-06-23T13:23:31.050561,592155,62
2026-06-23T13:23:31.050597,592155,65
2026-06-23T13:23:31.050632,592156,65
2026-06-23T13:23:31.060665,592157,65
2026-06-23T13:23:31.060708,592158,64
2026-06-23T13:23:31.060744,592159,65
2026-06-23T13:23:31.060781,592160,66
2026-06-23T13:23:31.060817,592161,66
2026-06-23T13:23:31.060853,592162,66
2026-06-23T13:23:31.060889,592163,66
2026-06-23T13:23:31.060925,592164,65
2026-06-23T13:23:31.060960,592165,65
2026-06-23T13:23:31.060996,592166,65
2026-06-23T13:23:31.061032,592167,66
2026-06-23T13:23:31.071167,592168,67
2026-06-23T13:23:31.071245,592169,68
2026-06-23T13:23:31.071291,592170,69
2026-06-23T13:23:31.071333,592171,68
2026-06-23T13:23:31.071374,592172,69
2026-06-23T13:23:31.071415,592173,70
2026-06-23T13:23:31.071457,592174,72
2026-06-23T13:23:31.071497,592175,73
2026-06-23T13:23:31.071538,592176,74
2026-06-23T13:23:31.071578,592177,74
2026-06-23T13:23:31.071643,592177,73
2026-06-23T13:23:31.081638,592178,72
2026-06-23T13:23:31.081804,592179,72
2026-06-23T13:23:31.081912,592180,74
2026-06-23T13:23:31.081965,592181,76
2026-06-23T13:23:31.082010,592182,76
2026-06-23T13:23:31.082052,592183,76
2026-06-23T13:23:31.082094,592184,76
2026-06-23T13:23:31.082152,592185,75
2026-06-23T13:23:31.082194,592186,76
2026-06-23T13:23:31.082235,592187,77
2026-06-23T13:23:31.082277,592188,77
2026-06-23T13:23:31.092072,592189,78
2026-06-23T13:23:31.092157,592190,81
2026-06-23T13:23:31.092202,592191,87
2026-06-23T13:23:31.092243,592192,89
2026-06-23T13:23:31.092284,592193,90
2026-06-23T13:23:31.092324,592194,91
2026-06-23T13:23:31.092364,592195,91
2026-06-23T13:23:31.092404,592196,93
2026-06-23T13:23:31.092444,592197,93
2026-06-23T13:23:31.092483,592198,91
2026-06-23T13:23:31.092522,592198,92
2026-06-23T13:23:31.102574,592199,92
2026-06-23T13:23:31.102684,592200,92
2026-06-23T13:23:31.102728,592201,91
2026-06-23T13:23:31.102770,592202,90
2026-06-23T13:23:31.102810,592203,90
2026-06-23T13:23:31.102850,592204,90
2026-06-23T13:23:31.102890,592205,91
2026-06-23T13:23:31.102929,592206,92
2026-06-23T13:23:31.102969,592207,93
2026-06-23T13:23:31.103008,592208,93
2026-06-23T13:23:31.103047,592209,93
2026-06-23T13:23:31.112910,592210,93
2026-06-23T13:23:31.112978,592211,93
2026-06-23T13:23:31.113038,592212,93
2026-06-23T13:23:31.113086,592213,94
2026-06-23T13:23:31.113132,592214,94
2026-06-23T13:23:31.113177,592215,93
2026-06-23T13:23:31.113224,592216,94
2026-06-23T13:23:31.113268,592217,95
2026-06-23T13:23:31.113312,592218,95
2026-06-23T13:23:31.113357,592219,95
2026-06-23T13:23:31.113403,592220,95
2026-06-23T13:23:31.123370,592220,95
2026-06-23T13:23:31.123434,592221,95
2026-06-23T13:23:31.123481,592222,97
2026-06-23T13:23:31.123527,592223,99
2026-06-23T13:23:31.123575,592224,100
2026-06-23T13:23:31.123621,592225,98
2026-06-23T13:23:31.123666,592226,97
2026-06-23T13:23:31.123711,592227,96
2026-06-23T13:23:31.123755,592228,97
2026-06-23T13:23:31.123799,592229,97
2026-06-23T13:23:31.133865,592230,98
2026-06-23T13:23:31.133948,592231,98
2026-06-23T13:23:31.133993,592232,98
2026-06-23T13:23:31.134038,592233,99
2026-06-23T13:23:31.134086,592234,99
2026-06-23T13:23:31.134130,592235,99
2026-06-23T13:23:31.134175,592236,98
2026-06-23T13:23:31.134219,592237,97
2026-06-23T13:23:31.134263,592238,98
2026-06-23T13:23:31.134310,592239,100
2026-06-23T13:23:31.134357,592240,102
2026-06-23T13:23:31.144221,592241,104
2026-06-23T13:23:31.144278,592242,105
2026-06-23T13:23:31.144327,592243,105
2026-06-23T13:23:31.144375,592244,104
2026-06-23T13:23:31.144422,592245,103
2026-06-23T13:23:31.144470,592246,101
2026-06-23T13:23:31.144519,592247,101
2026-06-23T13:23:31.144567,592248,100
2026-06-23T13:23:31.144611,592249,99
2026-06-23T13:23:31.144655,592250,98
2026-06-23T13:23:31.154743,592251,97
2026-06-23T13:23:31.154806,592252,96
2026-06-23T13:23:31.154851,592253,94
2026-06-23T13:23:31.154896,592254,94
2026-06-23T13:23:31.154940,592255,93
2026-06-23T13:23:31.154984,592256,93
2026-06-23T13:23:31.155029,592257,91
2026-06-23T13:23:31.155073,592258,92
2026-06-23T13:23:31.155116,592259,93
2026-06-23T13:23:31.155161,592260,93
2026-06-23T13:23:31.155204,592261,93
2026-06-23T13:23:31.165109,592262,95
2026-06-23T13:23:31.165183,592262,97
2026-06-23T13:23:31.165237,592263,99
2026-06-23T13:23:31.165293,592264,99
2026-06-23T13:23:31.165347,592265,98
2026-06-23T13:23:31.165398,592266,98
2026-06-23T13:23:31.165449,592267,96
2026-06-23T13:23:31.165499,592268,96
2026-06-23T13:23:31.165550,592269,95
2026-06-23T13:23:31.165601,592270,94
2026-06-23T13:23:31.165651,592271,95
2026-06-23T13:23:31.175617,592272,96
2026-06-23T13:23:31.175679,592273,97
2026-06-23T13:23:31.175731,592274,98
2026-06-23T13:23:31.175783,592275,98
2026-06-23T13:23:31.175836,592276,97
2026-06-23T13:23:31.175889,592277,98
2026-06-23T13:23:31.175944,592278,100
2026-06-23T13:23:31.175999,592279,100
2026-06-23T13:23:31.176056,592280,101
2026-06-23T13:23:31.176111,592281,103
2026-06-23T13:23:31.176165,592282,105
2026-06-23T13:23:31.186180,592283,107
2026-06-23T13:23:31.186273,592284,108
2026-06-23T13:23:31.186332,592285,108
2026-06-23T13:23:31.186389,592286,108
2026-06-23T13:23:31.186444,592287,106
2026-06-23T13:23:31.186499,592288,107
2026-06-23T13:23:31.186584,592289,108
2026-06-23T13:23:31.186640,592290,111
2026-06-23T13:23:31.186695,592291,113
2026-06-23T13:23:31.186749,592292,113
2026-06-23T13:23:31.196518,592293,115
2026-06-23T13:23:31.196585,592294,113
2026-06-23T13:23:31.196640,592295,112
2026-06-23T13:23:31.196695,592297,113
2026-06-23T13:23:31.196749,592298,113
2026-06-23T13:23:31.196803,592299,116
2026-06-23T13:23:31.196858,592300,121
2026-06-23T13:23:31.196911,592301,127
2026-06-23T13:23:31.196966,592302,133
2026-06-23T13:23:31.197020,592303,138
2026-06-23T13:23:31.206976,592304,139
2026-06-23T13:23:31.207050,592305,138
2026-06-23T13:23:31.207107,592306,142
2026-06-23T13:23:31.207162,592307,149
2026-06-23T13:23:31.207217,592308,155
2026-06-23T13:23:31.207272,592309,161
2026-06-23T13:23:31.207327,592310,163
2026-06-23T13:23:31.207383,592311,161
2026-06-23T13:23:31.207438,592312,159
2026-06-23T13:23:31.207493,592313,156
2026-06-23T13:23:31.217517,592314,154
2026-06-23T13:23:31.217604,592315,151
2026-06-23T13:23:31.217660,592316,151
2026-06-23T13:23:31.217715,592317,150
2026-06-23T13:23:31.217769,592318,149
2026-06-23T13:23:31.217823,592319,152
2026-06-23T13:23:31.217877,592321,157
2026-06-23T13:23:31.217931,592322,161
2026-06-23T13:23:31.217985,592323,163
2026-06-23T13:23:31.218038,592324,162
2026-06-23T13:23:31.227822,592325,158
2026-06-23T13:23:31.227932,592326,159
2026-06-23T13:23:31.228006,592327,160
2026-06-23T13:23:31.228074,592328,163
2026-06-23T13:23:31.228139,592329,167
2026-06-23T13:23:31.228205,592330,167
2026-06-23T13:23:31.228276,592331,166
2026-06-23T13:23:31.228347,592332,163
2026-06-23T13:23:31.228411,592333,161
2026-06-23T13:23:31.228474,592334,161
2026-06-23T13:23:31.238340,592335,163
2026-06-23T13:23:31.238425,592336,165
2026-06-23T13:23:31.238490,592337,164
2026-06-23T13:23:31.238554,592338,163
2026-06-23T13:23:31.238619,592339,161
2026-06-23T13:23:31.238683,592340,161
2026-06-23T13:23:31.238747,592341,158
2026-06-23T13:23:31.238809,592342,155
2026-06-23T13:23:31.238873,592343,156
2026-06-23T13:23:31.238936,592344,160
2026-06-23T13:23:31.248671,592346,163
2026-06-23T13:23:31.248753,592347,161
2026-06-23T13:23:31.248817,592348,162
2026-06-23T13:23:31.248884,592349,164
2026-06-23T13:23:31.248948,592350,164
2026-06-23T13:23:31.249011,592351,162
2026-06-23T13:23:31.249075,592352,160
2026-06-23T13:23:31.249138,592353,159
2026-06-23T13:23:31.249201,592354,156
2026-06-23T13:23:31.249264,592355,154
2026-06-23T13:23:31.259151,592356,154
2026-06-23T13:23:31.259224,592357,156
2026-06-23T13:23:31.259289,592358,155
2026-06-23T13:23:31.259354,592359,154
2026-06-23T13:23:31.259418,592360,154
2026-06-23T13:23:31.259482,592361,151
2026-06-23T13:23:31.259558,592362,149
2026-06-23T13:23:31.259638,592363,151
2026-06-23T13:23:31.259704,592364,157
2026-06-23T13:23:31.259768,592365,159
2026-06-23T13:23:31.269638,592366,157
2026-06-23T13:23:31.269723,592367,157
2026-06-23T13:23:31.269787,592368,161
2026-06-23T13:23:31.269850,592369,168
2026-06-23T13:23:31.269913,592371,173
2026-06-23T13:23:31.269981,592372,171
2026-06-23T13:23:31.270045,592373,168
2026-06-23T13:23:31.270108,592374,165
2026-06-23T13:23:31.270172,592375,163
2026-06-23T13:23:31.270234,592376,160
2026-06-23T13:23:31.280050,592377,158
2026-06-23T13:23:31.280124,592378,158
2026-06-23T13:23:31.280203,592379,161
2026-06-23T13:23:31.280269,592380,162
2026-06-23T13:23:31.280334,592381,161
2026-06-23T13:23:31.280398,592382,159
2026-06-23T13:23:31.280461,592383,158
2026-06-23T13:23:31.280524,592384,154
2026-06-23T13:23:31.280587,592385,153
2026-06-23T13:23:31.280651,592386,155
2026-06-23T13:23:31.290502,592387,158
2026-06-23T13:23:31.290596,592388,162
2026-06-23T13:23:31.290674,592389,162
2026-06-23T13:23:31.290752,592390,160
2026-06-23T13:23:31.290829,592391,156
2026-06-23T13:23:31.290906,592392,155
2026-06-23T13:23:31.290983,592393,154
2026-06-23T13:23:31.291059,592394,156
2026-06-23T13:23:31.291136,592396,156
2026-06-23T13:23:31.291212,592397,155
2026-06-23T13:23:31.301017,592398,159
2026-06-23T13:23:31.301135,592399,164
2026-06-23T13:23:31.301199,592400,167
2026-06-23T13:23:31.301263,592401,168
2026-06-23T13:23:31.301327,592402,167
2026-06-23T13:23:31.301390,592403,166
2026-06-23T13:23:31.301453,592404,164
2026-06-23T13:23:31.301516,592405,161
2026-06-23T13:23:31.301578,592406,161
2026-06-23T13:23:31.301641,592407,158
2026-06-23T13:23:31.311345,592408,156
2026-06-23T13:23:31.311432,592409,158
2026-06-23T13:23:31.311510,592410,160
2026-06-23T13:23:31.311586,592411,163
2026-06-23T13:23:31.311667,592412,161
2026-06-23T13:23:31.311744,592413,160
2026-06-23T13:23:31.311820,592414,163
2026-06-23T13:23:31.311897,592415,166
2026-06-23T13:23:31.311973,592416,170
2026-06-23T13:23:31.312049,592417,177
2026-06-23T13:23:31.321859,592418,178
2026-06-23T13:23:31.321957,592420,181
2026-06-23T13:23:31.322035,592421,182
2026-06-23T13:23:31.322114,592422,179
2026-06-23T13:23:31.322192,592423,180
2026-06-23T13:23:31.322269,592424,189
2026-06-23T13:23:31.322347,592425,199
2026-06-23T13:23:31.322423,592426,208
2026-06-23T13:23:31.322501,592427,214
2026-06-23T13:23:31.322578,592428,213
2026-06-23T13:23:31.332286,592429,212
2026-06-23T13:23:31.332393,592430,216
2026-06-23T13:23:31.332475,592431,217
2026-06-23T13:23:31.332552,592432,223
2026-06-23T13:23:31.332629,592433,228
2026-06-23T13:23:31.332705,592434,234
2026-06-23T13:23:31.332782,592435,237
2026-06-23T13:23:31.332860,592436,234
2026-06-23T13:23:31.332936,592437,235
2026-06-23T13:23:31.333013,592438,239
2026-06-23T13:23:31.342709,592439,241
2026-06-23T13:23:31.342801,592440,238
2026-06-23T13:23:31.342880,592441,234
2026-06-23T13:23:31.342957,592442,231
2026-06-23T13:23:31.343050,592443,228
2026-06-23T13:23:31.343127,592445,225
2026-06-23T13:23:31.343228,592446,222
2026-06-23T13:23:31.343304,592447,218
2026-06-23T13:23:31.343381,592448,214
2026-06-23T13:23:31.343458,592449,210
2026-06-23T13:23:31.353178,592450,205
2026-06-23T13:23:31.353284,592451,202
2026-06-23T13:23:31.353363,592452,198
2026-06-23T13:23:31.353441,592453,196
2026-06-23T13:23:31.353518,592454,192
2026-06-23T13:23:31.353594,592455,189
2026-06-23T13:23:31.353671,592456,185
2026-06-23T13:23:31.353748,592457,183
2026-06-23T13:23:31.353825,592458,180
2026-06-23T13:23:31.353905,592459,180
2026-06-23T13:23:31.363540,592460,178
2026-06-23T13:23:31.363630,592461,174
2026-06-23T13:23:31.363708,592462,172
2026-06-23T13:23:31.363785,592463,170
2026-06-23T13:23:31.363863,592464,166
2026-06-23T13:23:31.363939,592465,164
2026-06-23T13:23:31.364016,592466,162
2026-06-23T13:23:31.364092,592467,159
2026-06-23T13:23:31.364169,592468,156
2026-06-23T13:23:31.364246,592470,154
2026-06-23T13:23:31.373994,592471,150
2026-06-23T13:23:31.374087,592472,149
2026-06-23T13:23:31.374166,592473,148
2026-06-23T13:23:31.374243,592474,148
2026-06-23T13:23:31.374320,592475,148
2026-06-23T13:23:31.374397,592476,147
2026-06-23T13:23:31.374474,592477,146
2026-06-23T13:23:31.374550,592478,149
2026-06-23T13:23:31.374626,592479,152
2026-06-23T13:23:31.374702,592480,155
2026-06-23T13:23:31.384526,592481,155
2026-06-23T13:23:31.384626,592482,153
2026-06-23T13:23:31.384704,592483,150
2026-06-23T13:23:31.384781,592484,150
2026-06-23T13:23:31.384858,592485,148
2026-06-23T13:23:31.384936,592486,147
2026-06-23T13:23:31.385012,592487,147
2026-06-23T13:23:31.385089,592488,149
2026-06-23T13:23:31.385165,592489,151
2026-06-23T13:23:31.385241,592490,155
2026-06-23T13:23:31.394886,592491,159
2026-06-23T13:23:31.394973,592492,163
2026-06-23T13:23:31.395052,592493,163
2026-06-23T13:23:31.395129,592495,159
2026-06-23T13:23:31.395207,592496,164
2026-06-23T13:23:31.395284,592497,165
2026-06-23T13:23:31.395361,592498,164
2026-06-23T13:23:31.395436,592499,162
2026-06-23T13:23:31.395513,592500,159
2026-06-23T13:23:31.395589,592501,158
2026-06-23T13:23:31.405327,592502,155
2026-06-23T13:23:31.405422,592503,154
2026-06-23T13:23:31.405499,592504,154
2026-06-23T13:23:31.405577,592505,149
2026-06-23T13:23:31.405654,592506,147
2026-06-23T13:23:31.405730,592507,146
2026-06-23T13:23:31.405837,592508,145
2026-06-23T13:23:31.405915,592509,142
2026-06-23T13:23:31.406027,592510,140
2026-06-23T13:23:31.406108,592511,139
2026-06-23T13:23:31.415768,592512,136
2026-06-23T13:23:31.415864,592513,135
2026-06-23T13:23:31.415943,592514,133
2026-06-23T13:23:31.416020,592515,131
2026-06-23T13:23:31.416096,592516,129
2026-06-23T13:23:31.416173,592517,129
2026-06-23T13:23:31.416255,592519,127
2026-06-23T13:23:31.416332,592520,125
2026-06-23T13:23:31.416409,592521,123
2026-06-23T13:23:31.416485,592522,122
2026-06-23T13:23:31.426282,592523,120
2026-06-23T13:23:31.426379,592524,119
2026-06-23T13:23:31.426457,592525,119
2026-06-23T13:23:31.426534,592526,118
2026-06-23T13:23:31.426613,592527,117
2026-06-23T13:23:31.426689,592528,117
2026-06-23T13:23:31.426766,592529,116
2026-06-23T13:23:31.426841,592530,114
2026-06-23T13:23:31.426935,592531,113
2026-06-23T13:23:31.427012,592532,115
2026-06-23T13:23:31.436659,592533,115
2026-06-23T13:23:31.436764,592534,114
2026-06-23T13:23:31.436842,592535,112
2026-06-23T13:23:31.436934,592536,110
2026-06-23T13:23:31.437011,592537,111
2026-06-23T13:23:31.437086,592538,111
2026-06-23T13:23:31.437161,592539,110
2026-06-23T13:23:31.437236,592540,109
2026-06-23T13:23:31.437311,592541,109
2026-06-23T13:23:31.437386,592542,108
2026-06-23T13:23:31.447079,592544,107
2026-06-23T13:23:31.447179,592545,106
2026-06-23T13:23:31.447260,592546,104
2026-06-23T13:23:31.447343,592547,105
2026-06-23T13:23:31.447421,592548,106
2026-06-23T13:23:31.447497,592549,103
2026-06-23T13:23:31.447579,592550,107
2026-06-23T13:23:31.447656,592551,105
2026-06-23T13:23:31.447733,592552,105
2026-06-23T13:23:31.447809,592553,105
2026-06-23T13:23:31.457535,592554,107
2026-06-23T13:23:31.457627,592555,109
2026-06-23T13:23:31.457705,592556,110
2026-06-23T13:23:31.457782,592557,110
2026-06-23T13:23:31.457859,592558,109
2026-06-23T13:23:31.457935,592559,109
2026-06-23T13:23:31.458012,592560,109
2026-06-23T13:23:31.458088,592561,107
2026-06-23T13:23:31.458165,592562,106
2026-06-23T13:23:31.458241,592563,106
2026-06-23T13:23:31.467990,592564,106
2026-06-23T13:23:31.468091,592565,106
2026-06-23T13:23:31.468169,592566,107
2026-06-23T13:23:31.468246,592567,108
2026-06-23T13:23:31.468323,592569,108
2026-06-23T13:23:31.468401,592570,106
2026-06-23T13:23:31.468478,592571,106
2026-06-23T13:23:31.468554,592572,107
2026-06-23T13:23:31.468631,592573,107
2026-06-23T13:23:31.468707,592574,107
2026-06-23T13:23:31.478469,592575,107
2026-06-23T13:23:31.478555,592576,107
2026-06-23T13:23:31.478633,592577,105
2026-06-23T13:23:31.478718,592578,104
2026-06-23T13:23:31.478799,592579,103
2026-06-23T13:23:31.478876,592580,103
2026-06-23T13:23:31.478953,592581,103
2026-06-23T13:23:31.479029,592582,104
2026-06-23T13:23:31.479105,592583,103
2026-06-23T13:23:31.479182,592584,101
2026-06-23T13:23:31.488876,592585,102
2026-06-23T13:23:31.488974,592586,102
2026-06-23T13:23:31.489051,592587,103
2026-06-23T13:23:31.489127,592588,102
2026-06-23T13:23:31.489204,592589,101
2026-06-23T13:23:31.489280,592590,100
2026-06-23T13:23:31.489406,592591,99
2026-06-23T13:23:31.489554,592592,100
2026-06-23T13:23:31.489666,592593,101
2026-06-23T13:23:31.489753,592594,100
2026-06-23T13:23:31.499269,592596,99
2026-06-23T13:23:31.499360,592596,97
2026-06-23T13:23:31.499434,592597,96
2026-06-23T13:23:31.499506,592598,95
2026-06-23T13:23:31.499578,592599,96
2026-06-23T13:23:31.499650,592600,96
2026-06-23T13:23:31.499737,592601,96
2026-06-23T13:23:31.499810,592602,96
2026-06-23T13:23:31.499885,592603,95
2026-06-23T13:23:31.499959,592604,93
2026-06-23T13:23:31.500032,592605,93
2026-06-23T13:23:31.509759,592606,92
2026-06-23T13:23:31.509866,592607,91
2026-06-23T13:23:31.509958,592608,90
2026-06-23T13:23:31.510051,592609,89
2026-06-23T13:23:31.510143,592610,88
2026-06-23T13:23:31.510236,592611,88
2026-06-23T13:23:31.510328,592612,86
2026-06-23T13:23:31.510421,592613,85
2026-06-23T13:23:31.510514,592614,84
2026-06-23T13:23:31.510606,592615,82
2026-06-23T13:23:31.510697,592616,81
2026-06-23T13:23:31.520197,592617,80
2026-06-23T13:23:31.520288,592618,79
2026-06-23T13:23:31.520361,592618,79
2026-06-23T13:23:31.520434,592619,78
2026-06-23T13:23:31.520507,592620,77
2026-06-23T13:23:31.520579,592621,77
2026-06-23T13:23:31.520651,592622,76
2026-06-23T13:23:31.520722,592623,75
2026-06-23T13:23:31.520794,592624,74
2026-06-23T13:23:31.520865,592625,73
2026-06-23T13:23:31.530484,592626,73
2026-06-23T13:23:31.530582,592627,72
2026-06-23T13:23:31.530656,592628,73
2026-06-23T13:23:31.530728,592629,74
2026-06-23T13:23:31.530800,592630,75
2026-06-23T13:23:31.530875,592631,76
2026-06-23T13:23:31.530946,592632,76
2026-06-23T13:23:31.531017,592633,77
2026-06-23T13:23:31.531088,592634,77
2026-06-23T13:23:31.531160,592635,76
2026-06-23T13:23:31.531230,592636,76
2026-06-23T13:23:31.541029,592637,75
2026-06-23T13:23:31.541129,592638,75
2026-06-23T13:23:31.541197,592639,75
2026-06-23T13:23:31.541263,592639,75
2026-06-23T13:23:31.541325,592640,74
2026-06-23T13:23:31.541386,592641,77
2026-06-23T13:23:31.541449,592642,82
2026-06-23T13:23:31.541512,592643,86
2026-06-23T13:23:31.541573,592644,88
2026-06-23T13:23:31.541634,592645,89
2026-06-23T13:23:31.541693,592646,90
2026-06-23T13:23:31.551570,592647,90
2026-06-23T13:23:31.551727,592648,89
2026-06-23T13:23:31.551830,592649,88
2026-06-23T13:23:31.551906,592650,87
2026-06-23T13:23:31.552002,592651,86
2026-06-23T13:23:31.552075,592652,84
2026-06-23T13:23:31.552187,592653,83
2026-06-23T13:23:31.552287,592654,83
2026-06-23T13:23:31.552361,592655,83
2026-06-23T13:23:31.552459,592656,83
2026-06-23T13:23:31.552532,592657,82
2026-06-23T13:23:31.561917,592658,81
2026-06-23T13:23:31.562002,592659,80
2026-06-23T13:23:31.562076,592660,79
2026-06-23T13:23:31.562149,592660,79
2026-06-23T13:23:31.562224,592661,79
2026-06-23T13:23:31.562300,592662,79
2026-06-23T13:23:31.562371,592663,79
2026-06-23T13:23:31.562443,592664,79
2026-06-23T13:23:31.562514,592665,78
2026-06-23T13:23:31.562586,592666,77
2026-06-23T13:23:31.562657,592667,77
2026-06-23T13:23:31.572413,592668,76
2026-06-23T13:23:31.572505,592669,75
2026-06-23T13:23:31.572577,592670,73
2026-06-23T13:23:31.572650,592671,73
2026-06-23T13:23:31.572769,592672,72
2026-06-23T13:23:31.572860,592673,72
2026-06-23T13:23:31.572953,592674,73
2026-06-23T13:23:31.573048,592675,75
2026-06-23T13:23:31.573124,592676,78
2026-06-23T13:23:31.573198,592677,80
2026-06-23T13:23:31.573270,592678,80
2026-06-23T13:23:31.582820,592679,78
2026-06-23T13:23:31.582912,592680,79
2026-06-23T13:23:31.582984,592681,80
2026-06-23T13:23:31.583057,592682,83
2026-06-23T13:23:31.583138,592682,88
2026-06-23T13:23:31.583215,592683,91
2026-06-23T13:23:31.583287,592684,91
2026-06-23T13:23:31.583359,592685,91
2026-06-23T13:23:31.583430,592686,90
2026-06-23T13:23:31.583502,592687,89
2026-06-23T13:23:31.583573,592688,87
2026-06-23T13:23:31.593242,592689,87
2026-06-23T13:23:31.593356,592690,88
2026-06-23T13:23:31.593472,592691,87
2026-06-23T13:23:31.593564,592692,86
2026-06-23T13:23:31.593657,592693,86
2026-06-23T13:23:31.593748,592694,86
2026-06-23T13:23:31.593840,592695,86
2026-06-23T13:23:31.593932,592696,86
2026-06-23T13:23:31.594025,592697,84
2026-06-23T13:23:31.594120,592698,83
2026-06-23T13:23:31.594212,592699,82
2026-06-23T13:23:31.603719,592700,81
2026-06-23T13:23:31.603815,592701,81
2026-06-23T13:23:31.603890,592702,81
2026-06-23T13:23:31.603963,592703,81
2026-06-23T13:23:31.604035,592703,80
2026-06-23T13:23:31.604108,592704,79
2026-06-23T13:23:31.604179,592705,79
2026-06-23T13:23:31.604251,592706,79
2026-06-23T13:23:31.604323,592707,78
2026-06-23T13:23:31.604397,592708,78
2026-06-23T13:23:31.604469,592709,79
2026-06-23T13:23:31.614098,592710,79
2026-06-23T13:23:31.614207,592711,79
2026-06-23T13:23:31.614299,592712,78
2026-06-23T13:23:31.614394,592713,78
2026-06-23T13:23:31.614487,592714,77
2026-06-23T13:23:31.614577,592715,76
2026-06-23T13:23:31.614668,592716,75
2026-06-23T13:23:31.614759,592717,74
2026-06-23T13:23:31.614850,592718,73
2026-06-23T13:23:31.614941,592719,73
2026-06-23T13:23:31.615071,592720,72
2026-06-23T13:23:31.624556,592721,71
2026-06-23T13:23:31.624642,592722,70
2026-06-23T13:23:31.624715,592723,69
2026-06-23T13:23:31.624787,592724,69
2026-06-23T13:23:31.624859,592724,68
2026-06-23T13:23:31.624931,592725,68
2026-06-23T13:23:31.625003,592726,70
2026-06-23T13:23:31.625075,592727,72
2026-06-23T13:23:31.625146,592728,75
2026-06-23T13:23:31.625218,592729,77
2026-06-23T13:23:31.625290,592730,80
2026-06-23T13:23:31.635077,592731,81
2026-06-23T13:23:31.635176,592732,81
2026-06-23T13:23:31.635251,592733,82
2026-06-23T13:23:31.635324,592734,85
2026-06-23T13:23:31.635395,592735,88
2026-06-23T13:23:31.635468,592736,92
2026-06-23T13:23:31.635542,592737,94
2026-06-23T13:23:31.635614,592738,95
2026-06-23T13:23:31.635685,592739,94
2026-06-23T13:23:31.635756,592740,95
2026-06-23T13:23:31.645414,592741,95
2026-06-23T13:23:31.645498,592742,94
2026-06-23T13:23:31.645571,592743,95
2026-06-23T13:23:31.645644,592744,94
2026-06-23T13:23:31.645716,592745,95
2026-06-23T13:23:31.645787,592746,96
2026-06-23T13:23:31.645859,592746,98
2026-06-23T13:23:31.645930,592747,99
2026-06-23T13:23:31.646001,592748,99
2026-06-23T13:23:31.646074,592749,98
2026-06-23T13:23:31.646151,592750,101
2026-06-23T13:23:31.655868,592751,105
2026-06-23T13:23:31.656031,592752,107
2026-06-23T13:23:31.656163,592753,105
2026-06-23T13:23:31.656313,592754,104
2026-06-23T13:23:31.656399,592756,103
2026-06-23T13:23:31.656478,592757,101
2026-06-23T13:23:31.656551,592758,99
2026-06-23T13:23:31.656623,592759,98
2026-06-23T13:23:31.656695,592759,96
2026-06-23T13:23:31.656767,592760,95
2026-06-23T13:23:31.656839,592761,94
2026-06-23T13:23:31.666308,592762,93
2026-06-23T13:23:31.666421,592763,92
2026-06-23T13:23:31.666495,592764,91
2026-06-23T13:23:31.666567,592765,90
2026-06-23T13:23:31.666639,592766,89
2026-06-23T13:23:31.666711,592767,88
2026-06-23T13:23:31.666782,592768,87
2026-06-23T13:23:31.666853,592769,86
2026-06-23T13:23:31.666924,592770,85
2026-06-23T13:23:31.666996,592771,84
2026-06-23T13:23:31.667067,592772,82
2026-06-23T13:23:31.676821,592773,81
2026-06-23T13:23:31.676928,592774,81
2026-06-23T13:23:31.677021,592775,79
2026-06-23T13:23:31.677113,592776,78
2026-06-23T13:23:31.677205,592777,78
2026-06-23T13:23:31.677297,592778,77
2026-06-23T13:23:31.677389,592779,76
2026-06-23T13:23:31.677482,592780,75
2026-06-23T13:23:31.677574,592781,74
2026-06-23T13:23:31.677665,592781,73
2026-06-23T13:23:31.687209,592782,72
2026-06-23T13:23:31.687308,592783,71
2026-06-23T13:23:31.687383,592784,70
2026-06-23T13:23:31.687455,592785,70
2026-06-23T13:23:31.687527,592786,69
2026-06-23T13:23:31.687599,592787,69
2026-06-23T13:23:31.687672,592788,68
2026-06-23T13:23:31.687744,592789,68
2026-06-23T13:23:31.687815,592790,67
2026-06-23T13:23:31.687887,592791,67
2026-06-23T13:23:31.687958,592792,66
2026-06-23T13:23:31.697538,592793,67
2026-06-23T13:23:31.697647,592794,67
2026-06-23T13:23:31.697740,592795,67
2026-06-23T13:23:31.697832,592796,67
2026-06-23T13:23:31.697923,592797,66
2026-06-23T13:23:31.698014,592798,68
2026-06-23T13:23:31.698106,592799,69
2026-06-23T13:23:31.698197,592800,70
2026-06-23T13:23:31.698288,592801,71
2026-06-23T13:23:31.698379,592802,73
2026-06-23T13:23:31.698470,592802,74
2026-06-23T13:23:31.708061,592803,74
2026-06-23T13:23:31.708150,592804,73
2026-06-23T13:23:31.708223,592805,73
2026-06-23T13:23:31.708295,592806,72
2026-06-23T13:23:31.708367,592807,72
2026-06-23T13:23:31.708438,592808,71
2026-06-23T13:23:31.708509,592809,71
2026-06-23T13:23:31.708580,592810,72
2026-06-23T13:23:31.708651,592811,72
2026-06-23T13:23:31.708723,592812,71
2026-06-23T13:23:31.708793,592813,70
2026-06-23T13:23:31.718567,592814,70
2026-06-23T13:23:31.718661,592815,70
2026-06-23T13:23:31.718735,592816,71
2026-06-23T13:23:31.718816,592817,70
2026-06-23T13:23:31.718888,592818,70
2026-06-23T13:23:31.718972,592819,69
2026-06-23T13:23:31.719044,592820,68
2026-06-23T13:23:31.719115,592821,68
2026-06-23T13:23:31.719186,592822,68
2026-06-23T13:23:31.719285,592823,68
2026-06-23T13:23:31.719360,592823,68
2026-06-23T13:23:31.728934,592824,67
2026-06-23T13:23:31.729038,592825,67
2026-06-23T13:23:31.729135,592826,67
2026-06-23T13:23:31.729227,592827,67
2026-06-23T13:23:31.729318,592828,67
2026-06-23T13:23:31.729410,592829,68
2026-06-23T13:23:31.729501,592830,67
2026-06-23T13:23:31.729593,592831,67
2026-06-23T13:23:31.729684,592832,66
2026-06-23T13:23:31.729776,592833,65
2026-06-23T13:23:31.729867,592834,64
2026-06-23T13:23:31.739499,592835,63
2026-06-23T13:23:31.739631,592836,63
2026-06-23T13:23:31.739735,592837,61
2026-06-23T13:23:31.739817,592838,62
2026-06-23T13:23:31.739894,592839,62
2026-06-23T13:23:31.739968,592840,62
2026-06-23T13:23:31.740043,592841,61
2026-06-23T13:23:31.740116,592842,60
2026-06-23T13:23:31.740189,592843,60
2026-06-23T13:23:31.740262,592844,59
2026-06-23T13:23:31.740338,592845,58
2026-06-23T13:23:31.749825,592845,59
2026-06-23T13:23:31.749918,592846,61
2026-06-23T13:23:31.749992,592847,64
2026-06-23T13:23:31.750065,592848,66
2026-06-23T13:23:31.750138,592849,66
2026-06-23T13:23:31.750211,592850,65
2026-06-23T13:23:31.750282,592851,64
2026-06-23T13:23:31.750354,592852,64
2026-06-23T13:23:31.750425,592853,64
2026-06-23T13:23:31.750496,592854,63
2026-06-23T13:23:31.750568,592855,64
2026-06-23T13:23:31.760246,592856,64
2026-06-23T13:23:31.760330,592857,63
2026-06-23T13:23:31.760403,592858,63
2026-06-23T13:23:31.760476,592859,62
2026-06-23T13:23:31.760548,592860,61
2026-06-23T13:23:31.760619,592861,61
2026-06-23T13:23:31.760690,592862,60
2026-06-23T13:23:31.760762,592863,60
2026-06-23T13:23:31.760838,592864,59
2026-06-23T13:23:31.760911,592865,58
2026-06-23T13:23:31.760984,592866,58
2026-06-23T13:23:31.770738,592866,57
2026-06-23T13:23:31.770836,592867,57
2026-06-23T13:23:31.770910,592868,56
2026-06-23T13:23:31.770983,592869,55
2026-06-23T13:23:31.771055,592870,55
2026-06-23T13:23:31.771126,592871,54
2026-06-23T13:23:31.771201,592872,54
2026-06-23T13:23:31.771273,592873,53
2026-06-23T13:23:31.771344,592874,53
2026-06-23T13:23:31.771416,592875,52
2026-06-23T13:23:31.771487,592876,51
2026-06-23T13:23:31.781097,592877,51
2026-06-23T13:23:31.781189,592878,51
2026-06-23T13:23:31.781262,592879,50
2026-06-23T13:23:31.781334,592880,50
2026-06-23T13:23:31.781407,592881,49
2026-06-23T13:23:31.781478,592882,49
2026-06-23T13:23:31.781550,592883,50
2026-06-23T13:23:31.781621,592884,50
2026-06-23T13:23:31.781692,592885,49
2026-06-23T13:23:31.781762,592886,49
2026-06-23T13:23:31.781834,592887,49
2026-06-23T13:23:31.791660,592888,49
2026-06-23T13:23:31.791747,592888,49
2026-06-23T13:23:31.791820,592889,48
2026-06-23T13:23:31.791892,592890,48
2026-06-23T13:23:31.791964,592891,49
2026-06-23T13:23:31.792035,592892,50
2026-06-23T13:23:31.792107,592893,51
2026-06-23T13:23:31.792179,592894,53
2026-06-23T13:23:31.792250,592895,55
2026-06-23T13:23:31.792322,592896,55
2026-06-23T13:23:31.802084,592897,55
2026-06-23T13:23:31.802186,592898,57
2026-06-23T13:23:31.802273,592899,59
2026-06-23T13:23:31.802345,592900,60
2026-06-23T13:23:31.802417,592901,59
2026-06-23T13:23:31.802492,592902,59
2026-06-23T13:23:31.802567,592903,60
2026-06-23T13:23:31.802639,592904,60
2026-06-23T13:23:31.802710,592905,60
2026-06-23T13:23:31.802782,592906,61
2026-06-23T13:23:31.802853,592907,60
2026-06-23T13:23:31.812459,592908,60
2026-06-23T13:23:31.812566,592909,61
2026-06-23T13:23:31.812659,592909,62
2026-06-23T13:23:31.812751,592910,64
2026-06-23T13:23:31.812844,592911,64
2026-06-23T13:23:31.812936,592912,64
2026-06-23T13:23:31.813026,592913,64
2026-06-23T13:23:31.813117,592914,64
2026-06-23T13:23:31.813208,592915,64
2026-06-23T13:23:31.813298,592916,64
2026-06-23T13:23:31.813389,592917,63
2026-06-23T13:23:31.822852,592918,63
2026-06-23T13:23:31.822941,592919,63
2026-06-23T13:23:31.823014,592920,62
2026-06-23T13:23:31.823086,592921,62
2026-06-23T13:23:31.823158,592922,62
2026-06-23T13:23:31.823231,592923,61
2026-06-23T13:23:31.823303,592924,61
2026-06-23T13:23:31.823374,592925,61
2026-06-23T13:23:31.823466,592926,62
2026-06-23T13:23:31.823538,592927,62
2026-06-23T13:23:31.823611,592928,62
2026-06-23T13:23:31.833337,592929,62
2026-06-23T13:23:31.833429,592930,62
2026-06-23T13:23:31.833505,592930,61
2026-06-23T13:23:31.833576,592931,61
2026-06-23T13:23:31.833649,592932,58
2026-06-23T13:23:31.833721,592933,59
2026-06-23T13:23:31.833792,592934,59
2026-06-23T13:23:31.833864,592935,58
2026-06-23T13:23:31.833936,592936,58
2026-06-23T13:23:31.834007,592937,57
2026-06-23T13:23:31.834079,592938,57
2026-06-23T13:23:31.843772,592939,57
2026-06-23T13:23:31.843854,592940,55
2026-06-23T13:23:31.843928,592941,55
2026-06-23T13:23:31.844004,592942,54
2026-06-23T13:23:31.844077,592943,54
2026-06-23T13:23:31.844149,592944,56
2026-06-23T13:23:31.844220,592945,57
2026-06-23T13:23:31.844292,592946,57
2026-06-23T13:23:31.844363,592947,56
2026-06-23T13:23:31.844435,592948,56
2026-06-23T13:23:31.844507,592949,56
2026-06-23T13:23:31.854259,592950,55
2026-06-23T13:23:31.854351,592951,55
2026-06-23T13:23:31.854423,592952,54
2026-06-23T13:23:31.854495,592952,54
2026-06-23T13:23:31.854567,592953,53
2026-06-23T13:23:31.854639,592954,53
2026-06-23T13:23:31.854710,592955,53
2026-06-23T13:23:31.854782,592956,54
2026-06-23T13:23:31.854853,592957,54
2026-06-23T13:23:31.854925,592958,55
2026-06-23T13:23:31.854996,592959,54
2026-06-23T13:23:31.864632,592960,54
2026-06-23T13:23:31.864724,592961,54
2026-06-23T13:23:31.864804,592962,53
2026-06-23T13:23:31.864877,592963,53
2026-06-23T13:23:31.864949,592964,54
2026-06-23T13:23:31.865022,592965,56
2026-06-23T13:23:31.865093,592966,58
2026-06-23T13:23:31.865165,592967,59
2026-06-23T13:23:31.865237,592968,58
2026-06-23T13:23:31.865308,592969,56
2026-06-23T13:23:31.865380,592970,62
2026-06-23T13:23:31.875101,592971,62
2026-06-23T13:23:31.875192,592972,63
2026-06-23T13:23:31.875264,592973,64
2026-06-23T13:23:31.875336,592973,64
2026-06-23T13:23:31.875427,592974,64
2026-06-23T13:23:31.875499,592975,64
2026-06-23T13:23:31.875570,592976,65
2026-06-23T13:23:31.875642,592977,65
2026-06-23T13:23:31.875714,592978,65
2026-06-23T13:23:31.875785,592979,66
2026-06-23T13:23:31.875857,592980,69
2026-06-23T13:23:31.885559,592981,69
2026-06-23T13:23:31.885652,592982,70
2026-06-23T13:23:31.885724,592983,70
2026-06-23T13:23:31.885796,592984,69
2026-06-23T13:23:31.885868,592985,69
2026-06-23T13:23:31.885940,592986,69
2026-06-23T13:23:31.886011,592987,67
2026-06-23T13:23:31.886093,592988,66
2026-06-23T13:23:31.886166,592989,66
2026-06-23T13:23:31.886238,592990,65
2026-06-23T13:23:31.886309,592991,64
2026-06-23T13:23:31.895997,592992,63
2026-06-23T13:23:31.896078,592993,63
2026-06-23T13:23:31.896150,592994,62
2026-06-23T13:23:31.896223,592994,62
2026-06-23T13:23:31.896296,592995,62
2026-06-23T13:23:31.896368,592996,63
2026-06-23T13:23:31.896440,592997,62
2026-06-23T13:23:31.896512,592998,62
2026-06-23T13:23:31.896602,592999,62
2026-06-23T13:23:31.896691,593000,62
2026-06-23T13:23:31.896764,593001,61
2026-06-23T13:23:31.906487,593002,61
2026-06-23T13:23:31.906574,593003,61
2026-06-23T13:23:31.906646,593004,60
2026-06-23T13:23:31.906719,593005,59
2026-06-23T13:23:31.906793,593006,59
2026-06-23T13:23:31.906866,593007,59
2026-06-23T13:23:31.906938,593008,59
2026-06-23T13:23:31.907011,593009,59
2026-06-23T13:23:31.907082,593010,59
2026-06-23T13:23:31.907153,593011,59
2026-06-23T13:23:31.916825,593012,60
2026-06-23T13:23:31.916918,593013,61
2026-06-23T13:23:31.916991,593014,62
2026-06-23T13:23:31.917063,593015,61
2026-06-23T13:23:31.917136,593016,61
2026-06-23T13:23:31.917208,593016,60
2026-06-23T13:23:31.917280,593017,60
2026-06-23T13:23:31.917353,593018,60
2026-06-23T13:23:31.917425,593019,60
2026-06-23T13:23:31.917496,593020,60
2026-06-23T13:23:31.917567,593021,60
2026-06-23T13:23:31.927261,593022,58
2026-06-23T13:23:31.927356,593023,58
2026-06-23T13:23:31.927433,593024,58
2026-06-23T13:23:31.927507,593025,58
2026-06-23T13:23:31.927580,593026,58
2026-06-23T13:23:31.927652,593027,58
2026-06-23T13:23:31.927723,593028,58
2026-06-23T13:23:31.927818,593029,57
2026-06-23T13:23:31.927890,593030,57
2026-06-23T13:23:31.927961,593031,57
2026-06-23T13:23:31.928032,593032,57
2026-06-23T13:23:31.937696,593033,57
2026-06-23T13:23:31.937774,593034,56
2026-06-23T13:23:31.937834,593035,56
2026-06-23T13:23:31.937893,593036,56
2026-06-23T13:23:31.937952,593037,55
2026-06-23T13:23:31.938011,593037,55
2026-06-23T13:23:31.938069,593038,54
2026-06-23T13:23:31.938128,593039,54
2026-06-23T13:23:31.938186,593040,53
2026-06-23T13:23:31.938245,593041,53
2026-06-23T13:23:31.938304,593042,52
2026-06-23T13:23:31.948108,593043,52
2026-06-23T13:23:31.948200,593044,52
2026-06-23T13:23:31.948273,593045,51
2026-06-23T13:23:31.948345,593046,51
2026-06-23T13:23:31.948417,593047,50
2026-06-23T13:23:31.948489,593048,50
2026-06-23T13:23:31.948560,593049,50
2026-06-23T13:23:31.948631,593050,50
2026-06-23T13:23:31.948703,593051,50
2026-06-23T13:23:31.948774,593052,49
2026-06-23T13:23:31.948846,593053,49
2026-06-23T13:23:31.958657,593054,48
2026-06-23T13:23:31.958738,593055,48
2026-06-23T13:23:31.958800,593056,48
2026-06-23T13:23:31.958861,593057,47
2026-06-23T13:23:31.958921,593058,48
2026-06-23T13:23:31.958980,593058,49
2026-06-23T13:23:31.959039,593059,51
2026-06-23T13:23:31.959098,593060,51
2026-06-23T13:23:31.959157,593061,51
2026-06-23T13:23:31.959215,593062,51
2026-06-23T13:23:31.959274,593063,51
2026-06-23T13:23:31.969126,593064,53
2026-06-23T13:23:31.969217,593065,55
2026-06-23T13:23:31.969277,593066,55
2026-06-23T13:23:31.969337,593067,56
2026-06-23T13:23:31.969396,593068,56
2026-06-23T13:23:31.969455,593069,56
2026-06-23T13:23:31.969514,593070,56
2026-06-23T13:23:31.969573,593071,56
2026-06-23T13:23:31.969632,593072,56
2026-06-23T13:23:31.969691,593073,56
2026-06-23T13:23:31.969749,593074,57
2026-06-23T13:23:31.979479,593075,58
2026-06-23T13:23:31.979550,593076,58
2026-06-23T13:23:31.979611,593077,58
2026-06-23T13:23:31.979671,593078,58
2026-06-23T13:23:31.979730,593079,57
2026-06-23T13:23:31.979789,593080,57
2026-06-23T13:23:31.979849,593080,57
2026-06-23T13:23:31.979908,593081,57
2026-06-23T13:23:31.979967,593082,57
2026-06-23T13:23:31.980026,593083,57
2026-06-23T13:23:31.980086,593084,57
2026-06-23T13:23:31.989953,593085,58
2026-06-23T13:23:31.990032,593086,59
2026-06-23T13:23:31.990093,593087,59
2026-06-23T13:23:31.990154,593088,59
2026-06-23T13:23:31.990214,593089,60
2026-06-23T13:23:31.990274,593090,59
2026-06-23T13:23:31.990333,593091,60
2026-06-23T13:23:31.990393,593092,59
2026-06-23T13:23:31.990453,593093,58
2026-06-23T13:23:31.990511,593094,58
2026-06-23T13:23:31.990570,593095,57
2026-06-23T13:23:32.000445,593096,57
2026-06-23T13:23:32.000535,593097,57
2026-06-23T13:23:32.000597,593098,57
2026-06-23T13:23:32.000657,593099,56
2026-06-23T13:23:32.000716,593100,56
2026-06-23T13:23:32.000778,593101,55
2026-06-23T13:23:32.000839,593101,55
2026-06-23T13:23:32.000898,593102,54
2026-06-23T13:23:32.000958,593103,54
2026-06-23T13:23:32.001019,593104,54
2026-06-23T13:23:32.001079,593105,53
2026-06-23T13:23:32.010838,593106,52
2026-06-23T13:23:32.010950,593107,52
2026-06-23T13:23:32.011035,593108,51
2026-06-23T13:23:32.011103,593109,51
2026-06-23T13:23:32.011166,593110,51
2026-06-23T13:23:32.011229,593111,51
2026-06-23T13:23:32.011290,593112,50
2026-06-23T13:23:32.011352,593113,50
2026-06-23T13:23:32.011413,593114,50
2026-06-23T13:23:32.011473,593115,44
2026-06-23T13:23:32.011536,593116,49
2026-06-23T13:23:32.021334,593117,48
2026-06-23T13:23:32.021420,593118,49
2026-06-23T13:23:32.021482,593119,49
2026-06-23T13:23:32.021543,593120,49
2026-06-23T13:23:32.021605,593121,50
2026-06-23T13:23:32.021666,593122,50
2026-06-23T13:23:32.021725,593123,49
2026-06-23T13:23:32.021786,593123,49
2026-06-23T13:23:32.021846,593124,49
2026-06-23T13:23:32.021905,593125,50
2026-06-23T13:23:32.031622,593126,51
2026-06-23T13:23:32.031705,593127,50
2026-06-23T13:23:32.031765,593128,50
2026-06-23T13:23:32.031824,593129,50
2026-06-23T13:23:32.031883,593130,49
2026-06-23T13:23:32.031943,593131,49
2026-06-23T13:23:32.032029,593132,49
2026-06-23T13:23:32.032088,593133,49
2026-06-23T13:23:32.032147,593134,49
2026-06-23T13:23:32.032206,593135,48
2026-06-23T13:23:32.032264,593136,48
2026-06-23T13:23:32.042131,593137,47
2026-06-23T13:23:32.042211,593138,47
2026-06-23T13:23:32.042271,593139,48
2026-06-23T13:23:32.042331,593140,51
2026-06-23T13:23:32.042391,593141,54
2026-06-23T13:23:32.042450,593142,58
2026-06-23T13:23:32.042510,593143,63
2026-06-23T13:23:32.042568,593144,67
2026-06-23T13:23:32.042647,593144,70
2026-06-23T13:23:32.042721,593145,70
2026-06-23T13:23:32.042780,593146,73
2026-06-23T13:23:32.052619,593147,79
2026-06-23T13:23:32.052707,593148,86
2026-06-23T13:23:32.052769,593149,90
2026-06-23T13:23:32.052828,593150,92
2026-06-23T13:23:32.052893,593151,94
2026-06-23T13:23:32.052952,593152,94
2026-06-23T13:23:32.053010,593153,94
2026-06-23T13:23:32.053069,593154,93
2026-06-23T13:23:32.053128,593155,92
2026-06-23T13:23:32.053186,593156,91
2026-06-23T13:23:32.053245,593157,89
2026-06-23T13:23:32.063006,593158,88
2026-06-23T13:23:32.063076,593159,87
2026-06-23T13:23:32.063135,593160,86
2026-06-23T13:23:32.063194,593161,85
2026-06-23T13:23:32.063253,593162,83
2026-06-23T13:23:32.063311,593163,82
2026-06-23T13:23:32.063370,593164,81
2026-06-23T13:23:32.063429,593165,81
2026-06-23T13:23:32.063488,593165,80
2026-06-23T13:23:32.063547,593166,79
2026-06-23T13:23:32.063607,593167,79
2026-06-23T13:23:32.073473,593168,78
2026-06-23T13:23:32.073558,593169,78
2026-06-23T13:23:32.073619,593170,77
2026-06-23T13:23:32.073679,593171,76
2026-06-23T13:23:32.073738,593172,75
2026-06-23T13:23:32.073797,593173,73
2026-06-23T13:23:32.073855,593174,73
2026-06-23T13:23:32.073915,593175,72
2026-06-23T13:23:32.073974,593176,70
2026-06-23T13:23:32.074033,593177,70
2026-06-23T13:23:32.074091,593178,69
2026-06-23T13:23:32.083887,593179,69
2026-06-23T13:23:32.083958,593180,68
2026-06-23T13:23:32.084009,593181,67
2026-06-23T13:23:32.084059,593182,66
2026-06-23T13:23:32.084110,593183,65
2026-06-23T13:23:32.084161,593184,65
2026-06-23T13:23:32.084211,593185,64
2026-06-23T13:23:32.084261,593186,63
2026-06-23T13:23:32.084311,593187,63
2026-06-23T13:23:32.084361,593187,62
2026-06-23T13:23:32.084411,593188,61
2026-06-23T13:23:32.094342,593189,60
2026-06-23T13:23:32.094415,593190,60
2026-06-23T13:23:32.094475,593191,60
2026-06-23T13:23:32.094535,593192,60
2026-06-23T13:23:32.094595,593193,60
2026-06-23T13:23:32.094655,593194,59
2026-06-23T13:23:32.094741,593195,59
2026-06-23T13:23:32.094814,593196,58
2026-06-23T13:23:32.094880,593197,58
2026-06-23T13:23:32.094949,593198,58
2026-06-23T13:23:32.095015,593199,57
2026-06-23T13:23:32.104824,593200,58
2026-06-23T13:23:32.104902,593201,59
2026-06-23T13:23:32.104954,593202,58
2026-06-23T13:23:32.105005,593203,58
2026-06-23T13:23:32.105055,593204,58
2026-06-23T13:23:32.105105,593205,57
2026-06-23T13:23:32.105156,593206,57
2026-06-23T13:23:32.105207,593207,58
2026-06-23T13:23:32.105258,593208,57
2026-06-23T13:23:32.105308,593208,57
2026-06-23T13:23:32.105358,593209,56
2026-06-23T13:23:32.115231,593210,56
2026-06-23T13:23:32.115295,593211,55
2026-06-23T13:23:32.115346,593212,55
2026-06-23T13:23:32.115396,593213,54
2026-06-23T13:23:32.115446,593214,54
2026-06-23T13:23:32.115497,593215,53
2026-06-23T13:23:32.115549,593216,53
2026-06-23T13:23:32.115600,593217,52
2026-06-23T13:23:32.115650,593218,52
2026-06-23T13:23:32.115700,593219,52
2026-06-23T13:23:32.115751,593220,52
2026-06-23T13:23:32.125692,593221,52
2026-06-23T13:23:32.125764,593222,51
2026-06-23T13:23:32.125815,593223,51
2026-06-23T13:23:32.125867,593224,51
2026-06-23T13:23:32.125919,593225,51
2026-06-23T13:23:32.125973,593226,50
2026-06-23T13:23:32.126024,593227,51
2026-06-23T13:23:32.126075,593228,51
2026-06-23T13:23:32.126146,593229,51
2026-06-23T13:23:32.126197,593229,51
2026-06-23T13:23:32.126257,593230,51
2026-06-23T13:23:32.136150,593231,49
2026-06-23T13:23:32.136230,593232,50
2026-06-23T13:23:32.136282,593233,50
2026-06-23T13:23:32.136355,593234,49
2026-06-23T13:23:32.136406,593235,52
2026-06-23T13:23:32.136456,593236,49
2026-06-23T13:23:32.136507,593237,49
2026-06-23T13:23:32.136558,593238,49
2026-06-23T13:23:32.136608,593239,48
2026-06-23T13:23:32.136659,593240,47
2026-06-23T13:23:32.146499,593241,47
2026-06-23T13:23:32.146572,593242,47
2026-06-23T13:23:32.146632,593243,46
2026-06-23T13:23:32.146691,593244,47
2026-06-23T13:23:32.146750,593245,46
2026-06-23T13:23:32.146810,593246,45
2026-06-23T13:23:32.146870,593247,45
2026-06-23T13:23:32.146929,593248,45
2026-06-23T13:23:32.146988,593249,44
2026-06-23T13:23:32.147097,593250,44
2026-06-23T13:23:32.147176,593251,44
2026-06-23T13:23:32.156984,593251,43
2026-06-23T13:23:32.157054,593252,42
2026-06-23T13:23:32.157106,593253,42
2026-06-23T13:23:32.157157,593254,42
2026-06-23T13:23:32.157208,593255,42
2026-06-23T13:23:32.157258,593256,43
2026-06-23T13:23:32.157308,593257,43
2026-06-23T13:23:32.157359,593258,43
2026-06-23T13:23:32.157409,593259,43
2026-06-23T13:23:32.157459,593260,44
2026-06-23T13:23:32.157509,593261,44
2026-06-23T13:23:32.167415,593262,44
2026-06-23T13:23:32.167483,593263,44
2026-06-23T13:23:32.167534,593264,43
2026-06-23T13:23:32.167585,593265,43
2026-06-23T13:23:32.167635,593266,44
2026-06-23T13:23:32.167685,593267,43
2026-06-23T13:23:32.167736,593268,44
2026-06-23T13:23:32.167786,593269,43
2026-06-23T13:23:32.167836,593270,43
2026-06-23T13:23:32.167886,593271,43
2026-06-23T13:23:32.167937,593272,42
2026-06-23T13:23:32.177847,593272,43
2026-06-23T13:23:32.177922,593273,43
2026-06-23T13:23:32.177983,593274,43
2026-06-23T13:23:32.178043,593275,43
2026-06-23T13:23:32.178102,593276,42
2026-06-23T13:23:32.178161,593277,42
2026-06-23T13:23:32.178220,593278,42
2026-06-23T13:23:32.178279,593279,42
2026-06-23T13:23:32.178339,593280,42
2026-06-23T13:23:32.178425,593281,41
2026-06-23T13:23:32.178497,593282,41
2026-06-23T13:23:32.188295,593283,41
2026-06-23T13:23:32.188369,593284,41
2026-06-23T13:23:32.188420,593285,41
2026-06-23T13:23:32.188471,593286,41
2026-06-23T13:23:32.188521,593287,41
2026-06-23T13:23:32.188571,593288,41
2026-06-23T13:23:32.188622,593289,40
2026-06-23T13:23:32.188673,593290,40
2026-06-23T13:23:32.188723,593291,40
2026-06-23T13:23:32.188773,593292,39
2026-06-23T13:23:32.188823,593293,39
2026-06-23T13:23:32.198730,593293,39
2026-06-23T13:23:32.198808,593294,39
2026-06-23T13:23:32.198867,593295,39
2026-06-23T13:23:32.198927,593296,38
2026-06-23T13:23:32.198988,593297,38
2026-06-23T13:23:32.199047,593298,38
2026-06-23T13:23:32.199106,593299,38
2026-06-23T13:23:32.199164,593300,38
2026-06-23T13:23:32.199223,593301,38
2026-06-23T13:23:32.199281,593302,38
2026-06-23T13:23:32.199340,593303,37
2026-06-23T13:23:32.209170,593304,38
2026-06-23T13:23:32.209239,593305,38
2026-06-23T13:23:32.209290,593306,39
2026-06-23T13:23:32.209343,593307,39
2026-06-23T13:23:32.209396,593308,39
2026-06-23T13:23:32.209447,593309,39
2026-06-23T13:23:32.209501,593310,39
2026-06-23T13:23:32.209552,593311,39
2026-06-23T13:23:32.209602,593312,38
2026-06-23T13:23:32.209652,593313,38
2026-06-23T13:23:32.209704,593314,38
2026-06-23T13:23:32.219664,593315,38
2026-06-23T13:23:32.219747,593315,38
2026-06-23T13:23:32.219799,593316,38
2026-06-23T13:23:32.219851,593317,37
2026-06-23T13:23:32.219901,593318,38
2026-06-23T13:23:32.219952,593319,38
2026-06-23T13:23:32.220003,593320,38
2026-06-23T13:23:32.220054,593321,37
2026-06-23T13:23:32.220104,593322,37
2026-06-23T13:23:32.220154,593323,37
2026-06-23T13:23:32.220205,593324,37
2026-06-23T13:23:32.230068,593325,37
2026-06-23T13:23:32.230139,593326,37
2026-06-23T13:23:32.230198,593327,36
2026-06-23T13:23:32.230257,593328,36
2026-06-23T13:23:32.230317,593329,36
2026-06-23T13:23:32.230377,593330,37
2026-06-23T13:23:32.230440,593331,37
2026-06-23T13:23:32.230500,593332,37
2026-06-23T13:23:32.230560,593333,36
2026-06-23T13:23:32.230620,593334,37
2026-06-23T13:23:32.230678,593335,37
2026-06-23T13:23:32.240493,593336,37
2026-06-23T13:23:32.240562,593336,37
2026-06-23T13:23:32.240630,593337,36
2026-06-23T13:23:32.240682,593338,36
2026-06-23T13:23:32.240733,593339,34
2026-06-23T13:23:32.240784,593340,36
2026-06-23T13:23:32.240834,593341,37
2026-06-23T13:23:32.240884,593342,36
2026-06-23T13:23:32.240934,593343,37
2026-06-23T13:23:32.240984,593344,37
2026-06-23T13:23:32.241034,593345,37
2026-06-23T13:23:32.250959,593346,37
2026-06-23T13:23:32.251029,593347,36
2026-06-23T13:23:32.251082,593348,36
2026-06-23T13:23:32.251133,593349,36
2026-06-23T13:23:32.251184,593350,36
2026-06-23T13:23:32.251235,593351,36
2026-06-23T13:23:32.251285,593352,36
2026-06-23T13:23:32.251336,593353,35
2026-06-23T13:23:32.251387,593354,36
2026-06-23T13:23:32.251437,593355,35
2026-06-23T13:23:32.261390,593356,35
2026-06-23T13:23:32.261468,593357,35
2026-06-23T13:23:32.261527,593358,35
2026-06-23T13:23:32.261586,593358,35
2026-06-23T13:23:32.261646,593359,35
2026-06-23T13:23:32.261708,593360,35
2026-06-23T13:23:32.261768,593361,35
2026-06-23T13:23:32.261827,593362,34
2026-06-23T13:23:32.261886,593363,34
2026-06-23T13:23:32.261945,593364,34
2026-06-23T13:23:32.262004,593365,34
2026-06-23T13:23:32.271820,593366,34
2026-06-23T13:23:32.271894,593367,34
2026-06-23T13:23:32.271945,593368,34
2026-06-23T13:23:32.271995,593369,35
2026-06-23T13:23:32.272047,593370,35
2026-06-23T13:23:32.272097,593371,35
2026-06-23T13:23:32.272147,593372,34
2026-06-23T13:23:32.272197,593373,34
2026-06-23T13:23:32.272248,593374,34
2026-06-23T13:23:32.272299,593375,34
2026-06-23T13:23:32.272349,593376,34
2026-06-23T13:23:32.282251,593377,34
2026-06-23T13:23:32.282327,593378,33
2026-06-23T13:23:32.282388,593379,33
2026-06-23T13:23:32.282447,593379,33
2026-06-23T13:23:32.282506,593380,33
2026-06-23T13:23:32.282564,593381,33
2026-06-23T13:23:32.282623,593382,33
2026-06-23T13:23:32.282681,593383,33
2026-06-23T13:23:32.282740,593384,33
2026-06-23T13:23:32.282799,593385,33
2026-06-23T13:23:32.282851,593386,34
2026-06-23T13:23:32.292732,593387,33
2026-06-23T13:23:32.292821,593388,33
2026-06-23T13:23:32.292882,593389,33
2026-06-23T13:23:32.292955,593390,33
2026-06-23T13:23:32.293018,593391,33
2026-06-23T13:23:32.293077,593392,32
2026-06-23T13:23:32.293157,593393,32
2026-06-23T13:23:32.293217,593394,32
2026-06-23T13:23:32.293276,593395,32
2026-06-23T13:23:32.293335,593396,33
2026-06-23T13:23:32.293396,593397,33
2026-06-23T13:23:32.303226,593398,33
2026-06-23T13:23:32.303302,593399,32
2026-06-23T13:23:32.303354,593400,34
2026-06-23T13:23:32.303405,593400,33
2026-06-23T13:23:32.303456,593401,33
2026-06-23T13:23:32.303506,593402,33
2026-06-23T13:23:32.303558,593403,34
2026-06-23T13:23:32.303609,593404,34
2026-06-23T13:23:32.303661,593405,34
2026-06-23T13:23:32.303714,593406,34
2026-06-23T13:23:32.303763,593407,33
2026-06-23T13:23:32.313547,593408,33
2026-06-23T13:23:32.313620,593409,33
2026-06-23T13:23:32.313681,593410,33
2026-06-23T13:23:32.313745,593411,34
2026-06-23T13:23:32.313804,593412,34
2026-06-23T13:23:32.313862,593413,35
2026-06-23T13:23:32.313921,593414,35
2026-06-23T13:23:32.313979,593415,36
2026-06-23T13:23:32.314039,593416,36
2026-06-23T13:23:32.314097,593417,36
2026-06-23T13:23:32.314156,593418,35
2026-06-23T13:23:32.324014,593419,35
2026-06-23T13:23:32.324091,593420,36
2026-06-23T13:23:32.324143,593421,38
2026-06-23T13:23:32.324193,593422,38
2026-06-23T13:23:32.324244,593422,39
2026-06-23T13:23:32.324295,593423,40
2026-06-23T13:23:32.324345,593424,40
2026-06-23T13:23:32.324399,593425,41
2026-06-23T13:23:32.324450,593426,40
2026-06-23T13:23:32.324502,593427,40
2026-06-23T13:23:32.324554,593428,40
2026-06-23T13:23:32.334494,593429,40
2026-06-23T13:23:32.334584,593430,40
2026-06-23T13:23:32.334639,593431,40
2026-06-23T13:23:32.334692,593432,40
2026-06-23T13:23:32.334744,593433,40
2026-06-23T13:23:32.334796,593434,40
2026-06-23T13:23:32.334848,593435,40
2026-06-23T13:23:32.334899,593436,40
2026-06-23T13:23:32.334950,593437,40
2026-06-23T13:23:32.335000,593438,39
2026-06-23T13:23:32.335051,593439,39
2026-06-23T13:23:32.344870,593440,39
2026-06-23T13:23:32.344947,593441,39
2026-06-23T13:23:32.345001,593442,39
2026-06-23T13:23:32.345053,593443,38
2026-06-23T13:23:32.345104,593443,38
2026-06-23T13:23:32.345156,593444,38
2026-06-23T13:23:32.345208,593445,38
2026-06-23T13:23:32.345258,593446,37
2026-06-23T13:23:32.345309,593447,38
2026-06-23T13:23:32.345359,593448,37
2026-06-23T13:23:32.345409,593449,38
2026-06-23T13:23:32.355472,593450,37
2026-06-23T13:23:32.355552,593451,38
2026-06-23T13:23:32.355603,593452,37
2026-06-23T13:23:32.355654,593453,37
2026-06-23T13:23:32.355706,593454,37
2026-06-23T13:23:32.355756,593455,37
2026-06-23T13:23:32.355840,593456,37
2026-06-23T13:23:32.355921,593457,37
2026-06-23T13:23:32.355980,593458,37
2026-06-23T13:23:32.356035,593459,37
2026-06-23T13:23:32.356088,593460,37
2026-06-23T13:23:32.365805,593461,37
2026-06-23T13:23:32.365886,593462,37
2026-06-23T13:23:32.365939,593463,36
2026-06-23T13:23:32.365989,593464,34
2026-06-23T13:23:32.366039,593464,37
2026-06-23T13:23:32.366091,593465,36
2026-06-23T13:23:32.366147,593466,31
2026-06-23T13:23:32.366197,593467,37
2026-06-23T13:23:32.366248,593468,37
2026-06-23T13:23:32.366298,593469,37
2026-06-23T13:23:32.376204,593470,37
2026-06-23T13:23:32.376268,593471,36
2026-06-23T13:23:32.376320,593472,37
2026-06-23T13:23:32.376380,593473,36
2026-06-23T13:23:32.376432,593474,36
2026-06-23T13:23:32.376482,593475,36
2026-06-23T13:23:32.376532,593476,36
2026-06-23T13:23:32.376583,593477,36
2026-06-23T13:23:32.376633,593478,36
2026-06-23T13:23:32.376684,593479,36
2026-06-23T13:23:32.376735,593480,35
2026-06-23T13:23:32.386690,593481,35
2026-06-23T13:23:32.386767,593482,35
2026-06-23T13:23:32.386827,593483,36
2026-06-23T13:23:32.386886,593484,36
2026-06-23T13:23:32.386958,593485,36
2026-06-23T13:23:32.387018,593486,36
2026-06-23T13:23:32.387077,593486,36
2026-06-23T13:23:32.387136,593487,36
2026-06-23T13:23:32.387215,593488,35
2026-06-23T13:23:32.387276,593489,36
2026-06-23T13:23:32.387335,593490,35
2026-06-23T13:23:32.397029,593491,35
2026-06-23T13:23:32.397142,593492,35
2026-06-23T13:23:32.397214,593493,35
2026-06-23T13:23:32.397277,593494,34
2026-06-23T13:23:32.397341,593495,36
2026-06-23T13:23:32.397401,593496,35
2026-06-23T13:23:32.397461,593497,35
2026-06-23T13:23:32.397520,593498,35
2026-06-23T13:23:32.397579,593499,35
2026-06-23T13:23:32.397637,593500,36
2026-06-23T13:23:32.397699,593501,36
2026-06-23T13:23:32.407545,593502,37
2026-06-23T13:23:32.407636,593503,37
2026-06-23T13:23:32.407698,593504,37
2026-06-23T13:23:32.407759,593505,37
2026-06-23T13:23:32.407819,593506,36
2026-06-23T13:23:32.407878,593507,36
2026-06-23T13:23:32.407938,593507,36
2026-06-23T13:23:32.407997,593508,36
2026-06-23T13:23:32.408056,593509,36
2026-06-23T13:23:32.408115,593510,36
2026-06-23T13:23:32.408174,593511,35
2026-06-23T13:23:32.418077,593512,36
2026-06-23T13:23:32.418156,593513,36
2026-06-23T13:23:32.418216,593514,35
2026-06-23T13:23:32.418275,593515,35
2026-06-23T13:23:32.418334,593516,35
2026-06-23T13:23:32.418393,593517,35
2026-06-23T13:23:32.418452,593518,34
2026-06-23T13:23:32.418510,593519,34
2026-06-23T13:23:32.418569,593520,34
2026-06-23T13:23:32.418628,593521,34
2026-06-23T13:23:32.418686,593522,34
2026-06-23T13:23:32.428366,593523,35
2026-06-23T13:23:32.428435,593524,34
2026-06-23T13:23:32.428495,593525,34
2026-06-23T13:23:32.428555,593526,34
2026-06-23T13:23:32.428613,593527,34
2026-06-23T13:23:32.428672,593528,34
2026-06-23T13:23:32.428731,593528,34
2026-06-23T13:23:32.428789,593529,34
2026-06-23T13:23:32.428848,593530,34
2026-06-23T13:23:32.428906,593531,34
2026-06-23T13:23:32.428965,593532,34
2026-06-23T13:23:32.438877,593533,34
2026-06-23T13:23:32.438953,593534,34
2026-06-23T13:23:32.439014,593535,33
2026-06-23T13:23:32.439072,593536,33
2026-06-23T13:23:32.439140,593537,34
2026-06-23T13:23:32.439263,593538,34
2026-06-23T13:23:32.439361,593539,34
2026-06-23T13:23:32.439434,593540,34
2026-06-23T13:23:32.439496,593541,34
2026-06-23T13:23:32.439557,593542,34
2026-06-23T13:23:32.439617,593543,34
2026-06-23T13:23:32.449247,593544,34
2026-06-23T13:23:32.449324,593545,34
2026-06-23T13:23:32.449385,593546,34
2026-06-23T13:23:32.449444,593547,34
2026-06-23T13:23:32.449504,593548,34
2026-06-23T13:23:32.449568,593549,35
2026-06-23T13:23:32.449628,593550,35
2026-06-23T13:23:32.449687,593550,36
2026-06-23T13:23:32.449746,593551,36
2026-06-23T13:23:32.449804,593552,36
2026-06-23T13:23:32.449863,593553,36
2026-06-23T13:23:32.459749,593554,36
2026-06-23T13:23:32.459834,593555,37
2026-06-23T13:23:32.459907,593556,38
2026-06-23T13:23:32.459992,593557,39
2026-06-23T13:23:32.460076,593558,40
2026-06-23T13:23:32.460149,593559,39
2026-06-23T13:23:32.460220,593560,40
2026-06-23T13:23:32.460292,593561,40
2026-06-23T13:23:32.460363,593562,40
2026-06-23T13:23:32.460434,593563,41
2026-06-23T13:23:32.460505,593564,41
2026-06-23T13:23:32.470221,593565,41
2026-06-23T13:23:32.470312,593566,41
2026-06-23T13:23:32.470384,593567,42
2026-06-23T13:23:32.470457,593568,43
2026-06-23T13:23:32.470532,593569,43
2026-06-23T13:23:32.470604,593570,43
2026-06-23T13:23:32.470676,593571,43
2026-06-23T13:23:32.470747,593571,43
2026-06-23T13:23:32.470818,593572,43
2026-06-23T13:23:32.470889,593573,43
2026-06-23T13:23:32.470960,593574,43
2026-06-23T13:23:32.480644,593575,42
2026-06-23T13:23:32.480731,593576,43
2026-06-23T13:23:32.480804,593577,43
2026-06-23T13:23:32.480875,593578,43
2026-06-23T13:23:32.480948,593579,43
2026-06-23T13:23:32.481020,593580,44
2026-06-23T13:23:32.481091,593581,43
2026-06-23T13:23:32.481162,593582,45
2026-06-23T13:23:32.481234,593583,48
2026-06-23T13:23:32.481306,593584,51
2026-06-23T13:23:32.490992,593585,56
2026-06-23T13:23:32.491080,593586,59
2026-06-23T13:23:32.491153,593587,60
2026-06-23T13:23:32.491225,593588,60
2026-06-23T13:23:32.491296,593589,62
2026-06-23T13:23:32.491368,593590,66
2026-06-23T13:23:32.491439,593591,71
2026-06-23T13:23:32.491511,593592,76
2026-06-23T13:23:32.491582,593592,78
2026-06-23T13:23:32.491653,593593,78
2026-06-23T13:23:32.491725,593594,78
2026-06-23T13:23:32.501541,593595,77
2026-06-23T13:23:32.501635,593596,76
2026-06-23T13:23:32.501708,593597,75
2026-06-23T13:23:32.501781,593598,75
2026-06-23T13:23:32.501854,593599,74
2026-06-23T13:23:32.501929,593600,73
2026-06-23T13:23:32.502001,593601,74
2026-06-23T13:23:32.502074,593602,74
2026-06-23T13:23:32.502146,593603,74
2026-06-23T13:23:32.502218,593604,74
2026-06-23T13:23:32.502290,593605,74
2026-06-23T13:23:32.511912,593606,73
2026-06-23T13:23:32.511994,593607,73
2026-06-23T13:23:32.512067,593608,72
2026-06-23T13:23:32.512141,593609,71
2026-06-23T13:23:32.512215,593610,70
2026-06-23T13:23:32.512289,593611,70
2026-06-23T13:23:32.512361,593612,70
2026-06-23T13:23:32.512434,593613,70
2026-06-23T13:23:32.512506,593614,71
2026-06-23T13:23:32.512578,593614,71
2026-06-23T13:23:32.512651,593615,72
2026-06-23T13:23:32.522459,593616,72
2026-06-23T13:23:32.522550,593617,72
2026-06-23T13:23:32.522623,593618,71
2026-06-23T13:23:32.522695,593619,71
2026-06-23T13:23:32.522767,593620,72
2026-06-23T13:23:32.522895,593621,73
2026-06-23T13:23:32.522988,593622,74
2026-06-23T13:23:32.523084,593623,73
2026-06-23T13:23:32.523162,593624,73
2026-06-23T13:23:32.523237,593625,71
2026-06-23T13:23:32.523311,593626,71
2026-06-23T13:23:32.532783,593627,70
2026-06-23T13:23:32.532871,593628,70
2026-06-23T13:23:32.532945,593629,69
2026-06-23T13:23:32.533017,593630,69
2026-06-23T13:23:32.533089,593631,68
2026-06-23T13:23:32.533161,593632,67
2026-06-23T13:23:32.533247,593633,66
2026-06-23T13:23:32.533321,593634,65
2026-06-23T13:23:32.533393,593635,65
2026-06-23T13:23:32.533465,593635,65
2026-06-23T13:23:32.533537,593636,64
2026-06-23T13:23:32.543291,593637,64
2026-06-23T13:23:32.543375,593638,63
2026-06-23T13:23:32.543447,593639,64
2026-06-23T13:23:32.543540,593640,65
2026-06-23T13:23:32.543612,593641,67
2026-06-23T13:23:32.543683,593642,71
2026-06-23T13:23:32.543755,593643,74
2026-06-23T13:23:32.543834,593644,77
2026-06-23T13:23:32.543906,593645,80
2026-06-23T13:23:32.543976,593646,81
2026-06-23T13:23:32.544084,593647,81
2026-06-23T13:23:32.553777,593648,80
2026-06-23T13:23:32.553868,593649,81
2026-06-23T13:23:32.553941,593650,85
2026-06-23T13:23:32.554013,593651,92
2026-06-23T13:23:32.554085,593652,96
2026-06-23T13:23:32.554156,593653,97
2026-06-23T13:23:32.554229,593654,96
2026-06-23T13:23:32.554310,593655,96
2026-06-23T13:23:32.554383,593656,96
2026-06-23T13:23:32.554457,593657,96
2026-06-23T13:23:32.554531,593657,95
2026-06-23T13:23:32.564108,593658,95
2026-06-23T13:23:32.564213,593659,94
2026-06-23T13:23:32.564309,593660,93
2026-06-23T13:23:32.564402,593661,92
2026-06-23T13:23:32.564494,593662,91
2026-06-23T13:23:32.564585,593663,89
2026-06-23T13:23:32.564676,593664,91
2026-06-23T13:23:32.564769,593665,91
2026-06-23T13:23:32.564862,593666,91
2026-06-23T13:23:32.564952,593667,90
2026-06-23T13:23:32.565045,593668,90
2026-06-23T13:23:32.574615,593669,91
2026-06-23T13:23:32.574707,593670,92
2026-06-23T13:23:32.574781,593671,93
2026-06-23T13:23:32.574853,593672,95
2026-06-23T13:23:32.574927,593673,95
2026-06-23T13:23:32.575000,593674,94
2026-06-23T13:23:32.575072,593675,95
2026-06-23T13:23:32.575144,593676,98
2026-06-23T13:23:32.575217,593677,99
2026-06-23T13:23:32.575288,593678,98
2026-06-23T13:23:32.575364,593678,100
2026-06-23T13:23:32.585048,593680,101
2026-06-23T13:23:32.585164,593681,100
2026-06-23T13:23:32.585249,593682,104
2026-06-23T13:23:32.585329,593683,108
2026-06-23T13:23:32.585407,593684,111
2026-06-23T13:23:32.585485,593685,111
2026-06-23T13:23:32.585563,593686,110
2026-06-23T13:23:32.585640,593687,109
2026-06-23T13:23:32.585719,593688,110
2026-06-23T13:23:32.585796,593689,111
2026-06-23T13:23:32.595479,593690,111
2026-06-23T13:23:32.595562,593691,110
2026-06-23T13:23:32.595630,593692,110
2026-06-23T13:23:32.595696,593693,108
2026-06-23T13:23:32.595760,593694,107
2026-06-23T13:23:32.595826,593695,105
2026-06-23T13:23:32.595890,593696,104
2026-06-23T13:23:32.595956,593697,104
2026-06-23T13:23:32.596022,593698,105
2026-06-23T13:23:32.596152,593699,106
2026-06-23T13:23:32.605994,593700,105
2026-06-23T13:23:32.606114,593701,104
2026-06-23T13:23:32.606197,593702,103
2026-06-23T13:23:32.606276,593703,102
2026-06-23T13:23:32.606354,593705,102
2026-06-23T13:23:32.606432,593706,103
2026-06-23T13:23:32.606510,593707,102
2026-06-23T13:23:32.606591,593708,103
2026-06-23T13:23:32.606669,593709,101
2026-06-23T13:23:32.606746,593710,101
2026-06-23T13:23:32.616418,593711,100
2026-06-23T13:23:32.616560,593712,100
2026-06-23T13:23:32.616640,593713,98
2026-06-23T13:23:32.616716,593714,97
2026-06-23T13:23:32.616790,593715,95
2026-06-23T13:23:32.616863,593716,94
2026-06-23T13:23:32.616936,593717,93
2026-06-23T13:23:32.617010,593718,92
2026-06-23T13:23:32.617083,593719,92
2026-06-23T13:23:32.617156,593720,92
2026-06-23T13:23:32.626763,593721,91
2026-06-23T13:23:32.626878,593721,90
2026-06-23T13:23:32.626988,593722,89
2026-06-23T13:23:32.627082,593723,88
2026-06-23T13:23:32.627174,593724,88
2026-06-23T13:23:32.627266,593725,88
2026-06-23T13:23:32.627358,593726,87
2026-06-23T13:23:32.627448,593727,87
2026-06-23T13:23:32.627541,593728,87
2026-06-23T13:23:32.627634,593729,87
2026-06-23T13:23:32.627748,593730,86
2026-06-23T13:23:32.637234,593731,86
2026-06-23T13:23:32.637330,593732,87
2026-06-23T13:23:32.637403,593733,89
2026-06-23T13:23:32.637475,593734,90
2026-06-23T13:23:32.637546,593735,91
2026-06-23T13:23:32.637618,593736,92
2026-06-23T13:23:32.637689,593737,92
2026-06-23T13:23:32.637761,593738,91
2026-06-23T13:23:32.637832,593739,90
2026-06-23T13:23:32.637904,593740,89
2026-06-23T13:23:32.637976,593741,87
2026-06-23T13:23:32.647684,593742,87
2026-06-23T13:23:32.647794,593742,89
2026-06-23T13:23:32.647887,593743,90
2026-06-23T13:23:32.647979,593744,91
2026-06-23T13:23:32.648058,593745,90
2026-06-23T13:23:32.648131,593746,89
2026-06-23T13:23:32.648202,593747,89
2026-06-23T13:23:32.648274,593748,91
2026-06-23T13:23:32.648345,593749,94
2026-06-23T13:23:32.648417,593750,97
2026-06-23T13:23:32.648488,593751,98
2026-06-23T13:23:32.658137,593752,98
2026-06-23T13:23:32.658224,593753,99
2026-06-23T13:23:32.658296,593754,98
2026-06-23T13:23:32.658368,593755,98
2026-06-23T13:23:32.658440,593756,99
2026-06-23T13:23:32.658512,593757,98
2026-06-23T13:23:32.658583,593758,97
2026-06-23T13:23:32.658654,593759,98
2026-06-23T13:23:32.658730,593760,102
2026-06-23T13:23:32.658807,593761,107
2026-06-23T13:23:32.658883,593762,111
2026-06-23T13:23:32.668638,593763,113
2026-06-23T13:23:32.668734,593764,112
2026-06-23T13:23:32.668818,593765,116
2026-06-23T13:23:32.668895,593766,119
2026-06-23T13:23:32.668972,593767,121
2026-06-23T13:23:32.669073,593768,120
2026-06-23T13:23:32.669150,593769,121
2026-06-23T13:23:32.669225,593770,123
2026-06-23T13:23:32.669301,593771,126
2026-06-23T13:23:32.669377,593772,129
2026-06-23T13:23:32.678998,593773,131
2026-06-23T13:23:32.679084,593774,133
2026-06-23T13:23:32.679162,593775,134
2026-06-23T13:23:32.679239,593776,134
2026-06-23T13:23:32.679316,593777,133
2026-06-23T13:23:32.679393,593778,131
2026-06-23T13:23:32.679470,593779,132
2026-06-23T13:23:32.679547,593781,133
2026-06-23T13:23:32.679624,593782,136
2026-06-23T13:23:32.679699,593783,139
2026-06-23T13:23:32.689469,593784,144
2026-06-23T13:23:32.689575,593785,146
2026-06-23T13:23:32.689656,593786,148
2026-06-23T13:23:32.689734,593787,146
2026-06-23T13:23:32.689812,593788,147
2026-06-23T13:23:32.689890,593789,148
2026-06-23T13:23:32.689972,593790,146
2026-06-23T13:23:32.690050,593791,145
2026-06-23T13:23:32.690126,593792,146
2026-06-23T13:23:32.690203,593793,147
2026-06-23T13:23:32.699914,593794,147
2026-06-23T13:23:32.700016,593795,146
2026-06-23T13:23:32.700095,593796,147
2026-06-23T13:23:32.700173,593797,147
2026-06-23T13:23:32.700256,593798,146
2026-06-23T13:23:32.700334,593799,144
2026-06-23T13:23:32.700411,593800,141
2026-06-23T13:23:32.700488,593801,140
2026-06-23T13:23:32.700564,593802,140
2026-06-23T13:23:32.700641,593803,140
2026-06-23T13:23:32.710344,593804,138
2026-06-23T13:23:32.710458,593806,136
2026-06-23T13:23:32.710556,593807,134
2026-06-23T13:23:32.710674,593808,133
2026-06-23T13:23:32.710773,593809,132
2026-06-23T13:23:32.710870,593810,133
2026-06-23T13:23:32.710975,593811,134
2026-06-23T13:23:32.711074,593812,135
2026-06-23T13:23:32.711174,593813,134
2026-06-23T13:23:32.711273,593814,131
2026-06-23T13:23:32.720823,593815,130
2026-06-23T13:23:32.720919,593816,127
2026-06-23T13:23:32.720997,593817,126
2026-06-23T13:23:32.721075,593818,124
2026-06-23T13:23:32.721152,593819,122
2026-06-23T13:23:32.721228,593820,121
2026-06-23T13:23:32.721304,593821,121
2026-06-23T13:23:32.721380,593822,120
2026-06-23T13:23:32.721456,593823,120
2026-06-23T13:23:32.721532,593824,122
2026-06-23T13:23:32.731261,593825,122
2026-06-23T13:23:32.731377,593826,121
2026-06-23T13:23:32.731476,593827,121
2026-06-23T13:23:32.731574,593828,123
2026-06-23T13:23:32.731672,593829,125
2026-06-23T13:23:32.731770,593831,123
2026-06-23T13:23:32.731867,593832,127
2026-06-23T13:23:32.731965,593833,131
2026-06-23T13:23:32.732062,593834,131
2026-06-23T13:23:32.732160,593835,129
2026-06-23T13:23:32.741685,593836,129
2026-06-23T13:23:32.741778,593837,128
2026-06-23T13:23:32.741856,593838,129
2026-06-23T13:23:32.741932,593839,131
2026-06-23T13:23:32.742009,593840,136
2026-06-23T13:23:32.742084,593841,144
2026-06-23T13:23:32.742160,593842,151
2026-06-23T13:23:32.742236,593843,155
2026-06-23T13:23:32.742313,593844,153
2026-06-23T13:23:32.742389,593845,154
2026-06-23T13:23:32.752190,593846,159
2026-06-23T13:23:32.752288,593847,166
2026-06-23T13:23:32.752365,593848,174
2026-06-23T13:23:32.752442,593849,180
2026-06-23T13:23:32.752518,593850,180
2026-06-23T13:23:32.752594,593851,182
2026-06-23T13:23:32.752671,593852,184
2026-06-23T13:23:32.752752,593853,183
2026-06-23T13:23:32.752829,593855,179
2026-06-23T13:23:32.752905,593856,176
2026-06-23T13:23:32.762516,593857,173
2026-06-23T13:23:32.762602,593858,173
2026-06-23T13:23:32.762681,593859,171
2026-06-23T13:23:32.762757,593860,168
2026-06-23T13:23:32.762837,593861,166
2026-06-23T13:23:32.762917,593862,164
2026-06-23T13:23:32.762995,593863,163
2026-06-23T13:23:32.763072,593864,162
2026-06-23T13:23:32.763149,593865,160
2026-06-23T13:23:32.763226,593866,162
2026-06-23T13:23:32.773002,593867,165
2026-06-23T13:23:32.773132,593868,168
2026-06-23T13:23:32.773214,593869,169
2026-06-23T13:23:32.773292,593870,169
2026-06-23T13:23:32.773370,593871,166
2026-06-23T13:23:32.773447,593872,165
2026-06-23T13:23:32.773524,593873,168
2026-06-23T13:23:32.773607,593874,169
2026-06-23T13:23:32.773684,593875,168
2026-06-23T13:23:32.773761,593876,167
2026-06-23T13:23:32.783494,593877,165
2026-06-23T13:23:32.783600,593878,164
2026-06-23T13:23:32.783678,593880,162
2026-06-23T13:23:32.783756,593881,160
2026-06-23T13:23:32.783834,593882,158
2026-06-23T13:23:32.783911,593883,156
2026-06-23T13:23:32.783988,593884,154
2026-06-23T13:23:32.784065,593885,154
2026-06-23T13:23:32.784141,593886,155
2026-06-23T13:23:32.784218,593887,150
2026-06-23T13:23:32.793819,593888,151
2026-06-23T13:23:32.793905,593889,152
2026-06-23T13:23:32.793983,593890,150
2026-06-23T13:23:32.794060,593891,149
2026-06-23T13:23:32.794136,593892,149
2026-06-23T13:23:32.794215,593893,148
2026-06-23T13:23:32.794292,593894,150
2026-06-23T13:23:32.794369,593895,149
2026-06-23T13:23:32.794446,593896,152
2026-06-23T13:23:32.794522,593897,159
2026-06-23T13:23:32.804401,593898,164
2026-06-23T13:23:32.804501,593899,165
2026-06-23T13:23:32.804578,593900,163
2026-06-23T13:23:32.804655,593901,162
2026-06-23T13:23:32.804731,593902,160
2026-06-23T13:23:32.804808,593903,157
2026-06-23T13:23:32.804884,593905,154
2026-06-23T13:23:32.804960,593906,158
2026-06-23T13:23:32.805036,593907,163
2026-06-23T13:23:32.805113,593908,172
2026-06-23T13:23:32.814747,593909,167
2026-06-23T13:23:32.814839,593910,168
2026-06-23T13:23:32.814917,593911,167
2026-06-23T13:23:32.814994,593912,166
2026-06-23T13:23:32.815070,593913,163
2026-06-23T13:23:32.815147,593914,162
2026-06-23T13:23:32.815223,593915,164
2026-06-23T13:23:32.815300,593916,162
2026-06-23T13:23:32.815376,593917,163
2026-06-23T13:23:32.815452,593918,163
2026-06-23T13:23:32.825183,593919,161
2026-06-23T13:23:32.825273,593920,160
2026-06-23T13:23:32.825351,593921,163
2026-06-23T13:23:32.825428,593922,167
2026-06-23T13:23:32.825504,593923,168
2026-06-23T13:23:32.825580,593924,166
2026-06-23T13:23:32.825657,593925,163
2026-06-23T13:23:32.825733,593926,162
2026-06-23T13:23:32.825809,593927,162
2026-06-23T13:23:32.825885,593928,163
2026-06-23T13:23:32.835676,593930,162
2026-06-23T13:23:32.835771,593931,160
2026-06-23T13:23:32.835849,593932,160
2026-06-23T13:23:32.835925,593933,161
2026-06-23T13:23:32.836002,593934,163
2026-06-23T13:23:32.836078,593935,165
2026-06-23T13:23:32.836155,593936,165
2026-06-23T13:23:32.836231,593937,164
2026-06-23T13:23:32.836306,593938,161
2026-06-23T13:23:32.836382,593939,160
2026-06-23T13:23:32.846043,593940,159
2026-06-23T13:23:32.846153,593941,158
2026-06-23T13:23:32.846252,593942,161
2026-06-23T13:23:32.846350,593943,162
2026-06-23T13:23:32.846447,593944,161
2026-06-23T13:23:32.846545,593945,160
2026-06-23T13:23:32.846642,593946,158
2026-06-23T13:23:32.846739,593947,158
2026-06-23T13:23:32.846837,593948,155
2026-06-23T13:23:32.846963,593949,154
2026-06-23T13:23:32.856515,593950,156
2026-06-23T13:23:32.856606,593951,160
2026-06-23T13:23:32.856684,593952,166
2026-06-23T13:23:32.856761,593954,173
2026-06-23T13:23:32.856838,593955,177
2026-06-23T13:23:32.856915,593956,178
2026-06-23T13:23:32.856992,593957,178
2026-06-23T13:23:32.857069,593958,181
2026-06-23T13:23:32.857146,593959,179
2026-06-23T13:23:32.857223,593960,183
2026-06-23T13:23:32.866986,593961,190
2026-06-23T13:23:32.867087,593962,200
2026-06-23T13:23:32.867165,593963,206
2026-06-23T13:23:32.867242,593964,208
2026-06-23T13:23:32.867318,593965,205
2026-06-23T13:23:32.867395,593966,203
2026-06-23T13:23:32.867472,593967,204
2026-06-23T13:23:32.867548,593968,205
2026-06-23T13:23:32.867624,593969,205
2026-06-23T13:23:32.867722,593970,204
2026-06-23T13:23:32.877298,593971,203
2026-06-23T13:23:32.877384,593972,199
2026-06-23T13:23:32.877462,593973,196
2026-06-23T13:23:32.877538,593974,197
2026-06-23T13:23:32.877616,593975,199
2026-06-23T13:23:32.877693,593976,200
2026-06-23T13:23:32.877772,593977,199
2026-06-23T13:23:32.877871,593979,196
2026-06-23T13:23:32.877948,593980,198
2026-06-23T13:23:32.878024,593981,203
2026-06-23T13:23:32.887836,593982,213
2026-06-23T13:23:32.887931,593983,226
2026-06-23T13:23:32.888008,593984,235
2026-06-23T13:23:32.888085,593985,236
2026-06-23T13:23:32.888162,593986,236
2026-06-23T13:23:32.888238,593987,231
2026-06-23T13:23:32.888314,593988,228
2026-06-23T13:23:32.888389,593989,225
2026-06-23T13:23:32.888466,593990,222
2026-06-23T13:23:32.888541,593991,221
2026-06-23T13:23:32.898196,593992,223
2026-06-23T13:23:32.898290,593993,227
2026-06-23T13:23:32.898370,593994,232
2026-06-23T13:23:32.898448,593995,240
2026-06-23T13:23:32.898525,593996,247
2026-06-23T13:23:32.898602,593997,248
2026-06-23T13:23:32.898678,593998,246
2026-06-23T13:23:32.898755,593999,242
2026-06-23T13:23:32.898831,594000,238
2026-06-23T13:23:32.898907,594001,234
2026-06-23T13:23:32.908712,594002,231
2026-06-23T13:23:32.908802,594004,228
2026-06-23T13:23:32.908880,594005,224
2026-06-23T13:23:32.908957,594006,220
2026-06-23T13:23:32.909032,594007,215
2026-06-23T13:23:32.909108,594008,211
2026-06-23T13:23:32.909188,594009,208
2026-06-23T13:23:32.909265,594010,205
2026-06-23T13:23:32.909341,594011,201
2026-06-23T13:23:32.909418,594012,201
2026-06-23T13:23:32.919171,594013,204
2026-06-23T13:23:32.919275,594014,209
2026-06-23T13:23:32.919354,594015,211
2026-06-23T13:23:32.919433,594016,211
2026-06-23T13:23:32.919512,594017,213
2026-06-23T13:23:32.919594,594018,216
2026-06-23T13:23:32.919671,594019,216
2026-06-23T13:23:32.919749,594020,211
2026-06-23T13:23:32.919826,594021,212
2026-06-23T13:23:32.919902,594022,214
2026-06-23T13:23:32.929568,594023,219
2026-06-23T13:23:32.929656,594024,225
2026-06-23T13:23:32.929734,594025,228
2026-06-23T13:23:32.929811,594026,227
2026-06-23T13:23:32.929888,594027,225
2026-06-23T13:23:32.929964,594029,225
2026-06-23T13:23:32.930041,594030,227
2026-06-23T13:23:32.930117,594031,231
2026-06-23T13:23:32.930193,594032,234
2026-06-23T13:23:32.930269,594033,232
2026-06-23T13:23:32.940017,594034,227
2026-06-23T13:23:32.940113,594035,225
2026-06-23T13:23:32.940191,594036,224
2026-06-23T13:23:32.940270,594037,227
2026-06-23T13:23:32.940348,594038,227
2026-06-23T13:23:32.940425,594039,224
2026-06-23T13:23:32.940502,594040,223
2026-06-23T13:23:32.940579,594041,223
2026-06-23T13:23:32.940655,594042,219
2026-06-23T13:23:32.940732,594043,216
2026-06-23T13:23:32.950515,594044,214
2026-06-23T13:23:32.950610,594045,212
2026-06-23T13:23:32.950688,594046,208
2026-06-23T13:23:32.950765,594047,206
2026-06-23T13:23:32.950841,594048,202
2026-06-23T13:23:32.950917,594049,199
2026-06-23T13:23:32.950994,594050,196
2026-06-23T13:23:32.951069,594051,194
2026-06-23T13:23:32.951157,594053,192
2026-06-23T13:23:32.951233,594054,189
2026-06-23T13:23:32.960885,594055,185
2026-06-23T13:23:32.960975,594056,181
2026-06-23T13:23:32.961053,594057,179
2026-06-23T13:23:32.961132,594058,178
2026-06-23T13:23:32.961214,594059,177
2026-06-23T13:23:32.961291,594060,175
2026-06-23T13:23:32.961367,594061,172
2026-06-23T13:23:32.961444,594062,169
2026-06-23T13:23:32.961520,594063,166
2026-06-23T13:23:32.961596,594064,163
2026-06-23T13:23:32.971332,594065,160
2026-06-23T13:23:32.971426,594066,160
2026-06-23T13:23:32.971504,594067,159
2026-06-23T13:23:32.971580,594068,156
2026-06-23T13:23:32.971656,594069,154
2026-06-23T13:23:32.971733,594070,152
2026-06-23T13:23:32.971810,594071,150
2026-06-23T13:23:32.971886,594072,148
2026-06-23T13:23:32.971962,594073,148
2026-06-23T13:23:32.972042,594074,148
2026-06-23T13:23:32.981721,594075,147
2026-06-23T13:23:32.981837,594076,150
2026-06-23T13:23:32.981927,594078,151
2026-06-23T13:23:32.982004,594079,151
2026-06-23T13:23:32.982080,594080,158
2026-06-23T13:23:32.982157,594081,166
2026-06-23T13:23:32.982234,594082,169
2026-06-23T13:23:32.982311,594083,168
2026-06-23T13:23:32.982388,594084,167
2026-06-23T13:23:32.982464,594085,167
2026-06-23T13:23:32.992248,594086,163
2026-06-23T13:23:32.992339,594087,161
2026-06-23T13:23:32.992417,594088,159
2026-06-23T13:23:32.992494,594089,157
2026-06-23T13:23:32.992571,594090,157
2026-06-23T13:23:32.992647,594091,155
2026-06-23T13:23:32.992724,594092,154
2026-06-23T13:23:32.992801,594093,153
2026-06-23T13:23:32.992877,594094,150
2026-06-23T13:23:32.992954,594095,148
2026-06-23T13:23:33.002682,594096,146
2026-06-23T13:23:33.002780,594097,145
2026-06-23T13:23:33.002858,594098,144
2026-06-23T13:23:33.002934,594099,144
2026-06-23T13:23:33.003010,594100,146
2026-06-23T13:23:33.003087,594101,151
2026-06-23T13:23:33.003163,594103,155
2026-06-23T13:23:33.003240,594104,154
2026-06-23T13:23:33.003316,594105,152
2026-06-23T13:23:33.003393,594106,151
2026-06-23T13:23:33.013087,594107,149
2026-06-23T13:23:33.013175,594108,147
2026-06-23T13:23:33.013253,594109,145
2026-06-23T13:23:33.013330,594110,149
2026-06-23T13:23:33.013407,594111,154
2026-06-23T13:23:33.013484,594112,157
2026-06-23T13:23:33.013561,594113,158
2026-06-23T13:23:33.013638,594114,157
2026-06-23T13:23:33.013730,594115,156
2026-06-23T13:23:33.013809,594116,152
2026-06-23T13:23:33.023574,594117,150
2026-06-23T13:23:33.023668,594118,148
2026-06-23T13:23:33.023746,594119,147
2026-06-23T13:23:33.023824,594120,146
2026-06-23T13:23:33.023901,594121,145
2026-06-23T13:23:33.023978,594122,142
2026-06-23T13:23:33.024055,594123,140
2026-06-23T13:23:33.024133,594124,138
2026-06-23T13:23:33.024209,594125,136
2026-06-23T13:23:33.024286,594127,133
2026-06-23T13:23:33.034028,594128,131
2026-06-23T13:23:33.034125,594129,129
2026-06-23T13:23:33.034202,594130,129
2026-06-23T13:23:33.034279,594131,128
2026-06-23T13:23:33.034355,594132,126
2026-06-23T13:23:33.034432,594133,124
2026-06-23T13:23:33.034508,594134,123
2026-06-23T13:23:33.034586,594135,123
2026-06-23T13:23:33.034662,594136,122
2026-06-23T13:23:33.034740,594137,121
2026-06-23T13:23:33.044441,594138,121
2026-06-23T13:23:33.044538,594139,120
2026-06-23T13:23:33.044621,594140,119
2026-06-23T13:23:33.044701,594141,117
2026-06-23T13:23:33.044780,594142,118
2026-06-23T13:23:33.044858,594143,120
2026-06-23T13:23:33.044936,594144,119
2026-06-23T13:23:33.045015,594145,118
2026-06-23T13:23:33.045093,594146,117
2026-06-23T13:23:33.045170,594147,116
2026-06-23T13:23:33.054854,594148,115
2026-06-23T13:23:33.054950,594149,113
2026-06-23T13:23:33.055028,594150,112
2026-06-23T13:23:33.055106,594152,115
2026-06-23T13:23:33.055183,594153,111
2026-06-23T13:23:33.055260,594154,112
2026-06-23T13:23:33.055336,594155,110
2026-06-23T13:23:33.055412,594156,111
2026-06-23T13:23:33.055488,594157,112
2026-06-23T13:23:33.055565,594158,112
2026-06-23T13:23:33.065214,594159,114
2026-06-23T13:23:33.065307,594160,115
2026-06-23T13:23:33.065385,594161,115
2026-06-23T13:23:33.065462,594162,118
2026-06-23T13:23:33.065539,594163,121
2026-06-23T13:23:33.065615,594164,121
2026-06-23T13:23:33.065691,594165,119
2026-06-23T13:23:33.065767,594166,118
2026-06-23T13:23:33.065843,594167,120
2026-06-23T13:23:33.065920,594168,124
2026-06-23T13:23:33.075752,594169,123
2026-06-23T13:23:33.075848,594170,122
2026-06-23T13:23:33.075929,594171,121
2026-06-23T13:23:33.076008,594172,119
2026-06-23T13:23:33.076088,594173,117
2026-06-23T13:23:33.076166,594174,115
2026-06-23T13:23:33.076269,594175,114
2026-06-23T13:23:33.076347,594177,114
2026-06-23T13:23:33.076425,594178,114
2026-06-23T13:23:33.076503,594179,114
2026-06-23T13:23:33.086229,594180,113
2026-06-23T13:23:33.086330,594181,111
2026-06-23T13:23:33.086409,594182,110
2026-06-23T13:23:33.086486,594183,109
2026-06-23T13:23:33.086563,594184,109
2026-06-23T13:23:33.086649,594185,109
2026-06-23T13:23:33.086726,594186,108
2026-06-23T13:23:33.086803,594187,106
2026-06-23T13:23:33.086882,594188,104
2026-06-23T13:23:33.086960,594189,104
2026-06-23T13:23:33.096587,594190,103
2026-06-23T13:23:33.096697,594191,102
2026-06-23T13:23:33.096797,594192,100
2026-06-23T13:23:33.096895,594193,100
2026-06-23T13:23:33.097013,594194,100
2026-06-23T13:23:33.097149,594195,99
2026-06-23T13:23:33.097256,594196,97
2026-06-23T13:23:33.097351,594197,96
2026-06-23T13:23:33.097453,594198,94
2026-06-23T13:23:33.097546,594199,95
2026-06-23T13:23:33.107028,594200,96
2026-06-23T13:23:33.107120,594201,95
2026-06-23T13:23:33.107193,594202,94
2026-06-23T13:23:33.107266,594203,93
2026-06-23T13:23:33.107342,594204,92
2026-06-23T13:23:33.107415,594205,91
2026-06-23T13:23:33.107487,594206,90
2026-06-23T13:23:33.107560,594207,89
2026-06-23T13:23:33.107632,594208,88
2026-06-23T13:23:33.107704,594209,87
2026-06-23T13:23:33.107775,594210,85
2026-06-23T13:23:33.117432,594211,85
2026-06-23T13:23:33.117517,594212,84
2026-06-23T13:23:33.117592,594212,83
2026-06-23T13:23:33.117666,594213,82
2026-06-23T13:23:33.117738,594214,81
2026-06-23T13:23:33.117812,594215,81
2026-06-23T13:23:33.117886,594216,81
2026-06-23T13:23:33.117959,594217,82
2026-06-23T13:23:33.118033,594218,82
2026-06-23T13:23:33.118104,594219,83
2026-06-23T13:23:33.118178,594220,83
2026-06-23T13:23:33.127837,594221,82
2026-06-23T13:23:33.127928,594222,82
2026-06-23T13:23:33.128005,594223,82
2026-06-23T13:23:33.128080,594224,82
2026-06-23T13:23:33.128155,594225,81
2026-06-23T13:23:33.128229,594226,80
2026-06-23T13:23:33.128303,594227,81
2026-06-23T13:23:33.128376,594228,80
2026-06-23T13:23:33.128448,594229,79
2026-06-23T13:23:33.128520,594230,81
2026-06-23T13:23:33.128592,594231,85
2026-06-23T13:23:33.138343,594232,88
2026-06-23T13:23:33.138444,594233,89
2026-06-23T13:23:33.138521,594233,89
2026-06-23T13:23:33.138598,594234,87
2026-06-23T13:23:33.138673,594235,86
2026-06-23T13:23:33.138746,594236,85
2026-06-23T13:23:33.138819,594237,84
2026-06-23T13:23:33.138894,594238,83
2026-06-23T13:23:33.138969,594239,82
2026-06-23T13:23:33.139044,594240,81
2026-06-23T13:23:33.139115,594241,80
2026-06-23T13:23:33.149271,594242,79
2026-06-23T13:23:33.149529,594243,78
2026-06-23T13:23:33.149619,594244,78
2026-06-23T13:23:33.149698,594245,76
2026-06-23T13:23:33.149773,594246,75
2026-06-23T13:23:33.149849,594247,74
2026-06-23T13:23:33.149923,594248,74
2026-06-23T13:23:33.149998,594249,73
2026-06-23T13:23:33.150073,594250,72
2026-06-23T13:23:33.150147,594251,72
2026-06-23T13:23:33.150222,594252,72
2026-06-23T13:23:33.159174,594253,73
2026-06-23T13:23:33.159299,594254,74
2026-06-23T13:23:33.159382,594255,74
2026-06-23T13:23:33.159500,594255,73
2026-06-23T13:23:33.159579,594256,73
2026-06-23T13:23:33.159655,594257,71
2026-06-23T13:23:33.159732,594258,71
2026-06-23T13:23:33.159810,594259,71
2026-06-23T13:23:33.159883,594260,71
2026-06-23T13:23:33.159957,594261,72
2026-06-23T13:23:33.160033,594262,71
2026-06-23T13:23:33.169654,594263,70
2026-06-23T13:23:33.169783,594264,70
2026-06-23T13:23:33.169861,594265,71
2026-06-23T13:23:33.169937,594266,72
2026-06-23T13:23:33.170011,594267,75
2026-06-23T13:23:33.170084,594268,75
2026-06-23T13:23:33.170156,594269,75
2026-06-23T13:23:33.170230,594270,74
2026-06-23T13:23:33.170302,594271,75
2026-06-23T13:23:33.170375,594272,75
2026-06-23T13:23:33.179986,594273,74
2026-06-23T13:23:33.180087,594274,73
2026-06-23T13:23:33.180164,594275,72
2026-06-23T13:23:33.180239,594276,72
2026-06-23T13:23:33.180316,594276,70
2026-06-23T13:23:33.180393,594277,70
2026-06-23T13:23:33.180465,594278,69
2026-06-23T13:23:33.180537,594279,68
2026-06-23T13:23:33.180613,594280,68
2026-06-23T13:23:33.180685,594281,67
2026-06-23T13:23:33.180763,594282,67
2026-06-23T13:23:33.190526,594283,66
2026-06-23T13:23:33.190630,594284,66
2026-06-23T13:23:33.190707,594285,66
2026-06-23T13:23:33.190781,594286,65
2026-06-23T13:23:33.190853,594287,65
2026-06-23T13:23:33.190926,594288,64
2026-06-23T13:23:33.190999,594289,64
2026-06-23T13:23:33.191071,594290,63
2026-06-23T13:23:33.191142,594291,62
2026-06-23T13:23:33.191214,594292,63
2026-06-23T13:23:33.191285,594293,62
2026-06-23T13:23:33.200941,594294,62
2026-06-23T13:23:33.201054,594295,64
2026-06-23T13:23:33.201130,594296,64
2026-06-23T13:23:33.201204,594297,65
2026-06-23T13:23:33.201279,594297,64
2026-06-23T13:23:33.201355,594298,64
2026-06-23T13:23:33.201429,594299,64
2026-06-23T13:23:33.201501,594300,63
2026-06-23T13:23:33.201572,594301,63
2026-06-23T13:23:33.201644,594302,63
2026-06-23T13:23:33.201716,594303,61
2026-06-23T13:23:33.211412,594304,61
2026-06-23T13:23:33.211532,594305,60
2026-06-23T13:23:33.211617,594306,60
2026-06-23T13:23:33.211697,594307,61
2026-06-23T13:23:33.211772,594308,61
2026-06-23T13:23:33.211845,594309,63
2026-06-23T13:23:33.211919,594310,62
2026-06-23T13:23:33.211991,594311,63
2026-06-23T13:23:33.212063,594312,66
2026-06-23T13:23:33.212134,594313,68
2026-06-23T13:23:33.212206,594314,69
2026-06-23T13:23:33.221888,594315,68
2026-06-23T13:23:33.221996,594316,68
2026-06-23T13:23:33.222074,594317,67
2026-06-23T13:23:33.222148,594318,66
2026-06-23T13:23:33.222222,594319,65
2026-06-23T13:23:33.222295,594319,64
2026-06-23T13:23:33.222368,594320,64
2026-06-23T13:23:33.222440,594321,63
2026-06-23T13:23:33.222512,594322,62
2026-06-23T13:23:33.222634,594323,62
2026-06-23T13:23:33.222781,594324,61
2026-06-23T13:23:33.232217,594325,61
2026-06-23T13:23:33.232309,594326,60
2026-06-23T13:23:33.232384,594327,59
2026-06-23T13:23:33.232458,594328,58
2026-06-23T13:23:33.232531,594329,58
2026-06-23T13:23:33.232604,594330,57
2026-06-23T13:23:33.232677,594331,57
2026-06-23T13:23:33.232749,594332,56
2026-06-23T13:23:33.232821,594333,55
2026-06-23T13:23:33.232894,594334,55
2026-06-23T13:23:33.232968,594335,55
2026-06-23T13:23:33.242791,594336,55
2026-06-23T13:23:33.242912,594337,55
2026-06-23T13:23:33.243009,594338,54
2026-06-23T13:23:33.243105,594339,55
2026-06-23T13:23:33.243199,594340,57
2026-06-23T13:23:33.243292,594340,58
2026-06-23T13:23:33.243385,594341,58
2026-06-23T13:23:33.243478,594342,58
2026-06-23T13:23:33.243572,594343,58
2026-06-23T13:23:33.243664,594344,60
2026-06-23T13:23:33.243757,594345,63
2026-06-23T13:23:33.253231,594346,64
2026-06-23T13:23:33.253332,594347,63
2026-06-23T13:23:33.253408,594348,63
2026-06-23T13:23:33.253481,594349,62
2026-06-23T13:23:33.253554,594350,62
2026-06-23T13:23:33.253642,594351,63
2026-06-23T13:23:33.253716,594352,63
2026-06-23T13:23:33.253788,594353,64
2026-06-23T13:23:33.253861,594354,64
2026-06-23T13:23:33.253936,594355,64
2026-06-23T13:23:33.254007,594356,64
2026-06-23T13:23:33.263597,594357,63
2026-06-23T13:23:33.263708,594358,62
2026-06-23T13:23:33.263843,594359,62
2026-06-23T13:23:33.263959,594360,61
2026-06-23T13:23:33.264059,594361,60
2026-06-23T13:23:33.264157,594362,60
2026-06-23T13:23:33.264258,594362,59
2026-06-23T13:23:33.264352,594363,58
2026-06-23T13:23:33.264449,594364,57
2026-06-23T13:23:33.264543,594365,57
2026-06-23T13:23:33.264635,594366,58
2026-06-23T13:23:33.274024,594367,60
2026-06-23T13:23:33.274120,594368,61
2026-06-23T13:23:33.274195,594369,63
2026-06-23T13:23:33.274269,594370,65
2026-06-23T13:23:33.274342,594371,65
2026-06-23T13:23:33.274414,594372,64
2026-06-23T13:23:33.274487,594373,64
2026-06-23T13:23:33.274559,594374,63
2026-06-23T13:23:33.274631,594375,66
2026-06-23T13:23:33.274703,594376,71
2026-06-23T13:23:33.274774,594377,74
2026-06-23T13:23:33.284527,594378,75
2026-06-23T13:23:33.284629,594379,75
2026-06-23T13:23:33.284705,594380,75
2026-06-23T13:23:33.284779,594381,74
2026-06-23T13:23:33.284854,594382,73
2026-06-23T13:23:33.284927,594383,72
2026-06-23T13:23:33.285002,594383,71
2026-06-23T13:23:33.285077,594384,70
2026-06-23T13:23:33.285149,594385,70
2026-06-23T13:23:33.285221,594386,69
2026-06-23T13:23:33.294902,594387,68
2026-06-23T13:23:33.294992,594388,67
2026-06-23T13:23:33.295066,594389,67
2026-06-23T13:23:33.295140,594390,66
2026-06-23T13:23:33.295211,594391,64
2026-06-23T13:23:33.295283,594392,65
2026-06-23T13:23:33.295355,594393,64
2026-06-23T13:23:33.295426,594394,63
2026-06-23T13:23:33.295507,594395,62
2026-06-23T13:23:33.295579,594396,62
2026-06-23T13:23:33.295652,594397,62
2026-06-23T13:23:33.305456,594398,60
2026-06-23T13:23:33.305562,594399,61
2026-06-23T13:23:33.305637,594400,61
2026-06-23T13:23:33.305711,594401,61
2026-06-23T13:23:33.305785,594402,60
2026-06-23T13:23:33.305857,594403,60
2026-06-23T13:23:33.305930,594404,60
2026-06-23T13:23:33.306003,594404,59
2026-06-23T13:23:33.306075,594405,58
2026-06-23T13:23:33.306201,594406,58
2026-06-23T13:23:33.306277,594407,57
2026-06-23T13:23:33.315770,594408,56
2026-06-23T13:23:33.315867,594409,56
2026-06-23T13:23:33.315942,594410,56
2026-06-23T13:23:33.316015,594411,55
2026-06-23T13:23:33.316088,594412,55
2026-06-23T13:23:33.316160,594413,55
2026-06-23T13:23:33.316233,594414,56
2026-06-23T13:23:33.316304,594415,56
2026-06-23T13:23:33.316396,594416,57
2026-06-23T13:23:33.316473,594417,57
2026-06-23T13:23:33.316544,594418,56
2026-06-23T13:23:33.326281,594419,57
2026-06-23T13:23:33.326371,594420,59
2026-06-23T13:23:33.326446,594421,61
2026-06-23T13:23:33.326522,594422,63
2026-06-23T13:23:33.326595,594423,64
2026-06-23T13:23:33.326668,594424,64
2026-06-23T13:23:33.326739,594425,63
2026-06-23T13:23:33.326812,594426,63
2026-06-23T13:23:33.326884,594426,63
2026-06-23T13:23:33.326955,594427,62
2026-06-23T13:23:33.327029,594428,61
2026-06-23T13:23:33.336680,594429,61
2026-06-23T13:23:33.336793,594430,61
2026-06-23T13:23:33.336889,594431,60
2026-06-23T13:23:33.336963,594432,59
2026-06-23T13:23:33.337039,594433,59
2026-06-23T13:23:33.337112,594434,60
2026-06-23T13:23:33.337185,594435,61
2026-06-23T13:23:33.337257,594436,62
2026-06-23T13:23:33.337329,594437,64
2026-06-23T13:23:33.337401,594438,65
2026-06-23T13:23:33.337473,594439,66
2026-06-23T13:23:33.347113,594440,65
2026-06-23T13:23:33.347203,594441,66
2026-06-23T13:23:33.347278,594442,69
2026-06-23T13:23:33.347351,594443,72
2026-06-23T13:23:33.347424,594444,73
2026-06-23T13:23:33.347496,594445,74
2026-06-23T13:23:33.347567,594446,74
2026-06-23T13:23:33.347639,594447,73
2026-06-23T13:23:33.347714,594447,72
2026-06-23T13:23:33.347787,594448,71
2026-06-23T13:23:33.347858,594449,71
2026-06-23T13:23:33.357556,594450,70
2026-06-23T13:23:33.357652,594451,69
2026-06-23T13:23:33.357728,594452,68
2026-06-23T13:23:33.357803,594453,68
2026-06-23T13:23:33.357876,594454,67
2026-06-23T13:23:33.357948,594455,67
2026-06-23T13:23:33.358021,594456,67
2026-06-23T13:23:33.358097,594457,67
2026-06-23T13:23:33.358169,594458,67
2026-06-23T13:23:33.358264,594459,67
2026-06-23T13:23:33.358340,594460,66
2026-06-23T13:23:33.368078,594461,67
2026-06-23T13:23:33.368179,594462,67
2026-06-23T13:23:33.368255,594463,67
2026-06-23T13:23:33.368329,594464,66
2026-06-23T13:23:33.368401,594465,66
2026-06-23T13:23:33.368476,594466,65
2026-06-23T13:23:33.368551,594467,64
2026-06-23T13:23:33.368624,594468,64
2026-06-23T13:23:33.368696,594468,63
2026-06-23T13:23:33.368767,594469,63
2026-06-23T13:23:33.368839,594470,63
2026-06-23T13:23:33.378396,594471,62
2026-06-23T13:23:33.378480,594472,61
2026-06-23T13:23:33.378555,594473,61
2026-06-23T13:23:33.378628,594474,60
2026-06-23T13:23:33.378700,594475,59
2026-06-23T13:23:33.378772,594476,58
2026-06-23T13:23:33.378843,594477,59
2026-06-23T13:23:33.378916,594478,58
2026-06-23T13:23:33.378988,594479,58
2026-06-23T13:23:33.379060,594480,57
2026-06-23T13:23:33.379132,594481,57
2026-06-23T13:23:33.388859,594482,57
2026-06-23T13:23:33.388972,594483,56
2026-06-23T13:23:33.389049,594484,57
2026-06-23T13:23:33.389124,594485,57
2026-06-23T13:23:33.389199,594486,56
2026-06-23T13:23:33.389272,594487,58
2026-06-23T13:23:33.389345,594488,58
2026-06-23T13:23:33.389418,594489,58
2026-06-23T13:23:33.389491,594490,59
2026-06-23T13:23:33.389564,594490,59
2026-06-23T13:23:33.389636,594491,59
2026-06-23T13:23:33.399328,594492,60
2026-06-23T13:23:33.399446,594493,61
2026-06-23T13:23:33.399525,594494,60
2026-06-23T13:23:33.399601,594495,60
2026-06-23T13:23:33.399675,594496,61
2026-06-23T13:23:33.399749,594497,62
2026-06-23T13:23:33.399823,594498,64
2026-06-23T13:23:33.399895,594499,66
2026-06-23T13:23:33.399967,594500,68
2026-06-23T13:23:33.400039,594501,68
2026-06-23T13:23:33.409680,594502,67
2026-06-23T13:23:33.409783,594503,66
2026-06-23T13:23:33.409860,594504,65
2026-06-23T13:23:33.409934,594505,65
2026-06-23T13:23:33.410008,594506,65
2026-06-23T13:23:33.410081,594507,65
2026-06-23T13:23:33.410154,594508,65
2026-06-23T13:23:33.410225,594509,65
2026-06-23T13:23:33.410297,594510,64
2026-06-23T13:23:33.410369,594511,65
2026-06-23T13:23:33.410440,594511,64
2026-06-23T13:23:33.420211,594512,64
2026-06-23T13:23:33.420322,594513,64
2026-06-23T13:23:33.420398,594514,64
2026-06-23T13:23:33.420472,594515,64
2026-06-23T13:23:33.420545,594516,64
2026-06-23T13:23:33.420618,594517,63
2026-06-23T13:23:33.420690,594518,62
2026-06-23T13:23:33.420763,594519,62
2026-06-23T13:23:33.420834,594520,61
2026-06-23T13:23:33.420907,594521,61
2026-06-23T13:23:33.420979,594522,60
2026-06-23T13:23:33.430572,594523,61
2026-06-23T13:23:33.430662,594524,62
2026-06-23T13:23:33.430738,594525,62
2026-06-23T13:23:33.430811,594526,64
2026-06-23T13:23:33.430886,594527,65
2026-06-23T13:23:33.430959,594528,66
2026-06-23T13:23:33.431033,594529,67
2026-06-23T13:23:33.431107,594530,67
2026-06-23T13:23:33.431181,594531,66
2026-06-23T13:23:33.431255,594532,68
2026-06-23T13:23:33.431327,594532,70
2026-06-23T13:23:33.441062,594533,70
2026-06-23T13:23:33.441157,594534,70
2026-06-23T13:23:33.441233,594535,70
2026-06-23T13:23:33.441307,594536,71
2026-06-23T13:23:33.441380,594537,71
2026-06-23T13:23:33.441453,594538,71
2026-06-23T13:23:33.441525,594539,72
2026-06-23T13:23:33.441597,594540,72
2026-06-23T13:23:33.441669,594541,72
2026-06-23T13:23:33.441742,594542,71
2026-06-23T13:23:33.441813,594543,71
2026-06-23T13:23:33.451564,594544,71
2026-06-23T13:23:33.451670,594545,71
2026-06-23T13:23:33.451745,594546,70
2026-06-23T13:23:33.451819,594547,69
2026-06-23T13:23:33.451891,594548,69
2026-06-23T13:23:33.451963,594549,69
2026-06-23T13:23:33.452036,594550,68
2026-06-23T13:23:33.452108,594551,67
2026-06-23T13:23:33.452214,594552,67
2026-06-23T13:23:33.452287,594553,66
2026-06-23T13:23:33.452359,594554,65
2026-06-23T13:23:33.461943,594554,64
2026-06-23T13:23:33.462032,594555,64
2026-06-23T13:23:33.462106,594556,63
2026-06-23T13:23:33.462180,594557,63
2026-06-23T13:23:33.462251,594558,62
2026-06-23T13:23:33.462323,594559,62
2026-06-23T13:23:33.462394,594560,62
2026-06-23T13:23:33.462466,594561,63
2026-06-23T13:23:33.462537,594562,62
2026-06-23T13:23:33.462609,594563,62
2026-06-23T13:23:33.462684,594564,62
2026-06-23T13:23:33.472483,594565,61
2026-06-23T13:23:33.472624,594566,61
2026-06-23T13:23:33.472712,594567,60
2026-06-23T13:23:33.472788,594568,60
2026-06-23T13:23:33.472860,594569,60
2026-06-23T13:23:33.472932,594570,61
2026-06-23T13:23:33.473005,594571,60
2026-06-23T13:23:33.473077,594572,61
2026-06-23T13:23:33.473149,594573,60
2026-06-23T13:23:33.473221,594574,60
2026-06-23T13:23:33.473293,594575,60
2026-06-23T13:23:33.482869,594575,59
2026-06-23T13:23:33.482976,594576,59
2026-06-23T13:23:33.483054,594577,58
2026-06-23T13:23:33.483128,594578,57
2026-06-23T13:23:33.483200,594579,57
2026-06-23T13:23:33.483272,594580,56
2026-06-23T13:23:33.483344,594581,56
2026-06-23T13:23:33.483434,594582,56
2026-06-23T13:23:33.483505,594583,55
2026-06-23T13:23:33.483577,594584,55
2026-06-23T13:23:33.483648,594585,54
2026-06-23T13:23:33.493258,594586,54
2026-06-23T13:23:33.493340,594587,54
2026-06-23T13:23:33.493415,594588,54
2026-06-23T13:23:33.493503,594589,53
2026-06-23T13:23:33.493576,594590,53
2026-06-23T13:23:33.493648,594591,52
2026-06-23T13:23:33.493719,594592,52
2026-06-23T13:23:33.493791,594593,51
2026-06-23T13:23:33.493863,594594,51
2026-06-23T13:23:33.493935,594595,51
2026-06-23T13:23:33.494006,594596,50
2026-06-23T13:23:33.503810,594596,50
2026-06-23T13:23:33.503904,594597,49
2026-06-23T13:23:33.503982,594598,49
2026-06-23T13:23:33.504055,594599,49
2026-06-23T13:23:33.504127,594600,48
2026-06-23T13:23:33.504199,594601,48
2026-06-23T13:23:33.504270,594602,48
2026-06-23T13:23:33.504341,594603,47
2026-06-23T13:23:33.504412,594604,48
2026-06-23T13:23:33.504484,594605,48
2026-06-23T13:23:33.504555,594606,48
2026-06-23T13:23:33.514128,594607,47
2026-06-23T13:23:33.514218,594608,48
2026-06-23T13:23:33.514293,594609,48
2026-06-23T13:23:33.514366,594610,48
2026-06-23T13:23:33.514440,594611,48
2026-06-23T13:23:33.514514,594612,48
2026-06-23T13:23:33.514587,594613,48
2026-06-23T13:23:33.514659,594614,48
2026-06-23T13:23:33.514731,594615,47
2026-06-23T13:23:33.514804,594616,47
2026-06-23T13:23:33.524549,594617,47
2026-06-23T13:23:33.524642,594618,48
2026-06-23T13:23:33.524716,594618,49
2026-06-23T13:23:33.524789,594619,48
2026-06-23T13:23:33.524861,594620,48
2026-06-23T13:23:33.524933,594621,48
2026-06-23T13:23:33.525007,594622,47
2026-06-23T13:23:33.525079,594623,47
2026-06-23T13:23:33.525152,594624,47
2026-06-23T13:23:33.525224,594625,47
2026-06-23T13:23:33.525297,594626,47
2026-06-23T13:23:33.535041,594627,47
2026-06-23T13:23:33.535133,594628,47
2026-06-23T13:23:33.535209,594629,46
2026-06-23T13:23:33.535288,594630,46
2026-06-23T13:23:33.535372,594631,46
2026-06-23T13:23:33.535445,594632,46
2026-06-23T13:23:33.535520,594633,45
2026-06-23T13:23:33.535606,594634,45
2026-06-23T13:23:33.535678,594635,45
2026-06-23T13:23:33.535750,594636,44
2026-06-23T13:23:33.535821,594637,44
2026-06-23T13:23:33.545429,594638,43
2026-06-23T13:23:33.545511,594639,43
2026-06-23T13:23:33.545584,594639,43
2026-06-23T13:23:33.545661,594640,42
2026-06-23T13:23:33.545742,594641,42
2026-06-23T13:23:33.545816,594642,43
2026-06-23T13:23:33.545899,594643,42
2026-06-23T13:23:33.545972,594644,42
2026-06-23T13:23:33.546045,594645,43
2026-06-23T13:23:33.546117,594646,43
2026-06-23T13:23:33.546191,594647,43
2026-06-23T13:23:33.555903,594648,44
2026-06-23T13:23:33.556013,594649,44
2026-06-23T13:23:33.556101,594650,45
2026-06-23T13:23:33.556178,594651,45
2026-06-23T13:23:33.556251,594652,45
2026-06-23T13:23:33.556324,594653,45
2026-06-23T13:23:33.556395,594654,46
2026-06-23T13:23:33.556468,594655,49
2026-06-23T13:23:33.556540,594656,50
2026-06-23T13:23:33.556612,594657,51
2026-06-23T13:23:33.556683,594658,51
2026-06-23T13:23:33.566394,594659,50
2026-06-23T13:23:33.566496,594660,51
2026-06-23T13:23:33.566570,594661,50
2026-06-23T13:23:33.566643,594661,50
2026-06-23T13:23:33.566717,594662,49
2026-06-23T13:23:33.566790,594663,49
2026-06-23T13:23:33.566863,594664,49
2026-06-23T13:23:33.566938,594665,49
2026-06-23T13:23:33.567009,594666,48
2026-06-23T13:23:33.567080,594667,48
2026-06-23T13:23:33.567152,594668,47
2026-06-23T13:23:33.576750,594669,47
2026-06-23T13:23:33.576833,594670,47
2026-06-23T13:23:33.576906,594671,46
2026-06-23T13:23:33.576981,594672,45
2026-06-23T13:23:33.577053,594673,45
2026-06-23T13:23:33.577128,594674,45
2026-06-23T13:23:33.577206,594675,45
2026-06-23T13:23:33.577280,594676,45
2026-06-23T13:23:33.577352,594677,44
2026-06-23T13:23:33.577424,594678,44
2026-06-23T13:23:33.577495,594679,44
2026-06-23T13:23:33.587248,594680,44
2026-06-23T13:23:33.587374,594681,43
2026-06-23T13:23:33.587455,594682,44
2026-06-23T13:23:33.587531,594682,45
2026-06-23T13:23:33.587606,594683,44
2026-06-23T13:23:33.587680,594684,44
2026-06-23T13:23:33.587754,594685,44
2026-06-23T13:23:33.587826,594686,43
2026-06-23T13:23:33.587899,594687,43
2026-06-23T13:23:33.587970,594688,42
2026-06-23T13:23:33.588043,594689,43
2026-06-23T13:23:33.597653,594690,42
2026-06-23T13:23:33.597730,594691,42
2026-06-23T13:23:33.597783,594692,41
2026-06-23T13:23:33.597834,594693,41
2026-06-23T13:23:33.597885,594694,41
2026-06-23T13:23:33.597936,594695,41
2026-06-23T13:23:33.597987,594696,41
2026-06-23T13:23:33.598039,594697,41
2026-06-23T13:23:33.598090,594698,41
2026-06-23T13:23:33.598141,594699,41
2026-06-23T13:23:33.598195,594700,41
2026-06-23T13:23:33.608170,594701,41
2026-06-23T13:23:33.608275,594702,41
2026-06-23T13:23:33.608368,594703,41
2026-06-23T13:23:33.608460,594703,41
2026-06-23T13:23:33.608552,594704,42
2026-06-23T13:23:33.608643,594705,42
2026-06-23T13:23:33.608736,594706,43
2026-06-23T13:23:33.608827,594707,43
2026-06-23T13:23:33.608919,594708,43
2026-06-23T13:23:33.609010,594709,43
2026-06-23T13:23:33.609102,594710,44
2026-06-23T13:23:33.618576,594711,43
2026-06-23T13:23:33.618679,594712,43
2026-06-23T13:23:33.618752,594713,43
2026-06-23T13:23:33.618828,594714,44
2026-06-23T13:23:33.618902,594715,45
2026-06-23T13:23:33.618973,594716,46
2026-06-23T13:23:33.619047,594717,46
2026-06-23T13:23:33.619118,594718,46
2026-06-23T13:23:33.619190,594719,46
2026-06-23T13:23:33.619271,594720,46
2026-06-23T13:23:33.619343,594721,42
2026-06-23T13:23:33.629049,594722,46
2026-06-23T13:23:33.629177,594723,46
2026-06-23T13:23:33.629277,594724,47
2026-06-23T13:23:33.629373,594725,46
2026-06-23T13:23:33.629469,594725,46
2026-06-23T13:23:33.629563,594726,45
2026-06-23T13:23:33.629656,594727,45
2026-06-23T13:23:33.629750,594728,46
2026-06-23T13:23:33.629843,594729,46
2026-06-23T13:23:33.629936,594730,46
2026-06-23T13:23:33.639417,594731,46
2026-06-23T13:23:33.639518,594732,46
2026-06-23T13:23:33.639594,594733,46
2026-06-23T13:23:33.639668,594734,45
2026-06-23T13:23:33.639742,594735,45
2026-06-23T13:23:33.639816,594736,45
2026-06-23T13:23:33.639888,594737,45
2026-06-23T13:23:33.639960,594738,44
2026-06-23T13:23:33.640033,594739,44
2026-06-23T13:23:33.640104,594740,44
2026-06-23T13:23:33.640177,594741,43
2026-06-23T13:23:33.649840,594742,43
2026-06-23T13:23:33.649929,594743,43
2026-06-23T13:23:33.650002,594744,43
2026-06-23T13:23:33.650075,594745,42
2026-06-23T13:23:33.650147,594746,42
2026-06-23T13:23:33.650219,594746,43
2026-06-23T13:23:33.650291,594747,42
2026-06-23T13:23:33.650363,594748,42
2026-06-23T13:23:33.650434,594749,41
2026-06-23T13:23:33.650506,594750,41
2026-06-23T13:23:33.650578,594751,41
2026-06-23T13:23:33.660242,594752,41
2026-06-23T13:23:33.660333,594753,41
2026-06-23T13:23:33.660405,594754,40
2026-06-23T13:23:33.660477,594755,39
2026-06-23T13:23:33.660549,594756,39
2026-06-23T13:23:33.660621,594757,39
2026-06-23T13:23:33.660693,594758,39
2026-06-23T13:23:33.660764,594759,39
2026-06-23T13:23:33.660838,594760,39
2026-06-23T13:23:33.660915,594761,39
2026-06-23T13:23:33.660994,594762,40
2026-06-23T13:23:33.670769,594763,40
2026-06-23T13:23:33.670865,594764,40
2026-06-23T13:23:33.670929,594765,41
2026-06-23T13:23:33.670992,594766,40
2026-06-23T13:23:33.671057,594767,40
2026-06-23T13:23:33.671117,594767,40
2026-06-23T13:23:33.671179,594768,40
2026-06-23T13:23:33.671241,594769,39
2026-06-23T13:23:33.671302,594770,39
2026-06-23T13:23:33.671362,594771,39
2026-06-23T13:23:33.671421,594772,38
2026-06-23T13:23:33.681165,594773,39
2026-06-23T13:23:33.681299,594774,40
2026-06-23T13:23:33.681378,594775,40
2026-06-23T13:23:33.681455,594776,40
2026-06-23T13:23:33.681529,594777,39
2026-06-23T13:23:33.681603,594778,39
2026-06-23T13:23:33.681677,594779,39
2026-06-23T13:23:33.681750,594780,39
2026-06-23T13:23:33.681823,594781,39
2026-06-23T13:23:33.681895,594782,38
2026-06-23T13:23:33.681968,594783,39
2026-06-23T13:23:33.691650,594784,39
2026-06-23T13:23:33.691749,594785,39
2026-06-23T13:23:33.691824,594786,38
2026-06-23T13:23:33.691898,594787,38
2026-06-23T13:23:33.691970,594788,38
2026-06-23T13:23:33.692043,594789,38
2026-06-23T13:23:33.692116,594789,39
2026-06-23T13:23:33.692190,594790,39
2026-06-23T13:23:33.692263,594791,39
2026-06-23T13:23:33.692336,594792,39
2026-06-23T13:23:33.692408,594793,40
2026-06-23T13:23:33.702113,594794,40
2026-06-23T13:23:33.702217,594795,40
2026-06-23T13:23:33.702296,594796,40
2026-06-23T13:23:33.702371,594797,41
2026-06-23T13:23:33.702445,594798,41
2026-06-23T13:23:33.702517,594799,41
2026-06-23T13:23:33.702590,594800,41
2026-06-23T13:23:33.702664,594801,41
2026-06-23T13:23:33.702738,594802,42
2026-06-23T13:23:33.702810,594803,43
2026-06-23T13:23:33.702882,594804,43
2026-06-23T13:23:33.712546,594805,42
2026-06-23T13:23:33.712630,594806,42
2026-06-23T13:23:33.712712,594807,42
2026-06-23T13:23:33.712785,594808,42
2026-06-23T13:23:33.712859,594809,41
2026-06-23T13:23:33.712931,594810,41
2026-06-23T13:23:33.713003,594810,40
2026-06-23T13:23:33.713075,594811,40
2026-06-23T13:23:33.713146,594812,41
2026-06-23T13:23:33.713218,594813,40
2026-06-23T13:23:33.713290,594814,40
2026-06-23T13:23:33.722958,594815,39
2026-06-23T13:23:33.723052,594816,39
2026-06-23T13:23:33.723126,594817,39
2026-06-23T13:23:33.723198,594818,39
2026-06-23T13:23:33.723270,594819,39
2026-06-23T13:23:33.723341,594820,38
2026-06-23T13:23:33.723412,594821,38
2026-06-23T13:23:33.723484,594822,38
2026-06-23T13:23:33.723557,594823,38
2026-06-23T13:23:33.723629,594824,37
2026-06-23T13:23:33.723701,594825,37
2026-06-23T13:23:33.733381,594826,37
2026-06-23T13:23:33.733472,594827,37
2026-06-23T13:23:33.733546,594828,37
2026-06-23T13:23:33.733620,594829,37
2026-06-23T13:23:33.733693,594830,37
2026-06-23T13:23:33.733766,594831,37
2026-06-23T13:23:33.733840,594831,36
2026-06-23T13:23:33.733914,594832,36
2026-06-23T13:23:33.733987,594833,36
2026-06-23T13:23:33.734060,594834,36
2026-06-23T13:23:33.734133,594835,36
2026-06-23T13:23:33.743757,594836,36
2026-06-23T13:23:33.743831,594837,36
2026-06-23T13:23:33.743894,594838,36
2026-06-23T13:23:33.743953,594839,35
2026-06-23T13:23:33.744012,594840,35
2026-06-23T13:23:33.744071,594841,35
2026-06-23T13:23:33.744178,594842,36
2026-06-23T13:23:33.744260,594843,35
2026-06-23T13:23:33.744345,594844,35
2026-06-23T13:23:33.744420,594845,36
2026-06-23T13:23:33.754219,594846,35
2026-06-23T13:23:33.754327,594847,35
2026-06-23T13:23:33.754401,594848,35
2026-06-23T13:23:33.754474,594849,35
2026-06-23T13:23:33.754546,594850,35
2026-06-23T13:23:33.754618,594851,35
2026-06-23T13:23:33.754690,594852,35
2026-06-23T13:23:33.754762,594853,35
2026-06-23T13:23:33.754833,594853,35
2026-06-23T13:23:33.754904,594854,35
2026-06-23T13:23:33.754976,594855,35
2026-06-23T13:23:33.764685,594856,35
2026-06-23T13:23:33.764777,594857,35
2026-06-23T13:23:33.764849,594858,36
2026-06-23T13:23:33.764921,594859,36
2026-06-23T13:23:33.764992,594860,38
2026-06-23T13:23:33.765064,594861,37
2026-06-23T13:23:33.765135,594862,37
2026-06-23T13:23:33.765207,594863,37
2026-06-23T13:23:33.765278,594864,37
2026-06-23T13:23:33.765350,594865,37
2026-06-23T13:23:33.765422,594866,37
2026-06-23T13:23:33.775120,594867,37
2026-06-23T13:23:33.775202,594868,37
2026-06-23T13:23:33.775275,594869,37
2026-06-23T13:23:33.775347,594870,37
2026-06-23T13:23:33.775419,594871,37
2026-06-23T13:23:33.775490,594872,37
2026-06-23T13:23:33.775562,594873,37
2026-06-23T13:23:33.775633,594874,37
2026-06-23T13:23:33.775705,594874,36
2026-06-23T13:23:33.775777,594875,36
2026-06-23T13:23:33.775849,594876,36
2026-06-23T13:23:33.785600,594877,36
2026-06-23T13:23:33.785694,594878,36
2026-06-23T13:23:33.785768,594879,36
2026-06-23T13:23:33.785841,594880,35
2026-06-23T13:23:33.785914,594881,35
2026-06-23T13:23:33.785987,594882,35
2026-06-23T13:23:33.786059,594883,36
2026-06-23T13:23:33.786132,594884,35
2026-06-23T13:23:33.786203,594885,35
2026-06-23T13:23:33.786274,594886,35
2026-06-23T13:23:33.786346,594887,35
2026-06-23T13:23:33.796024,594888,35
2026-06-23T13:23:33.796109,594889,35
2026-06-23T13:23:33.796181,594890,35
2026-06-23T13:23:33.796254,594891,35
2026-06-23T13:23:33.796327,594892,35
2026-06-23T13:23:33.796399,594893,34
2026-06-23T13:23:33.796470,594894,34
2026-06-23T13:23:33.796542,594895,35
2026-06-23T13:23:33.796614,594896,35
2026-06-23T13:23:33.796685,594896,34
2026-06-23T13:23:33.796757,594897,35
2026-06-23T13:23:33.806485,594898,34
2026-06-23T13:23:33.806579,594899,34
2026-06-23T13:23:33.806652,594900,34
2026-06-23T13:23:33.806724,594901,35
2026-06-23T13:23:33.806796,594902,35
2026-06-23T13:23:33.806869,594903,36
2026-06-23T13:23:33.806941,594904,36
2026-06-23T13:23:33.807015,594905,37
2026-06-23T13:23:33.807087,594906,37
2026-06-23T13:23:33.807159,594907,37
2026-06-23T13:23:33.807229,594908,37
2026-06-23T13:23:33.816917,594909,38
2026-06-23T13:23:33.817008,594910,37
2026-06-23T13:23:33.817081,594911,37
2026-06-23T13:23:33.817154,594912,37
2026-06-23T13:23:33.817226,594913,37
2026-06-23T13:23:33.817298,594914,37
2026-06-23T13:23:33.817370,594915,36
2026-06-23T13:23:33.817441,594916,36
2026-06-23T13:23:33.817513,594917,36
2026-06-23T13:23:33.817587,594917,36
2026-06-23T13:23:33.817659,594918,36
2026-06-23T13:23:33.827417,594919,36
2026-06-23T13:23:33.827520,594920,36
2026-06-23T13:23:33.827613,594921,36
2026-06-23T13:23:33.827705,594922,36
2026-06-23T13:23:33.827796,594923,36
2026-06-23T13:23:33.827887,594924,36
2026-06-23T13:23:33.827981,594925,36
2026-06-23T13:23:33.828073,594926,36
2026-06-23T13:23:33.828165,594927,36
2026-06-23T13:23:33.828255,594928,36
2026-06-23T13:23:33.828348,594929,36
2026-06-23T13:23:33.837832,594930,36
2026-06-23T13:23:33.837926,594931,36
2026-06-23T13:23:33.837998,594932,36
2026-06-23T13:23:33.838073,594933,36
2026-06-23T13:23:33.838146,594934,36
2026-06-23T13:23:33.838217,594935,36
2026-06-23T13:23:33.838289,594936,37
2026-06-23T13:23:33.838361,594937,36
2026-06-23T13:23:33.838433,594938,36
2026-06-23T13:23:33.838504,594938,36
2026-06-23T13:23:33.838576,594939,36
2026-06-23T13:23:33.848236,594940,36
2026-06-23T13:23:33.848344,594941,36
2026-06-23T13:23:33.848437,594942,36
2026-06-23T13:23:33.848528,594943,36
2026-06-23T13:23:33.848619,594944,36
2026-06-23T13:23:33.848711,594945,36
2026-06-23T13:23:33.848802,594946,36
2026-06-23T13:23:33.848893,594947,37
2026-06-23T13:23:33.848984,594948,37
2026-06-23T13:23:33.849076,594949,37
2026-06-23T13:23:33.849152,594950,37
2026-06-23T13:23:33.858712,594951,37
2026-06-23T13:23:33.858818,594952,36
2026-06-23T13:23:33.858910,594953,36
2026-06-23T13:23:33.859002,594954,36
2026-06-23T13:23:33.859094,594955,36
2026-06-23T13:23:33.859184,594956,35
2026-06-23T13:23:33.859277,594957,36
2026-06-23T13:23:33.859369,594958,36
2026-06-23T13:23:33.859477,594959,36
2026-06-23T13:23:33.859589,594960,36
2026-06-23T13:23:33.869081,594960,36
2026-06-23T13:23:33.869177,594961,36
2026-06-23T13:23:33.869250,594962,37
2026-06-23T13:23:33.869323,594963,36
2026-06-23T13:23:33.869396,594964,36
2026-06-23T13:23:33.869468,594965,36
2026-06-23T13:23:33.869539,594966,36
2026-06-23T13:23:33.869610,594967,36
2026-06-23T13:23:33.869691,594968,36
2026-06-23T13:23:33.869762,594969,36
2026-06-23T13:23:33.869834,594970,35
2026-06-23T13:23:33.879532,594971,36
2026-06-23T13:23:33.879666,594972,35
2026-06-23T13:23:33.879766,594973,36
2026-06-23T13:23:33.879862,594974,35
2026-06-23T13:23:33.879958,594975,36
2026-06-23T13:23:33.880051,594976,36
2026-06-23T13:23:33.880144,594977,35
2026-06-23T13:23:33.880237,594978,35
2026-06-23T13:23:33.880331,594979,35
2026-06-23T13:23:33.880448,594980,35
2026-06-23T13:23:33.880543,594981,35
2026-06-23T13:23:33.889967,594981,34
2026-06-23T13:23:33.890067,594982,34
2026-06-23T13:23:33.890144,594983,34
2026-06-23T13:23:33.890220,594984,34
2026-06-23T13:23:33.890294,594985,34
2026-06-23T13:23:33.890367,594986,34
2026-06-23T13:23:33.890440,594987,34
2026-06-23T13:23:33.890512,594988,34
2026-06-23T13:23:33.890584,594989,34
2026-06-23T13:23:33.890655,594990,34
2026-06-23T13:23:33.890727,594991,34
2026-06-23T13:23:33.900458,594992,34
2026-06-23T13:23:33.900562,594993,34
2026-06-23T13:23:33.900636,594994,34
2026-06-23T13:23:33.900708,594995,33
2026-06-23T13:23:33.900780,594996,33
2026-06-23T13:23:33.900855,594997,33
2026-06-23T13:23:33.900927,594998,33
2026-06-23T13:23:33.900998,594999,33
2026-06-23T13:23:33.901069,595000,33
2026-06-23T13:23:33.901141,595001,33
2026-06-23T13:23:33.901213,595002,34
2026-06-23T13:23:33.910876,595002,34
2026-06-23T13:23:33.910966,595003,34
2026-06-23T13:23:33.911042,595004,34
2026-06-23T13:23:33.911115,595005,34
2026-06-23T13:23:33.911188,595006,34
2026-06-23T13:23:33.911263,595007,33
2026-06-23T13:23:33.911336,595008,34
2026-06-23T13:23:33.911408,595009,35
2026-06-23T13:23:33.911480,595010,33
2026-06-23T13:23:33.911552,595011,33
2026-06-23T13:23:33.911638,595012,33
2026-06-23T13:23:33.921351,595013,33
2026-06-23T13:23:33.921445,595014,33
2026-06-23T13:23:33.921518,595015,33
2026-06-23T13:23:33.921591,595016,33
2026-06-23T13:23:33.921664,595017,33
2026-06-23T13:23:33.921737,595018,33
2026-06-23T13:23:33.921808,595019,33
2026-06-23T13:23:33.921882,595020,33
2026-06-23T13:23:33.921954,595021,33
2026-06-23T13:23:33.922025,595022,33
2026-06-23T13:23:33.922097,595023,33
2026-06-23T13:23:33.931698,595024,33
2026-06-23T13:23:33.931810,595024,35
2026-06-23T13:23:33.931905,595025,33
2026-06-23T13:23:33.931991,595026,33
2026-06-23T13:23:33.932064,595027,33
2026-06-23T13:23:33.932136,595028,33
2026-06-23T13:23:33.932208,595029,33
2026-06-23T13:23:33.932280,595030,33
2026-06-23T13:23:33.932351,595031,33
2026-06-23T13:23:33.932422,595032,33
2026-06-23T13:23:33.932494,595033,33
2026-06-23T13:23:33.942189,595034,33
2026-06-23T13:23:33.942276,595035,33
2026-06-23T13:23:33.942349,595036,32
2026-06-23T13:23:33.942422,595037,33
2026-06-23T13:23:33.942494,595038,33
2026-06-23T13:23:33.942566,595039,33
2026-06-23T13:23:33.942642,595040,33
2026-06-23T13:23:33.942714,595041,33
2026-06-23T13:23:33.942786,595042,33
2026-06-23T13:23:33.942871,595043,34
2026-06-23T13:23:33.942959,595044,33
2026-06-23T13:23:33.952667,595045,34
2026-06-23T13:23:33.952759,595045,34
2026-06-23T13:23:33.952831,595046,34
2026-06-23T13:23:33.952903,595047,33
2026-06-23T13:23:33.952978,595048,33
2026-06-23T13:23:33.953050,595049,34
2026-06-23T13:23:33.953122,595050,34
2026-06-23T13:23:33.953206,595051,34
2026-06-23T13:23:33.953277,595052,34
2026-06-23T13:23:33.953350,595053,34
2026-06-23T13:23:33.953421,595054,33
2026-06-23T13:23:33.963061,595055,34
2026-06-23T13:23:33.963167,595056,34
2026-06-23T13:23:33.963259,595057,33
2026-06-23T13:23:33.963351,595058,33
2026-06-23T13:23:33.963442,595059,34
2026-06-23T13:23:33.963533,595060,34
2026-06-23T13:23:33.963625,595061,34
2026-06-23T13:23:33.963715,595062,33
2026-06-23T13:23:33.963804,595063,33
2026-06-23T13:23:33.963877,595064,34
2026-06-23T13:23:33.963953,595065,34
2026-06-23T13:23:33.973503,595066,33
2026-06-23T13:23:33.973593,595066,34
2026-06-23T13:23:33.973667,595067,34
2026-06-23T13:23:33.973740,595068,34
2026-06-23T13:23:33.973812,595069,35
2026-06-23T13:23:33.973884,595070,35
2026-06-23T13:23:33.973956,595071,36
2026-06-23T13:23:33.974028,595072,36
2026-06-23T13:23:33.974100,595073,36
2026-06-23T13:23:33.974172,595074,36
2026-06-23T13:23:33.983977,595075,36
2026-06-23T13:23:33.984075,595076,36
2026-06-23T13:23:33.984150,595077,36
2026-06-23T13:23:33.984221,595078,36
2026-06-23T13:23:33.984294,595079,36
2026-06-23T13:23:33.984365,595080,36
2026-06-23T13:23:33.984437,595081,37
2026-06-23T13:23:33.984509,595082,37
2026-06-23T13:23:33.984580,595083,36
2026-06-23T13:23:33.984652,595084,37
2026-06-23T13:23:33.984724,595085,38
2026-06-23T13:23:33.994439,595086,38
2026-06-23T13:23:33.994607,595087,38
2026-06-23T13:23:33.994714,595088,38
2026-06-23T13:23:33.994809,595088,37
2026-06-23T13:23:33.994903,595089,38
2026-06-23T13:23:33.994998,595090,39
2026-06-23T13:23:33.995092,595091,39
2026-06-23T13:23:33.995184,595092,39
2026-06-23T13:23:33.995277,595093,39
2026-06-23T13:23:33.995369,595094,39
2026-06-23T13:23:33.995460,595095,39
2026-06-23T13:23:34.004838,595096,39
2026-06-23T13:23:34.004934,595097,39
2026-06-23T13:23:34.005008,595098,38
2026-06-23T13:23:34.005081,595099,38
2026-06-23T13:23:34.005154,595100,38
2026-06-23T13:23:34.005226,595101,38
2026-06-23T13:23:34.005297,595102,38
2026-06-23T13:23:34.005369,595103,38
2026-06-23T13:23:34.005441,595104,38
2026-06-23T13:23:34.005512,595105,38
2026-06-23T13:23:34.005583,595106,38
2026-06-23T13:23:34.015212,595107,38
2026-06-23T13:23:34.015301,595108,38
2026-06-23T13:23:34.015374,595109,38
2026-06-23T13:23:34.015446,595109,38
2026-06-23T13:23:34.015519,595110,38
2026-06-23T13:23:34.015591,595111,39
2026-06-23T13:23:34.015663,595112,38
2026-06-23T13:23:34.015734,595113,37
2026-06-23T13:23:34.015806,595114,37
2026-06-23T13:23:34.015877,595115,37
2026-06-23T13:23:34.015949,595116,37
2026-06-23T13:23:34.025707,595117,37
2026-06-23T13:23:34.025814,595118,37
2026-06-23T13:23:34.025907,595119,37
2026-06-23T13:23:34.025999,595120,37
2026-06-23T13:23:34.026091,595121,36
2026-06-23T13:23:34.026183,595122,36
2026-06-23T13:23:34.026274,595123,36
2026-06-23T13:23:34.026366,595124,36
2026-06-23T13:23:34.026458,595125,36
2026-06-23T13:23:34.026549,595126,36
2026-06-23T13:23:34.026641,595127,36
2026-06-23T13:23:34.036250,595128,36
2026-06-23T13:23:34.036360,595129,36
2026-06-23T13:23:34.036435,595130,36
2026-06-23T13:23:34.036521,595131,36
2026-06-23T13:23:34.036594,595131,36
2026-06-23T13:23:34.036667,595132,35
2026-06-23T13:23:34.036739,595133,35
2026-06-23T13:23:34.036811,595134,35
2026-06-23T13:23:34.036882,595135,36
2026-06-23T13:23:34.036976,595136,35
2026-06-23T13:23:34.037049,595137,35
2026-06-23T13:23:34.046582,595138,36
2026-06-23T13:23:34.046707,595139,35
2026-06-23T13:23:34.046807,595140,36
2026-06-23T13:23:34.046903,595141,35
2026-06-23T13:23:34.046997,595142,35
2026-06-23T13:23:34.047090,595143,35
2026-06-23T13:23:34.047184,595144,35
2026-06-23T13:23:34.047299,595145,35
2026-06-23T13:23:34.047394,595146,36
2026-06-23T13:23:34.047486,595147,37
2026-06-23T13:23:34.047579,595148,37
2026-06-23T13:23:34.057030,595149,38
2026-06-23T13:23:34.057127,595150,38
2026-06-23T13:23:34.057203,595151,38
2026-06-23T13:23:34.057277,595152,39
2026-06-23T13:23:34.057351,595152,39
2026-06-23T13:23:34.057423,595153,39
2026-06-23T13:23:34.057495,595154,38
2026-06-23T13:23:34.057567,595155,38
2026-06-23T13:23:34.057639,595156,38
2026-06-23T13:23:34.057710,595157,38
2026-06-23T13:23:34.057782,595158,38
2026-06-23T13:23:34.067494,595159,37
2026-06-23T13:23:34.067594,595160,37
2026-06-23T13:23:34.067669,595161,37
2026-06-23T13:23:34.067743,595162,37
2026-06-23T13:23:34.067816,595163,37
2026-06-23T13:23:34.067888,595164,37
2026-06-23T13:23:34.067960,595165,37
2026-06-23T13:23:34.068032,595166,37
2026-06-23T13:23:34.068104,595167,37
2026-06-23T13:23:34.068179,595168,37
2026-06-23T13:23:34.068254,595169,37
2026-06-23T13:23:34.077889,595170,37
2026-06-23T13:23:34.077974,595171,37
2026-06-23T13:23:34.078051,595172,37
2026-06-23T13:23:34.078125,595173,37
2026-06-23T13:23:34.078201,595173,37
2026-06-23T13:23:34.078292,595174,38
2026-06-23T13:23:34.078366,595175,41
2026-06-23T13:23:34.078439,595176,37
2026-06-23T13:23:34.078512,595177,37
2026-06-23T13:23:34.078585,595178,37
2026-06-23T13:23:34.078661,595179,37
2026-06-23T13:23:34.088471,595180,36
2026-06-23T13:23:34.088576,595181,36
2026-06-23T13:23:34.088654,595182,36
2026-06-23T13:23:34.088729,595183,36
2026-06-23T13:23:34.088803,595184,36
2026-06-23T13:23:34.088876,595185,35
2026-06-23T13:23:34.088948,595186,36
2026-06-23T13:23:34.089021,595187,36
2026-06-23T13:23:34.089093,595188,36
2026-06-23T13:23:34.089165,595189,36
2026-06-23T13:23:34.098730,595190,36
2026-06-23T13:23:34.098834,595191,36
2026-06-23T13:23:34.098909,595192,36
2026-06-23T13:23:34.098987,595193,35
2026-06-23T13:23:34.099060,595194,36
2026-06-23T13:23:34.099132,595195,36
2026-06-23T13:23:34.099205,595195,36
2026-06-23T13:23:34.099276,595196,35
2026-06-23T13:23:34.099348,595197,36
2026-06-23T13:23:34.099419,595198,35
2026-06-23T13:23:34.099491,595199,35
2026-06-23T13:23:34.109197,595200,35
2026-06-23T13:23:34.109297,595201,35
2026-06-23T13:23:34.109374,595202,35
2026-06-23T13:23:34.109449,595203,35
2026-06-23T13:23:34.109541,595204,35
2026-06-23T13:23:34.109616,595205,35
2026-06-23T13:23:34.109689,595206,35
2026-06-23T13:23:34.109763,595207,35
2026-06-23T13:23:34.109834,595208,35
2026-06-23T13:23:34.109906,595209,35
2026-06-23T13:23:34.109978,595210,35
2026-06-23T13:23:34.119726,595211,35
2026-06-23T13:23:34.119830,595212,35
2026-06-23T13:23:34.119905,595213,34
2026-06-23T13:23:34.119982,595214,35
2026-06-23T13:23:34.120058,595215,35
2026-06-23T13:23:34.120130,595216,35
2026-06-23T13:23:34.120202,595216,35
2026-06-23T13:23:34.120293,595217,35
2026-06-23T13:23:34.120367,595218,35
2026-06-23T13:23:34.120448,595219,34
2026-06-23T13:23:34.120524,595220,35
2026-06-23T13:23:34.130078,595221,35
2026-06-23T13:23:34.130169,595222,34
2026-06-23T13:23:34.130244,595223,35
2026-06-23T13:23:34.130318,595224,35
2026-06-23T13:23:34.130391,595225,35
2026-06-23T13:23:34.130482,595226,35
2026-06-23T13:23:34.130557,595227,35
2026-06-23T13:23:34.130630,595228,35
2026-06-23T13:23:34.130703,595229,35
2026-06-23T13:23:34.130775,595230,35
2026-06-23T13:23:34.130847,595231,35
2026-06-23T13:23:34.140533,595232,35
2026-06-23T13:23:34.140628,595233,34
2026-06-23T13:23:34.140704,595234,34
2026-06-23T13:23:34.140778,595235,34
2026-06-23T13:23:34.140851,595236,34
2026-06-23T13:23:34.140924,595237,34
2026-06-23T13:23:34.140996,595237,34
2026-06-23T13:23:34.141067,595238,35
2026-06-23T13:23:34.141139,595239,34
2026-06-23T13:23:34.141211,595240,35
2026-06-23T13:23:34.141283,595241,35
2026-06-23T13:23:34.150981,595242,35
2026-06-23T13:23:34.151075,595243,35
2026-06-23T13:23:34.151149,595244,35
2026-06-23T13:23:34.151222,595245,35
2026-06-23T13:23:34.151298,595246,35
2026-06-23T13:23:34.151371,595247,35
2026-06-23T13:23:34.151443,595248,35
2026-06-23T13:23:34.151515,595249,34
2026-06-23T13:23:34.151587,595250,34
2026-06-23T13:23:34.151658,595251,34
2026-06-23T13:23:34.151730,595252,34
2026-06-23T13:23:34.161413,595253,34
2026-06-23T13:23:34.161530,595254,34
2026-06-23T13:23:34.161628,595255,34
2026-06-23T13:23:34.161722,595256,34
2026-06-23T13:23:34.161816,595257,34
2026-06-23T13:23:34.161908,595258,34
2026-06-23T13:23:34.162000,595259,34
2026-06-23T13:23:34.162092,595259,34
2026-06-23T13:23:34.162183,595260,34
2026-06-23T13:23:34.162274,595261,34
2026-06-23T13:23:34.162366,595262,34
2026-06-23T13:23:34.171870,595263,34
2026-06-23T13:23:34.171969,595264,34
2026-06-23T13:23:34.172044,595265,34
2026-06-23T13:23:34.172117,595266,33
2026-06-23T13:23:34.172191,595267,34
2026-06-23T13:23:34.172265,595268,34
2026-06-23T13:23:34.172337,595269,34
2026-06-23T13:23:34.172409,595270,34
2026-06-23T13:23:34.172487,595271,34
2026-06-23T13:23:34.172559,595272,35
2026-06-23T13:23:34.172632,595273,35
2026-06-23T13:23:34.182291,595274,35
2026-06-23T13:23:34.182395,595275,35
2026-06-23T13:23:34.182470,595276,35
2026-06-23T13:23:34.182545,595277,35
2026-06-23T13:23:34.182618,595278,35
2026-06-23T13:23:34.182690,595279,35
2026-06-23T13:23:34.182762,595280,35
2026-06-23T13:23:34.182833,595280,35
2026-06-23T13:23:34.182906,595281,35
2026-06-23T13:23:34.182977,595282,35
2026-06-23T13:23:34.183049,595283,35
2026-06-23T13:23:34.192721,595284,35
2026-06-23T13:23:34.192806,595285,34
2026-06-23T13:23:34.192879,595286,34
2026-06-23T13:23:34.192953,595287,34
2026-06-23T13:23:34.193024,595288,34
2026-06-23T13:23:34.193098,595289,34
2026-06-23T13:23:34.193170,595290,34
2026-06-23T13:23:34.193241,595291,34
2026-06-23T13:23:34.193313,595292,34
2026-06-23T13:23:34.193386,595293,34
2026-06-23T13:23:34.193461,595294,34
2026-06-23T13:23:34.203244,595295,33
2026-06-23T13:23:34.203350,595296,33
2026-06-23T13:23:34.203427,595297,33
2026-06-23T13:23:34.203501,595298,33
2026-06-23T13:23:34.203591,595299,33
2026-06-23T13:23:34.203666,595300,33
2026-06-23T13:23:34.203739,595301,33
2026-06-23T13:23:34.203812,595301,33
2026-06-23T13:23:34.203886,595302,33
2026-06-23T13:23:34.203959,595303,32
2026-06-23T13:23:34.213558,595304,32
2026-06-23T13:23:34.213650,595305,32
2026-06-23T13:23:34.213751,595306,32
2026-06-23T13:23:34.213825,595307,32
2026-06-23T13:23:34.213898,595308,32
2026-06-23T13:23:34.213970,595309,32
2026-06-23T13:23:34.214042,595310,33
2026-06-23T13:23:34.214114,595311,34
2026-06-23T13:23:34.214186,595312,34
2026-06-23T13:23:34.214257,595313,34
2026-06-23T13:23:34.214329,595314,34
2026-06-23T13:23:34.223983,595315,34
2026-06-23T13:23:34.224081,595316,34
2026-06-23T13:23:34.224156,595317,34
2026-06-23T13:23:34.224230,595318,35
2026-06-23T13:23:34.224303,595319,35
2026-06-23T13:23:34.224376,595320,35
2026-06-23T13:23:34.224449,595321,35
2026-06-23T13:23:34.224547,595322,35
2026-06-23T13:23:34.224620,595323,35
2026-06-23T13:23:34.224693,595323,35
2026-06-23T13:23:34.224765,595324,36
2026-06-23T13:23:34.234507,595325,36
2026-06-23T13:23:34.234609,595326,36
2026-06-23T13:23:34.234684,595327,35
2026-06-23T13:23:34.234758,595328,36
2026-06-23T13:23:34.234833,595329,35
2026-06-23T13:23:34.234905,595330,36
2026-06-23T13:23:34.234977,595331,35
2026-06-23T13:23:34.235048,595332,35
2026-06-23T13:23:34.235120,595333,35
2026-06-23T13:23:34.235191,595334,35
2026-06-23T13:23:34.235262,595335,35
2026-06-23T13:23:34.244916,595336,35
2026-06-23T13:23:34.245000,595337,35
2026-06-23T13:23:34.245074,595338,35
2026-06-23T13:23:34.245147,595339,34
2026-06-23T13:23:34.245220,595340,34
2026-06-23T13:23:34.245292,595341,34
2026-06-23T13:23:34.245364,595342,34
2026-06-23T13:23:34.245436,595343,34
2026-06-23T13:23:34.245508,595344,34
2026-06-23T13:23:34.245580,595344,37
2026-06-23T13:23:34.245651,595345,34
2026-06-23T13:23:34.255459,595346,34
2026-06-23T13:23:34.255563,595347,34
2026-06-23T13:23:34.255639,595348,33
2026-06-23T13:23:34.255713,595349,33
2026-06-23T13:23:34.255813,595350,33
2026-06-23T13:23:34.255900,595351,33
2026-06-23T13:23:34.256006,595352,33
2026-06-23T13:23:34.256094,595353,32
2026-06-23T13:23:34.256170,595354,33
2026-06-23T13:23:34.256244,595355,32
2026-06-23T13:23:34.256317,595356,32
2026-06-23T13:23:34.265816,595357,33
2026-06-23T13:23:34.265909,595358,33
2026-06-23T13:23:34.265984,595359,33
2026-06-23T13:23:34.266057,595360,33
2026-06-23T13:23:34.266130,595361,33
2026-06-23T13:23:34.266202,595362,34
2026-06-23T13:23:34.266275,595363,33
2026-06-23T13:23:34.266346,595364,34
2026-06-23T13:23:34.266418,595365,34
2026-06-23T13:23:34.266489,595365,34
2026-06-23T13:23:34.266560,595366,34
2026-06-23T13:23:34.276351,595367,34
2026-06-23T13:23:34.276443,595368,34
2026-06-23T13:23:34.276518,595369,33
2026-06-23T13:23:34.276592,595370,33
2026-06-23T13:23:34.276666,595371,34
2026-06-23T13:23:34.276739,595372,34
2026-06-23T13:23:34.276812,595373,35
2026-06-23T13:23:34.276904,595374,35
2026-06-23T13:23:34.276978,595375,34
2026-06-23T13:23:34.277049,595376,35
2026-06-23T13:23:34.277121,595377,35
2026-06-23T13:23:34.286721,595378,35
2026-06-23T13:23:34.286822,595379,35
2026-06-23T13:23:34.286916,595380,34
2026-06-23T13:23:34.286991,595381,36
2026-06-23T13:23:34.287064,595382,36
2026-06-23T13:23:34.287139,595383,36
2026-06-23T13:23:34.287212,595384,36
2026-06-23T13:23:34.287285,595385,36
2026-06-23T13:23:34.287360,595386,36
2026-06-23T13:23:34.287433,595387,35
2026-06-23T13:23:34.287504,595387,35
2026-06-23T13:23:34.297124,595388,35
2026-06-23T13:23:34.297215,595389,35
2026-06-23T13:23:34.297289,595390,35
2026-06-23T13:23:34.297362,595391,35
2026-06-23T13:23:34.297434,595392,35
2026-06-23T13:23:34.297506,595393,35
2026-06-23T13:23:34.297577,595394,35
2026-06-23T13:23:34.297649,595395,34
2026-06-23T13:23:34.297721,595396,34
2026-06-23T13:23:34.297792,595397,34
2026-06-23T13:23:34.297864,595398,34
2026-06-23T13:23:34.307570,595399,34
2026-06-23T13:23:34.307670,595400,34
2026-06-23T13:23:34.307745,595401,34
2026-06-23T13:23:34.307819,595402,34
2026-06-23T13:23:34.307892,595403,33
2026-06-23T13:23:34.307964,595404,33
2026-06-23T13:23:34.308036,595405,34
2026-06-23T13:23:34.308108,595406,34
2026-06-23T13:23:34.308180,595407,33
2026-06-23T13:23:34.308252,595408,34
2026-06-23T13:23:34.308324,595408,34
2026-06-23T13:23:34.318112,595409,34
2026-06-23T13:23:34.318216,595410,33
2026-06-23T13:23:34.318291,595411,33
2026-06-23T13:23:34.318366,595412,33
2026-06-23T13:23:34.318440,595413,34
2026-06-23T13:23:34.318513,595414,33
2026-06-23T13:23:34.318585,595415,33
2026-06-23T13:23:34.318656,595416,33
2026-06-23T13:23:34.318728,595417,33
2026-06-23T13:23:34.318800,595418,32
2026-06-23T13:23:34.328404,595419,32
2026-06-23T13:23:34.328491,595420,32
2026-06-23T13:23:34.328567,595421,32
2026-06-23T13:23:34.328643,595422,32
2026-06-23T13:23:34.328715,595423,32
2026-06-23T13:23:34.328786,595424,32
2026-06-23T13:23:34.328858,595425,33
2026-06-23T13:23:34.328929,595426,32
2026-06-23T13:23:34.329004,595427,32
2026-06-23T13:23:34.329096,595428,32
2026-06-23T13:23:34.329186,595429,33
2026-06-23T13:23:34.338882,595430,33
2026-06-23T13:23:34.338979,595430,33
2026-06-23T13:23:34.339057,595431,33
2026-06-23T13:23:34.339130,595432,33
2026-06-23T13:23:34.339226,595433,33
2026-06-23T13:23:34.339312,595434,33
2026-06-23T13:23:34.339421,595435,34
2026-06-23T13:23:34.339499,595436,34
2026-06-23T13:23:34.339572,595437,33
2026-06-23T13:23:34.339645,595438,33
2026-06-23T13:23:34.339717,595439,33
2026-06-23T13:23:34.349262,595440,33
2026-06-23T13:23:34.349372,595441,33
2026-06-23T13:23:34.349449,595442,33
2026-06-23T13:23:34.349523,595443,33
2026-06-23T13:23:34.349600,595444,33
2026-06-23T13:23:34.349673,595445,33
2026-06-23T13:23:34.349746,595446,33
2026-06-23T13:23:34.349817,595447,33
2026-06-23T13:23:34.349889,595448,33
2026-06-23T13:23:34.349961,595449,33
2026-06-23T13:23:34.350033,595450,34
2026-06-23T13:23:34.359737,595451,33
2026-06-23T13:23:34.359819,595451,33
2026-06-23T13:23:34.359908,595452,34
2026-06-23T13:23:34.359981,595453,34
2026-06-23T13:23:34.360053,595454,35
2026-06-23T13:23:34.360124,595455,35
2026-06-23T13:23:34.360195,595456,35
2026-06-23T13:23:34.360267,595457,35
2026-06-23T13:23:34.360338,595458,35
2026-06-23T13:23:34.360410,595459,35
2026-06-23T13:23:34.360483,595460,35
2026-06-23T13:23:34.370225,595461,35
2026-06-23T13:23:34.370323,595462,34
2026-06-23T13:23:34.370399,595463,34
2026-06-23T13:23:34.370474,595464,35
2026-06-23T13:23:34.370548,595465,35
2026-06-23T13:23:34.370621,595466,35
2026-06-23T13:23:34.370694,595467,35
2026-06-23T13:23:34.370766,595468,34
2026-06-23T13:23:34.370838,595469,35
2026-06-23T13:23:34.370910,595470,35
2026-06-23T13:23:34.370981,595471,38
2026-06-23T13:23:34.380623,595472,35
2026-06-23T13:23:34.380717,595472,35
2026-06-23T13:23:34.380794,595473,35
2026-06-23T13:23:34.380867,595474,35
2026-06-23T13:23:34.380939,595475,35
2026-06-23T13:23:34.381011,595476,35
2026-06-23T13:23:34.381083,595477,35
2026-06-23T13:23:34.381155,595478,35
2026-06-23T13:23:34.381227,595479,35
2026-06-23T13:23:34.381299,595480,35
2026-06-23T13:23:34.381371,595481,35
2026-06-23T13:23:34.391100,595482,34
2026-06-23T13:23:34.391197,595483,34
2026-06-23T13:23:34.391271,595484,35
2026-06-23T13:23:34.391345,595485,35
2026-06-23T13:23:34.391417,595486,35
2026-06-23T13:23:34.391489,595487,35
2026-06-23T13:23:34.391561,595488,36
2026-06-23T13:23:34.391633,595489,36
2026-06-23T13:23:34.391704,595490,36
2026-06-23T13:23:34.391775,595491,36
2026-06-23T13:23:34.391846,595492,36
2026-06-23T13:23:34.401581,595493,36
2026-06-23T13:23:34.401685,595494,36
2026-06-23T13:23:34.401760,595494,37
2026-06-23T13:23:34.401833,595495,36
2026-06-23T13:23:34.401911,595496,35
2026-06-23T13:23:34.401984,595497,35
2026-06-23T13:23:34.402055,595498,35
2026-06-23T13:23:34.402131,595499,35
2026-06-23T13:23:34.402205,595500,35
2026-06-23T13:23:34.402277,595501,35
2026-06-23T13:23:34.402348,595502,36
2026-06-23T13:23:34.411942,595503,35
2026-06-23T13:23:34.412027,595504,36
2026-06-23T13:23:34.412101,595505,36
2026-06-23T13:23:34.412173,595506,35
2026-06-23T13:23:34.412246,595507,35
2026-06-23T13:23:34.412318,595508,36
2026-06-23T13:23:34.412390,595509,35
2026-06-23T13:23:34.412462,595510,36
2026-06-23T13:23:34.412535,595511,35
2026-06-23T13:23:34.412610,595512,36
2026-06-23T13:23:34.412683,595513,36
2026-06-23T13:23:34.422484,595514,36
2026-06-23T13:23:34.422629,595515,35
2026-06-23T13:23:34.422716,595515,35
2026-06-23T13:23:34.422792,595516,35
2026-06-23T13:23:34.422865,595517,35
2026-06-23T13:23:34.422938,595518,35
2026-06-23T13:23:34.423011,595519,35
2026-06-23T13:23:34.423082,595520,35
2026-06-23T13:23:34.423155,595521,35
2026-06-23T13:23:34.423228,595522,35
2026-06-23T13:23:34.423299,595523,35
2026-06-23T13:23:34.432846,595524,35
2026-06-23T13:23:34.432945,595525,35
2026-06-23T13:23:34.433019,595526,35
2026-06-23T13:23:34.433095,595527,35
2026-06-23T13:23:34.433170,595528,35
2026-06-23T13:23:34.433245,595529,35
2026-06-23T13:23:34.433323,595530,29
2026-06-23T13:23:34.433395,595531,35
2026-06-23T13:23:34.433467,595532,34
2026-06-23T13:23:34.433539,595533,34
2026-06-23T13:23:34.443241,595534,35
2026-06-23T13:23:34.443334,595535,35
2026-06-23T13:23:34.443407,595536,35
2026-06-23T13:23:34.443482,595536,36
2026-06-23T13:23:34.443555,595537,36
2026-06-23T13:23:34.443644,595538,36
2026-06-23T13:23:34.443717,595539,36
2026-06-23T13:23:34.443788,595540,36
2026-06-23T13:23:34.443860,595541,35
2026-06-23T13:23:34.443932,595542,35
2026-06-23T13:23:34.444004,595543,36
2026-06-23T13:23:34.453765,595544,36
2026-06-23T13:23:34.453861,595545,36
2026-06-23T13:23:34.453934,595546,36
2026-06-23T13:23:34.454007,595547,35
2026-06-23T13:23:34.454079,595548,36
2026-06-23T13:23:34.454151,595549,35
2026-06-23T13:23:34.454223,595550,35
2026-06-23T13:23:34.454295,595551,35
2026-06-23T13:23:34.454366,595552,35
2026-06-23T13:23:34.454438,595553,35
2026-06-23T13:23:34.454509,595554,35
2026-06-23T13:23:34.464085,595555,36
2026-06-23T13:23:34.464191,595556,36
2026-06-23T13:23:34.464284,595557,37
2026-06-23T13:23:34.464377,595558,36
2026-06-23T13:23:34.464468,595558,36
2026-06-23T13:23:34.464560,595559,36
2026-06-23T13:23:34.464652,595560,37
2026-06-23T13:23:34.464742,595561,35
2026-06-23T13:23:34.464833,595562,36
2026-06-23T13:23:34.464925,595563,36
2026-06-23T13:23:34.465017,595564,36
2026-06-23T13:23:34.474569,595565,36
2026-06-23T13:23:34.474659,595566,36
2026-06-23T13:23:34.474731,595567,36
2026-06-23T13:23:34.474804,595568,36
2026-06-23T13:23:34.474875,595569,37
2026-06-23T13:23:34.474947,595570,37
2026-06-23T13:23:34.475020,595571,36
2026-06-23T13:23:34.475092,595572,37
2026-06-23T13:23:34.475164,595573,37
2026-06-23T13:23:34.475236,595574,36
2026-06-23T13:23:34.475308,595575,36
2026-06-23T13:23:34.485111,595576,36
2026-06-23T13:23:34.485204,595577,36
2026-06-23T13:23:34.485277,595578,36
2026-06-23T13:23:34.485349,595579,36
2026-06-23T13:23:34.485436,595579,36
2026-06-23T13:23:34.485508,595580,37
2026-06-23T13:23:34.485579,595581,37
2026-06-23T13:23:34.485651,595582,37
2026-06-23T13:23:34.485722,595583,37
2026-06-23T13:23:34.485793,595584,37
2026-06-23T13:23:34.485865,595585,37
2026-06-23T13:23:34.495471,595586,37
2026-06-23T13:23:34.495578,595587,37
2026-06-23T13:23:34.495670,595588,37
2026-06-23T13:23:34.495762,595589,37
2026-06-23T13:23:34.495854,595590,38
2026-06-23T13:23:34.495946,595591,38
2026-06-23T13:23:34.496038,595592,38
2026-06-23T13:23:34.496130,595593,38
2026-06-23T13:23:34.496222,595594,38
2026-06-23T13:23:34.496313,595595,39
2026-06-23T13:23:34.496404,595596,39
2026-06-23T13:23:34.505948,595597,40
2026-06-23T13:23:34.506086,595598,40
2026-06-23T13:23:34.506179,595599,40
2026-06-23T13:23:34.506255,595600,41
2026-06-23T13:23:34.506328,595600,41
2026-06-23T13:23:34.506402,595601,41
2026-06-23T13:23:34.506474,595602,42
2026-06-23T13:23:34.506545,595603,42
2026-06-23T13:23:34.506618,595604,43
2026-06-23T13:23:34.506691,595605,44
2026-06-23T13:23:34.506763,595606,44
2026-06-23T13:23:34.516327,595607,45
2026-06-23T13:23:34.516428,595608,45
2026-06-23T13:23:34.516502,595609,45
2026-06-23T13:23:34.516575,595610,45
2026-06-23T13:23:34.516648,595611,46
2026-06-23T13:23:34.516719,595612,45
2026-06-23T13:23:34.516791,595613,46
2026-06-23T13:23:34.516869,595614,47
2026-06-23T13:23:34.516960,595615,47
2026-06-23T13:23:34.517031,595616,47
2026-06-23T13:23:34.517104,595617,48
2026-06-23T13:23:34.526810,595618,48
2026-06-23T13:23:34.526892,595619,48
2026-06-23T13:23:34.526965,595620,49
2026-06-23T13:23:34.527038,595621,49
2026-06-23T13:23:34.527111,595622,50
2026-06-23T13:23:34.527183,595622,50
2026-06-23T13:23:34.527254,595623,50
2026-06-23T13:23:34.527326,595624,50
2026-06-23T13:23:34.527399,595625,51
2026-06-23T13:23:34.527472,595626,51
2026-06-23T13:23:34.527544,595627,51
2026-06-23T13:23:34.537250,595628,51
2026-06-23T13:23:34.537343,595629,51
2026-06-23T13:23:34.537416,595630,53
2026-06-23T13:23:34.537498,595631,52
2026-06-23T13:23:34.537570,595632,52
2026-06-23T13:23:34.537642,595633,52
2026-06-23T13:23:34.537713,595634,52
2026-06-23T13:23:34.537785,595635,52
2026-06-23T13:23:34.537856,595636,52
2026-06-23T13:23:34.537927,595637,53
2026-06-23T13:23:34.537998,595638,53
2026-06-23T13:23:34.547631,595639,53
2026-06-23T13:23:34.547721,595640,53
2026-06-23T13:23:34.547798,595641,53
2026-06-23T13:23:34.547874,595642,53
2026-06-23T13:23:34.547945,595643,53
2026-06-23T13:23:34.548017,595643,53
2026-06-23T13:23:34.548089,595644,53
2026-06-23T13:23:34.548160,595645,53
2026-06-23T13:23:34.548232,595646,53
2026-06-23T13:23:34.548304,595647,54
2026-06-23T13:23:34.558065,595648,54
2026-06-23T13:23:34.558172,595649,54
2026-06-23T13:23:34.558266,595650,54
2026-06-23T13:23:34.558358,595651,54
2026-06-23T13:23:34.558450,595652,54
2026-06-23T13:23:34.558541,595653,55
2026-06-23T13:23:34.558632,595654,55
2026-06-23T13:23:34.558724,595655,55
2026-06-23T13:23:34.558815,595656,55
2026-06-23T13:23:34.558905,595657,55
2026-06-23T13:23:34.558996,595658,56
2026-06-23T13:23:34.568586,595659,56
2026-06-23T13:23:34.568688,595660,56
2026-06-23T13:23:34.568760,595661,56
2026-06-23T13:23:34.568832,595662,56
2026-06-23T13:23:34.568904,595663,56
2026-06-23T13:23:34.568975,595664,56
2026-06-23T13:23:34.569046,595665,56
2026-06-23T13:23:34.569117,595665,56
2026-06-23T13:23:34.569188,595666,56
2026-06-23T13:23:34.569260,595667,56
2026-06-23T13:23:34.569331,595668,58
2026-06-23T13:23:34.578951,595669,57
2026-06-23T13:23:34.579055,595670,57
2026-06-23T13:23:34.579148,595671,57
2026-06-23T13:23:34.579239,595672,57
2026-06-23T13:23:34.579332,595673,56
2026-06-23T13:23:34.579424,595674,57
2026-06-23T13:23:34.579515,595675,56
2026-06-23T13:23:34.579606,595676,56
2026-06-23T13:23:34.579697,595677,56
2026-06-23T13:23:34.579788,595678,56
2026-06-23T13:23:34.579880,595679,55
2026-06-23T13:23:34.589460,595680,56
2026-06-23T13:23:34.589568,595681,55
2026-06-23T13:23:34.589679,595682,55
2026-06-23T13:23:34.589776,595683,55
2026-06-23T13:23:34.589856,595684,55
2026-06-23T13:23:34.589932,595685,55
2026-06-23T13:23:34.590007,595686,55
2026-06-23T13:23:34.590080,595686,55
2026-06-23T13:23:34.590153,595687,55
2026-06-23T13:23:34.590227,595688,55
2026-06-23T13:23:34.590299,595689,55
2026-06-23T13:23:34.599886,595690,55
2026-06-23T13:23:34.600003,595691,55
2026-06-23T13:23:34.600082,595692,55
2026-06-23T13:23:34.600161,595693,55
2026-06-23T13:23:34.600237,595694,55
2026-06-23T13:23:34.600313,595695,55
2026-06-23T13:23:34.600386,595696,55
2026-06-23T13:23:34.600458,595697,55
2026-06-23T13:23:34.600549,595698,55
2026-06-23T13:23:34.600622,595699,54
2026-06-23T13:23:34.600694,595700,55
2026-06-23T13:23:34.610262,595701,55
2026-06-23T13:23:34.610371,595702,55
2026-06-23T13:23:34.610466,595703,56
2026-06-23T13:23:34.610561,595704,55
2026-06-23T13:23:34.610654,595705,55
2026-06-23T13:23:34.610747,595706,55
2026-06-23T13:23:34.610843,595707,55
2026-06-23T13:23:34.610938,595707,55
2026-06-23T13:23:34.611031,595708,55
2026-06-23T13:23:34.611123,595709,55
2026-06-23T13:23:34.611214,595710,55
2026-06-23T13:23:34.620753,595711,55
2026-06-23T13:23:34.620858,595712,55
2026-06-23T13:23:34.620934,595713,53
2026-06-23T13:23:34.621008,595714,55
2026-06-23T13:23:34.621081,595715,55
2026-06-23T13:23:34.621154,595716,55
2026-06-23T13:23:34.621226,595717,54
2026-06-23T13:23:34.621298,595718,55
2026-06-23T13:23:34.621369,595719,55
2026-06-23T13:23:34.621442,595720,55
2026-06-23T13:23:34.621514,595721,54
2026-06-23T13:23:34.631126,595722,55
2026-06-23T13:23:34.631234,595723,55
2026-06-23T13:23:34.631310,595724,55
2026-06-23T13:23:34.631384,595725,54
2026-06-23T13:23:34.631457,595726,54
2026-06-23T13:23:34.631528,595727,54
2026-06-23T13:23:34.631600,595728,54
2026-06-23T13:23:34.631672,595729,54
2026-06-23T13:23:34.631743,595729,54
2026-06-23T13:23:34.631815,595730,54
2026-06-23T13:23:34.631886,595731,54
2026-06-23T13:23:34.641618,595732,54
2026-06-23T13:23:34.641710,595733,54
2026-06-23T13:23:34.641783,595734,54
2026-06-23T13:23:34.641855,595735,53
2026-06-23T13:23:34.641928,595736,53
2026-06-23T13:23:34.641999,595737,53
2026-06-23T13:23:34.642071,595738,53
2026-06-23T13:23:34.642143,595739,53
2026-06-23T13:23:34.642215,595740,53
2026-06-23T13:23:34.642286,595741,53
2026-06-23T13:23:34.642359,595742,53
2026-06-23T13:23:34.652120,595743,53
2026-06-23T13:23:34.652215,595744,52
2026-06-23T13:23:34.652287,595745,52
2026-06-23T13:23:34.652360,595746,51
2026-06-23T13:23:34.652432,595747,51
2026-06-23T13:23:34.652503,595748,50
2026-06-23T13:23:34.652574,595749,50
2026-06-23T13:23:34.652646,595750,49
2026-06-23T13:23:34.652728,595750,49
2026-06-23T13:23:34.652800,595751,50
2026-06-23T13:23:34.652872,595752,51
2026-06-23T13:23:34.662500,595753,51
2026-06-23T13:23:34.662581,595754,51
2026-06-23T13:23:34.662655,595755,51
2026-06-23T13:23:34.662728,595756,51
2026-06-23T13:23:34.662800,595757,52
2026-06-23T13:23:34.662872,595758,52
2026-06-23T13:23:34.662944,595759,52
2026-06-23T13:23:34.663016,595760,52
2026-06-23T13:23:34.663087,595761,51
2026-06-23T13:23:34.663159,595762,51
2026-06-23T13:23:34.672922,595763,51
2026-06-23T13:23:34.673057,595764,51
2026-06-23T13:23:34.673136,595765,51
2026-06-23T13:23:34.673210,595766,50
2026-06-23T13:23:34.673283,595767,50
2026-06-23T13:23:34.673356,595768,51
2026-06-23T13:23:34.673428,595769,51
2026-06-23T13:23:34.673501,595770,51
2026-06-23T13:23:34.673575,595771,56
2026-06-23T13:23:34.673648,595771,51
2026-06-23T13:23:34.673721,595772,51
2026-06-23T13:23:34.683417,595773,50
2026-06-23T13:23:34.683518,595774,51
2026-06-23T13:23:34.683592,595775,50
2026-06-23T13:23:34.683664,595776,49
2026-06-23T13:23:34.683746,595777,49
2026-06-23T13:23:34.683820,595778,49
2026-06-23T13:23:34.683892,595779,49
2026-06-23T13:23:34.683964,595780,49
2026-06-23T13:23:34.684041,595781,48
2026-06-23T13:23:34.684114,595782,48
2026-06-23T13:23:34.684186,595783,47
2026-06-23T13:23:34.693787,595784,47
2026-06-23T13:23:34.693893,595785,47
2026-06-23T13:23:34.693987,595786,46
2026-06-23T13:23:34.694083,595787,46
2026-06-23T13:23:34.694178,595788,46
2026-06-23T13:23:34.694269,595789,47
2026-06-23T13:23:34.694361,595790,47
2026-06-23T13:23:34.694453,595791,48
2026-06-23T13:23:34.694545,595792,48
2026-06-23T13:23:34.694659,595793,48
2026-06-23T13:23:34.694757,595793,48
2026-06-23T13:23:34.704235,595794,48
2026-06-23T13:23:34.704323,595795,48
2026-06-23T13:23:34.704396,595796,48
2026-06-23T13:23:34.704468,595797,48
2026-06-23T13:23:34.704539,595798,48
2026-06-23T13:23:34.704611,595799,48
2026-06-23T13:23:34.704682,595800,48
2026-06-23T13:23:34.704754,595801,47
2026-06-23T13:23:34.704824,595802,48
2026-06-23T13:23:34.704896,595803,47
2026-06-23T13:23:34.704967,595804,47
2026-06-23T13:23:34.714640,595805,47
2026-06-23T13:23:34.714724,595806,47
2026-06-23T13:23:34.714800,595807,47
2026-06-23T13:23:34.714871,595808,47
2026-06-23T13:23:34.714943,595809,47
2026-06-23T13:23:34.715014,595810,47
2026-06-23T13:23:34.715086,595811,47
2026-06-23T13:23:34.715158,595812,46
2026-06-23T13:23:34.715229,595813,46
2026-06-23T13:23:34.715301,595814,46
2026-06-23T13:23:34.715372,595814,45
2026-06-23T13:23:34.725108,595815,45
2026-06-23T13:23:34.725192,595816,45
2026-06-23T13:23:34.725264,595817,44
2026-06-23T13:23:34.725336,595818,44
2026-06-23T13:23:34.725409,595819,44
2026-06-23T13:23:34.725481,595820,44
2026-06-23T13:23:34.725554,595821,44
2026-06-23T13:23:34.725627,595822,45
2026-06-23T13:23:34.725700,595823,45
2026-06-23T13:23:34.725773,595824,45
2026-06-23T13:23:34.725844,595825,45
2026-06-23T13:23:34.735618,595826,46
2026-06-23T13:23:34.735712,595827,46
2026-06-23T13:23:34.735785,595828,45
2026-06-23T13:23:34.735857,595829,45
2026-06-23T13:23:34.735929,595830,45
2026-06-23T13:23:34.736000,595831,45
2026-06-23T13:23:34.736072,595832,45
2026-06-23T13:23:34.736143,595833,45
2026-06-23T13:23:34.736215,595834,44
2026-06-23T13:23:34.736286,595835,44
2026-06-23T13:23:34.736358,595835,44
2026-06-23T13:23:34.745984,595836,44
2026-06-23T13:23:34.746066,595837,44
2026-06-23T13:23:34.746139,595838,44
2026-06-23T13:23:34.746211,595839,44
2026-06-23T13:23:34.746282,595840,44
2026-06-23T13:23:34.746354,595841,44
2026-06-23T13:23:34.746426,595842,44
2026-06-23T13:23:34.746498,595843,44
2026-06-23T13:23:34.746571,595844,44
2026-06-23T13:23:34.746643,595845,44
2026-06-23T13:23:34.746714,595846,42
2026-06-23T13:23:34.756456,595847,43
2026-06-23T13:23:34.756553,595848,43
2026-06-23T13:23:34.756625,595849,43
2026-06-23T13:23:34.756697,595850,43
2026-06-23T13:23:34.756770,595851,43
2026-06-23T13:23:34.756844,595852,43
2026-06-23T13:23:34.756916,595853,43
2026-06-23T13:23:34.756988,595854,42
2026-06-23T13:23:34.757100,595855,42
2026-06-23T13:23:34.757174,595856,42
2026-06-23T13:23:34.757247,595857,43
2026-06-23T13:23:34.766904,595857,43
2026-06-23T13:23:34.766997,595858,43
2026-06-23T13:23:34.767070,595859,42
2026-06-23T13:23:34.767142,595860,43
2026-06-23T13:23:34.767213,595861,43
2026-06-23T13:23:34.767286,595862,42
2026-06-23T13:23:34.767357,595863,42
2026-06-23T13:23:34.767429,595864,42
2026-06-23T13:23:34.767500,595865,42
2026-06-23T13:23:34.767581,595866,42
2026-06-23T13:23:34.767652,595867,42
2026-06-23T13:23:34.777238,595868,42
2026-06-23T13:23:34.777338,595869,41
2026-06-23T13:23:34.777417,595870,41
2026-06-23T13:23:34.777498,595871,41
2026-06-23T13:23:34.777577,595872,40
2026-06-23T13:23:34.777653,595873,41
2026-06-23T13:23:34.777726,595874,41
2026-06-23T13:23:34.777799,595875,39
2026-06-23T13:23:34.777871,595876,40
2026-06-23T13:23:34.777943,595877,40
2026-06-23T13:23:34.787731,595878,41
2026-06-23T13:23:34.787825,595878,41
2026-06-23T13:23:34.787886,595879,42
2026-06-23T13:23:34.787946,595880,42
2026-06-23T13:23:34.788005,595881,42
2026-06-23T13:23:34.788064,595882,42
2026-06-23T13:23:34.788123,595883,42
2026-06-23T13:23:34.788182,595884,41
2026-06-23T13:23:34.788240,595885,42
2026-06-23T13:23:34.788299,595886,42
2026-06-23T13:23:34.788357,595887,42
2026-06-23T13:23:34.798142,595888,42
2026-06-23T13:23:34.798234,595889,42
2026-06-23T13:23:34.798295,595890,41
2026-06-23T13:23:34.798355,595891,41
2026-06-23T13:23:34.798415,595892,41
2026-06-23T13:23:34.798478,595893,40
2026-06-23T13:23:34.798537,595894,42
2026-06-23T13:23:34.798596,595895,41
2026-06-23T13:23:34.798655,595896,41
2026-06-23T13:23:34.798714,595897,41
2026-06-23T13:23:34.798772,595898,41
2026-06-23T13:23:34.808626,595899,41
2026-06-23T13:23:34.808740,595900,41
2026-06-23T13:23:34.808835,595900,41
2026-06-23T13:23:34.808928,595901,41
2026-06-23T13:23:34.809022,595902,41
2026-06-23T13:23:34.809115,595903,41
2026-06-23T13:23:34.809209,595904,41
2026-06-23T13:23:34.809302,595905,41
2026-06-23T13:23:34.809393,595906,41
2026-06-23T13:23:34.809485,595907,41
2026-06-23T13:23:34.809578,595908,40
2026-06-23T13:23:34.819088,595909,41
2026-06-23T13:23:34.819180,595910,41
2026-06-23T13:23:34.819253,595911,41
2026-06-23T13:23:34.819325,595912,41
2026-06-23T13:23:34.819397,595913,41
2026-06-23T13:23:34.819468,595914,41
2026-06-23T13:23:34.819540,595915,41
2026-06-23T13:23:34.819612,595916,41
2026-06-23T13:23:34.819684,595917,41
2026-06-23T13:23:34.819756,595918,41
2026-06-23T13:23:34.819832,595919,41
2026-06-23T13:23:34.829509,595920,41
2026-06-23T13:23:34.829614,595921,41
2026-06-23T13:23:34.829707,595921,41
2026-06-23T13:23:34.829798,595922,41
2026-06-23T13:23:34.829890,595923,41
2026-06-23T13:23:34.829981,595924,41
2026-06-23T13:23:34.830072,595925,41
2026-06-23T13:23:34.830164,595926,40
2026-06-23T13:23:34.830255,595927,40
2026-06-23T13:23:34.830346,595928,40
2026-06-23T13:23:34.830453,595929,40
2026-06-23T13:23:34.839942,595930,40
2026-06-23T13:23:34.840033,595931,40
2026-06-23T13:23:34.840107,595932,39
2026-06-23T13:23:34.840180,595933,39
2026-06-23T13:23:34.840253,595934,39
2026-06-23T13:23:34.840326,595935,39
2026-06-23T13:23:34.840398,595936,38
2026-06-23T13:23:34.840470,595937,39
2026-06-23T13:23:34.840542,595938,39
2026-06-23T13:23:34.840614,595939,41
2026-06-23T13:23:34.840685,595940,41
2026-06-23T13:23:34.850427,595941,41
2026-06-23T13:23:34.850520,595942,41
2026-06-23T13:23:34.850592,595942,41
2026-06-23T13:23:34.850667,595943,41
2026-06-23T13:23:34.850739,595944,40
2026-06-23T13:23:34.850810,595945,40
2026-06-23T13:23:34.850885,595946,40
2026-06-23T13:23:34.850956,595947,40
2026-06-23T13:23:34.851038,595948,40
2026-06-23T13:23:34.851111,595949,40
2026-06-23T13:23:34.851182,595950,40
2026-06-23T13:23:34.860811,595951,40
2026-06-23T13:23:34.860893,595952,39
2026-06-23T13:23:34.860967,595953,40
2026-06-23T13:23:34.861041,595954,40
2026-06-23T13:23:34.861115,595955,40
2026-06-23T13:23:34.861191,595956,40
2026-06-23T13:23:34.861264,595957,40
2026-06-23T13:23:34.861335,595958,39
2026-06-23T13:23:34.861407,595959,39
2026-06-23T13:23:34.861479,595960,39
2026-06-23T13:23:34.861552,595961,39
2026-06-23T13:23:34.871299,595962,39
2026-06-23T13:23:34.871390,595963,39
2026-06-23T13:23:34.871462,595964,39
2026-06-23T13:23:34.871535,595964,39
2026-06-23T13:23:34.871607,595965,38
2026-06-23T13:23:34.871679,595966,38
2026-06-23T13:23:34.871750,595967,38
2026-06-23T13:23:34.871822,595968,37
2026-06-23T13:23:34.871895,595969,38
2026-06-23T13:23:34.871967,595970,38
2026-06-23T13:23:34.872038,595971,38
2026-06-23T13:23:34.881672,595972,38
2026-06-23T13:23:34.881761,595973,38
2026-06-23T13:23:34.881834,595974,38
2026-06-23T13:23:34.881907,595975,38
2026-06-23T13:23:34.881978,595976,38
2026-06-23T13:23:34.882051,595977,38
2026-06-23T13:23:34.882122,595978,38
2026-06-23T13:23:34.882194,595979,38
2026-06-23T13:23:34.882265,595980,38
2026-06-23T13:23:34.882337,595981,38
2026-06-23T13:23:34.882408,595982,38
2026-06-23T13:23:34.892174,595983,38
2026-06-23T13:23:34.892258,595984,38
2026-06-23T13:23:34.892331,595985,38
2026-06-23T13:23:34.892405,595985,38
2026-06-23T13:23:34.892478,595986,38
2026-06-23T13:23:34.892550,595987,38
2026-06-23T13:23:34.892622,595988,38
2026-06-23T13:23:34.892694,595989,38
2026-06-23T13:23:34.892766,595990,38
2026-06-23T13:23:34.892838,595991,39
2026-06-23T13:23:34.902553,595992,38
2026-06-23T13:23:34.902672,595993,39
2026-06-23T13:23:34.902748,595994,39
2026-06-23T13:23:34.902821,595995,39
2026-06-23T13:23:34.902894,595996,40
2026-06-23T13:23:34.902966,595997,40
2026-06-23T13:23:34.903038,595998,39
2026-06-23T13:23:34.903109,595999,39
2026-06-23T13:23:34.903181,596000,39
2026-06-23T13:23:34.903253,596001,39
2026-06-23T13:23:34.903325,596002,39
2026-06-23T13:23:34.912901,596003,41
2026-06-23T13:23:34.912990,596004,38
2026-06-23T13:23:34.913064,596005,38
2026-06-23T13:23:34.913136,596006,38
2026-06-23T13:23:34.913209,596006,38
2026-06-23T13:23:34.913297,596007,38
2026-06-23T13:23:34.913371,596008,38
2026-06-23T13:23:34.913443,596009,38
2026-06-23T13:23:34.913516,596010,39
2026-06-23T13:23:34.913587,596011,39
2026-06-23T13:23:34.913659,596012,39
2026-06-23T13:23:34.923337,596013,39
2026-06-23T13:23:34.923425,596014,39
2026-06-23T13:23:34.923499,596015,38
2026-06-23T13:23:34.923572,596016,38
2026-06-23T13:23:34.923644,596017,38
2026-06-23T13:23:34.923716,596018,38
2026-06-23T13:23:34.923789,596019,38
2026-06-23T13:23:34.923861,596020,38
2026-06-23T13:23:34.923933,596021,38
2026-06-23T13:23:34.924005,596022,38
2026-06-23T13:23:34.924077,596023,38
2026-06-23T13:23:34.933928,596024,38
2026-06-23T13:23:34.934027,596025,38
2026-06-23T13:23:34.934100,596026,38
2026-06-23T13:23:34.934172,596027,38
2026-06-23T13:23:34.934243,596028,38
2026-06-23T13:23:34.934314,596028,38
2026-06-23T13:23:34.934386,596029,37
2026-06-23T13:23:34.934457,596030,37
2026-06-23T13:23:34.934528,596031,37
2026-06-23T13:23:34.934599,596032,37
2026-06-23T13:23:34.934670,596033,37
2026-06-23T13:23:34.944396,596034,37
2026-06-23T13:23:34.944500,596035,37
2026-06-23T13:23:34.944579,596036,37
2026-06-23T13:23:34.944655,596037,37
2026-06-23T13:23:34.944732,596038,36
2026-06-23T13:23:34.944806,596039,37
2026-06-23T13:23:34.944887,596040,37
2026-06-23T13:23:34.944967,596041,37
2026-06-23T13:23:34.945041,596042,37
2026-06-23T13:23:34.945118,596043,37
2026-06-23T13:23:34.945190,596044,37
2026-06-23T13:23:34.954769,596045,37
2026-06-23T13:23:34.954861,596046,37
2026-06-23T13:23:34.954934,596047,37
2026-06-23T13:23:34.955008,596048,36
2026-06-23T13:23:34.955080,596049,36
2026-06-23T13:23:34.955153,596049,37
2026-06-23T13:23:34.955224,596050,37
2026-06-23T13:23:34.955296,596051,37
2026-06-23T13:23:34.955369,596052,37
2026-06-23T13:23:34.955440,596053,38
2026-06-23T13:23:34.955512,596054,38
2026-06-23T13:23:34.965153,596055,38
2026-06-23T13:23:34.965246,596056,38
2026-06-23T13:23:34.965320,596057,38
2026-06-23T13:23:34.965392,596058,38
2026-06-23T13:23:34.965464,596059,38
2026-06-23T13:23:34.965536,596060,38
2026-06-23T13:23:34.965608,596061,38
2026-06-23T13:23:34.965679,596062,38
2026-06-23T13:23:34.965754,596063,38
2026-06-23T13:23:34.965825,596064,37
2026-06-23T13:23:34.965896,596065,38
2026-06-23T13:23:34.975624,596066,38
2026-06-23T13:23:34.975711,596067,38
2026-06-23T13:23:34.975785,596068,38
2026-06-23T13:23:34.975857,596069,39
2026-06-23T13:23:34.975946,596070,39
2026-06-23T13:23:34.976020,596070,38
2026-06-23T13:23:34.976091,596071,38
2026-06-23T13:23:34.976163,596072,38
2026-06-23T13:23:34.976234,596073,38
2026-06-23T13:23:34.976306,596074,39
2026-06-23T13:23:34.976377,596075,38
2026-06-23T13:23:34.986096,596076,38
2026-06-23T13:23:34.986192,596077,38
2026-06-23T13:23:34.986265,596078,38
2026-06-23T13:23:34.986336,596079,38
2026-06-23T13:23:34.986408,596080,38
2026-06-23T13:23:34.986480,596081,38
2026-06-23T13:23:34.986551,596082,37
2026-06-23T13:23:34.986623,596083,37
2026-06-23T13:23:34.986695,596084,36
2026-06-23T13:23:34.986765,596085,37
2026-06-23T13:23:34.986836,596086,37
2026-06-23T13:23:34.996533,596087,36
2026-06-23T13:23:34.996642,596088,37
2026-06-23T13:23:34.996735,596089,37
2026-06-23T13:23:34.996828,596090,37
2026-06-23T13:23:34.996946,596091,37
2026-06-23T13:23:34.997040,596092,37
2026-06-23T13:23:34.997134,596092,37
2026-06-23T13:23:34.997228,596093,37
2026-06-23T13:23:34.997319,596094,37
2026-06-23T13:23:34.997410,596095,37
2026-06-23T13:23:34.997500,596096,36
2026-06-23T13:23:35.006996,596097,37
2026-06-23T13:23:35.007105,596098,37
2026-06-23T13:23:35.007199,596099,37
2026-06-23T13:23:35.007291,596100,38
2026-06-23T13:23:35.007383,596101,37
2026-06-23T13:23:35.007474,596102,37
2026-06-23T13:23:35.007565,596103,37
2026-06-23T13:23:35.007656,596104,37
2026-06-23T13:23:35.007747,596105,37
2026-06-23T13:23:35.007838,596106,37
2026-06-23T13:23:35.017392,596107,37
2026-06-23T13:23:35.017493,596108,37
2026-06-23T13:23:35.017566,596109,37
2026-06-23T13:23:35.017638,596110,37
2026-06-23T13:23:35.017710,596111,36
2026-06-23T13:23:35.017782,596112,36
2026-06-23T13:23:35.017854,596113,36
2026-06-23T13:23:35.017925,596113,36
2026-06-23T13:23:35.017996,596114,36
2026-06-23T13:23:35.018067,596115,36
2026-06-23T13:23:35.018139,596116,36
2026-06-23T13:23:35.027794,596117,36
2026-06-23T13:23:35.027907,596118,36
2026-06-23T13:23:35.027986,596119,35
2026-06-23T13:23:35.028075,596120,35
2026-06-23T13:23:35.028167,596121,36
2026-06-23T13:23:35.028259,596122,35
2026-06-23T13:23:35.028351,596123,35
2026-06-23T13:23:35.028443,596124,35
2026-06-23T13:23:35.028533,596125,35
2026-06-23T13:23:35.028624,596126,35
2026-06-23T13:23:35.028714,596127,36
2026-06-23T13:23:35.038243,596128,35
2026-06-23T13:23:35.038335,596129,37
2026-06-23T13:23:35.038407,596130,35
2026-06-23T13:23:35.038480,596131,35
2026-06-23T13:23:35.038552,596132,35
2026-06-23T13:23:35.038623,596133,35
2026-06-23T13:23:35.038695,596134,35
2026-06-23T13:23:35.038767,596135,36
2026-06-23T13:23:35.038838,596135,35
2026-06-23T13:23:35.038909,596136,36
2026-06-23T13:23:35.038980,596137,36
2026-06-23T13:23:35.048616,596138,36
2026-06-23T13:23:35.048706,596139,36
2026-06-23T13:23:35.048779,596140,36
2026-06-23T13:23:35.048850,596141,36
2026-06-23T13:23:35.048921,596142,36
2026-06-23T13:23:35.048996,596143,36
2026-06-23T13:23:35.049068,596144,36
2026-06-23T13:23:35.049139,596145,36
2026-06-23T13:23:35.049211,596146,36
2026-06-23T13:23:35.049282,596147,36
2026-06-23T13:23:35.049353,596148,36
2026-06-23T13:23:35.059110,596149,36
2026-06-23T13:23:35.059198,596150,36
2026-06-23T13:23:35.059273,596151,36
2026-06-23T13:23:35.059361,596152,36
2026-06-23T13:23:35.059434,596153,37
2026-06-23T13:23:35.059506,596154,37
2026-06-23T13:23:35.059597,596155,37
2026-06-23T13:23:35.059670,596156,37
2026-06-23T13:23:35.059742,596156,36
2026-06-23T13:23:35.059813,596157,36
2026-06-23T13:23:35.059886,596158,36
2026-06-23T13:23:35.069642,596159,36
2026-06-23T13:23:35.069737,596160,36
2026-06-23T13:23:35.069810,596161,36
2026-06-23T13:23:35.069882,596162,36
2026-06-23T13:23:35.069955,596163,36
2026-06-23T13:23:35.070027,596164,36
2026-06-23T13:23:35.070099,596165,35
2026-06-23T13:23:35.070174,596166,35
2026-06-23T13:23:35.070264,596167,35
2026-06-23T13:23:35.070338,596168,35
2026-06-23T13:23:35.070410,596169,35
2026-06-23T13:23:35.079989,596170,35
2026-06-23T13:23:35.080075,596171,36
2026-06-23T13:23:35.080148,596172,35
2026-06-23T13:23:35.080220,596173,36
2026-06-23T13:23:35.080293,596174,36
2026-06-23T13:23:35.080366,596175,36
2026-06-23T13:23:35.080454,596176,36
2026-06-23T13:23:35.080529,596177,36
2026-06-23T13:23:35.080601,596177,36
2026-06-23T13:23:35.080673,596178,36
2026-06-23T13:23:35.080744,596179,36
2026-06-23T13:23:35.090459,596180,36
2026-06-23T13:23:35.090566,596181,35
2026-06-23T13:23:35.090658,596182,35
2026-06-23T13:23:35.090749,596183,35
2026-06-23T13:23:35.090840,596184,35
2026-06-23T13:23:35.090931,596185,35
2026-06-23T13:23:35.091022,596186,35
2026-06-23T13:23:35.091114,596187,35
2026-06-23T13:23:35.091205,596188,35
2026-06-23T13:23:35.091295,596189,35
2026-06-23T13:23:35.091386,596190,35
2026-06-23T13:23:35.100911,596191,35
2026-06-23T13:23:35.101009,596192,35
2026-06-23T13:23:35.101085,596193,35
2026-06-23T13:23:35.101157,596194,35
2026-06-23T13:23:35.101229,596195,35
2026-06-23T13:23:35.101300,596196,34
2026-06-23T13:23:35.101373,596197,34
2026-06-23T13:23:35.101444,596198,34
2026-06-23T13:23:35.101515,596199,34
2026-06-23T13:23:35.101586,596199,35
2026-06-23T13:23:35.101658,596200,35
2026-06-23T13:23:35.111442,596201,36
2026-06-23T13:23:35.111546,596202,36
2026-06-23T13:23:35.111640,596203,36
2026-06-23T13:23:35.111733,596204,36
2026-06-23T13:23:35.111824,596205,36
2026-06-23T13:23:35.111916,596206,36
2026-06-23T13:23:35.112007,596207,36
2026-06-23T13:23:35.112097,596208,36
2026-06-23T13:23:35.112188,596209,36
2026-06-23T13:23:35.112279,596210,36
2026-06-23T13:23:35.112370,596211,36
2026-06-23T13:23:35.121794,596212,36
2026-06-23T13:23:35.121881,596213,36
2026-06-23T13:23:35.121953,596214,36
2026-06-23T13:23:35.122025,596215,36
2026-06-23T13:23:35.122096,596216,36
2026-06-23T13:23:35.122170,596217,36
2026-06-23T13:23:35.122241,596218,36
2026-06-23T13:23:35.122313,596219,36
2026-06-23T13:23:35.122386,596220,37
2026-06-23T13:23:35.122458,596220,37
2026-06-23T13:23:35.132164,596221,37
2026-06-23T13:23:35.132261,596222,37
2026-06-23T13:23:35.132333,596223,37
2026-06-23T13:23:35.132404,596224,37
2026-06-23T13:23:35.132476,596225,37
2026-06-23T13:23:35.132547,596226,37
2026-06-23T13:23:35.132619,596227,37
2026-06-23T13:23:35.132693,596228,37
2026-06-23T13:23:35.132764,596229,37
2026-06-23T13:23:35.132837,596230,36
2026-06-23T13:23:35.132908,596231,36
2026-06-23T13:23:35.142631,596232,36
2026-06-23T13:23:35.142715,596233,36
2026-06-23T13:23:35.142789,596234,35
2026-06-23T13:23:35.142861,596235,35
2026-06-23T13:23:35.142937,596236,35
2026-06-23T13:23:35.143029,596237,35
2026-06-23T13:23:35.143102,596238,35
2026-06-23T13:23:35.143191,596239,35
2026-06-23T13:23:35.143264,596240,35
2026-06-23T13:23:35.143335,596241,35
2026-06-23T13:23:35.143407,596241,35
2026-06-23T13:23:35.153077,596242,35
2026-06-23T13:23:35.153170,596243,35
2026-06-23T13:23:35.153243,596244,35
2026-06-23T13:23:35.153316,596245,35
2026-06-23T13:23:35.153387,596246,35
2026-06-23T13:23:35.153459,596247,35
2026-06-23T13:23:35.153531,596248,35
2026-06-23T13:23:35.153614,596249,35
2026-06-23T13:23:35.153687,596250,35
2026-06-23T13:23:35.153759,596251,35
2026-06-23T13:23:35.153835,596252,35
2026-06-23T13:23:35.163501,596253,35
2026-06-23T13:23:35.163587,596254,35
2026-06-23T13:23:35.163661,596255,34
2026-06-23T13:23:35.163736,596256,34
2026-06-23T13:23:35.163810,596257,34
2026-06-23T13:23:35.163883,596258,34
2026-06-23T13:23:35.163954,596259,35
2026-06-23T13:23:35.164026,596260,35
2026-06-23T13:23:35.164098,596261,35
2026-06-23T13:23:35.164169,596262,35
2026-06-23T13:23:35.164240,596263,35
2026-06-23T13:23:35.173947,596263,35
2026-06-23T13:23:35.174032,596264,35
2026-06-23T13:23:35.174105,596265,35
2026-06-23T13:23:35.174180,596266,36
2026-06-23T13:23:35.174252,596267,36
2026-06-23T13:23:35.174324,596268,35
2026-06-23T13:23:35.174397,596269,35
2026-06-23T13:23:35.174469,596270,35
2026-06-23T13:23:35.174541,596271,35
2026-06-23T13:23:35.174614,596272,35
2026-06-23T13:23:35.174707,596273,36
2026-06-23T13:23:35.184423,596274,35
2026-06-23T13:23:35.184520,596275,35
2026-06-23T13:23:35.184593,596276,35
2026-06-23T13:23:35.184666,596277,34
2026-06-23T13:23:35.184738,596278,34
2026-06-23T13:23:35.184809,596279,34
2026-06-23T13:23:35.184880,596280,34
2026-06-23T13:23:35.184957,596281,34
2026-06-23T13:23:35.185029,596282,34
2026-06-23T13:23:35.185100,596283,34
2026-06-23T13:23:35.185171,596284,34
2026-06-23T13:23:35.194825,596284,36
2026-06-23T13:23:35.194930,596285,34
2026-06-23T13:23:35.195024,596286,33
2026-06-23T13:23:35.195117,596287,33
2026-06-23T13:23:35.195211,596288,34
2026-06-23T13:23:35.195301,596289,33
2026-06-23T13:23:35.195392,596290,33
2026-06-23T13:23:35.195483,596291,33
2026-06-23T13:23:35.195573,596292,33
2026-06-23T13:23:35.195663,596293,33
2026-06-23T13:23:35.195754,596294,33
2026-06-23T13:23:35.205264,596295,35
2026-06-23T13:23:35.205364,596296,33
2026-06-23T13:23:35.205439,596297,33
2026-06-23T13:23:35.205513,596298,33
2026-06-23T13:23:35.205588,596299,33
2026-06-23T13:23:35.205662,596300,33
2026-06-23T13:23:35.205734,596301,34
2026-06-23T13:23:35.205807,596302,33
2026-06-23T13:23:35.205881,596303,33
2026-06-23T13:23:35.205954,596304,33
2026-06-23T13:23:35.206041,596305,33
2026-06-23T13:23:35.215716,596305,33
2026-06-23T13:23:35.215832,596306,33
2026-06-23T13:23:35.215926,596307,33
2026-06-23T13:23:35.216018,596308,34
2026-06-23T13:23:35.216093,596309,34
2026-06-23T13:23:35.216165,596310,34
2026-06-23T13:23:35.216238,596311,33
2026-06-23T13:23:35.216332,596312,34
2026-06-23T13:23:35.216406,596313,34
2026-06-23T13:23:35.216478,596314,35
2026-06-23T13:23:35.216549,596315,35
2026-06-23T13:23:35.226278,596316,35
2026-06-23T13:23:35.226387,596317,35
2026-06-23T13:23:35.226480,596318,34
2026-06-23T13:23:35.226571,596319,34
2026-06-23T13:23:35.226662,596320,34
2026-06-23T13:23:35.226754,596321,34
2026-06-23T13:23:35.226844,596322,34
2026-06-23T13:23:35.226935,596323,34
2026-06-23T13:23:35.227026,596324,35
2026-06-23T13:23:35.227117,596325,35
2026-06-23T13:23:35.227207,596326,35
2026-06-23T13:23:35.236627,596327,35
2026-06-23T13:23:35.236724,596327,35
2026-06-23T13:23:35.236802,596328,35
2026-06-23T13:23:35.236893,596329,35
2026-06-23T13:23:35.236968,596330,34
2026-06-23T13:23:35.237040,596331,34
2026-06-23T13:23:35.237120,596332,34
2026-06-23T13:23:35.237193,596333,29
2026-06-23T13:23:35.237265,596334,34
2026-06-23T13:23:35.237336,596335,34
2026-06-23T13:23:35.246975,596336,35
2026-06-23T13:23:35.247086,596337,35
2026-06-23T13:23:35.247200,596338,35
2026-06-23T13:23:35.247298,596339,34
2026-06-23T13:23:35.247390,596340,34
2026-06-23T13:23:35.247482,596341,34
2026-06-23T13:23:35.247573,596342,34
2026-06-23T13:23:35.247665,596343,34
2026-06-23T13:23:35.247757,596344,34
2026-06-23T13:23:35.247848,596345,34
2026-06-23T13:23:35.247939,596346,33
2026-06-23T13:23:35.257439,596347,33
2026-06-23T13:23:35.257525,596348,34
2026-06-23T13:23:35.257601,596348,34
2026-06-23T13:23:35.257693,596349,34
2026-06-23T13:23:35.257784,596350,34
2026-06-23T13:23:35.257876,596351,34
2026-06-23T13:23:35.257967,596352,33
2026-06-23T13:23:35.258059,596353,34
2026-06-23T13:23:35.258149,596354,33
2026-06-23T13:23:35.258241,596355,34
2026-06-23T13:23:35.258332,596356,35
2026-06-23T13:23:35.267909,596357,35
2026-06-23T13:23:35.268003,596358,35
2026-06-23T13:23:35.268076,596359,35
2026-06-23T13:23:35.268149,596360,34
2026-06-23T13:23:35.268221,596361,34
2026-06-23T13:23:35.268293,596362,34
2026-06-23T13:23:35.268365,596363,34
2026-06-23T13:23:35.268436,596364,34
2026-06-23T13:23:35.268507,596365,34
2026-06-23T13:23:35.268579,596366,34
2026-06-23T13:23:35.268651,596367,34
2026-06-23T13:23:35.278409,596368,34
2026-06-23T13:23:35.278513,596369,33
2026-06-23T13:23:35.278606,596369,33
2026-06-23T13:23:35.278698,596370,34
2026-06-23T13:23:35.278789,596371,33
2026-06-23T13:23:35.278880,596372,33
2026-06-23T13:23:35.278971,596373,33
2026-06-23T13:23:35.279062,596374,33
2026-06-23T13:23:35.279153,596375,33
2026-06-23T13:23:35.279244,596376,33
2026-06-23T13:23:35.279337,596377,33
2026-06-23T13:23:35.288771,596378,33
2026-06-23T13:23:35.288863,596379,32
2026-06-23T13:23:35.288936,596380,32
2026-06-23T13:23:35.289010,596381,32
2026-06-23T13:23:35.289082,596382,32
2026-06-23T13:23:35.289154,596383,32
2026-06-23T13:23:35.289226,596384,32
2026-06-23T13:23:35.289302,596385,32
2026-06-23T13:23:35.289375,596386,32
2026-06-23T13:23:35.289461,596387,32
2026-06-23T13:23:35.289534,596388,32
2026-06-23T13:23:35.299176,596389,31
2026-06-23T13:23:35.299282,596390,32
2026-06-23T13:23:35.299372,596391,32
2026-06-23T13:23:35.299444,596391,32
2026-06-23T13:23:35.299518,596392,32
2026-06-23T13:23:35.299590,596393,32
2026-06-23T13:23:35.299662,596394,26
2026-06-23T13:23:35.299766,596395,32
2026-06-23T13:23:35.299855,596396,32
2026-06-23T13:23:35.299934,596397,32
2026-06-23T13:23:35.300009,596398,32
2026-06-23T13:23:35.309697,596399,31
2026-06-23T13:23:35.309834,596400,31
2026-06-23T13:23:35.309927,596401,31
2026-06-23T13:23:35.310019,596402,32
2026-06-23T13:23:35.310111,596403,31
2026-06-23T13:23:35.310203,596404,32
2026-06-23T13:23:35.310309,596405,31
2026-06-23T13:23:35.310401,596406,31
2026-06-23T13:23:35.310493,596407,31
2026-06-23T13:23:35.310585,596408,31
2026-06-23T13:23:35.310676,596409,31
2026-06-23T13:23:35.320155,596410,32
2026-06-23T13:23:35.320275,596411,32
2026-06-23T13:23:35.320349,596412,32
2026-06-23T13:23:35.320422,596412,32
2026-06-23T13:23:35.320494,596413,32
2026-06-23T13:23:35.320568,596414,32
2026-06-23T13:23:35.320642,596415,32
2026-06-23T13:23:35.320715,596416,32
2026-06-23T13:23:35.320787,596417,32
2026-06-23T13:23:35.320859,596418,32
2026-06-23T13:23:35.320930,596419,32
2026-06-23T13:23:35.330586,596420,32
2026-06-23T13:23:35.330695,596421,32
2026-06-23T13:23:35.330793,596422,32
2026-06-23T13:23:35.330886,596423,31
2026-06-23T13:23:35.330979,596424,32
2026-06-23T13:23:35.331071,596425,32
2026-06-23T13:23:35.331163,596426,32
2026-06-23T13:23:35.331255,596427,32
2026-06-23T13:23:35.331346,596428,32
2026-06-23T13:23:35.331438,596429,32
2026-06-23T13:23:35.331531,596430,32
2026-06-23T13:23:35.340989,596431,32
2026-06-23T13:23:35.341086,596432,32
2026-06-23T13:23:35.341162,596433,32
2026-06-23T13:23:35.341236,596434,32
2026-06-23T13:23:35.341309,596434,32
2026-06-23T13:23:35.341382,596435,33
2026-06-23T13:23:35.341454,596436,33
2026-06-23T13:23:35.341526,596437,33
2026-06-23T13:23:35.341598,596438,32
2026-06-23T13:23:35.341670,596439,33
2026-06-23T13:23:35.341741,596440,32
2026-06-23T13:23:35.351427,596441,32
2026-06-23T13:23:35.351528,596442,32
2026-06-23T13:23:35.351604,596443,32
2026-06-23T13:23:35.351677,596444,33
2026-06-23T13:23:35.351751,596445,33
2026-06-23T13:23:35.351825,596446,33
2026-06-23T13:23:35.351898,596447,33
2026-06-23T13:23:35.351970,596448,33
2026-06-23T13:23:35.352041,596449,32
2026-06-23T13:23:35.352113,596450,32
2026-06-23T13:23:35.361797,596451,32
2026-06-23T13:23:35.361885,596452,32
2026-06-23T13:23:35.361959,596453,33
2026-06-23T13:23:35.362031,596454,33
2026-06-23T13:23:35.362111,596455,33
2026-06-23T13:23:35.362183,596455,33
2026-06-23T13:23:35.362255,596456,33
2026-06-23T13:23:35.362326,596457,33
2026-06-23T13:23:35.362398,596458,33
2026-06-23T13:23:35.362470,596459,33
2026-06-23T13:23:35.362541,596460,33
2026-06-23T13:23:35.372274,596461,33
2026-06-23T13:23:35.372368,596462,32
2026-06-23T13:23:35.372441,596463,32
2026-06-23T13:23:35.372513,596464,32
2026-06-23T13:23:35.372585,596465,32
2026-06-23T13:23:35.372683,596466,33
2026-06-23T13:23:35.372766,596467,32
2026-06-23T13:23:35.372853,596468,33
2026-06-23T13:23:35.372930,596469,32
2026-06-23T13:23:35.373003,596470,32
2026-06-23T13:23:35.373075,596471,32
2026-06-23T13:23:35.382738,596472,32
2026-06-23T13:23:35.382832,596473,32
2026-06-23T13:23:35.382905,596474,32
2026-06-23T13:23:35.382978,596475,33
2026-06-23T13:23:35.383056,596476,33
2026-06-23T13:23:35.383127,596476,33
2026-06-23T13:23:35.383199,596477,33
2026-06-23T13:23:35.383271,596478,33
2026-06-23T13:23:35.383343,596479,33
2026-06-23T13:23:35.383415,596480,33
2026-06-23T13:23:35.383487,596481,33
2026-06-23T13:23:35.393138,596482,32
2026-06-23T13:23:35.393249,596483,33
2026-06-23T13:23:35.393341,596484,32
2026-06-23T13:23:35.393433,596485,33
2026-06-23T13:23:35.393541,596486,32
2026-06-23T13:23:35.393634,596487,32
2026-06-23T13:23:35.393725,596488,32
2026-06-23T13:23:35.393816,596489,32
2026-06-23T13:23:35.393907,596490,32
2026-06-23T13:23:35.393998,596491,32
2026-06-23T13:23:35.394090,596492,33
2026-06-23T13:23:35.403656,596493,32
2026-06-23T13:23:35.403760,596494,32
2026-06-23T13:23:35.403838,596495,32
2026-06-23T13:23:35.403912,596496,32
2026-06-23T13:23:35.403986,596497,32
2026-06-23T13:23:35.404057,596498,32
2026-06-23T13:23:35.404132,596498,32
2026-06-23T13:23:35.404204,596499,31
2026-06-23T13:23:35.404276,596500,32
2026-06-23T13:23:35.404347,596501,31
2026-06-23T13:23:35.404418,596502,31
2026-06-23T13:23:35.413967,596503,32
2026-06-23T13:23:35.414060,596504,32
2026-06-23T13:23:35.414136,596505,32
2026-06-23T13:23:35.414208,596506,33
2026-06-23T13:23:35.414280,596507,32
2026-06-23T13:23:35.414351,596508,33
2026-06-23T13:23:35.414423,596509,32
2026-06-23T13:23:35.414494,596510,32
2026-06-23T13:23:35.414565,596511,32
2026-06-23T13:23:35.414636,596512,33
2026-06-23T13:23:35.414707,596513,32
2026-06-23T13:23:35.424492,596514,32
2026-06-23T13:23:35.424577,596515,32
2026-06-23T13:23:35.424650,596516,32
2026-06-23T13:23:35.424721,596517,32
2026-06-23T13:23:35.424793,596518,32
2026-06-23T13:23:35.424864,596519,32
2026-06-23T13:23:35.424935,596519,32
2026-06-23T13:23:35.425006,596520,32
2026-06-23T13:23:35.425077,596521,32
2026-06-23T13:23:35.425148,596522,32
2026-06-23T13:23:35.425220,596523,32
2026-06-23T13:23:35.435002,596524,32
2026-06-23T13:23:35.435107,596525,33
2026-06-23T13:23:35.435179,596526,32
2026-06-23T13:23:35.435254,596527,32
2026-06-23T13:23:35.435329,596528,32
2026-06-23T13:23:35.435401,596529,32
2026-06-23T13:23:35.435479,596530,31
2026-06-23T13:23:35.435551,596531,32
2026-06-23T13:23:35.435621,596532,32
2026-06-23T13:23:35.435692,596533,32
2026-06-23T13:23:35.435763,596534,32
2026-06-23T13:23:35.445392,596535,31
2026-06-23T13:23:35.445473,596536,31
2026-06-23T13:23:35.445547,596537,31
2026-06-23T13:23:35.445619,596538,31
2026-06-23T13:23:35.445691,596539,31
2026-06-23T13:23:35.445763,596540,31
2026-06-23T13:23:35.445834,596540,31
2026-06-23T13:23:35.445906,596541,31
2026-06-23T13:23:35.445979,596542,31
2026-06-23T13:23:35.446050,596543,31
2026-06-23T13:23:35.446122,596544,31
2026-06-23T13:23:35.455831,596545,32
2026-06-23T13:23:35.455965,596546,32
2026-06-23T13:23:35.456089,596547,32
2026-06-23T13:23:35.456179,596548,32
2026-06-23T13:23:35.456257,596549,32
2026-06-23T13:23:35.456332,596550,34
2026-06-23T13:23:35.456405,596551,32
2026-06-23T13:23:35.456478,596552,32
2026-06-23T13:23:35.456550,596553,32
2026-06-23T13:23:35.456622,596554,33
2026-06-23T13:23:35.456695,596555,33
2026-06-23T13:23:35.466284,596556,32
2026-06-23T13:23:35.466390,596557,32
2026-06-23T13:23:35.466465,596558,32
2026-06-23T13:23:35.466539,596559,32
2026-06-23T13:23:35.466612,596560,32
2026-06-23T13:23:35.466685,596561,32
2026-06-23T13:23:35.466756,596562,33
2026-06-23T13:23:35.466828,596562,33
2026-06-23T13:23:35.466900,596563,32
2026-06-23T13:23:35.466973,596564,33
2026-06-23T13:23:35.476658,596565,33
2026-06-23T13:23:35.476745,596566,33
2026-06-23T13:23:35.476818,596567,33
2026-06-23T13:23:35.476891,596568,33
2026-06-23T13:23:35.476963,596569,33
2026-06-23T13:23:35.477035,596570,32
2026-06-23T13:23:35.477106,596571,33
2026-06-23T13:23:35.477178,596572,32
2026-06-23T13:23:35.477249,596573,32
2026-06-23T13:23:35.477321,596574,33
2026-06-23T13:23:35.477393,596575,32
2026-06-23T13:23:35.487120,596576,32
2026-06-23T13:23:35.487214,596577,32
2026-06-23T13:23:35.487287,596578,32
2026-06-23T13:23:35.487359,596579,32
2026-06-23T13:23:35.487430,596580,32
2026-06-23T13:23:35.487502,596581,32
2026-06-23T13:23:35.487573,596582,32
2026-06-23T13:23:35.487645,596583,32
2026-06-23T13:23:35.487716,596583,31
2026-06-23T13:23:35.487787,596584,31
2026-06-23T13:23:35.487858,596585,31
2026-06-23T13:23:35.497475,596586,32
2026-06-23T13:23:35.497564,596587,32
2026-06-23T13:23:35.497637,596588,31
2026-06-23T13:23:35.497711,596589,32
2026-06-23T13:23:35.497783,596590,32
2026-06-23T13:23:35.497855,596591,32
2026-06-23T13:23:35.497927,596592,31
2026-06-23T13:23:35.498003,596593,31
2026-06-23T13:23:35.498075,596594,32
2026-06-23T13:23:35.498147,596595,32
2026-06-23T13:23:35.498218,596596,32
2026-06-23T13:23:35.507974,596597,32
2026-06-23T13:23:35.508059,596598,33
2026-06-23T13:23:35.508132,596599,33
2026-06-23T13:23:35.508204,596600,32
2026-06-23T13:23:35.508275,596601,32
2026-06-23T13:23:35.508347,596602,32
2026-06-23T13:23:35.508419,596603,32
2026-06-23T13:23:35.508491,596604,32
2026-06-23T13:23:35.508563,596604,32
2026-06-23T13:23:35.508643,596605,33
2026-06-23T13:23:35.508736,596606,32
2026-06-23T13:23:35.518564,596607,32
2026-06-23T13:23:35.518666,596608,32
2026-06-23T13:23:35.518741,596609,32
2026-06-23T13:23:35.518814,596610,32
2026-06-23T13:23:35.518886,596611,32
2026-06-23T13:23:35.518958,596612,32
2026-06-23T13:23:35.519030,596613,32
2026-06-23T13:23:35.519102,596614,32
2026-06-23T13:23:35.519174,596615,32
2026-06-23T13:23:35.519245,596616,33
2026-06-23T13:23:35.519316,596617,33
2026-06-23T13:23:35.528884,596618,33
2026-06-23T13:23:35.528994,596619,33
2026-06-23T13:23:35.529088,596620,33
2026-06-23T13:23:35.529180,596621,32
2026-06-23T13:23:35.529272,596622,32
2026-06-23T13:23:35.529364,596623,32
2026-06-23T13:23:35.529457,596624,32
2026-06-23T13:23:35.529548,596625,32
2026-06-23T13:23:35.529640,596626,33
2026-06-23T13:23:35.529732,596626,32
2026-06-23T13:23:35.529823,596627,32
2026-06-23T13:23:35.539323,596628,32
2026-06-23T13:23:35.539418,596629,32
2026-06-23T13:23:35.539505,596630,33
2026-06-23T13:23:35.539608,596631,32
2026-06-23T13:23:35.539682,596632,32
2026-06-23T13:23:35.539755,596633,32
2026-06-23T13:23:35.539827,596634,32
2026-06-23T13:23:35.539899,596635,32
2026-06-23T13:23:35.539971,596636,31
2026-06-23T13:23:35.540043,596637,31
2026-06-23T13:23:35.540115,596638,31
2026-06-23T13:23:35.549789,596639,30
2026-06-23T13:23:35.549881,596640,31
2026-06-23T13:23:35.549956,596641,31
2026-06-23T13:23:35.550028,596642,31
2026-06-23T13:23:35.550100,596643,31
2026-06-23T13:23:35.550172,596644,31
2026-06-23T13:23:35.550243,596645,32
2026-06-23T13:23:35.550315,596646,31
2026-06-23T13:23:35.550387,596647,33
2026-06-23T13:23:35.550458,596647,32
2026-06-23T13:23:35.550529,596648,32
2026-06-23T13:23:35.560191,596649,32
2026-06-23T13:23:35.560292,596650,34
2026-06-23T13:23:35.560366,596651,34
2026-06-23T13:23:35.560438,596652,35
2026-06-23T13:23:35.560511,596653,34
2026-06-23T13:23:35.560583,596654,35
2026-06-23T13:23:35.560657,596655,35
2026-06-23T13:23:35.560729,596656,35
2026-06-23T13:23:35.560803,596657,35
2026-06-23T13:23:35.560876,596658,35
2026-06-23T13:23:35.560949,596659,35
2026-06-23T13:23:35.570692,596660,35
2026-06-23T13:23:35.570786,596661,35
2026-06-23T13:23:35.570858,596662,34
2026-06-23T13:23:35.570930,596663,34
2026-06-23T13:23:35.571003,596664,34
2026-06-23T13:23:35.571074,596665,34
2026-06-23T13:23:35.571146,596666,34
2026-06-23T13:23:35.571218,596667,34
2026-06-23T13:23:35.571290,596668,34
2026-06-23T13:23:35.571361,596669,34
2026-06-23T13:23:35.571432,596669,34
2026-06-23T13:23:35.581031,596670,34
2026-06-23T13:23:35.581115,596671,34
2026-06-23T13:23:35.581188,596672,34
2026-06-23T13:23:35.581259,596673,34
2026-06-23T13:23:35.581331,596674,34
2026-06-23T13:23:35.581403,596675,35
2026-06-23T13:23:35.581475,596676,34
2026-06-23T13:23:35.581546,596677,34
2026-06-23T13:23:35.581618,596678,34
2026-06-23T13:23:35.581689,596679,34
2026-06-23T13:23:35.591502,596680,34
2026-06-23T13:23:35.591591,596681,34
2026-06-23T13:23:35.591664,596682,34
2026-06-23T13:23:35.591736,596683,34
2026-06-23T13:23:35.591808,596684,34
2026-06-23T13:23:35.591879,596685,34
2026-06-23T13:23:35.591950,596686,34
2026-06-23T13:23:35.592021,596687,34
2026-06-23T13:23:35.592092,596688,35
2026-06-23T13:23:35.592163,596689,35
2026-06-23T13:23:35.592234,596690,34
2026-06-23T13:23:35.601984,596690,35
2026-06-23T13:23:35.602078,596691,35
2026-06-23T13:23:35.602150,596692,35
2026-06-23T13:23:35.602222,596693,35
2026-06-23T13:23:35.602294,596694,35
2026-06-23T13:23:35.602365,596695,35
2026-06-23T13:23:35.602436,596696,35
2026-06-23T13:23:35.602507,596697,35
2026-06-23T13:23:35.602600,596698,35
2026-06-23T13:23:35.602672,596699,35
2026-06-23T13:23:35.602743,596700,35
2026-06-23T13:23:35.612363,596701,35
2026-06-23T13:23:35.612445,596702,35
2026-06-23T13:23:35.612518,596703,35
2026-06-23T13:23:35.612589,596704,34
2026-06-23T13:23:35.612661,596705,35
2026-06-23T13:23:35.612733,596706,34
2026-06-23T13:23:35.612804,596707,35
2026-06-23T13:23:35.612876,596708,34
2026-06-23T13:23:35.612947,596709,35
2026-06-23T13:23:35.613018,596710,34
2026-06-23T13:23:35.613089,596711,34
2026-06-23T13:23:35.622803,596711,34
2026-06-23T13:23:35.622895,596712,34
2026-06-23T13:23:35.622969,596713,34
2026-06-23T13:23:35.623042,596714,34
2026-06-23T13:23:35.623114,596715,33
2026-06-23T13:23:35.623187,596716,33
2026-06-23T13:23:35.623259,596717,33
2026-06-23T13:23:35.623331,596718,33
2026-06-23T13:23:35.623402,596719,33
2026-06-23T13:23:35.623474,596720,33
2026-06-23T13:23:35.623549,596721,33
2026-06-23T13:23:35.633283,596722,33
2026-06-23T13:23:35.633373,596723,33
2026-06-23T13:23:35.633446,596724,33
2026-06-23T13:23:35.633519,596725,33
2026-06-23T13:23:35.633591,596726,33
2026-06-23T13:23:35.633662,596727,33
2026-06-23T13:23:35.633739,596728,33
2026-06-23T13:23:35.633811,596729,33
2026-06-23T13:23:35.633882,596730,33
2026-06-23T13:23:35.633953,596731,33
2026-06-23T13:23:35.634023,596732,33
2026-06-23T13:23:35.643707,596733,33
2026-06-23T13:23:35.643789,596733,32
2026-06-23T13:23:35.643862,596734,32
2026-06-23T13:23:35.643934,596735,32
2026-06-23T13:23:35.644006,596736,32
2026-06-23T13:23:35.644077,596737,32
2026-06-23T13:23:35.644148,596738,32
2026-06-23T13:23:35.644219,596739,32
2026-06-23T13:23:35.644291,596740,32
2026-06-23T13:23:35.644365,596741,33
2026-06-23T13:23:35.644439,596742,33
2026-06-23T13:23:35.654168,596743,32
2026-06-23T13:23:35.654261,596744,32
2026-06-23T13:23:35.654334,596745,32
2026-06-23T13:23:35.654407,596746,32
2026-06-23T13:23:35.654479,596747,32
2026-06-23T13:23:35.654551,596748,33
2026-06-23T13:23:35.654622,596749,33
2026-06-23T13:23:35.654693,596750,32
2026-06-23T13:23:35.654765,596751,32
2026-06-23T13:23:35.654837,596752,32
2026-06-23T13:23:35.654909,596753,32
2026-06-23T13:23:35.664545,596754,33
2026-06-23T13:23:35.664637,596754,33
2026-06-23T13:23:35.664710,596755,34
2026-06-23T13:23:35.664782,596756,32
2026-06-23T13:23:35.664853,596757,33
2026-06-23T13:23:35.664924,596758,33
2026-06-23T13:23:35.664996,596759,33
2026-06-23T13:23:35.665067,596760,33
2026-06-23T13:23:35.665138,596761,33
2026-06-23T13:23:35.665209,596762,33
2026-06-23T13:23:35.665286,596763,33
2026-06-23T13:23:35.675023,596764,33
2026-06-23T13:23:35.675105,596765,33
2026-06-23T13:23:35.675177,596766,33
2026-06-23T13:23:35.675249,596767,34
2026-06-23T13:23:35.675321,596768,32
2026-06-23T13:23:35.675393,596769,32
2026-06-23T13:23:35.675464,596770,32
2026-06-23T13:23:35.675536,596771,32
2026-06-23T13:23:35.675607,596772,32
2026-06-23T13:23:35.675681,596773,32
2026-06-23T13:23:35.675754,596774,32
2026-06-23T13:23:35.685526,596775,32
2026-06-23T13:23:35.685627,596775,32
2026-06-23T13:23:35.685699,596776,32
2026-06-23T13:23:35.685772,596777,32
2026-06-23T13:23:35.685844,596778,33
2026-06-23T13:23:35.685916,596779,32
2026-06-23T13:23:35.685988,596780,33
2026-06-23T13:23:35.686060,596781,33
2026-06-23T13:23:35.686132,596782,33
2026-06-23T13:23:35.686204,596783,33
2026-06-23T13:23:35.686275,596784,33
2026-06-23T13:23:35.695911,596785,33
2026-06-23T13:23:35.695998,596786,33
2026-06-23T13:23:35.696092,596787,33
2026-06-23T13:23:35.696184,596788,33
2026-06-23T13:23:35.696276,596789,33
2026-06-23T13:23:35.696367,596790,33
2026-06-23T13:23:35.696458,596791,33
2026-06-23T13:23:35.696549,596792,33
2026-06-23T13:23:35.696640,596793,33
2026-06-23T13:23:35.696730,596794,33
2026-06-23T13:23:35.706348,596795,33
2026-06-23T13:23:35.706437,596796,33
2026-06-23T13:23:35.706510,596797,33
2026-06-23T13:23:35.706581,596797,33
2026-06-23T13:23:35.706656,596798,33
2026-06-23T13:23:35.706727,596799,33
2026-06-23T13:23:35.706799,596800,34
2026-06-23T13:23:35.706870,596801,34
2026-06-23T13:23:35.706942,596802,34
2026-06-23T13:23:35.707014,596803,34
2026-06-23T13:23:35.707086,596804,34
2026-06-23T13:23:35.716740,596805,36
2026-06-23T13:23:35.716832,596806,37
2026-06-23T13:23:35.716909,596807,38
2026-06-23T13:23:35.716982,596808,38
2026-06-23T13:23:35.717057,596809,38
2026-06-23T13:23:35.717129,596810,38
2026-06-23T13:23:35.717207,596811,38
2026-06-23T13:23:35.717286,596812,38
2026-06-23T13:23:35.717358,596813,39
2026-06-23T13:23:35.717430,596814,40
2026-06-23T13:23:35.717501,596815,41
2026-06-23T13:23:35.727213,596816,43
2026-06-23T13:23:35.727315,596817,43
2026-06-23T13:23:35.727408,596818,45
2026-06-23T13:23:35.727499,596818,47
2026-06-23T13:23:35.727591,596819,48
2026-06-23T13:23:35.727686,596820,49
2026-06-23T13:23:35.727779,596821,49
2026-06-23T13:23:35.727870,596822,52
2026-06-23T13:23:35.727962,596823,56
2026-06-23T13:23:35.728053,596824,58
2026-06-23T13:23:35.728146,596825,60
2026-06-23T13:23:35.737687,596826,63
2026-06-23T13:23:35.737780,596827,66
2026-06-23T13:23:35.737852,596828,66
2026-06-23T13:23:35.737924,596829,68
2026-06-23T13:23:35.737995,596830,75
2026-06-23T13:23:35.738066,596831,84
2026-06-23T13:23:35.738138,596832,91
2026-06-23T13:23:35.738209,596833,98
2026-06-23T13:23:35.738286,596834,101
2026-06-23T13:23:35.738364,596835,102
2026-06-23T13:23:35.738440,596836,102
2026-06-23T13:23:35.748081,596837,101
2026-06-23T13:23:35.748196,596838,101
2026-06-23T13:23:35.748295,596839,100
2026-06-23T13:23:35.748396,596840,99
2026-06-23T13:23:35.748488,596841,99
2026-06-23T13:23:35.748580,596842,98
2026-06-23T13:23:35.748671,596843,99
2026-06-23T13:23:35.748776,596844,100
2026-06-23T13:23:35.748874,596845,102
2026-06-23T13:23:35.748972,596846,103
2026-06-23T13:23:35.758545,596847,103
2026-06-23T13:23:35.758634,596848,102
2026-06-23T13:23:35.758712,596849,102
2026-06-23T13:23:35.758788,596850,102
2026-06-23T13:23:35.758860,596851,98
2026-06-23T13:23:35.758936,596852,100
2026-06-23T13:23:35.759014,596853,105
2026-06-23T13:23:35.759093,596854,110
2026-06-23T13:23:35.759169,596855,117
2026-06-23T13:23:35.759247,596856,126
2026-06-23T13:23:35.769008,596857,134
2026-06-23T13:23:35.769107,596858,142
2026-06-23T13:23:35.769184,596859,146
2026-06-23T13:23:35.769261,596860,149
2026-06-23T13:23:35.769352,596861,151
2026-06-23T13:23:35.769429,596863,152
2026-06-23T13:23:35.769506,596864,161
2026-06-23T13:23:35.769582,596865,173
2026-06-23T13:23:35.769660,596866,183
2026-06-23T13:23:35.769735,596867,189
2026-06-23T13:23:35.779376,596868,193
2026-06-23T13:23:35.779486,596869,191
2026-06-23T13:23:35.779587,596870,189
2026-06-23T13:23:35.779686,596871,187
2026-06-23T13:23:35.779785,596872,185
2026-06-23T13:23:35.779885,596873,186
2026-06-23T13:23:35.779984,596874,187
2026-06-23T13:23:35.780084,596875,186
2026-06-23T13:23:35.780182,596876,184
2026-06-23T13:23:35.780280,596877,183
2026-06-23T13:23:35.789842,596878,185
2026-06-23T13:23:35.789936,596879,187
2026-06-23T13:23:35.790014,596880,189
2026-06-23T13:23:35.790090,596881,189
2026-06-23T13:23:35.790171,596882,187
2026-06-23T13:23:35.790249,596883,185
2026-06-23T13:23:35.790327,596884,189
2026-06-23T13:23:35.790404,596885,195
2026-06-23T13:23:35.790480,596886,202
2026-06-23T13:23:35.790556,596888,208
2026-06-23T13:23:35.800285,596889,213
2026-06-23T13:23:35.800380,596890,215
2026-06-23T13:23:35.800458,596891,214
2026-06-23T13:23:35.800535,596892,210
2026-06-23T13:23:35.800611,596893,208
2026-06-23T13:23:35.800687,596894,207
2026-06-23T13:23:35.800764,596895,206
2026-06-23T13:23:35.800840,596896,203
2026-06-23T13:23:35.800916,596897,199
2026-06-23T13:23:35.800993,596898,197
2026-06-23T13:23:35.810696,596899,198
2026-06-23T13:23:35.810785,596900,202
2026-06-23T13:23:35.810863,596901,208
2026-06-23T13:23:35.810939,596902,215
2026-06-23T13:23:35.811016,596903,218
2026-06-23T13:23:35.811093,596904,219
2026-06-23T13:23:35.811172,596905,216
2026-06-23T13:23:35.811249,596906,214
2026-06-23T13:23:35.811326,596907,212
2026-06-23T13:23:35.811401,596908,210
2026-06-23T13:23:35.821194,596909,206
2026-06-23T13:23:35.821296,596910,204
2026-06-23T13:23:35.821374,596911,203
2026-06-23T13:23:35.821451,596913,200
2026-06-23T13:23:35.821528,596914,197
2026-06-23T13:23:35.821604,596915,196
2026-06-23T13:23:35.821681,596916,196
2026-06-23T13:23:35.821758,596917,196
2026-06-23T13:23:35.821834,596918,196
2026-06-23T13:23:35.821911,596919,194
2026-06-23T13:23:35.831549,596920,191
2026-06-23T13:23:35.831648,596921,189
2026-06-23T13:23:35.831729,596922,187
2026-06-23T13:23:35.831809,596923,185
2026-06-23T13:23:35.831886,596924,184
2026-06-23T13:23:35.831962,596925,181
2026-06-23T13:23:35.832038,596926,180
2026-06-23T13:23:35.832114,596927,177
2026-06-23T13:23:35.832190,596928,174
2026-06-23T13:23:35.832266,596929,173
2026-06-23T13:23:35.842018,596930,173
2026-06-23T13:23:35.842106,596931,173
2026-06-23T13:23:35.842184,596932,171
2026-06-23T13:23:35.842262,596933,171
2026-06-23T13:23:35.842342,596934,170
2026-06-23T13:23:35.842421,596935,167
2026-06-23T13:23:35.842498,596937,165
2026-06-23T13:23:35.842575,596938,165
2026-06-23T13:23:35.842653,596939,169
2026-06-23T13:23:35.842730,596940,176
2026-06-23T13:23:35.852514,596941,180
2026-06-23T13:23:35.852611,596942,180
2026-06-23T13:23:35.852688,596943,178
2026-06-23T13:23:35.852764,596944,176
2026-06-23T13:23:35.852840,596945,174
2026-06-23T13:23:35.852917,596946,175
2026-06-23T13:23:35.853004,596947,175
2026-06-23T13:23:35.853080,596948,175
2026-06-23T13:23:35.853156,596949,174
2026-06-23T13:23:35.853235,596950,173
2026-06-23T13:23:35.862919,596951,170
2026-06-23T13:23:35.863029,596952,168
2026-06-23T13:23:35.863127,596953,168
2026-06-23T13:23:35.863225,596954,169
2026-06-23T13:23:35.863326,596955,172
2026-06-23T13:23:35.863444,596956,175
2026-06-23T13:23:35.863544,596957,174
2026-06-23T13:23:35.863660,596958,165
2026-06-23T13:23:35.863811,596959,167
2026-06-23T13:23:35.863920,596960,165
2026-06-23T13:23:35.873391,596962,163
2026-06-23T13:23:35.873482,596963,161
2026-06-23T13:23:35.873561,596964,163
2026-06-23T13:23:35.873639,596965,167
2026-06-23T13:23:35.873716,596966,169
2026-06-23T13:23:35.873793,596967,168
2026-06-23T13:23:35.873869,596968,169
2026-06-23T13:23:35.873947,596969,166
2026-06-23T13:23:35.874025,596970,165
2026-06-23T13:23:35.874101,596971,163
2026-06-23T13:23:35.883809,596972,163
2026-06-23T13:23:35.883906,596973,165
2026-06-23T13:23:35.883985,596974,165
2026-06-23T13:23:35.884062,596975,165
2026-06-23T13:23:35.884140,596976,166
2026-06-23T13:23:35.884216,596977,163
2026-06-23T13:23:35.884321,596978,161
2026-06-23T13:23:35.884399,596979,163
2026-06-23T13:23:35.884476,596980,164
2026-06-23T13:23:35.884552,596981,164
2026-06-23T13:23:35.894163,596982,164
2026-06-23T13:23:35.894278,596983,165
2026-06-23T13:23:35.894403,596984,163
2026-06-23T13:23:35.894491,596985,162
2026-06-23T13:23:35.894572,596987,161
2026-06-23T13:23:35.894650,596988,160
2026-06-23T13:23:35.894727,596989,160
2026-06-23T13:23:35.894804,596990,159
2026-06-23T13:23:35.894880,596991,156
2026-06-23T13:23:35.894958,596992,153
2026-06-23T13:23:35.904681,596993,151
2026-06-23T13:23:35.904769,596994,149
2026-06-23T13:23:35.904834,596995,149
2026-06-23T13:23:35.904897,596996,147
2026-06-23T13:23:35.904960,596997,145
2026-06-23T13:23:35.905023,596998,142
2026-06-23T13:23:35.905086,596999,142
2026-06-23T13:23:35.905150,597000,141
2026-06-23T13:23:35.905214,597001,139
2026-06-23T13:23:35.905276,597002,140
2026-06-23T13:23:35.915062,597003,144
2026-06-23T13:23:35.915168,597004,148
2026-06-23T13:23:35.915235,597005,151
2026-06-23T13:23:35.915299,597006,152
2026-06-23T13:23:35.915363,597007,150
2026-06-23T13:23:35.915426,597008,148
2026-06-23T13:23:35.915491,597009,146
2026-06-23T13:23:35.915554,597010,146
2026-06-23T13:23:35.915630,597012,146
2026-06-23T13:23:35.915710,597013,148
2026-06-23T13:23:35.925559,597014,153
2026-06-23T13:23:35.925649,597015,160
2026-06-23T13:23:35.925728,597016,166
2026-06-23T13:23:35.925805,597017,172
2026-06-23T13:23:35.925882,597018,177
2026-06-23T13:23:35.925959,597019,180
2026-06-23T13:23:35.926036,597020,179
2026-06-23T13:23:35.926113,597021,177
2026-06-23T13:23:35.926189,597022,176
2026-06-23T13:23:35.926265,597023,180
2026-06-23T13:23:35.936091,597024,185
2026-06-23T13:23:35.936189,597025,190
2026-06-23T13:23:35.936266,597026,193
2026-06-23T13:23:35.936344,597027,193
2026-06-23T13:23:35.936424,597028,190
2026-06-23T13:23:35.936504,597029,190
2026-06-23T13:23:35.936580,597030,188
2026-06-23T13:23:35.936657,597031,185
2026-06-23T13:23:35.936734,597032,184
2026-06-23T13:23:35.936810,597033,181
2026-06-23T13:23:35.946408,597034,188
2026-06-23T13:23:35.946496,597036,190
2026-06-23T13:23:35.946574,597037,192
2026-06-23T13:23:35.946651,597038,191
2026-06-23T13:23:35.946728,597039,194
2026-06-23T13:23:35.946809,597040,196
2026-06-23T13:23:35.946888,597041,195
2026-06-23T13:23:35.946965,597042,194
2026-06-23T13:23:35.947041,597043,191
2026-06-23T13:23:35.947118,597044,187
2026-06-23T13:23:35.956877,597045,186
2026-06-23T13:23:35.956978,597046,184
2026-06-23T13:23:35.957056,597047,184
2026-06-23T13:23:35.957133,597048,187
2026-06-23T13:23:35.957211,597049,187
2026-06-23T13:23:35.957287,597050,185
2026-06-23T13:23:35.957365,597051,188
2026-06-23T13:23:35.957441,597052,189
2026-06-23T13:23:35.957518,597053,188
2026-06-23T13:23:35.957594,597054,193
2026-06-23T13:23:35.967348,597055,204
2026-06-23T13:23:35.967451,597056,219
2026-06-23T13:23:35.967528,597057,227
2026-06-23T13:23:35.967605,597058,227
2026-06-23T13:23:35.967692,597059,225
2026-06-23T13:23:35.967768,597061,223
2026-06-23T13:23:35.967844,597062,220
2026-06-23T13:23:35.967921,597063,226
2026-06-23T13:23:35.967997,597064,236
2026-06-23T13:23:35.968074,597065,244
2026-06-23T13:23:35.977707,597066,247
2026-06-23T13:23:35.977797,597067,247
2026-06-23T13:23:35.977876,597068,244
2026-06-23T13:23:35.977953,597069,240
2026-06-23T13:23:35.978030,597070,239
2026-06-23T13:23:35.978106,597071,238
2026-06-23T13:23:35.978183,597072,235
2026-06-23T13:23:35.978260,597073,233
2026-06-23T13:23:35.978342,597074,231
2026-06-23T13:23:35.978422,597075,227
2026-06-23T13:23:35.988213,597076,224
2026-06-23T13:23:35.988321,597077,225
2026-06-23T13:23:35.988404,597078,233
2026-06-23T13:23:35.988483,597079,240
2026-06-23T13:23:35.988560,597080,244
2026-06-23T13:23:35.988638,597081,250
2026-06-23T13:23:35.988716,597082,258
2026-06-23T13:23:35.988793,597083,265
2026-06-23T13:23:35.988871,597084,271
2026-06-23T13:23:35.988948,597086,272
2026-06-23T13:23:35.998584,597087,268
2026-06-23T13:23:35.998684,597088,267
2026-06-23T13:23:35.998762,597089,274
2026-06-23T13:23:35.998839,597090,283
2026-06-23T13:23:35.998916,597091,294
2026-06-23T13:23:35.998993,597092,300
2026-06-23T13:23:35.999072,597093,299
2026-06-23T13:23:35.999149,597094,294
2026-06-23T13:23:35.999225,597095,291
2026-06-23T13:23:35.999302,597096,286
2026-06-23T13:23:36.009049,597097,281
2026-06-23T13:23:36.009144,597098,276
2026-06-23T13:23:36.009226,597099,270
2026-06-23T13:23:36.009305,597100,265
2026-06-23T13:23:36.009384,597101,262
2026-06-23T13:23:36.009466,597102,259
2026-06-23T13:23:36.009547,597103,249
2026-06-23T13:23:36.009631,597104,249
2026-06-23T13:23:36.009713,597105,248
2026-06-23T13:23:36.009791,597106,244
2026-06-23T13:23:36.019462,597107,240
2026-06-23T13:23:36.019560,597108,241
2026-06-23T13:23:36.019640,597109,242
2026-06-23T13:23:36.019717,597111,239
2026-06-23T13:23:36.019794,597112,243
2026-06-23T13:23:36.019870,597113,250
2026-06-23T13:23:36.019948,597114,258
2026-06-23T13:23:36.020024,597115,261
2026-06-23T13:23:36.020101,597116,260
2026-06-23T13:23:36.020177,597117,257
2026-06-23T13:23:36.029912,597118,255
2026-06-23T13:23:36.030006,597119,257
2026-06-23T13:23:36.030101,597120,253
2026-06-23T13:23:36.030227,597121,251
2026-06-23T13:23:36.030335,597122,247
2026-06-23T13:23:36.030420,597123,244
2026-06-23T13:23:36.030502,597124,254
2026-06-23T13:23:36.030584,597125,265
2026-06-23T13:23:36.030664,597126,265
2026-06-23T13:23:36.030742,597127,270
2026-06-23T13:23:36.040311,597128,272
2026-06-23T13:23:36.040405,597129,269
2026-06-23T13:23:36.040483,597130,270
2026-06-23T13:23:36.040562,597131,267
2026-06-23T13:23:36.040640,597132,264
2026-06-23T13:23:36.040718,597133,260
2026-06-23T13:23:36.040796,597135,265
2026-06-23T13:23:36.040874,597136,279
2026-06-23T13:23:36.040951,597137,286
2026-06-23T13:23:36.041028,597138,283
2026-06-23T13:23:36.050838,597139,278
2026-06-23T13:23:36.050936,597140,275
2026-06-23T13:23:36.051017,597141,271
2026-06-23T13:23:36.051094,597142,268
2026-06-23T13:23:36.051171,597143,266
2026-06-23T13:23:36.051248,597144,264
2026-06-23T13:23:36.051326,597145,259
2026-06-23T13:23:36.051402,597146,256
2026-06-23T13:23:36.051479,597147,258
2026-06-23T13:23:36.051555,597148,261
2026-06-23T13:23:36.061206,597149,264
2026-06-23T13:23:36.061297,597150,260
2026-06-23T13:23:36.061379,597151,256
2026-06-23T13:23:36.061460,597152,255
2026-06-23T13:23:36.061541,597153,259
2026-06-23T13:23:36.061621,597154,257
2026-06-23T13:23:36.061699,597155,258
2026-06-23T13:23:36.061779,597156,264
2026-06-23T13:23:36.061859,597157,269
2026-06-23T13:23:36.061940,597158,269
2026-06-23T13:23:36.071791,597160,264
2026-06-23T13:23:36.071895,597161,261
2026-06-23T13:23:36.071979,597162,260
2026-06-23T13:23:36.072063,597163,260
2026-06-23T13:23:36.072146,597164,257
2026-06-23T13:23:36.072225,597165,259
2026-06-23T13:23:36.072304,597166,249
2026-06-23T13:23:36.072383,597167,246
2026-06-23T13:23:36.072461,597168,247
2026-06-23T13:23:36.072539,597169,248
2026-06-23T13:23:36.082132,597170,244
2026-06-23T13:23:36.082257,597171,242
2026-06-23T13:23:36.082325,597172,241
2026-06-23T13:23:36.082389,597173,239
2026-06-23T13:23:36.082453,597174,237
2026-06-23T13:23:36.082516,597175,239
2026-06-23T13:23:36.082580,597176,240
2026-06-23T13:23:36.082642,597177,239
2026-06-23T13:23:36.082707,597178,236
2026-06-23T13:23:36.082770,597179,233
2026-06-23T13:23:36.092588,597180,233
2026-06-23T13:23:36.092717,597181,236
2026-06-23T13:23:36.092789,597182,235
2026-06-23T13:23:36.092857,597183,232
2026-06-23T13:23:36.092923,597185,230
2026-06-23T13:23:36.092989,597186,226
2026-06-23T13:23:36.093053,597187,221
2026-06-23T13:23:36.093118,597188,217
2026-06-23T13:23:36.093182,597189,215
2026-06-23T13:23:36.093247,597190,212
2026-06-23T13:23:36.103048,597191,211
2026-06-23T13:23:36.103143,597192,212
2026-06-23T13:23:36.103204,597193,211
2026-06-23T13:23:36.103262,597194,209
2026-06-23T13:23:36.103319,597195,207
2026-06-23T13:23:36.103391,597196,204
2026-06-23T13:23:36.103451,597197,200
2026-06-23T13:23:36.103508,597198,196
2026-06-23T13:23:36.103566,597199,193
2026-06-23T13:23:36.103624,597200,189
2026-06-23T13:23:36.113470,597201,187
2026-06-23T13:23:36.113589,597202,185
2026-06-23T13:23:36.113691,597203,183
2026-06-23T13:23:36.113791,597204,180
2026-06-23T13:23:36.113890,597205,176
2026-06-23T13:23:36.113990,597206,179
2026-06-23T13:23:36.114089,597207,184
2026-06-23T13:23:36.114188,597208,187
2026-06-23T13:23:36.114289,597210,186
2026-06-23T13:23:36.114387,597211,188
2026-06-23T13:23:36.123870,597212,188
2026-06-23T13:23:36.123987,597213,185
2026-06-23T13:23:36.124087,597214,185
2026-06-23T13:23:36.124185,597215,187
2026-06-23T13:23:36.124284,597216,189
2026-06-23T13:23:36.124382,597217,193
2026-06-23T13:23:36.124482,597218,198
2026-06-23T13:23:36.124579,597219,201
2026-06-23T13:23:36.124677,597220,200
2026-06-23T13:23:36.124774,597221,199
2026-06-23T13:23:36.134402,597222,203
2026-06-23T13:23:36.134500,597223,210
2026-06-23T13:23:36.134579,597224,214
2026-06-23T13:23:36.134656,597225,215
2026-06-23T13:23:36.134735,597226,216
2026-06-23T13:23:36.134812,597227,215
2026-06-23T13:23:36.134890,597228,212
2026-06-23T13:23:36.134972,597229,208
2026-06-23T13:23:36.135050,597230,205
2026-06-23T13:23:36.135130,597231,202
2026-06-23T13:23:36.144710,597232,199
2026-06-23T13:23:36.144797,597234,201
2026-06-23T13:23:36.144877,597235,202
2026-06-23T13:23:36.144959,597236,203
2026-06-23T13:23:36.145040,597237,202
2026-06-23T13:23:36.145118,597238,200
2026-06-23T13:23:36.145195,597239,202
2026-06-23T13:23:36.145273,597240,204
2026-06-23T13:23:36.145351,597241,201
2026-06-23T13:23:36.145428,597242,199
2026-06-23T13:23:36.155243,597243,197
2026-06-23T13:23:36.155343,597244,194
2026-06-23T13:23:36.155422,597245,193
2026-06-23T13:23:36.155500,597246,191
2026-06-23T13:23:36.155578,597247,189
2026-06-23T13:23:36.155657,597248,187
2026-06-23T13:23:36.155734,597249,185
2026-06-23T13:23:36.155811,597250,183
2026-06-23T13:23:36.155927,597251,180
2026-06-23T13:23:36.156018,597252,177
2026-06-23T13:23:36.165625,597253,174
2026-06-23T13:23:36.165718,597254,172
2026-06-23T13:23:36.165798,597255,170
2026-06-23T13:23:36.165896,597256,170
2026-06-23T13:23:36.165985,597257,170
2026-06-23T13:23:36.166064,597259,168
2026-06-23T13:23:36.166142,597260,169
2026-06-23T13:23:36.166219,597261,173
2026-06-23T13:23:36.166298,597262,178
2026-06-23T13:23:36.166382,597263,185
2026-06-23T13:23:36.176119,597264,190
2026-06-23T13:23:36.176216,597265,191
2026-06-23T13:23:36.176295,597266,189
2026-06-23T13:23:36.176372,597267,185
2026-06-23T13:23:36.176449,597268,183
2026-06-23T13:23:36.176526,597269,181
2026-06-23T13:23:36.176603,597270,179
2026-06-23T13:23:36.176679,597271,176
2026-06-23T13:23:36.176759,597272,174
2026-06-23T13:23:36.176839,597273,172
2026-06-23T13:23:36.186549,597274,170
2026-06-23T13:23:36.186646,597275,170
2026-06-23T13:23:36.186725,597276,168
2026-06-23T13:23:36.186803,597277,166
2026-06-23T13:23:36.186880,597278,164
2026-06-23T13:23:36.186958,597279,164
2026-06-23T13:23:36.187036,597280,165
2026-06-23T13:23:36.187115,597281,164
2026-06-23T13:23:36.187193,597282,161
2026-06-23T13:23:36.187271,597284,162
2026-06-23T13:23:36.196963,597285,162
2026-06-23T13:23:36.197094,597286,162
2026-06-23T13:23:36.197196,597287,161
2026-06-23T13:23:36.197296,597288,162
2026-06-23T13:23:36.197395,597289,161
2026-06-23T13:23:36.197496,597290,159
2026-06-23T13:23:36.197596,597291,159
2026-06-23T13:23:36.197696,597292,162
2026-06-23T13:23:36.197796,597293,161
2026-06-23T13:23:36.197896,597294,165
2026-06-23T13:23:36.207381,597295,165
2026-06-23T13:23:36.207473,597296,164
2026-06-23T13:23:36.207552,597297,163
2026-06-23T13:23:36.207630,597298,164
2026-06-23T13:23:36.207709,597299,163
2026-06-23T13:23:36.207785,597300,160
2026-06-23T13:23:36.207862,597301,157
2026-06-23T13:23:36.207941,597302,154
2026-06-23T13:23:36.208018,597303,152
2026-06-23T13:23:36.208096,597304,151
2026-06-23T13:23:36.217798,597305,152
2026-06-23T13:23:36.217898,597306,153
2026-06-23T13:23:36.217976,597307,150
2026-06-23T13:23:36.218054,597309,148
2026-06-23T13:23:36.218133,597310,148
2026-06-23T13:23:36.218213,597311,151
2026-06-23T13:23:36.218291,597312,155
2026-06-23T13:23:36.218369,597313,155
2026-06-23T13:23:36.218448,597314,153
2026-06-23T13:23:36.218525,597315,150
2026-06-23T13:23:36.228282,597316,147
2026-06-23T13:23:36.228370,597317,148
2026-06-23T13:23:36.228447,597318,149
2026-06-23T13:23:36.228525,597319,151
2026-06-23T13:23:36.228603,597320,152
2026-06-23T13:23:36.228680,597321,150
2026-06-23T13:23:36.228759,597322,148
2026-06-23T13:23:36.228837,597323,147
2026-06-23T13:23:36.228914,597324,149
2026-06-23T13:23:36.228991,597325,153
2026-06-23T13:23:36.238767,597326,155
2026-06-23T13:23:36.238864,597327,154
2026-06-23T13:23:36.238945,597328,151
2026-06-23T13:23:36.239022,597329,149
2026-06-23T13:23:36.239099,597330,147
2026-06-23T13:23:36.239229,597331,145
2026-06-23T13:23:36.239334,597333,142
2026-06-23T13:23:36.239419,597334,139
2026-06-23T13:23:36.239518,597335,137
2026-06-23T13:23:36.239599,597336,135
2026-06-23T13:23:36.249146,597337,134
2026-06-23T13:23:36.249239,597338,133
2026-06-23T13:23:36.249317,597339,131
2026-06-23T13:23:36.249395,597340,130
2026-06-23T13:23:36.249472,597341,131
2026-06-23T13:23:36.249549,597342,134
2026-06-23T13:23:36.249628,597343,137
2026-06-23T13:23:36.249704,597344,139
2026-06-23T13:23:36.249781,597345,140
2026-06-23T13:23:36.249858,597346,137
2026-06-23T13:23:36.259640,597347,138
2026-06-23T13:23:36.259731,597348,139
2026-06-23T13:23:36.259813,597349,138
2026-06-23T13:23:36.259891,597350,137
2026-06-23T13:23:36.259971,597351,136
2026-06-23T13:23:36.260047,597352,134
2026-06-23T13:23:36.260127,597353,132
2026-06-23T13:23:36.260204,597354,131
2026-06-23T13:23:36.260283,597355,130
2026-06-23T13:23:36.260361,597356,130
2026-06-23T13:23:36.270038,597358,129
2026-06-23T13:23:36.270138,597359,127
2026-06-23T13:23:36.270216,597360,126
2026-06-23T13:23:36.270295,597361,124
2026-06-23T13:23:36.270372,597362,122
2026-06-23T13:23:36.270450,597363,122
2026-06-23T13:23:36.270529,597364,121
2026-06-23T13:23:36.270605,597365,122
2026-06-23T13:23:36.270682,597366,130
2026-06-23T13:23:36.270760,597367,125
2026-06-23T13:23:36.280391,597368,123
2026-06-23T13:23:36.280479,597369,122
2026-06-23T13:23:36.280559,597370,121
2026-06-23T13:23:36.280638,597371,122
2026-06-23T13:23:36.280716,597372,123
2026-06-23T13:23:36.280792,597373,124
2026-06-23T13:23:36.280870,597374,122
2026-06-23T13:23:36.280948,597375,120
2026-06-23T13:23:36.281026,597376,120
2026-06-23T13:23:36.281103,597377,119
2026-06-23T13:23:36.290888,597378,118
2026-06-23T13:23:36.290980,597379,117
2026-06-23T13:23:36.291059,597380,114
2026-06-23T13:23:36.291136,597381,112
2026-06-23T13:23:36.291214,597383,111
2026-06-23T13:23:36.291291,597384,110
2026-06-23T13:23:36.291371,597385,110
2026-06-23T13:23:36.291452,597386,112
2026-06-23T13:23:36.291531,597387,113
2026-06-23T13:23:36.291608,597388,114
2026-06-23T13:23:36.301406,597389,113
2026-06-23T13:23:36.301502,597390,112
2026-06-23T13:23:36.301580,597391,111
2026-06-23T13:23:36.301657,597392,111
2026-06-23T13:23:36.301735,597393,110
2026-06-23T13:23:36.301811,597394,109
2026-06-23T13:23:36.301890,597395,109
2026-06-23T13:23:36.301967,597396,108
2026-06-23T13:23:36.302044,597397,107
2026-06-23T13:23:36.302122,597398,106
2026-06-23T13:23:36.311787,597399,105
2026-06-23T13:23:36.311895,597400,105
2026-06-23T13:23:36.311993,597401,104
2026-06-23T13:23:36.312091,597402,102
2026-06-23T13:23:36.312190,597403,101
2026-06-23T13:23:36.312288,597404,101
2026-06-23T13:23:36.312386,597405,102
2026-06-23T13:23:36.312484,597406,101
2026-06-23T13:23:36.312576,597408,99
2026-06-23T13:23:36.312671,597408,98
2026-06-23T13:23:36.322205,597409,97
2026-06-23T13:23:36.322305,597410,97
2026-06-23T13:23:36.322395,597411,97
2026-06-23T13:23:36.322475,597412,97
2026-06-23T13:23:36.322549,597413,98
2026-06-23T13:23:36.322622,597414,99
2026-06-23T13:23:36.322693,597415,99
2026-06-23T13:23:36.322765,597416,99
2026-06-23T13:23:36.322837,597417,98
2026-06-23T13:23:36.322909,597418,96
2026-06-23T13:23:36.322982,597419,97
2026-06-23T13:23:36.332670,597420,96
2026-06-23T13:23:36.332777,597421,94
2026-06-23T13:23:36.332851,597422,93
2026-06-23T13:23:36.332924,597423,92
2026-06-23T13:23:36.332998,597424,91
2026-06-23T13:23:36.333069,597425,89
2026-06-23T13:23:36.333141,597426,88
2026-06-23T13:23:36.333215,597427,87
2026-06-23T13:23:36.333286,597428,85
2026-06-23T13:23:36.333358,597429,85
2026-06-23T13:23:36.333430,597430,84
2026-06-23T13:23:36.343124,597430,83
2026-06-23T13:23:36.343235,597431,82
2026-06-23T13:23:36.343328,597432,83
2026-06-23T13:23:36.343424,597433,84
2026-06-23T13:23:36.343517,597434,84
2026-06-23T13:23:36.343609,597435,83
2026-06-23T13:23:36.343702,597436,84
2026-06-23T13:23:36.343793,597437,84
2026-06-23T13:23:36.343886,597438,83
2026-06-23T13:23:36.343976,597439,82
2026-06-23T13:23:36.344068,597440,81
2026-06-23T13:23:36.353575,597441,80
2026-06-23T13:23:36.353667,597442,79
2026-06-23T13:23:36.353740,597443,81
2026-06-23T13:23:36.353812,597444,82
2026-06-23T13:23:36.353884,597445,85
2026-06-23T13:23:36.353956,597446,88
2026-06-23T13:23:36.354028,597447,88
2026-06-23T13:23:36.354100,597448,89
2026-06-23T13:23:36.354171,597449,90
2026-06-23T13:23:36.354242,597450,91
2026-06-23T13:23:36.354313,597451,96
2026-06-23T13:23:36.363929,597451,104
2026-06-23T13:23:36.364040,597453,110
2026-06-23T13:23:36.364139,597454,115
2026-06-23T13:23:36.364238,597455,116
2026-06-23T13:23:36.364336,597456,115
2026-06-23T13:23:36.364437,597457,115
2026-06-23T13:23:36.364535,597458,116
2026-06-23T13:23:36.364634,597459,117
2026-06-23T13:23:36.364734,597460,118
2026-06-23T13:23:36.364831,597461,118
2026-06-23T13:23:36.374425,597462,118
2026-06-23T13:23:36.374515,597463,119
2026-06-23T13:23:36.374593,597464,121
2026-06-23T13:23:36.374672,597465,121
2026-06-23T13:23:36.374748,597466,122
2026-06-23T13:23:36.374827,597467,127
2026-06-23T13:23:36.374903,597468,130
2026-06-23T13:23:36.374980,597469,133
2026-06-23T13:23:36.375056,597470,133
2026-06-23T13:23:36.375132,597471,132
2026-06-23T13:23:36.384876,597472,130
2026-06-23T13:23:36.384973,597473,129
2026-06-23T13:23:36.385050,597474,129
2026-06-23T13:23:36.385127,597475,129
2026-06-23T13:23:36.385203,597476,129
2026-06-23T13:23:36.385279,597478,128
2026-06-23T13:23:36.385356,597479,126
2026-06-23T13:23:36.385432,597480,124
2026-06-23T13:23:36.385509,597481,124
2026-06-23T13:23:36.385585,597482,124
2026-06-23T13:23:36.395288,597483,124
2026-06-23T13:23:36.395396,597484,125
2026-06-23T13:23:36.395495,597485,126
2026-06-23T13:23:36.395594,597486,125
2026-06-23T13:23:36.395691,597487,124
2026-06-23T13:23:36.395789,597488,123
2026-06-23T13:23:36.395887,597489,123
2026-06-23T13:23:36.395987,597490,124
2026-06-23T13:23:36.396087,597491,122
2026-06-23T13:23:36.396185,597492,121
2026-06-23T13:23:36.405774,597493,119
2026-06-23T13:23:36.405889,597494,119
2026-06-23T13:23:36.406016,597495,117
2026-06-23T13:23:36.406147,597496,115
2026-06-23T13:23:36.406235,597497,114
2026-06-23T13:23:36.406317,597498,112
2026-06-23T13:23:36.406398,597499,110
2026-06-23T13:23:36.406477,597500,108
2026-06-23T13:23:36.406556,597502,107
2026-06-23T13:23:36.406634,597503,105
2026-06-23T13:23:36.416174,597504,104
2026-06-23T13:23:36.416276,597505,102
2026-06-23T13:23:36.416354,597506,100
2026-06-23T13:23:36.416427,597507,98
2026-06-23T13:23:36.416500,597508,97
2026-06-23T13:23:36.416572,597509,93
2026-06-23T13:23:36.416644,597510,93
2026-06-23T13:23:36.416715,597511,93
2026-06-23T13:23:36.416786,597511,92
2026-06-23T13:23:36.416858,597512,92
2026-06-23T13:23:36.416930,597513,91
2026-06-23T13:23:36.426655,597514,90
2026-06-23T13:23:36.426738,597515,88
2026-06-23T13:23:36.426811,597516,88
2026-06-23T13:23:36.426883,597517,87
2026-06-23T13:23:36.426955,597518,86
2026-06-23T13:23:36.427027,597519,85
2026-06-23T13:23:36.427098,597520,84
2026-06-23T13:23:36.427171,597521,82
2026-06-23T13:23:36.427241,597522,81
2026-06-23T13:23:36.427314,597523,80
2026-06-23T13:23:36.427385,597524,79
2026-06-23T13:23:36.437119,597525,79
2026-06-23T13:23:36.437214,597526,79
2026-06-23T13:23:36.437287,597527,80
2026-06-23T13:23:36.437360,597528,80
2026-06-23T13:23:36.437435,597529,79
2026-06-23T13:23:36.437508,597530,79
2026-06-23T13:23:36.437582,597531,78
2026-06-23T13:23:36.437657,597532,77
2026-06-23T13:23:36.437730,597533,78
2026-06-23T13:23:36.437802,597533,78
2026-06-23T13:23:36.437875,597534,78
2026-06-23T13:23:36.447452,597535,78
2026-06-23T13:23:36.447542,597536,78
2026-06-23T13:23:36.447622,597537,76
2026-06-23T13:23:36.447701,597538,75
2026-06-23T13:23:36.447779,597539,75
2026-06-23T13:23:36.447858,597540,74
2026-06-23T13:23:36.447936,597541,73
2026-06-23T13:23:36.448011,597542,72
2026-06-23T13:23:36.448088,597543,71
2026-06-23T13:23:36.448166,597544,70
2026-06-23T13:23:36.457874,597545,69
2026-06-23T13:23:36.457967,597546,69
2026-06-23T13:23:36.458041,597547,67
2026-06-23T13:23:36.458114,597548,66
2026-06-23T13:23:36.458186,597549,66
2026-06-23T13:23:36.458258,597550,65
2026-06-23T13:23:36.458330,597551,64
2026-06-23T13:23:36.458402,597552,64
2026-06-23T13:23:36.458473,597553,63
2026-06-23T13:23:36.458545,597554,62
2026-06-23T13:23:36.458616,597554,62
2026-06-23T13:23:36.468326,597555,61
2026-06-23T13:23:36.468414,597556,60
2026-06-23T13:23:36.468486,597557,60
2026-06-23T13:23:36.468560,597558,59
2026-06-23T13:23:36.468632,597559,59
2026-06-23T13:23:36.468705,597560,58
2026-06-23T13:23:36.468777,597561,58
2026-06-23T13:23:36.468849,597562,58
2026-06-23T13:23:36.468921,597563,57
2026-06-23T13:23:36.468992,597564,57
2026-06-23T13:23:36.469068,597565,57
2026-06-23T13:23:36.478733,597566,58
2026-06-23T13:23:36.478815,597567,59
2026-06-23T13:23:36.478889,597568,60
2026-06-23T13:23:36.478962,597569,60
2026-06-23T13:23:36.479035,597570,59
2026-06-23T13:23:36.479106,597571,59
2026-06-23T13:23:36.479178,597572,59
2026-06-23T13:23:36.479249,597573,59
2026-06-23T13:23:36.479323,597574,59
2026-06-23T13:23:36.479396,597575,60
2026-06-23T13:23:36.479467,597575,62
2026-06-23T13:23:36.489273,597576,64
2026-06-23T13:23:36.489374,597577,68
2026-06-23T13:23:36.489487,597578,71
2026-06-23T13:23:36.489570,597579,72
2026-06-23T13:23:36.489647,597580,71
2026-06-23T13:23:36.489721,597581,71
2026-06-23T13:23:36.489794,597582,70
2026-06-23T13:23:36.489867,597583,69
2026-06-23T13:23:36.489940,597584,71
2026-06-23T13:23:36.490012,597585,68
2026-06-23T13:23:36.490085,597586,67
2026-06-23T13:23:36.499611,597587,65
2026-06-23T13:23:36.499698,597588,66
2026-06-23T13:23:36.499770,597589,64
2026-06-23T13:23:36.499842,597590,64
2026-06-23T13:23:36.499915,597591,63
2026-06-23T13:23:36.499988,597592,62
2026-06-23T13:23:36.500060,597593,62
2026-06-23T13:23:36.500133,597594,61
2026-06-23T13:23:36.500205,597595,61
2026-06-23T13:23:36.500278,597596,60
2026-06-23T13:23:36.500349,597597,60
2026-06-23T13:23:36.510123,597597,61
2026-06-23T13:23:36.510213,597598,59
2026-06-23T13:23:36.510286,597599,58
2026-06-23T13:23:36.510358,597600,58
2026-06-23T13:23:36.510430,597601,57
2026-06-23T13:23:36.510502,597602,57
2026-06-23T13:23:36.510576,597603,56
2026-06-23T13:23:36.510648,597604,56
2026-06-23T13:23:36.510721,597605,55
2026-06-23T13:23:36.510793,597606,55
2026-06-23T13:23:36.510865,597607,55
2026-06-23T13:23:36.520575,597608,55
2026-06-23T13:23:36.520671,597609,55
2026-06-23T13:23:36.520745,597610,55
2026-06-23T13:23:36.520820,597611,55
2026-06-23T13:23:36.520891,597612,55
2026-06-23T13:23:36.520962,597613,55
2026-06-23T13:23:36.521033,597614,55
2026-06-23T13:23:36.521104,597615,56
2026-06-23T13:23:36.521175,597616,57
2026-06-23T13:23:36.521247,597617,57
2026-06-23T13:23:36.521318,597618,56
2026-06-23T13:23:36.530965,597618,53
2026-06-23T13:23:36.531049,597619,56
2026-06-23T13:23:36.531122,597620,55
2026-06-23T13:23:36.531195,597621,55
2026-06-23T13:23:36.531268,597622,54
2026-06-23T13:23:36.531340,597623,54
2026-06-23T13:23:36.531413,597624,54
2026-06-23T13:23:36.531486,597625,53
2026-06-23T13:23:36.531566,597626,53
2026-06-23T13:23:36.531639,597627,53
2026-06-23T13:23:36.531712,597628,52
2026-06-23T13:23:36.541477,597629,52
2026-06-23T13:23:36.541562,597630,51
2026-06-23T13:23:36.541635,597631,51
2026-06-23T13:23:36.541708,597632,51
2026-06-23T13:23:36.541781,597633,51
2026-06-23T13:23:36.541854,597634,50
2026-06-23T13:23:36.541929,597635,50
2026-06-23T13:23:36.542003,597636,49
2026-06-23T13:23:36.542075,597637,49
2026-06-23T13:23:36.542148,597638,49
2026-06-23T13:23:36.542225,597639,49
2026-06-23T13:23:36.552011,597640,49
2026-06-23T13:23:36.552105,597640,49
2026-06-23T13:23:36.552181,597641,49
2026-06-23T13:23:36.552256,597642,48
2026-06-23T13:23:36.552328,597643,48
2026-06-23T13:23:36.552401,597644,48
2026-06-23T13:23:36.552475,597645,48
2026-06-23T13:23:36.552547,597646,47
2026-06-23T13:23:36.552621,597647,46
2026-06-23T13:23:36.552694,597648,47
2026-06-23T13:23:36.552768,597649,46
2026-06-23T13:23:36.562457,597650,46
2026-06-23T13:23:36.562562,597651,46
2026-06-23T13:23:36.562656,597652,45
2026-06-23T13:23:36.562749,597653,45
2026-06-23T13:23:36.562844,597654,45
2026-06-23T13:23:36.562936,597655,45
2026-06-23T13:23:36.563028,597656,44
2026-06-23T13:23:36.563122,597657,43
2026-06-23T13:23:36.563264,597658,44
2026-06-23T13:23:36.563366,597659,44
2026-06-23T13:23:36.572770,597660,44
2026-06-23T13:23:36.572869,597661,44
2026-06-23T13:23:36.572944,597661,44
2026-06-23T13:23:36.573020,597662,44
2026-06-23T13:23:36.573092,597663,44
2026-06-23T13:23:36.573167,597664,44
2026-06-23T13:23:36.573239,597665,44
2026-06-23T13:23:36.573311,597666,44
2026-06-23T13:23:36.573383,597667,44
2026-06-23T13:23:36.573455,597668,44
2026-06-23T13:23:36.573527,597669,43
2026-06-23T13:23:36.583144,597670,44
2026-06-23T13:23:36.583232,597671,44
2026-06-23T13:23:36.583305,597672,43
2026-06-23T13:23:36.583377,597673,43
2026-06-23T13:23:36.583451,597674,44
2026-06-23T13:23:36.583523,597675,44
2026-06-23T13:23:36.583595,597676,45
2026-06-23T13:23:36.583667,597677,46
2026-06-23T13:23:36.583739,597678,45
2026-06-23T13:23:36.583811,597679,46
2026-06-23T13:23:36.583883,597680,45
2026-06-23T13:23:36.593612,597681,46
2026-06-23T13:23:36.593695,597682,46
2026-06-23T13:23:36.593768,597682,47
2026-06-23T13:23:36.593842,597683,48
2026-06-23T13:23:36.593915,597684,49
2026-06-23T13:23:36.593988,597685,50
2026-06-23T13:23:36.594061,597686,50
2026-06-23T13:23:36.594133,597687,50
2026-06-23T13:23:36.594205,597688,48
2026-06-23T13:23:36.594277,597689,49
2026-06-23T13:23:36.594351,597690,50
2026-06-23T13:23:36.604082,597691,50
2026-06-23T13:23:36.604172,597692,51
2026-06-23T13:23:36.604245,597693,51
2026-06-23T13:23:36.604316,597694,50
2026-06-23T13:23:36.604389,597695,50
2026-06-23T13:23:36.604460,597696,51
2026-06-23T13:23:36.604531,597697,52
2026-06-23T13:23:36.604603,597698,54
2026-06-23T13:23:36.604676,597699,53
2026-06-23T13:23:36.604747,597700,53
2026-06-23T13:23:36.604819,597701,53
2026-06-23T13:23:36.614437,597702,52
2026-06-23T13:23:36.614547,597703,52
2026-06-23T13:23:36.614638,597704,51
2026-06-23T13:23:36.614731,597704,51
2026-06-23T13:23:36.614822,597705,50
2026-06-23T13:23:36.614915,597706,50
2026-06-23T13:23:36.615006,597707,49
2026-06-23T13:23:36.615097,597708,49
2026-06-23T13:23:36.615190,597709,48
2026-06-23T13:23:36.615282,597710,48
2026-06-23T13:23:36.615360,597711,48
2026-06-23T13:23:36.624987,597712,48
2026-06-23T13:23:36.625094,597713,47
2026-06-23T13:23:36.625187,597714,47
2026-06-23T13:23:36.625279,597715,47
2026-06-23T13:23:36.625370,597716,52
2026-06-23T13:23:36.625461,597717,47
2026-06-23T13:23:36.625554,597718,47
2026-06-23T13:23:36.625644,597719,46
2026-06-23T13:23:36.625735,597720,46
2026-06-23T13:23:36.625827,597721,46
2026-06-23T13:23:36.625918,597722,45
2026-06-23T13:23:36.635398,597723,45
2026-06-23T13:23:36.635491,597724,44
2026-06-23T13:23:36.635564,597725,44
2026-06-23T13:23:36.635636,597725,44
2026-06-23T13:23:36.635709,597726,44
2026-06-23T13:23:36.635791,597727,44
2026-06-23T13:23:36.635863,597728,44
2026-06-23T13:23:36.635934,597729,45
2026-06-23T13:23:36.636005,597730,44
2026-06-23T13:23:36.636077,597731,44
2026-06-23T13:23:36.636148,597732,44
2026-06-23T13:23:36.645831,597733,44
2026-06-23T13:23:36.645935,597734,44
2026-06-23T13:23:36.646031,597735,43
2026-06-23T13:23:36.646123,597736,43
2026-06-23T13:23:36.646218,597737,49
2026-06-23T13:23:36.646310,597738,44
2026-06-23T13:23:36.646402,597739,43
2026-06-23T13:23:36.646495,597740,43
2026-06-23T13:23:36.646587,597741,43
2026-06-23T13:23:36.646700,597742,43
2026-06-23T13:23:36.646793,597743,42
2026-06-23T13:23:36.656260,597744,43
2026-06-23T13:23:36.656351,597745,42
2026-06-23T13:23:36.656424,597746,41
2026-06-23T13:23:36.656497,597746,42
2026-06-23T13:23:36.656570,597747,42
2026-06-23T13:23:36.656642,597748,42
2026-06-23T13:23:36.656714,597749,42
2026-06-23T13:23:36.656785,597750,42
2026-06-23T13:23:36.656861,597751,42
2026-06-23T13:23:36.656933,597752,42
2026-06-23T13:23:36.657008,597753,43
2026-06-23T13:23:36.666724,597754,43
2026-06-23T13:23:36.666812,597755,43
2026-06-23T13:23:36.666886,597756,43
2026-06-23T13:23:36.666958,597757,42
2026-06-23T13:23:36.667030,597758,42
2026-06-23T13:23:36.667102,597759,42
2026-06-23T13:23:36.667173,597760,42
2026-06-23T13:23:36.667245,597761,41
2026-06-23T13:23:36.667317,597762,41
2026-06-23T13:23:36.667391,597763,41
2026-06-23T13:23:36.667462,597764,41
2026-06-23T13:23:36.677180,597765,41
2026-06-23T13:23:36.677262,597766,41
2026-06-23T13:23:36.677335,597767,43
2026-06-23T13:23:36.677407,597768,42
2026-06-23T13:23:36.677479,597768,42
2026-06-23T13:23:36.677591,597769,42
2026-06-23T13:23:36.677693,597770,42
2026-06-23T13:23:36.677772,597771,42
2026-06-23T13:23:36.677848,597772,42
2026-06-23T13:23:36.677921,597773,41
2026-06-23T13:23:36.687582,597774,41
2026-06-23T13:23:36.687676,597775,41
2026-06-23T13:23:36.687749,597776,41
2026-06-23T13:23:36.687823,597777,40
2026-06-23T13:23:36.687895,597778,40
2026-06-23T13:23:36.687969,597779,40
2026-06-23T13:23:36.688041,597780,40
2026-06-23T13:23:36.688112,597781,40
2026-06-23T13:23:36.688184,597782,40
2026-06-23T13:23:36.688257,597783,40
2026-06-23T13:23:36.688329,597784,40
2026-06-23T13:23:36.697917,597785,40
2026-06-23T13:23:36.698025,597786,40
2026-06-23T13:23:36.698105,597787,40
2026-06-23T13:23:36.698178,597788,40
2026-06-23T13:23:36.698251,597789,40
2026-06-23T13:23:36.698323,597789,40
2026-06-23T13:23:36.698395,597790,40
2026-06-23T13:23:36.698466,597791,39
2026-06-23T13:23:36.698540,597792,39
2026-06-23T13:23:36.698612,597793,39
2026-06-23T13:23:36.698684,597794,39
2026-06-23T13:23:36.708463,597795,39
2026-06-23T13:23:36.708568,597796,38
2026-06-23T13:23:36.708663,597797,39
2026-06-23T13:23:36.708755,597798,38
2026-06-23T13:23:36.708847,597799,39
2026-06-23T13:23:36.708939,597800,39
2026-06-23T13:23:36.709030,597801,39
2026-06-23T13:23:36.709123,597802,39
2026-06-23T13:23:36.709216,597803,39
2026-06-23T13:23:36.709310,597804,39
2026-06-23T13:23:36.709403,597805,39
2026-06-23T13:23:36.718938,597806,35
2026-06-23T13:23:36.719031,597807,39
2026-06-23T13:23:36.719104,597808,39
2026-06-23T13:23:36.719176,597809,39
2026-06-23T13:23:36.719248,597810,39
2026-06-23T13:23:36.719323,597810,39
2026-06-23T13:23:36.719394,597811,38
2026-06-23T13:23:36.719465,597812,38
2026-06-23T13:23:36.719537,597813,38
2026-06-23T13:23:36.719608,597814,38
2026-06-23T13:23:36.719680,597815,38
2026-06-23T13:23:36.729369,597816,38
2026-06-23T13:23:36.729474,597817,38
2026-06-23T13:23:36.729568,597818,38
2026-06-23T13:23:36.729661,597819,38
2026-06-23T13:23:36.729753,597820,38
2026-06-23T13:23:36.729845,597821,38
2026-06-23T13:23:36.729937,597822,38
2026-06-23T13:23:36.730030,597823,38
2026-06-23T13:23:36.730122,597824,38
2026-06-23T13:23:36.730214,597825,39
2026-06-23T13:23:36.730306,597826,39
2026-06-23T13:23:36.739782,597827,38
2026-06-23T13:23:36.739871,597828,39
2026-06-23T13:23:36.739945,597829,38
2026-06-23T13:23:36.740017,597830,39
2026-06-23T13:23:36.740089,597831,38
2026-06-23T13:23:36.740164,597832,38
2026-06-23T13:23:36.740235,597832,39
2026-06-23T13:23:36.740307,597833,38
2026-06-23T13:23:36.740378,597834,39
2026-06-23T13:23:36.740450,597835,39
2026-06-23T13:23:36.740522,597836,39
2026-06-23T13:23:36.750228,597837,37
2026-06-23T13:23:36.750319,597838,38
2026-06-23T13:23:36.750392,597839,39
2026-06-23T13:23:36.750463,597840,39
2026-06-23T13:23:36.750535,597841,40
2026-06-23T13:23:36.750610,597842,40
2026-06-23T13:23:36.750683,597843,41
2026-06-23T13:23:36.750762,597844,40
2026-06-23T13:23:36.750834,597845,40
2026-06-23T13:23:36.750907,597846,40
2026-06-23T13:23:36.750978,597847,40
2026-06-23T13:23:36.760637,597848,41
2026-06-23T13:23:36.760717,597849,41
2026-06-23T13:23:36.760791,597850,41
2026-06-23T13:23:36.760866,597851,41
2026-06-23T13:23:36.760939,597852,41
2026-06-23T13:23:36.761014,597853,40
2026-06-23T13:23:36.761086,597853,41
2026-06-23T13:23:36.761159,597854,40
2026-06-23T13:23:36.761232,597855,40
2026-06-23T13:23:36.761328,597856,40
2026-06-23T13:23:36.761409,597857,40
2026-06-23T13:23:36.771101,597858,39
2026-06-23T13:23:36.771193,597859,40
2026-06-23T13:23:36.771266,597860,39
2026-06-23T13:23:36.771339,597861,39
2026-06-23T13:23:36.771412,597862,40
2026-06-23T13:23:36.771484,597863,39
2026-06-23T13:23:36.771555,597864,40
2026-06-23T13:23:36.771627,597865,40
2026-06-23T13:23:36.771699,597866,40
2026-06-23T13:23:36.771770,597867,40
2026-06-23T13:23:36.771842,597868,40
2026-06-23T13:23:36.781484,597869,40
2026-06-23T13:23:36.781571,597870,40
2026-06-23T13:23:36.781644,597871,40
2026-06-23T13:23:36.781715,597872,40
2026-06-23T13:23:36.781787,597873,40
2026-06-23T13:23:36.781858,597874,40
2026-06-23T13:23:36.781930,597874,40
2026-06-23T13:23:36.782001,597875,40
2026-06-23T13:23:36.782072,597876,40
2026-06-23T13:23:36.782143,597877,40
2026-06-23T13:23:36.782214,597878,40
2026-06-23T13:23:36.791995,597879,39
2026-06-23T13:23:36.792098,597880,40
2026-06-23T13:23:36.792189,597881,39
2026-06-23T13:23:36.792281,597882,39
2026-06-23T13:23:36.792374,597883,39
2026-06-23T13:23:36.792468,597884,39
2026-06-23T13:23:36.792561,597885,39
2026-06-23T13:23:36.792656,597886,39
2026-06-23T13:23:36.792747,597887,39
2026-06-23T13:23:36.792839,597888,40
2026-06-23T13:23:36.802400,597889,40
2026-06-23T13:23:36.802497,597890,40
2026-06-23T13:23:36.802569,597891,40
2026-06-23T13:23:36.802641,597892,44
2026-06-23T13:23:36.802712,597893,39
2026-06-23T13:23:36.802784,597894,39
2026-06-23T13:23:36.802856,597895,40
2026-06-23T13:23:36.802927,597896,40
2026-06-23T13:23:36.802998,597896,40
2026-06-23T13:23:36.803070,597897,41
2026-06-23T13:23:36.803140,597898,42
2026-06-23T13:23:36.812821,597899,41
2026-06-23T13:23:36.812929,597900,40
2026-06-23T13:23:36.813023,597901,40
2026-06-23T13:23:36.813116,597902,40
2026-06-23T13:23:36.813208,597903,40
2026-06-23T13:23:36.813301,597904,40
2026-06-23T13:23:36.813397,597905,40
2026-06-23T13:23:36.813491,597906,40
2026-06-23T13:23:36.813584,597907,40
2026-06-23T13:23:36.813678,597908,40
2026-06-23T13:23:36.813799,597909,40
2026-06-23T13:23:36.823446,597910,39
2026-06-23T13:23:36.823586,597911,40
2026-06-23T13:23:36.823687,597912,39
2026-06-23T13:23:36.823783,597913,39
2026-06-23T13:23:36.823877,597914,39
2026-06-23T13:23:36.823971,597915,39
2026-06-23T13:23:36.824063,597916,39
2026-06-23T13:23:36.824156,597917,39
2026-06-23T13:23:36.824248,597917,39
2026-06-23T13:23:36.824341,597918,38
2026-06-23T13:23:36.824434,597919,39
2026-06-23T13:23:36.833714,597920,38
2026-06-23T13:23:36.833822,597921,38
2026-06-23T13:23:36.833897,597922,33
2026-06-23T13:23:36.833970,597923,38
2026-06-23T13:23:36.834043,597924,38
2026-06-23T13:23:36.834118,597925,38
2026-06-23T13:23:36.834190,597926,37
2026-06-23T13:23:36.834262,597927,38
2026-06-23T13:23:36.834339,597928,37
2026-06-23T13:23:36.834417,597929,37
2026-06-23T13:23:36.834491,597930,38
2026-06-23T13:23:36.844137,597931,39
2026-06-23T13:23:36.844242,597932,39
2026-06-23T13:23:36.844334,597933,39
2026-06-23T13:23:36.844426,597934,39
2026-06-23T13:23:36.844518,597935,39
2026-06-23T13:23:36.844609,597936,39
2026-06-23T13:23:36.844701,597937,39
2026-06-23T13:23:36.844792,597938,39
2026-06-23T13:23:36.844882,597939,39
2026-06-23T13:23:36.844976,597939,39
2026-06-23T13:23:36.845068,597940,39
2026-06-23T13:23:36.854642,597941,38
2026-06-23T13:23:36.854734,597942,38
2026-06-23T13:23:36.854806,597943,38
2026-06-23T13:23:36.854880,597944,38
2026-06-23T13:23:36.854953,597945,37
2026-06-23T13:23:36.855026,597946,37
2026-06-23T13:23:36.855098,597947,37
2026-06-23T13:23:36.855170,597948,37
2026-06-23T13:23:36.855243,597949,37
2026-06-23T13:23:36.855315,597950,37
2026-06-23T13:23:36.855387,597951,37
2026-06-23T13:23:36.864995,597952,37
2026-06-23T13:23:36.865082,597953,37
2026-06-23T13:23:36.865157,597954,37
2026-06-23T13:23:36.865232,597955,37
2026-06-23T13:23:36.865305,597956,37
2026-06-23T13:23:36.865377,597957,37
2026-06-23T13:23:36.865448,597958,37
2026-06-23T13:23:36.865520,597959,37
2026-06-23T13:23:36.865592,597960,37
2026-06-23T13:23:36.865664,597960,37
2026-06-23T13:23:36.865735,597961,37
2026-06-23T13:23:36.875494,597962,37
2026-06-23T13:23:36.875581,597963,37
2026-06-23T13:23:36.875654,597964,37
2026-06-23T13:23:36.875728,597965,37
2026-06-23T13:23:36.875800,597966,36
2026-06-23T13:23:36.875872,597967,37
2026-06-23T13:23:36.875944,597968,37
2026-06-23T13:23:36.876017,597969,37
2026-06-23T13:23:36.876088,597970,36
2026-06-23T13:23:36.876159,597971,37
2026-06-23T13:23:36.876231,597972,37
2026-06-23T13:23:36.885962,597973,37
2026-06-23T13:23:36.886052,597974,37
2026-06-23T13:23:36.886125,597975,37
2026-06-23T13:23:36.886197,597976,37
2026-06-23T13:23:36.886268,597977,36
2026-06-23T13:23:36.886341,597978,37
2026-06-23T13:23:36.886413,597979,37
2026-06-23T13:23:36.886486,597980,37
2026-06-23T13:23:36.886565,597981,36
2026-06-23T13:23:36.886638,597981,37
2026-06-23T13:23:36.886711,597982,36
2026-06-23T13:23:36.896356,597983,36
2026-06-23T13:23:36.896440,597984,36
2026-06-23T13:23:36.896513,597985,36
2026-06-23T13:23:36.896588,597986,35
2026-06-23T13:23:36.896662,597987,35
2026-06-23T13:23:36.896734,597988,35
2026-06-23T13:23:36.896807,597989,35
2026-06-23T13:23:36.896880,597990,35
2026-06-23T13:23:36.896955,597991,36
2026-06-23T13:23:36.897028,597992,36
2026-06-23T13:23:36.897117,597993,36
2026-06-23T13:23:36.906817,597994,36
2026-06-23T13:23:36.906903,597995,36
2026-06-23T13:23:36.906976,597996,36
2026-06-23T13:23:36.907049,597997,35
2026-06-23T13:23:36.907121,597998,35
2026-06-23T13:23:36.907193,597999,35
2026-06-23T13:23:36.907267,598000,35
2026-06-23T13:23:36.907339,598001,35
2026-06-23T13:23:36.907411,598002,35
2026-06-23T13:23:36.907484,598003,34
2026-06-23T13:23:36.917188,598003,34
2026-06-23T13:23:36.917289,598004,34
2026-06-23T13:23:36.917363,598005,34
2026-06-23T13:23:36.917440,598006,34
2026-06-23T13:23:36.917514,598007,34
2026-06-23T13:23:36.917589,598008,34
2026-06-23T13:23:36.917661,598009,34
2026-06-23T13:23:36.917734,598010,34
2026-06-23T13:23:36.917809,598011,34
2026-06-23T13:23:36.917884,598012,34
2026-06-23T13:23:36.917958,598013,34
2026-06-23T13:23:36.927606,598014,34
2026-06-23T13:23:36.927691,598015,35
2026-06-23T13:23:36.927765,598016,34
2026-06-23T13:23:36.927839,598017,34
2026-06-23T13:23:36.927912,598018,34
2026-06-23T13:23:36.927985,598019,34
2026-06-23T13:23:36.928057,598020,34
2026-06-23T13:23:36.928130,598021,34
2026-06-23T13:23:36.928204,598022,34
2026-06-23T13:23:36.928277,598023,34
2026-06-23T13:23:36.928349,598024,34
2026-06-23T13:23:36.938100,598024,34
2026-06-23T13:23:36.938194,598025,34
2026-06-23T13:23:36.938266,598026,34
2026-06-23T13:23:36.938337,598027,34
2026-06-23T13:23:36.938409,598028,34
2026-06-23T13:23:36.938480,598029,34
2026-06-23T13:23:36.938551,598030,35
2026-06-23T13:23:36.938623,598031,35
2026-06-23T13:23:36.938695,598032,35
2026-06-23T13:23:36.938766,598033,34
2026-06-23T13:23:36.938893,598034,35
2026-06-23T13:23:36.948479,598035,36
2026-06-23T13:23:36.948588,598036,36
2026-06-23T13:23:36.948667,598037,36
2026-06-23T13:23:36.948742,598038,35
2026-06-23T13:23:36.948817,598039,36
2026-06-23T13:23:36.948891,598040,36
2026-06-23T13:23:36.948964,598041,35
2026-06-23T13:23:36.949037,598042,35
2026-06-23T13:23:36.949110,598043,35
2026-06-23T13:23:36.949183,598044,34
2026-06-23T13:23:36.949256,598045,34
2026-06-23T13:23:36.958944,598045,35
2026-06-23T13:23:36.959061,598046,34
2026-06-23T13:23:36.959140,598047,34
2026-06-23T13:23:36.959217,598048,34
2026-06-23T13:23:36.959291,598049,34
2026-06-23T13:23:36.959365,598050,34
2026-06-23T13:23:36.959439,598051,35
2026-06-23T13:23:36.959512,598052,35
2026-06-23T13:23:36.959588,598053,35
2026-06-23T13:23:36.959663,598054,35
2026-06-23T13:23:36.959737,598055,35
2026-06-23T13:23:36.969491,598056,35
2026-06-23T13:23:36.969611,598057,35
2026-06-23T13:23:36.969688,598058,35
2026-06-23T13:23:36.969762,598059,39
2026-06-23T13:23:36.969834,598060,35
2026-06-23T13:23:36.969906,598061,35
2026-06-23T13:23:36.969978,598062,34
2026-06-23T13:23:36.970050,598063,34
2026-06-23T13:23:36.970121,598064,35
2026-06-23T13:23:36.970193,598065,35
2026-06-23T13:23:36.970265,598066,35
2026-06-23T13:23:36.979787,598067,35
2026-06-23T13:23:36.979877,598067,35
2026-06-23T13:23:36.979953,598068,35
2026-06-23T13:23:36.980027,598069,35
2026-06-23T13:23:36.980100,598070,35
2026-06-23T13:23:36.980172,598071,35
2026-06-23T13:23:36.980244,598072,35
2026-06-23T13:23:36.980316,598073,35
2026-06-23T13:23:36.980388,598074,35
2026-06-23T13:23:36.980461,598075,35
2026-06-23T13:23:36.980532,598076,36
2026-06-23T13:23:36.990344,598077,36
2026-06-23T13:23:36.990431,598078,36
2026-06-23T13:23:36.990504,598079,36
2026-06-23T13:23:36.990576,598080,36
2026-06-23T13:23:36.990648,598081,36
2026-06-23T13:23:36.990722,598082,36
2026-06-23T13:23:36.990794,598083,35
2026-06-23T13:23:36.990865,598084,35
2026-06-23T13:23:36.990938,598085,35
2026-06-23T13:23:36.991011,598086,35
2026-06-23T13:23:36.991085,598087,32
2026-06-23T13:23:37.000782,598088,34
2026-06-23T13:23:37.000874,598088,35
2026-06-23T13:23:37.000947,598089,35
2026-06-23T13:23:37.001020,598090,34
2026-06-23T13:23:37.001091,598091,34
2026-06-23T13:23:37.001163,598092,34
2026-06-23T13:23:37.001237,598093,35
2026-06-23T13:23:37.001308,598094,34
2026-06-23T13:23:37.001380,598095,34
2026-06-23T13:23:37.001450,598096,33
2026-06-23T13:23:37.001522,598097,34
2026-06-23T13:23:37.011172,598098,34
2026-06-23T13:23:37.011256,598099,34
2026-06-23T13:23:37.011329,598100,34
2026-06-23T13:23:37.011401,598101,34
2026-06-23T13:23:37.011473,598102,34
2026-06-23T13:23:37.011545,598103,33
2026-06-23T13:23:37.011618,598104,34
2026-06-23T13:23:37.011690,598105,33
2026-06-23T13:23:37.011762,598106,33
2026-06-23T13:23:37.011833,598107,33
2026-06-23T13:23:37.011905,598108,33
2026-06-23T13:23:37.021696,598109,33
2026-06-23T13:23:37.021790,598109,33
2026-06-23T13:23:37.021863,598110,33
2026-06-23T13:23:37.021935,598111,33
2026-06-23T13:23:37.022007,598112,33
2026-06-23T13:23:37.022079,598113,34
2026-06-23T13:23:37.022151,598114,33
2026-06-23T13:23:37.022222,598115,33
2026-06-23T13:23:37.022293,598116,33
2026-06-23T13:23:37.022365,598117,33
2026-06-23T13:23:37.032035,598118,34
2026-06-23T13:23:37.032136,598119,34
2026-06-23T13:23:37.032209,598120,34
2026-06-23T13:23:37.032281,598121,34
2026-06-23T13:23:37.032353,598122,35
2026-06-23T13:23:37.032424,598123,35
2026-06-23T13:23:37.032495,598124,35
2026-06-23T13:23:37.032566,598125,35
2026-06-23T13:23:37.032637,598126,35
2026-06-23T13:23:37.032708,598127,35
2026-06-23T13:23:37.032779,598128,35
2026-06-23T13:23:37.042461,598129,35
2026-06-23T13:23:37.042544,598130,35
2026-06-23T13:23:37.042617,598131,35
2026-06-23T13:23:37.042689,598131,35
2026-06-23T13:23:37.042766,598132,35
2026-06-23T13:23:37.042839,598133,35
2026-06-23T13:23:37.042911,598134,35
2026-06-23T13:23:37.042983,598135,33
2026-06-23T13:23:37.043056,598136,35
2026-06-23T13:23:37.043128,598137,35
2026-06-23T13:23:37.043199,598138,34
2026-06-23T13:23:37.052981,598139,35
2026-06-23T13:23:37.053076,598140,35
2026-06-23T13:23:37.053149,598141,35
2026-06-23T13:23:37.053223,598142,35
2026-06-23T13:23:37.053295,598143,35
2026-06-23T13:23:37.053366,598144,35
2026-06-23T13:23:37.053437,598145,35
2026-06-23T13:23:37.053508,598146,35
2026-06-23T13:23:37.053580,598147,35
2026-06-23T13:23:37.053652,598148,35
2026-06-23T13:23:37.053723,598149,34
2026-06-23T13:23:37.063353,598150,34
2026-06-23T13:23:37.063439,598151,35
2026-06-23T13:23:37.063514,598152,35
2026-06-23T13:23:37.063586,598152,35
2026-06-23T13:23:37.063659,598153,35
2026-06-23T13:23:37.063731,598154,36
2026-06-23T13:23:37.063803,598155,36
2026-06-23T13:23:37.063875,598156,34
2026-06-23T13:23:37.063986,598157,35
2026-06-23T13:23:37.064089,598158,35
2026-06-23T13:23:37.064169,598159,35
2026-06-23T13:23:37.073755,598160,35
2026-06-23T13:23:37.073838,598161,35
2026-06-23T13:23:37.073912,598162,34
2026-06-23T13:23:37.073985,598163,34
2026-06-23T13:23:37.074059,598164,34
2026-06-23T13:23:37.074133,598165,35
2026-06-23T13:23:37.074205,598166,34
2026-06-23T13:23:37.074278,598167,34
2026-06-23T13:23:37.074361,598168,34
2026-06-23T13:23:37.074455,598169,34
2026-06-23T13:23:37.074552,598170,34
2026-06-23T13:23:37.084242,598171,33
2026-06-23T13:23:37.084469,598172,34
2026-06-23T13:23:37.084641,598173,34
2026-06-23T13:23:37.084740,598174,34
2026-06-23T13:23:37.084820,598174,34
2026-06-23T13:23:37.084896,598175,34
2026-06-23T13:23:37.084972,598176,34
2026-06-23T13:23:37.085047,598177,34
2026-06-23T13:23:37.085121,598178,34
2026-06-23T13:23:37.085194,598179,35
2026-06-23T13:23:37.085272,598180,35
2026-06-23T13:23:37.094637,598181,36
2026-06-23T13:23:37.094912,598182,36
2026-06-23T13:23:37.095106,598183,37
2026-06-23T13:23:37.095260,598184,37
2026-06-23T13:23:37.095377,598185,37
2026-06-23T13:23:37.095484,598186,37
2026-06-23T13:23:37.095627,598187,37
2026-06-23T13:23:37.095755,598188,37
2026-06-23T13:23:37.095867,598189,37
2026-06-23T13:23:37.095981,598190,37
2026-06-23T13:23:37.096113,598191,37
2026-06-23T13:23:37.105201,598192,37
2026-06-23T13:23:37.105354,598193,37
2026-06-23T13:23:37.105457,598194,37
2026-06-23T13:23:37.105550,598195,37
2026-06-23T13:23:37.105655,598195,37
2026-06-23T13:23:37.105749,598196,37
2026-06-23T13:23:37.105836,598197,37
2026-06-23T13:23:37.105986,598198,37
2026-06-23T13:23:37.106090,598199,37
2026-06-23T13:23:37.106197,598200,37
2026-06-23T13:23:37.106285,598201,37
2026-06-23T13:23:37.115525,598202,37
2026-06-23T13:23:37.115677,598203,36
2026-06-23T13:23:37.115755,598204,36
2026-06-23T13:23:37.115831,598205,37
2026-06-23T13:23:37.115911,598206,36
2026-06-23T13:23:37.116005,598207,36
2026-06-23T13:23:37.116108,598208,35
2026-06-23T13:23:37.116160,598209,31
2026-06-23T13:23:37.116209,598210,35
2026-06-23T13:23:37.116256,598211,35
2026-06-23T13:23:37.116303,598212,35
2026-06-23T13:23:37.125929,598213,35
2026-06-23T13:23:37.126030,598214,35
2026-06-23T13:23:37.126096,598215,35
2026-06-23T13:23:37.126152,598216,35
2026-06-23T13:23:37.126206,598216,35
2026-06-23T13:23:37.126257,598217,34
2026-06-23T13:23:37.126309,598218,34
2026-06-23T13:23:37.126354,598219,34
2026-06-23T13:23:37.126395,598220,34
2026-06-23T13:23:37.126437,598221,34
2026-06-23T13:23:37.126477,598222,34
2026-06-23T13:23:37.136346,598223,34
2026-06-23T13:23:37.136431,598224,34
2026-06-23T13:23:37.136472,598225,34
2026-06-23T13:23:37.136511,598226,34
2026-06-23T13:23:37.136548,598227,33
2026-06-23T13:23:37.136585,598228,33
2026-06-23T13:23:37.136621,598229,33
2026-06-23T13:23:37.136656,598230,33
2026-06-23T13:23:37.136692,598231,33
2026-06-23T13:23:37.136728,598232,33
2026-06-23T13:23:37.146924,598233,33
2026-06-23T13:23:37.147202,598234,33
2026-06-23T13:23:37.147295,598235,33
2026-06-23T13:23:37.147374,598236,33
2026-06-23T13:23:37.147449,598237,33
2026-06-23T13:23:37.147551,598238,33
2026-06-23T13:23:37.147650,598238,34
2026-06-23T13:23:37.147730,598239,34
2026-06-23T13:23:37.147806,598240,34
2026-06-23T13:23:37.147882,598241,34
2026-06-23T13:23:37.147957,598242,34
2026-06-23T13:23:37.157284,598243,34
2026-06-23T13:23:37.157363,598244,34
2026-06-23T13:23:37.157395,598245,34
2026-06-23T13:23:37.157424,598246,34
2026-06-23T13:23:37.157470,598247,34
2026-06-23T13:23:37.157511,598248,34
2026-06-23T13:23:37.157542,598249,34
2026-06-23T13:23:37.157572,598250,33
2026-06-23T13:23:37.157601,598251,34
2026-06-23T13:23:37.157630,598252,34
2026-06-23T13:23:37.157658,598253,34
2026-06-23T13:23:37.167644,598254,34
2026-06-23T13:23:37.167717,598255,34
2026-06-23T13:23:37.167746,598256,34
2026-06-23T13:23:37.167773,598257,33
2026-06-23T13:23:37.167800,598258,33
2026-06-23T13:23:37.167826,598259,33
2026-06-23T13:23:37.167851,598259,33
2026-06-23T13:23:37.167877,598260,33
2026-06-23T13:23:37.167902,598261,33
2026-06-23T13:23:37.167928,598262,33
2026-06-23T13:23:37.167953,598263,33
2026-06-23T13:23:37.178118,598264,33
2026-06-23T13:23:37.178261,598265,31
2026-06-23T13:23:37.178338,598266,32
2026-06-23T13:23:37.178413,598267,32
2026-06-23T13:23:37.178486,598268,32
2026-06-23T13:23:37.178559,598269,32
2026-06-23T13:23:37.178633,598270,32
2026-06-23T13:23:37.178713,598271,33
2026-06-23T13:23:37.178855,598272,33
2026-06-23T13:23:37.178944,598273,33
2026-06-23T13:23:37.179033,598274,33
2026-06-23T13:23:37.188556,598275,32
2026-06-23T13:23:37.188619,598276,33
2026-06-23T13:23:37.188648,598277,33
2026-06-23T13:23:37.188676,598278,33
2026-06-23T13:23:37.188702,598279,33
2026-06-23T13:23:37.188728,598280,32
2026-06-23T13:23:37.188753,598280,32
2026-06-23T13:23:37.188780,598281,32
2026-06-23T13:23:37.188805,598282,32
2026-06-23T13:23:37.188831,598283,32
2026-06-23T13:23:37.188856,598284,32
2026-06-23T13:23:37.199013,598285,32
2026-06-23T13:23:37.199071,598286,32
2026-06-23T13:23:37.199101,598287,32
2026-06-23T13:23:37.199129,598288,32
2026-06-23T13:23:37.199156,598289,32
2026-06-23T13:23:37.199182,598290,32
2026-06-23T13:23:37.199209,598291,32
2026-06-23T13:23:37.199235,598292,32
2026-06-23T13:23:37.199261,598293,32
2026-06-23T13:23:37.199286,598294,31
2026-06-23T13:23:37.199312,598295,32
2026-06-23T13:23:37.209456,598296,32
2026-06-23T13:23:37.209598,598297,32
2026-06-23T13:23:37.209674,598298,32
2026-06-23T13:23:37.209749,598299,32
2026-06-23T13:23:37.209822,598300,32
2026-06-23T13:23:37.209946,598301,32
2026-06-23T13:23:37.210030,598302,32
2026-06-23T13:23:37.210105,598302,32
2026-06-23T13:23:37.210179,598303,32
2026-06-23T13:23:37.210253,598304,32
2026-06-23T13:23:37.210327,598305,32
2026-06-23T13:23:37.219874,598306,32
2026-06-23T13:23:37.219944,598307,32
2026-06-23T13:23:37.219973,598308,32
2026-06-23T13:23:37.220002,598309,32
2026-06-23T13:23:37.220028,598310,32
2026-06-23T13:23:37.220054,598311,31
2026-06-23T13:23:37.220080,598312,32
2026-06-23T13:23:37.220107,598313,32
2026-06-23T13:23:37.220132,598314,32
2026-06-23T13:23:37.220159,598315,32
2026-06-23T13:23:37.220185,598316,32
2026-06-23T13:23:37.230379,598317,31
2026-06-23T13:23:37.230523,598318,31
2026-06-23T13:23:37.230614,598319,31
2026-06-23T13:23:37.230703,598320,31
2026-06-23T13:23:37.230792,598321,31
2026-06-23T13:23:37.230882,598322,31
2026-06-23T13:23:37.230972,598323,32
2026-06-23T13:23:37.231061,598323,32
2026-06-23T13:23:37.231150,598324,32
2026-06-23T13:23:37.231239,598325,31
2026-06-23T13:23:37.231328,598326,31
2026-06-23T13:23:37.240803,598327,31
2026-06-23T13:23:37.240974,598328,32
2026-06-23T13:23:37.241062,598329,32
2026-06-23T13:23:37.241137,598330,32
2026-06-23T13:23:37.241212,598331,32
2026-06-23T13:23:37.241285,598332,32
2026-06-23T13:23:37.241359,598333,32
2026-06-23T13:23:37.241432,598334,32
2026-06-23T13:23:37.241506,598335,32
2026-06-23T13:23:37.241579,598336,32
2026-06-23T13:23:37.241651,598337,32
2026-06-23T13:23:37.251228,598338,32
2026-06-23T13:23:37.251303,598339,36
2026-06-23T13:23:37.251332,598340,32
2026-06-23T13:23:37.251360,598341,32
2026-06-23T13:23:37.251387,598342,32
2026-06-23T13:23:37.251413,598343,32
2026-06-23T13:23:37.251439,598344,32
2026-06-23T13:23:37.251465,598344,32
2026-06-23T13:23:37.251491,598345,32
2026-06-23T13:23:37.251517,598346,32
2026-06-23T13:23:37.261606,598347,32
2026-06-23T13:23:37.261668,598348,31
2026-06-23T13:23:37.261699,598349,32
2026-06-23T13:23:37.261728,598350,32
2026-06-23T13:23:37.261755,598351,32
2026-06-23T13:23:37.261782,598352,32
2026-06-23T13:23:37.261807,598353,31
2026-06-23T13:23:37.261834,598354,31
2026-06-23T13:23:37.261859,598355,31
2026-06-23T13:23:37.261885,598356,31
2026-06-23T13:23:37.261911,598357,31
2026-06-23T13:23:37.272124,598358,31
2026-06-23T13:23:37.272348,598359,31
2026-06-23T13:23:37.272466,598360,31
2026-06-23T13:23:37.272542,598361,31
2026-06-23T13:23:37.272617,598362,31
2026-06-23T13:23:37.272691,598363,31
2026-06-23T13:23:37.272765,598364,31
2026-06-23T13:23:37.272838,598365,31
2026-06-23T13:23:37.272911,598366,31
2026-06-23T13:23:37.272984,598366,31
2026-06-23T13:23:37.273084,598367,31
2026-06-23T13:23:37.282534,598368,31
2026-06-23T13:23:37.282609,598369,31
2026-06-23T13:23:37.282638,598370,31
2026-06-23T13:23:37.282665,598371,31
2026-06-23T13:23:37.282692,598372,31
2026-06-23T13:23:37.282718,598373,31
2026-06-23T13:23:37.282744,598374,31
2026-06-23T13:23:37.282769,598375,31
2026-06-23T13:23:37.282795,598376,31
2026-06-23T13:23:37.282824,598377,32
2026-06-23T13:23:37.282850,598378,32
2026-06-23T13:23:37.292971,598379,32
2026-06-23T13:23:37.293114,598380,32
2026-06-23T13:23:37.293213,598381,32
2026-06-23T13:23:37.293306,598382,32
2026-06-23T13:23:37.293400,598383,32
2026-06-23T13:23:37.293489,598384,32
2026-06-23T13:23:37.293578,598385,32
2026-06-23T13:23:37.293667,598386,32
2026-06-23T13:23:37.293756,598387,32
2026-06-23T13:23:37.293844,598387,32
2026-06-23T13:23:37.293932,598388,31
2026-06-23T13:23:37.303393,598389,32
2026-06-23T13:23:37.303557,598390,32
2026-06-23T13:23:37.303636,598391,31
2026-06-23T13:23:37.303711,598392,31
2026-06-23T13:23:37.303785,598393,31
2026-06-23T13:23:37.303859,598394,28
2026-06-23T13:23:37.303932,598395,31
2026-06-23T13:23:37.304006,598396,31
2026-06-23T13:23:37.304080,598397,31
2026-06-23T13:23:37.304153,598398,31
2026-06-23T13:23:37.304226,598399,31
2026-06-23T13:23:37.313862,598400,32
2026-06-23T13:23:37.314028,598401,31
2026-06-23T13:23:37.314122,598402,30
2026-06-23T13:23:37.314213,598403,31
2026-06-23T13:23:37.314303,598404,31
2026-06-23T13:23:37.314392,598405,31
2026-06-23T13:23:37.314481,598406,31
2026-06-23T13:23:37.314569,598407,31
2026-06-23T13:23:37.314658,598408,31
2026-06-23T13:23:37.314747,598409,30
2026-06-23T13:23:37.314825,598409,31
2026-06-23T13:23:37.324292,598410,31
2026-06-23T13:23:37.324353,598411,31
2026-06-23T13:23:37.324381,598412,31
2026-06-23T13:23:37.324409,598413,31
2026-06-23T13:23:37.324435,598414,31
2026-06-23T13:23:37.324462,598415,31
2026-06-23T13:23:37.324488,598416,31
2026-06-23T13:23:37.324513,598417,31
2026-06-23T13:23:37.324539,598418,31
2026-06-23T13:23:37.324565,598419,31
2026-06-23T13:23:37.324590,598420,31
2026-06-23T13:23:37.334695,598421,31
2026-06-23T13:23:37.334750,598422,31
2026-06-23T13:23:37.334777,598423,31
2026-06-23T13:23:37.334803,598424,31
2026-06-23T13:23:37.334829,598425,31
2026-06-23T13:23:37.334855,598426,31
2026-06-23T13:23:37.334883,598427,31
2026-06-23T13:23:37.334908,598428,31
2026-06-23T13:23:37.334934,598429,31
2026-06-23T13:23:37.334960,598430,31
2026-06-23T13:23:37.334985,598430,31
2026-06-23T13:23:37.345167,598431,31
2026-06-23T13:23:37.345305,598432,31
2026-06-23T13:23:37.345383,598433,31
2026-06-23T13:23:37.345513,598434,31
2026-06-23T13:23:37.345601,598435,30
2026-06-23T13:23:37.345679,598436,31
2026-06-23T13:23:37.345753,598437,30
2026-06-23T13:23:37.345826,598438,30
2026-06-23T13:23:37.345899,598439,31
2026-06-23T13:23:37.346012,598440,30
2026-06-23T13:23:37.346102,598441,30
2026-06-23T13:23:37.355650,598442,30
2026-06-23T13:23:37.355778,598443,30
2026-06-23T13:23:37.355855,598444,30
2026-06-23T13:23:37.355930,598445,30
2026-06-23T13:23:37.356004,598446,30
2026-06-23T13:23:37.356079,598447,30
2026-06-23T13:23:37.356152,598448,30
2026-06-23T13:23:37.356226,598449,30
2026-06-23T13:23:37.356300,598450,30
2026-06-23T13:23:37.356374,598451,30
2026-06-23T13:23:37.356468,598451,31
2026-06-23T13:23:37.366043,598452,30
2026-06-23T13:23:37.366099,598453,30
2026-06-23T13:23:37.366126,598454,30
2026-06-23T13:23:37.366153,598455,30
2026-06-23T13:23:37.366179,598456,30
2026-06-23T13:23:37.366204,598457,30
2026-06-23T13:23:37.366230,598458,30
2026-06-23T13:23:37.366255,598459,30
2026-06-23T13:23:37.366280,598460,30
2026-06-23T13:23:37.366306,598461,30
2026-06-23T13:23:37.376454,598462,30
2026-06-23T13:23:37.376609,598463,30
2026-06-23T13:23:37.376700,598464,30
2026-06-23T13:23:37.376794,598465,33
2026-06-23T13:23:37.376930,598466,30
2026-06-23T13:23:37.377034,598467,30
2026-06-23T13:23:37.377126,598468,30
2026-06-23T13:23:37.377216,598469,30
2026-06-23T13:23:37.377307,598470,30
2026-06-23T13:23:37.377396,598471,30
2026-06-23T13:23:37.377485,598472,31
2026-06-23T13:23:37.386926,598473,31
2026-06-23T13:23:37.387072,598473,32
2026-06-23T13:23:37.387150,598474,32
2026-06-23T13:23:37.387224,598475,32
2026-06-23T13:23:37.387299,598476,32
2026-06-23T13:23:37.387373,598477,32
2026-06-23T13:23:37.387448,598478,33
2026-06-23T13:23:37.387521,598479,32
2026-06-23T13:23:37.387594,598480,33
2026-06-23T13:23:37.387670,598481,32
2026-06-23T13:23:37.387743,598482,33
2026-06-23T13:23:37.397370,598483,33
2026-06-23T13:23:37.397593,598484,33
2026-06-23T13:23:37.397636,598485,33
2026-06-23T13:23:37.397666,598486,33
2026-06-23T13:23:37.397692,598487,33
2026-06-23T13:23:37.397717,598488,33
2026-06-23T13:23:37.397746,598489,33
2026-06-23T13:23:37.397771,598490,32
2026-06-23T13:23:37.397796,598491,32
2026-06-23T13:23:37.397822,598492,32
2026-06-23T13:23:37.397847,598493,32
2026-06-23T13:23:37.407827,598494,32
2026-06-23T13:23:37.407994,598494,31
2026-06-23T13:23:37.408088,598495,32
2026-06-23T13:23:37.408178,598496,32
2026-06-23T13:23:37.408269,598497,32
2026-06-23T13:23:37.408378,598498,31
2026-06-23T13:23:37.408470,598499,32
2026-06-23T13:23:37.408559,598500,32
2026-06-23T13:23:37.408647,598501,32
2026-06-23T13:23:37.408736,598502,32
2026-06-23T13:23:37.408823,598503,32
2026-06-23T13:23:37.418293,598504,32
2026-06-23T13:23:37.418359,598505,32
2026-06-23T13:23:37.418387,598506,32
2026-06-23T13:23:37.418414,598507,32
2026-06-23T13:23:37.418439,598508,32
2026-06-23T13:23:37.418465,598509,32
2026-06-23T13:23:37.418491,598510,32
2026-06-23T13:23:37.418517,598511,32
2026-06-23T13:23:37.418542,598512,32
2026-06-23T13:23:37.418568,598513,32
2026-06-23T13:23:37.418593,598514,32
2026-06-23T13:23:37.428692,598515,32
2026-06-23T13:23:37.428928,598515,32
2026-06-23T13:23:37.429041,598516,32
2026-06-23T13:23:37.429149,598517,32
2026-06-23T13:23:37.429237,598518,32
2026-06-23T13:23:37.429317,598519,32
2026-06-23T13:23:37.429391,598520,31
2026-06-23T13:23:37.429465,598521,32
2026-06-23T13:23:37.429565,598522,32
2026-06-23T13:23:37.429645,598523,31
2026-06-23T13:23:37.429720,598524,31
2026-06-23T13:23:37.439107,598525,31
2026-06-23T13:23:37.439166,598526,31
2026-06-23T13:23:37.439195,598527,32
2026-06-23T13:23:37.439222,598528,31
2026-06-23T13:23:37.439248,598529,32
2026-06-23T13:23:37.439275,598530,32
2026-06-23T13:23:37.439301,598531,32
2026-06-23T13:23:37.439326,598532,33
2026-06-23T13:23:37.439352,598533,33
2026-06-23T13:23:37.439378,598534,33
2026-06-23T13:23:37.439404,598535,33
2026-06-23T13:23:37.449647,598536,33
2026-06-23T13:23:37.449787,598537,33
2026-06-23T13:23:37.449886,598537,33
2026-06-23T13:23:37.449982,598538,33
2026-06-23T13:23:37.450075,598539,33
2026-06-23T13:23:37.450167,598540,33
2026-06-23T13:23:37.450259,598541,33
2026-06-23T13:23:37.450351,598542,34
2026-06-23T13:23:37.450443,598543,33
2026-06-23T13:23:37.450535,598544,33
2026-06-23T13:23:37.450626,598545,33
2026-06-23T13:23:37.460037,598546,33
2026-06-23T13:23:37.460164,598547,33
2026-06-23T13:23:37.460265,598548,33
2026-06-23T13:23:37.460364,598549,33
2026-06-23T13:23:37.460457,598550,32
2026-06-23T13:23:37.460558,598551,33
2026-06-23T13:23:37.460654,598552,32
2026-06-23T13:23:37.460748,598553,32
2026-06-23T13:23:37.460843,598554,32
2026-06-23T13:23:37.460937,598555,32
2026-06-23T13:23:37.461029,598556,32
2026-06-23T13:23:37.470516,598557,32
2026-06-23T13:23:37.470607,598558,32
2026-06-23T13:23:37.470681,598558,32
2026-06-23T13:23:37.470755,598559,32
2026-06-23T13:23:37.470827,598560,32
2026-06-23T13:23:37.470899,598561,32
2026-06-23T13:23:37.470971,598562,31
2026-06-23T13:23:37.471043,598563,31
2026-06-23T13:23:37.471115,598564,31
2026-06-23T13:23:37.471187,598565,32
2026-06-23T13:23:37.471259,598566,32
2026-06-23T13:23:37.480937,598567,32
2026-06-23T13:23:37.481050,598568,32
2026-06-23T13:23:37.481143,598569,32
2026-06-23T13:23:37.481235,598570,32
2026-06-23T13:23:37.481327,598571,32
2026-06-23T13:23:37.481418,598572,32
2026-06-23T13:23:37.481510,598573,31
2026-06-23T13:23:37.481601,598574,31
2026-06-23T13:23:37.481693,598575,31
2026-06-23T13:23:37.481785,598576,31
2026-06-23T13:23:37.491288,598577,31
2026-06-23T13:23:37.491424,598578,31
2026-06-23T13:23:37.491526,598579,31
2026-06-23T13:23:37.491634,598579,31
2026-06-23T13:23:37.491739,598580,31
2026-06-23T13:23:37.491834,598581,31
2026-06-23T13:23:37.491926,598582,31
2026-06-23T13:23:37.492021,598583,32
2026-06-23T13:23:37.492113,598584,32
2026-06-23T13:23:37.492217,598585,32
2026-06-23T13:23:37.492309,598586,32
2026-06-23T13:23:37.501786,598587,33
2026-06-23T13:23:37.501893,598588,33
2026-06-23T13:23:37.501973,598589,33
2026-06-23T13:23:37.502048,598590,33
2026-06-23T13:23:37.502120,598591,33
2026-06-23T13:23:37.502193,598592,34
2026-06-23T13:23:37.502265,598593,34
2026-06-23T13:23:37.502337,598594,33
2026-06-23T13:23:37.502408,598595,34
2026-06-23T13:23:37.502480,598596,34
2026-06-23T13:23:37.502552,598597,34
2026-06-23T13:23:37.512284,598598,34
2026-06-23T13:23:37.512397,598599,33
2026-06-23T13:23:37.512492,598600,33
2026-06-23T13:23:37.512590,598601,33
2026-06-23T13:23:37.512682,598601,33
2026-06-23T13:23:37.512775,598602,33
2026-06-23T13:23:37.512925,598603,32
2026-06-23T13:23:37.513058,598604,33
2026-06-23T13:23:37.513162,598605,32
2026-06-23T13:23:37.513260,598606,32
2026-06-23T13:23:37.513356,598607,32
2026-06-23T13:23:37.522623,598608,32
2026-06-23T13:23:37.522714,598609,32
2026-06-23T13:23:37.522788,598610,32
2026-06-23T13:23:37.522861,598611,32
2026-06-23T13:23:37.522934,598612,32
2026-06-23T13:23:37.523006,598613,32
2026-06-23T13:23:37.523078,598614,32
2026-06-23T13:23:37.523150,598615,32
2026-06-23T13:23:37.523222,598616,32
2026-06-23T13:23:37.523294,598617,32
2026-06-23T13:23:37.523366,598618,31
2026-06-23T13:23:37.533103,598619,31
2026-06-23T13:23:37.533191,598620,31
2026-06-23T13:23:37.533264,598621,31
2026-06-23T13:23:37.533337,598622,31
2026-06-23T13:23:37.533409,598622,31
2026-06-23T13:23:37.533481,598623,31
2026-06-23T13:23:37.533552,598624,31
2026-06-23T13:23:37.533625,598625,31
2026-06-23T13:23:37.533697,598626,31
2026-06-23T13:23:37.533769,598627,31
2026-06-23T13:23:37.533840,598628,31
2026-06-23T13:23:37.543502,598629,30
2026-06-23T13:23:37.543587,598630,31
2026-06-23T13:23:37.543667,598631,30
2026-06-23T13:23:37.543745,598632,31
2026-06-23T13:23:37.543819,598633,31
2026-06-23T13:23:37.543891,598634,32
2026-06-23T13:23:37.543964,598635,32
2026-06-23T13:23:37.544036,598636,32
2026-06-23T13:23:37.544108,598637,32
2026-06-23T13:23:37.544180,598638,32
2026-06-23T13:23:37.544252,598639,31
2026-06-23T13:23:37.554019,598640,31
2026-06-23T13:23:37.554114,598641,31
2026-06-23T13:23:37.554189,598642,32
2026-06-23T13:23:37.554263,598643,31
2026-06-23T13:23:37.554336,598644,31
2026-06-23T13:23:37.554408,598644,31
2026-06-23T13:23:37.554480,598645,32
2026-06-23T13:23:37.554552,598646,32
2026-06-23T13:23:37.554623,598647,31
2026-06-23T13:23:37.554695,598648,31
2026-06-23T13:23:37.554766,598649,31
2026-06-23T13:23:37.564466,598650,32
2026-06-23T13:23:37.564576,598651,31
2026-06-23T13:23:37.564671,598652,32
2026-06-23T13:23:37.564763,598653,31
2026-06-23T13:23:37.564891,598654,31
2026-06-23T13:23:37.564984,598655,31
2026-06-23T13:23:37.565076,598656,31
2026-06-23T13:23:37.565168,598657,31
2026-06-23T13:23:37.565260,598658,31
2026-06-23T13:23:37.565345,598659,30
2026-06-23T13:23:37.565420,598660,30
2026-06-23T13:23:37.574850,598661,30
2026-06-23T13:23:37.574937,598662,30
2026-06-23T13:23:37.575013,598663,30
2026-06-23T13:23:37.575085,598664,30
2026-06-23T13:23:37.575157,598665,31
2026-06-23T13:23:37.575230,598665,31
2026-06-23T13:23:37.575302,598666,31
2026-06-23T13:23:37.575374,598667,31
2026-06-23T13:23:37.575446,598668,31
2026-06-23T13:23:37.575517,598669,30
2026-06-23T13:23:37.575588,598670,31
2026-06-23T13:23:37.585482,598671,31
2026-06-23T13:23:37.585598,598672,30
2026-06-23T13:23:37.585672,598673,31
2026-06-23T13:23:37.585744,598674,30
2026-06-23T13:23:37.585816,598675,30
2026-06-23T13:23:37.585888,598676,31
2026-06-23T13:23:37.585960,598677,31
2026-06-23T13:23:37.586032,598678,30
2026-06-23T13:23:37.586103,598679,30
2026-06-23T13:23:37.586175,598680,30
2026-06-23T13:23:37.586246,598681,31
2026-06-23T13:23:37.595767,598682,31
2026-06-23T13:23:37.595849,598683,33
2026-06-23T13:23:37.595923,598684,31
2026-06-23T13:23:37.595996,598685,31
2026-06-23T13:23:37.596068,598686,31
2026-06-23T13:23:37.596140,598686,31
2026-06-23T13:23:37.596212,598687,31
2026-06-23T13:23:37.596283,598688,32
2026-06-23T13:23:37.596354,598689,32
2026-06-23T13:23:37.596426,598690,31
2026-06-23T13:23:37.606179,598691,31
2026-06-23T13:23:37.606386,598692,31
2026-06-23T13:23:37.606478,598693,31
2026-06-23T13:23:37.606557,598694,31
2026-06-23T13:23:37.606633,598695,31
2026-06-23T13:23:37.606708,598696,32
2026-06-23T13:23:37.606782,598697,32
2026-06-23T13:23:37.606857,598698,32
2026-06-23T13:23:37.606932,598699,32
2026-06-23T13:23:37.607004,598700,32
2026-06-23T13:23:37.607076,598701,32
2026-06-23T13:23:37.616621,598702,31
2026-06-23T13:23:37.616727,598703,31
2026-06-23T13:23:37.616801,598704,31
2026-06-23T13:23:37.616875,598705,31
2026-06-23T13:23:37.616948,598706,31
2026-06-23T13:23:37.617020,598707,31
2026-06-23T13:23:37.617092,598708,31
2026-06-23T13:23:37.617163,598708,30
2026-06-23T13:23:37.617235,598709,30
2026-06-23T13:23:37.617306,598710,31
2026-06-23T13:23:37.617378,598711,31
2026-06-23T13:23:37.627033,598712,31
2026-06-23T13:23:37.627116,598713,31
2026-06-23T13:23:37.627190,598714,31
2026-06-23T13:23:37.627262,598715,31
2026-06-23T13:23:37.627333,598716,30
2026-06-23T13:23:37.627405,598717,31
2026-06-23T13:23:37.627476,598718,30
2026-06-23T13:23:37.627548,598719,31
2026-06-23T13:23:37.627620,598720,30
2026-06-23T13:23:37.627693,598721,31
2026-06-23T13:23:37.627766,598722,31
2026-06-23T13:23:37.637516,598723,30
2026-06-23T13:23:37.637609,598724,31
2026-06-23T13:23:37.637681,598725,31
2026-06-23T13:23:37.637753,598726,31
2026-06-23T13:23:37.637825,598727,31
2026-06-23T13:23:37.637897,598728,32
2026-06-23T13:23:37.637969,598729,32
2026-06-23T13:23:37.638040,598729,32
2026-06-23T13:23:37.638111,598730,32
2026-06-23T13:23:37.638182,598731,32
2026-06-23T13:23:37.638253,598732,33
2026-06-23T13:23:37.647875,598733,33
2026-06-23T13:23:37.647988,598734,33
2026-06-23T13:23:37.648081,598735,32
2026-06-23T13:23:37.648173,598736,32
2026-06-23T13:23:37.648265,598737,32
2026-06-23T13:23:37.648346,598738,32
2026-06-23T13:23:37.648420,598739,32
2026-06-23T13:23:37.648493,598740,32
2026-06-23T13:23:37.648566,598741,32
2026-06-23T13:23:37.648637,598742,32
2026-06-23T13:23:37.648709,598743,32
2026-06-23T13:23:37.658428,598744,32
2026-06-23T13:23:37.658517,598745,32
2026-06-23T13:23:37.658590,598746,32
2026-06-23T13:23:37.658663,598747,32
2026-06-23T13:23:37.658735,598748,32
2026-06-23T13:23:37.658807,598749,32
2026-06-23T13:23:37.658878,598750,32
2026-06-23T13:23:37.658950,598750,32
2026-06-23T13:23:37.659022,598751,31
2026-06-23T13:23:37.659095,598752,32
2026-06-23T13:23:37.659167,598753,31
2026-06-23T13:23:37.668906,598754,31
2026-06-23T13:23:37.669001,598755,31
2026-06-23T13:23:37.669074,598756,33
2026-06-23T13:23:37.669149,598757,31
2026-06-23T13:23:37.669222,598758,31
2026-06-23T13:23:37.669294,598759,31
2026-06-23T13:23:37.669367,598760,31
2026-06-23T13:23:37.669438,598761,31
2026-06-23T13:23:37.669509,598762,31
2026-06-23T13:23:37.669580,598763,31
2026-06-23T13:23:37.669652,598764,31
2026-06-23T13:23:37.679235,598765,31
2026-06-23T13:23:37.679341,598766,31
2026-06-23T13:23:37.679435,598767,31
2026-06-23T13:23:37.679527,598768,31
2026-06-23T13:23:37.679619,598769,31
2026-06-23T13:23:37.679710,598770,31
2026-06-23T13:23:37.679801,598771,31
2026-06-23T13:23:37.679892,598772,31
2026-06-23T13:23:37.679983,598772,31
2026-06-23T13:23:37.680064,598773,31
2026-06-23T13:23:37.680136,598774,31
2026-06-23T13:23:37.689720,598775,31
2026-06-23T13:23:37.689807,598776,31
2026-06-23T13:23:37.689880,598777,31
2026-06-23T13:23:37.689952,598778,30
2026-06-23T13:23:37.690025,598779,30
2026-06-23T13:23:37.690097,598780,30
2026-06-23T13:23:37.690169,598781,30
2026-06-23T13:23:37.690241,598782,30
2026-06-23T13:23:37.690313,598783,30
2026-06-23T13:23:37.690386,598784,30
2026-06-23T13:23:37.690458,598785,30
2026-06-23T13:23:37.700169,598786,30
2026-06-23T13:23:37.700302,598787,31
2026-06-23T13:23:37.700382,598788,30
2026-06-23T13:23:37.700460,598789,31
2026-06-23T13:23:37.700535,598790,31
2026-06-23T13:23:37.700608,598791,31
2026-06-23T13:23:37.700681,598792,31
2026-06-23T13:23:37.700754,598793,31
2026-06-23T13:23:37.700827,598793,32
2026-06-23T13:23:37.700899,598794,32
2026-06-23T13:23:37.700971,598795,33
2026-06-23T13:23:37.710595,598796,32
2026-06-23T13:23:37.710692,598797,32
2026-06-23T13:23:37.710773,598798,32
2026-06-23T13:23:37.710874,598799,32
2026-06-23T13:23:37.710961,598800,32
2026-06-23T13:23:37.711041,598801,32
2026-06-23T13:23:37.711115,598802,31
2026-06-23T13:23:37.711188,598803,31
2026-06-23T13:23:37.711261,598804,31
2026-06-23T13:23:37.711333,598805,31
2026-06-23T13:23:37.721002,598806,31
2026-06-23T13:23:37.721110,598807,31
2026-06-23T13:23:37.721188,598808,31
2026-06-23T13:23:37.721263,598809,31
2026-06-23T13:23:37.721336,598810,31
2026-06-23T13:23:37.721409,598811,31
2026-06-23T13:23:37.721481,598812,31
2026-06-23T13:23:37.721553,598813,31
2026-06-23T13:23:37.721626,598814,31
2026-06-23T13:23:37.721697,598814,31
2026-06-23T13:23:37.721769,598815,31
2026-06-23T13:23:37.731371,598816,26
2026-06-23T13:23:37.731466,598817,31
2026-06-23T13:23:37.731544,598818,31
2026-06-23T13:23:37.731618,598819,31
2026-06-23T13:23:37.731691,598820,32
2026-06-23T13:23:37.731763,598821,31
2026-06-23T13:23:37.731835,598822,31
2026-06-23T13:23:37.731907,598823,31
2026-06-23T13:23:37.731978,598824,31
2026-06-23T13:23:37.732049,598825,31
2026-06-23T13:23:37.732121,598826,31
2026-06-23T13:23:37.741888,598827,31
2026-06-23T13:23:37.741983,598828,32
2026-06-23T13:23:37.742060,598829,31
2026-06-23T13:23:37.742134,598830,32
2026-06-23T13:23:37.742208,598831,31
2026-06-23T13:23:37.742281,598832,31
2026-06-23T13:23:37.742353,598833,31
2026-06-23T13:23:37.742426,598834,31
2026-06-23T13:23:37.742500,598835,31
2026-06-23T13:23:37.742574,598836,32
2026-06-23T13:23:37.742647,598836,31
2026-06-23T13:23:37.752404,598837,31
2026-06-23T13:23:37.752515,598838,31
2026-06-23T13:23:37.752591,598839,31
2026-06-23T13:23:37.752665,598840,31
2026-06-23T13:23:37.752739,598841,31
2026-06-23T13:23:37.752812,598842,31
2026-06-23T13:23:37.752885,598843,30
2026-06-23T13:23:37.752957,598844,31
2026-06-23T13:23:37.753029,598845,30
2026-06-23T13:23:37.753102,598846,30
2026-06-23T13:23:37.753174,598847,30
2026-06-23T13:23:37.762768,598848,30
2026-06-23T13:23:37.762877,598849,30
2026-06-23T13:23:37.762972,598850,30
2026-06-23T13:23:37.763065,598851,30
2026-06-23T13:23:37.763159,598852,30
2026-06-23T13:23:37.763251,598853,30
2026-06-23T13:23:37.763343,598854,30
2026-06-23T13:23:37.763435,598855,30
2026-06-23T13:23:37.763581,598856,30
2026-06-23T13:23:37.763679,598857,30
2026-06-23T13:23:37.763771,598857,30
2026-06-23T13:23:37.773212,598858,30
2026-06-23T13:23:37.773315,598859,30
2026-06-23T13:23:37.773392,598860,30
2026-06-23T13:23:37.773466,598861,30
2026-06-23T13:23:37.773539,598862,30
2026-06-23T13:23:37.773612,598863,30
2026-06-23T13:23:37.773684,598864,30
2026-06-23T13:23:37.773756,598865,31
2026-06-23T13:23:37.773828,598866,30
2026-06-23T13:23:37.773900,598867,31
2026-06-23T13:23:37.773972,598868,31
2026-06-23T13:23:37.783675,598869,30
2026-06-23T13:23:37.783772,598870,31
2026-06-23T13:23:37.783846,598871,30
2026-06-23T13:23:37.783919,598872,30
2026-06-23T13:23:37.783991,598873,30
2026-06-23T13:23:37.784063,598874,30
2026-06-23T13:23:37.784135,598875,31
2026-06-23T13:23:37.784217,598876,31
2026-06-23T13:23:37.784289,598877,31
2026-06-23T13:23:37.784361,598878,31
2026-06-23T13:23:37.784432,598878,31
2026-06-23T13:23:37.794128,598879,31
2026-06-23T13:23:37.794243,598880,31
2026-06-23T13:23:37.794341,598881,31
2026-06-23T13:23:37.794436,598882,31
2026-06-23T13:23:37.794531,598883,31
2026-06-23T13:23:37.794625,598884,31
2026-06-23T13:23:37.794718,598885,30
2026-06-23T13:23:37.794810,598886,30
2026-06-23T13:23:37.794902,598887,30
2026-06-23T13:23:37.794995,598888,30
2026-06-23T13:23:37.795088,598889,30
2026-06-23T13:23:37.804589,598890,30
2026-06-23T13:23:37.804695,598891,30
2026-06-23T13:23:37.804773,598892,30
2026-06-23T13:23:37.804847,598893,30
2026-06-23T13:23:37.804920,598894,30
2026-06-23T13:23:37.804994,598895,30
2026-06-23T13:23:37.805066,598896,30
2026-06-23T13:23:37.805139,598897,30
2026-06-23T13:23:37.805234,598898,30
2026-06-23T13:23:37.805435,598899,30
2026-06-23T13:23:37.805556,598900,30
2026-06-23T13:23:37.814965,598900,30
2026-06-23T13:23:37.815080,598901,30
2026-06-23T13:23:37.815175,598902,30
2026-06-23T13:23:37.815267,598903,30
2026-06-23T13:23:37.815361,598904,30
2026-06-23T13:23:37.815452,598905,30
2026-06-23T13:23:37.815543,598906,30
2026-06-23T13:23:37.815634,598907,30
2026-06-23T13:23:37.815726,598908,30
2026-06-23T13:23:37.815817,598909,30
2026-06-23T13:23:37.815908,598910,31
2026-06-23T13:23:37.825437,598911,31
2026-06-23T13:23:37.825535,598912,31
2026-06-23T13:23:37.825612,598913,31
2026-06-23T13:23:37.825688,598914,30
2026-06-23T13:23:37.825762,598915,31
2026-06-23T13:23:37.825836,598916,31
2026-06-23T13:23:37.825909,598917,31
2026-06-23T13:23:37.825981,598918,31
2026-06-23T13:23:37.826052,598919,31
2026-06-23T13:23:37.826126,598920,31
2026-06-23T13:23:37.835816,598921,30
2026-06-23T13:23:37.835933,598921,30
2026-06-23T13:23:37.836009,598922,30
2026-06-23T13:23:37.836083,598923,30
2026-06-23T13:23:37.836156,598924,31
2026-06-23T13:23:37.836229,598925,31
2026-06-23T13:23:37.836300,598926,30
2026-06-23T13:23:37.836373,598927,30
2026-06-23T13:23:37.836445,598928,30
2026-06-23T13:23:37.836516,598929,30
2026-06-23T13:23:37.836588,598930,30
2026-06-23T13:23:37.846241,598931,31
2026-06-23T13:23:37.846327,598932,30
2026-06-23T13:23:37.846401,598933,30
2026-06-23T13:23:37.846474,598934,30
2026-06-23T13:23:37.846546,598935,30
2026-06-23T13:23:37.846618,598936,31
2026-06-23T13:23:37.846691,598937,31
2026-06-23T13:23:37.846762,598938,30
2026-06-23T13:23:37.846834,598939,31
2026-06-23T13:23:37.846906,598940,30
2026-06-23T13:23:37.846978,598941,31
2026-06-23T13:23:37.856706,598942,30
2026-06-23T13:23:37.856808,598943,30
2026-06-23T13:23:37.856886,598943,30
2026-06-23T13:23:37.856961,598944,30
2026-06-23T13:23:37.857035,598945,30
2026-06-23T13:23:37.857108,598946,30
2026-06-23T13:23:37.857181,598947,30
2026-06-23T13:23:37.857254,598948,30
2026-06-23T13:23:37.857326,598949,30
2026-06-23T13:23:37.857398,598950,30
2026-06-23T13:23:37.857469,598951,30
2026-06-23T13:23:37.867192,598952,30
2026-06-23T13:23:37.867305,598953,30
2026-06-23T13:23:37.867381,598954,30
2026-06-23T13:23:37.867455,598955,30
2026-06-23T13:23:37.867529,598956,30
2026-06-23T13:23:37.867601,598957,31
2026-06-23T13:23:37.867674,598958,31
2026-06-23T13:23:37.867746,598959,31
2026-06-23T13:23:37.867821,598960,31
2026-06-23T13:23:37.867893,598961,31
2026-06-23T13:23:37.867965,598962,32
2026-06-23T13:23:37.877587,598963,31
2026-06-23T13:23:37.877671,598964,32
2026-06-23T13:23:37.877745,598964,31
2026-06-23T13:23:37.877821,598965,31
2026-06-23T13:23:37.877938,598966,31
2026-06-23T13:23:37.878026,598967,31
2026-06-23T13:23:37.878103,598968,31
2026-06-23T13:23:37.878184,598969,31
2026-06-23T13:23:37.878263,598970,31
2026-06-23T13:23:37.878337,598971,31
2026-06-23T13:23:37.878409,598972,31
2026-06-23T13:23:37.888057,598973,31
2026-06-23T13:23:37.888160,598974,32
2026-06-23T13:23:37.888236,598975,32
2026-06-23T13:23:37.888310,598976,31
2026-06-23T13:23:37.888383,598977,31
2026-06-23T13:23:37.888456,598978,31
2026-06-23T13:23:37.888528,598979,30
2026-06-23T13:23:37.888600,598980,32
2026-06-23T13:23:37.888673,598981,31
2026-06-23T13:23:37.888745,598982,31
2026-06-23T13:23:37.888816,598983,30
2026-06-23T13:23:37.898423,598984,31
2026-06-23T13:23:37.898520,598985,31
2026-06-23T13:23:37.898594,598985,31
2026-06-23T13:23:37.898667,598986,31
2026-06-23T13:23:37.898743,598987,31
2026-06-23T13:23:37.898816,598988,31
2026-06-23T13:23:37.898888,598989,30
2026-06-23T13:23:37.898960,598990,31
2026-06-23T13:23:37.899031,598991,31
2026-06-23T13:23:37.899103,598992,30
2026-06-23T13:23:37.899174,598993,30
2026-06-23T13:23:37.908934,598994,30
2026-06-23T13:23:37.909028,598995,30
2026-06-23T13:23:37.909105,598996,30
2026-06-23T13:23:37.909181,598997,30
2026-06-23T13:23:37.909256,598998,31
2026-06-23T13:23:37.909330,598999,31
2026-06-23T13:23:37.909429,599000,31
2026-06-23T13:23:37.909528,599001,31
2026-06-23T13:23:37.909601,599002,31
2026-06-23T13:23:37.909673,599003,31
2026-06-23T13:23:37.909744,599004,31
2026-06-23T13:23:37.919417,599005,31
2026-06-23T13:23:37.919522,599006,31
2026-06-23T13:23:37.919602,599007,31
2026-06-23T13:23:37.919679,599007,31
2026-06-23T13:23:37.919754,599008,31
2026-06-23T13:23:37.919827,599009,31
2026-06-23T13:23:37.919900,599010,31
2026-06-23T13:23:37.919973,599011,31
2026-06-23T13:23:37.920045,599012,31
2026-06-23T13:23:37.920117,599013,31
2026-06-23T13:23:37.920189,599014,32
2026-06-23T13:23:37.929807,599015,31
2026-06-23T13:23:37.929893,599016,31
2026-06-23T13:23:37.929967,599017,31
2026-06-23T13:23:37.930039,599018,31
2026-06-23T13:23:37.930164,599019,31
2026-06-23T13:23:37.930248,599020,31
2026-06-23T13:23:37.930324,599021,31
2026-06-23T13:23:37.930398,599022,31
2026-06-23T13:23:37.930472,599023,31
2026-06-23T13:23:37.930583,599024,31
2026-06-23T13:23:37.930669,599025,30
2026-06-23T13:23:37.940262,599026,30
2026-06-23T13:23:37.940361,599027,31
2026-06-23T13:23:37.940437,599028,30
2026-06-23T13:23:37.940512,599028,30
2026-06-23T13:23:37.940585,599029,30
2026-06-23T13:23:37.940660,599030,30
2026-06-23T13:23:37.940733,599031,24
2026-06-23T13:23:37.940805,599032,30
2026-06-23T13:23:37.940877,599033,30
2026-06-23T13:23:37.940948,599034,30
2026-06-23T13:23:37.950672,599035,30
2026-06-23T13:23:37.950782,599036,30
2026-06-23T13:23:37.950858,599037,30
2026-06-23T13:23:37.950932,599038,30
2026-06-23T13:23:37.951005,599039,30
2026-06-23T13:23:37.951077,599040,30
2026-06-23T13:23:37.951150,599041,30
2026-06-23T13:23:37.951222,599042,30
2026-06-23T13:23:37.951293,599043,30
2026-06-23T13:23:37.951365,599044,30
2026-06-23T13:23:37.951436,599045,30
2026-06-23T13:23:37.961060,599046,30
2026-06-23T13:23:37.961149,599047,30
2026-06-23T13:23:37.961225,599048,30
2026-06-23T13:23:37.961298,599049,29
2026-06-23T13:23:37.961370,599049,30
2026-06-23T13:23:37.961442,599050,30
2026-06-23T13:23:37.961514,599051,30
2026-06-23T13:23:37.961586,599052,30
2026-06-23T13:23:37.961658,599053,30
2026-06-23T13:23:37.961730,599054,30
2026-06-23T13:23:37.961802,599055,30
2026-06-23T13:23:37.971526,599056,30
2026-06-23T13:23:37.971626,599057,30
2026-06-23T13:23:37.971701,599058,31
2026-06-23T13:23:37.971774,599059,30
2026-06-23T13:23:37.971847,599060,31
2026-06-23T13:23:37.971920,599061,30
2026-06-23T13:23:37.971992,599062,30
2026-06-23T13:23:37.972064,599063,30
2026-06-23T13:23:37.972136,599064,30
2026-06-23T13:23:37.972244,599065,30
2026-06-23T13:23:37.972327,599066,30
2026-06-23T13:23:37.981954,599067,30
2026-06-23T13:23:37.982053,599068,30
2026-06-23T13:23:37.982133,599069,30
2026-06-23T13:23:37.982210,599070,30
2026-06-23T13:23:37.982284,599071,30
2026-06-23T13:23:37.982356,599071,30
2026-06-23T13:23:37.982429,599072,30
2026-06-23T13:23:37.982501,599073,30
2026-06-23T13:23:37.982573,599074,30
2026-06-23T13:23:37.982644,599075,30
2026-06-23T13:23:37.982715,599076,29
2026-06-23T13:23:37.992413,599077,30
2026-06-23T13:23:37.992507,599078,30
2026-06-23T13:23:37.992584,599079,30
2026-06-23T13:23:37.992659,599080,30
2026-06-23T13:23:37.992733,599081,30
2026-06-23T13:23:37.992806,599082,29
2026-06-23T13:23:37.992878,599083,29
2026-06-23T13:23:37.992965,599084,29
2026-06-23T13:23:37.993039,599085,29
2026-06-23T13:23:37.993111,599086,29
2026-06-23T13:23:37.993182,599087,29
2026-06-23T13:23:38.002898,599088,29
2026-06-23T13:23:38.003010,599089,30
2026-06-23T13:23:38.003086,599090,30
2026-06-23T13:23:38.003159,599091,30
2026-06-23T13:23:38.003236,599092,30
2026-06-23T13:23:38.003311,599092,30
2026-06-23T13:23:38.003383,599093,30
2026-06-23T13:23:38.003455,599094,29
2026-06-23T13:23:38.003526,599095,29
2026-06-23T13:23:38.003615,599096,30
2026-06-23T13:23:38.003688,599097,29
