0.000000 -0.058469227399623964
0.000488 -0.02378722571107598
0.000977 0.027663309118496234
0.001465 0.05164135739732213
0.001953 0.04320938518487254
0.002441 0.02702524615758244
0.002930 0.02317897877637311
0.003418 0.031056372901299503
0.003906 0.03425265091111066
0.004395 0.03144398124204153
0.004883 0.04428276212846584
0.005371 0.0723336795877041
0.005859 0.06887502054723679
0.006348 0.01432361899172838
0.006836 -0.025522518436551817
0.007324 -0.0020215265771007162
0.007812 0.03455081117321991
0.008301 0.03264258549572071
0.008789 0.00880765414270725
0.009277 -0.006959060517629899
0.009766 -0.0021407906819444164
0.010254 0.03399623308569671
0.010742 0.08969257004770465
0.011230 0.11266879984584346
0.011719 0.07136764033847012
0.012207 0.0006082469347028704
0.012695 -0.05101522084689271
0.013184 -0.06580396984751152
0.013672 -0.0525298749784077
0.014160 -0.027794499633824302
0.014648 0.018456120224562587
0.015137 0.08814213668473654
0.015625 0.12668233216497823
0.016113 0.10488681700479204
0.016602 0.061856327977185044
0.017090 0.013375469358220964
0.017578 -0.05881509330367069
0.018066 -0.12619931254036124
0.018555 -0.13569273528591977
0.019043 -0.09590622991006142
0.019531 -0.057407776866515034
0.020020 -0.03892184061574152
0.020508 -0.030382530708932595
0.020996 -0.03079399187064336
0.021484 -0.03643518402975037
0.021973 -0.02449088392965381
0.022461 0.0027013319747098067
0.022949 0.008700316448347921
0.023438 -0.00694713410714553
0.023926 -0.0034049901932876373
0.024414 0.029177963250011225
0.024902 0.06297144735747365
0.025391 0.0822743427264265
0.025879 0.07198185047841518
0.026367 0.004645336883662118
0.026855 -0.08581052343504221
0.027344 -0.11299677613416365
0.027832 -0.07234560599818847
0.028320 -0.033596698334470314
0.028809 -0.015426811961532606
0.029297 -0.003017381852545612
0.029785 -0.008563162727777665
0.030273 -0.0274784497559885
0.030762 -0.03596409081561776
0.031250 -0.03456273758370428
0.031738 -0.02706102538903555
0.032227 -0.009242968125386756
0.032715 0.013470880642095924
0.033203 0.03436595181071218
0.033691 0.044640554442996944
0.034180 0.030024738394401496
0.034668 -0.002623810306561402
0.035156 -0.021187268225483318
0.035645 -0.013530512694517775
0.036133 -0.012296129209385479
0.036621 -0.055076163616820696
0.037109 -0.12325348915072185
0.037598 -0.14983149491514042
0.038086 -0.10835740245574371
0.038574 -0.04553503522932469
0.039062 -0.014275913349790899
0.039551 -0.025331695868801896
0.040039 -0.04493871470510619
0.040527 -0.021825331186397116
0.041016 0.05243446369453274
0.041504 0.12488740738708054
0.041992 0.13817342866666874
0.042480 0.09263839343734404
0.042969 0.04067502295694391
0.043457 0.021622582208162825
0.043945 0.023876673789708758
0.044434 0.014508478354236114
0.044922 -0.011485133296448317
0.045410 -0.033531103076806276
0.045898 -0.04408001315023155
0.046387 -0.04064520693073299
0.046875 -0.013542439105002144
0.047363 0.017716682774531648
0.047852 0.013649776799361473
0.048340 -0.02856375311006617
0.048828 -0.06809384066051057
0.049316 -0.0577774955915305
0.049805 0.004567815215513713
0.050293 0.07242909087157906
0.050781 0.11287154882407775
0.051270 0.11847696175173165
0.051758 0.08620409498102642
0.052246 0.04371029442521608
0.052734 0.025838568314387623
0.053223 0.01425206052882216
0.053711 -0.013053456275142974
0.054199 -0.025910126777293842
0.054688 -0.013625923978392735
0.055176 -0.025886273956325104
0.055664 -0.08344909415913694
0.056152 -0.12742773282025135
0.056641 -0.10046808192033295
0.057129 -0.019338674600405968
0.057617 0.06094395757513074
0.058105 0.10772530270007209
0.058594 0.11441005577656149
0.059082 0.07977575972995099
0.059570 0.011025966492800073
0.060059 -0.056662376211241906
0.060547 -0.07415245718657053
0.061035 -0.03695994609106266
0.061523 0.008897102221340027
0.062012 0.03691820365436736
0.062500 0.056060092481781225
0.062988 0.06595901318380833
0.063477 0.05459314399220371
0.063965 0.02675093871644193
0.064453 0.002874264926733172
0.064941 -0.0012701627165854058
0.065430 0.013297947690072559
0.065918 0.024699596113130287
0.066406 0.007907210151137316
0.066895 -0.041020888860990645
0.067383 -0.10533405739795591
0.067871 -0.1529383248463188
0.068359 -0.15578277374684105
0.068848 -0.11828017597873955
0.069336 -0.06315630671998138
0.069824 -0.0063090711462317345
0.070312 0.034431547068376214
0.070801 0.03544529195954767
0.071289 -0.0018187775988664262
0.071777 -0.032845334473955004
0.072266 -0.02193863208599863
0.072754 0.010274602632284762
0.073242 0.025367475100255006
0.073730 0.018086401499547117
0.074219 0.015468554398227901
0.074707 0.03899936228388993
0.075195 0.0748740050208749
0.075684 0.09171409662480536
0.076172 0.07749185212219413
0.076660 0.049250112095205946
0.077148 0.03271414395862693
0.077637 0.037079210195906355
0.078125 0.04809325027822206
0.078613 0.05018037211298681
0.079102 0.05177254791265021
0.079590 0.06734247679999525
0.080078 0.08438531738215999
0.080566 0.07683589954555378
0.081055 0.04952441953634646
0.081543 0.03508153643977438
0.082031 0.034574663994188654
0.082520 0.01757952905396139
0.083008 -0.011359905986362433
0.083496 -0.01564745055549345
0.083984 0.003953605075568658
0.084473 0.005378811128450874
0.084961 -0.023399617370333956
0.085449 -0.04394882263490348
0.085938 -0.029309153765339296
0.086426 -0.0047526745780214485
0.086914 -0.00775813002008269
0.087402 -0.0306985805867684
0.087891 -0.03536777029139926
0.088379 -0.01484838105304066
0.088867 0.0005724677032497604
0.089355 -0.0036494816082172227
0.089844 -0.011282384318214028
0.090332 -0.014007569113892575
0.090820 -0.018527678687468806
0.091309 -0.018110254320515856
0.091797 -0.005593486517169534
0.092285 0.006189807041388034
0.092773 0.012475025366651028
0.093262 0.02502757240145046
0.093750 0.0378961693140857
0.094238 0.0305793164819247
0.094727 0.003059124289240907
0.095215 -0.022982193003381005
0.095703 -0.030483905198049742
0.096191 -0.03026922980933108
0.096680 -0.04588090113337142
0.097168 -0.074361169370047
0.097656 -0.09538743105399132
0.098145 -0.09192280880828184
0.098633 -0.04567815215513713
0.099121 0.030907292770244874
0.099609 0.07989502383479469
0.100098 0.0706639821198923
0.100586 0.04544558715069191
0.101074 0.04534421266157477
0.101562 0.04355525108891927
0.102051 0.017060730197891297
0.102539 0.009028292736668097
0.103027 0.041241527454951486
0.103516 0.06325171800385634
0.104004 0.03959568280810843
0.104492 -0.0021050114504913065
0.104980 -0.024168870846575822
0.105469 -0.018527678687468806
0.105957 0.004460477521154383
0.106445 0.018581347534648473
0.106934 -0.011920447279127822
0.107422 -0.08516053406364404
0.107910 -0.15156678764061624
0.108398 -0.17336230280080245
0.108887 -0.1572377958259342
0.109375 -0.12864422668965708
0.109863 -0.10076027897720001
0.110352 -0.06585763869469119
0.110840 -0.012194754720268333
0.111328 0.04620291421644941
0.111816 0.07143323559613417
0.112305 0.051832179965072056
0.112793 0.026279845502309312
0.113281 0.031217379442838495
0.113770 0.04987028544039319
0.114258 0.0406809861621861
0.114746 -0.0024210613283271116
0.115234 -0.04112226335010779
0.115723 -0.045075868425676444
0.116211 -0.03621454543578953
0.116699 -0.0459703492120042
0.117188 -0.05330509165989175
0.117676 -0.0385700115064526
0.118164 -0.033435691792931314
0.118652 -0.05162346778159558
0.119141 -0.06197559208202875
0.119629 -0.04210619221506831
0.120117 -0.001663734262569616
0.120605 0.026703233074504448
0.121094 0.017191920713219365
0.121582 -0.012850707296908685
0.122070 -0.01705476699264911
0.122559 0.019821694225022952
0.123047 0.0605623124396309
0.123535 0.07056260763077515
0.124023 0.05692475724189805
0.124512 0.04177821592674814
0.125000 0.04181399515820125
0.125488 0.06411041955873098
0.125977 0.09259068779540655
0.126465 0.09719428224237338
0.126953 0.07087865750861096
0.127441 0.044706149700660974
0.127930 0.03944063947181162
0.128418 0.021825331186397116
0.128906 -0.03062702212386218
0.129395 -0.06930437132467411
0.129883 -0.055594962472890794
0.130371 -0.02221293952713914
0.130859 0.001592175799663396
0.131348 0.028569716315308354
0.131836 0.05564863132007046
0.132324 0.05736603442981974
0.132812 0.0295059395383314
0.133301 -0.00880765414270725
0.133789 -0.031652693425518
0.134277 -0.03532006464946178
0.134766 -0.0499835863399947
0.135254 -0.07804643020971733
0.135742 -0.07204744573607921
0.136230 -0.015510296834923196
0.136719 0.04245802132435723
0.137207 0.053871596157899326
0.137695 0.02328631647073244
0.138184 -0.013995642703408204
0.138672 -0.03516502131316497
0.139160 -0.036584264160805
0.139648 -0.02744267052453539
0.140137 -0.02894539824556601
0.140625 -0.03947045549802254
0.141113 -0.023709704042927576
0.141602 0.027877984507214893
0.142090 0.0719401080417199
0.142578 0.07030022660011902
0.143066 0.04626850947411345
0.143555 0.0474015184701286
0.144043 0.0716180949586419
0.144531 0.07711617019193648
0.145020 0.049923954287572854
0.145508 0.016458446468430612
0.145996 -0.0006320997556716105
0.146484 -0.0006022837294606854
0.146973 0.011210825855307808
0.147461 0.03257102703281449
0.147949 0.051879885607009533
0.148438 0.042827740049372696
0.148926 0.006809980386575275
0.149414 -0.017018987761196
0.149902 -0.029046772734683153
0.150391 -0.08105784885702076
0.150879 -0.16844265847599982
0.151367 -0.19570643284326963
0.151855 -0.11274035830874969
0.152344 -0.0023375764549365217
0.152832 0.05200511291709542
0.153320 0.06769430590928417
0.153809 0.07191029201550897
0.154297 0.05342435576473545
0.154785 0.018748317281429654
0.155273 -0.0060168740893646695
0.155762 -0.005265510228849359
0.156250 0.020775807063772554
0.156738 0.04314975313245069
0.157227 0.02410923879415397
0.157715 -0.026583968969660747
0.158203 -0.06136138194208369
0.158691 -0.057932538927827314
0.159180 -0.03659619057128937
0.159668 -0.024735375344583397
0.160156 -0.025397291126465934
0.160645 -0.028748612472573903
0.161133 -0.03417512924296226
0.161621 -0.039118626388733625
0.162109 -0.030418309940385704
0.162598 -0.0074361169370047
0.163086 0.011061745724253183
0.163574 0.018438230608836034
0.164062 0.029261448123401815
0.164551 0.046226767037418154
0.165039 0.05072302379002564
0.165527 0.0349145666929932
0.166016 0.020042332818983797
0.166504 0.030972888027908912
0.166992 0.059840764605326516
0.167480 0.0750350115624139
0.167969 0.06251228055382539
0.168457 0.038218182397163694
0.168945 0.030382530708932595
0.169434 0.04475981854784064
0.169922 0.051665210218290875
0.170410 0.03718654789026569
0.170898 0.023489065448966732
0.171387 0.023029898645318486
0.171875 0.033065973067915845
0.172363 0.051438608419087845
0.172852 0.062476501322372285
0.173340 0.04920240645326847
0.173828 0.015820383507516817
0.174316 -0.0224276149158578
0.174805 -0.05301885780826687
0.175293 -0.07270339831271957
0.175781 -0.07689553159797563
0.176270 -0.06102744244852133
0.176758 -0.0509794416154396
0.177246 -0.06873190362142435
0.177734 -0.08174361745987203
0.178223 -0.055827527477336006
0.178711 -0.012361724467049513
0.179199 0.009368195435472642
0.179688 0.0036435184029750376
0.180176 -0.014401140659876785
0.180664 -0.03059124289240907
0.181152 -0.026959650899918402
0.181641 -0.0035182910928891523
0.182129 0.01357225513121307
0.182617 0.014508478354236114
0.183105 0.011431464449268652
0.183594 0.007931062972106055
0.184082 0.005253583818364989
0.184570 0.012296129209385479
0.185059 0.02622617665512965
0.185547 0.03233846202836928
0.186035 0.02827751925844129
0.186523 0.023900526610677496
0.187012 0.01995884794559321
0.187500 0.00652970974019258
0.187988 -0.01802676944712527
0.188477 -0.044038270713536255
0.188965 -0.05812336149557724
0.189453 -0.04347772942077086
0.189941 -0.0039297522545999174
0.190430 0.018086401499547117
0.190918 -0.010387903531886277
0.191406 -0.064659034441012
0.191895 -0.09322875075632035
0.192383 -0.08006199358157587
0.192871 -0.050758803021478754
0.193359 -0.02044783077545238
0.193848 0.026583968969660747
0.194336 0.08601923561851868
0.194824 0.11188761995911722
0.195312 0.08030648499650545
0.195801 0.03127701149526035
0.196289 0.012952081786025828
0.196777 0.017716682774531648
0.197266 0.003238020446506457
0.197754 -0.04873727644437804
0.198242 -0.10796979411500168
0.198730 -0.12770800346663405
0.199219 -0.10628220703146332
0.199707 -0.08013355204448208
0.200195 -0.052249604332025
0.200684 0.0017352927254758361
0.201172 0.06741403526290148
0.201660 0.1038313296769253
0.202148 0.09706309172704532
0.202637 0.06690119961207357
0.203125 0.04286948248606799
0.203613 0.03448521591555588
0.204102 0.02675093871644193
0.204590 0.005510001643778944
0.205078 -0.028080733485449184
0.205566 -0.05799217098024916
0.206055 -0.06617368857252699
0.206543 -0.05572018978297668
0.207031 -0.04654878012049614
0.207520 -0.04808132386773769
0.208008 -0.05012074006056496
0.208496 -0.036095281330945826
0.208984 -0.006034763705091224
0.209473 0.02072213821659289
0.209961 0.0365067424926566
0.210449 0.042893335307036734
0.210938 0.02217716029568603
0.211426 -0.021073967325881803
0.211914 -0.034729707330485464
0.212402 -0.004788453809474558
0.212891 0.019535460373398074
0.213379 0.02236798286343595
0.213867 0.0290288831189566
0.214355 0.024812897012731802
0.214844 -0.014198391681642495
0.215332 -0.04467633367445005
0.215820 -0.024806933807489617
0.216309 -0.001663734262569616
0.216797 -0.023876673789708758
0.217285 -0.05429498373009446
0.217773 -0.045183206120035777
0.218262 -0.010399829942370648
0.218750 0.00918929927820709
0.219238 -0.0009183336072964907
0.219727 -0.019917105508897914
0.220215 -0.02215330747471729
0.220703 -0.001973820935163236
0.221191 0.028062843869722628
0.221680 0.04576163702852772
0.222168 0.04041860513152996
0.222656 0.029905474289557796
0.223145 0.03447925271031369
0.223633 0.044348357386129876
0.224121 0.04142042361221704
0.224609 0.03152746611543212
0.225098 0.02280926005135764
0.225586 0.00893884465803532
0.226074 -0.005915499600247524
0.226562 -0.0056471553643491984
0.227051 0.01617221261680573
0.227539 0.045612556897473094
0.228027 0.05289959370342317
0.228516 0.035182910928891524
0.229004 0.03159902457833834
0.229492 0.05480781938092237
0.229980 0.07207726176229014
0.230469 0.06866630836376032
0.230957 0.05995406550492803
0.231445 0.05337665012279797
0.231934 0.039124589593975814
0.232422 0.016577710573274312
0.232910 0.00796087899831698
0.233398 0.025045462017177018
0.233887 0.04020989294805348
0.234375 0.024860602654669283
0.234863 0.0041563540538029475
0.235352 0.019392343447585635
0.235840 0.05272069754615762
0.236328 0.0575389673818431
0.236816 0.03214167625537717
0.237305 0.00722144154828604
0.237793 -0.007501712194668735
0.238281 -0.026774791537410667
0.238770 -0.049852395824666634
0.239258 -0.052189972279603154
0.239746 -0.04083602949848291
0.240234 -0.053466098201430744
0.240723 -0.06880346208433058
0.241211 -0.03454484796797773
0.241699 0.016685048267633642
0.242188 0.017120362250313145
0.242676 -0.016154323001079177
0.243164 -0.022338166837225025
0.243652 -0.0019857473456476064
0.244141 0.006255402299052069
0.244629 0.004049016359443618
0.245117 0.007215478343043855
0.245605 -0.0027251847956785468
0.246094 -0.03108022572226824
0.246582 -0.03916036882542892
0.247070 -0.005981094857911559
0.247559 0.03392467462279049
0.248047 0.036626006597500295
0.248535 0.007525565015637475
0.249023 0.0008944807863277506
0.249512 0.040633280520248616
0.250000 0.05887472535609255
0.250488 -0.005521928054263314
0.250977 -0.08904258067630648
0.251465 -0.10259694619179299
0.251953 -0.07096214238200155
0.252441 -0.06933418735088505
0.252930 -0.0973851048101233
0.253418 -0.09688419556977976
0.253906 -0.05471240809704741
0.254395 -0.012445209340440104
0.254883 0.006088432552270889
0.255371 0.007275110395465705
0.255859 -0.00699483974908301
0.256348 -0.03142609162631497
0.256836 -0.03952412434520221
0.257324 -0.011658066248471682
0.257812 0.035713636195445986
0.258301 0.07378870166679724
0.258789 0.09437964936806206
0.259277 0.0968722691592954
0.259766 0.08186884476995793
0.260254 0.06099762642231041
0.260742 0.027579824245105643
0.261230 -0.031014630464604207
0.261719 -0.07840422252424843
0.262207 -0.07252450215545402
0.262695 -0.04416946122886432
0.263184 -0.05641192159107014
0.263672 -0.10560240163385423
0.264160 -0.1270520508899937
0.264648 -0.08799305655368192
0.265137 -0.01494379233691562
0.265625 0.05084825110011153
0.266113 0.08055693961667722
0.266602 0.06548791996967572
0.267090 0.02446703110868507
0.267578 0.001449058873850956
0.268066 0.02797935899633204
0.268555 0.07198185047841518
0.269043 0.07329971883693807
0.269531 0.028355040926589695
0.270020 -0.01893317664393739
0.270508 -0.041700694258599735
0.270996 -0.04650107447855866
0.271484 -0.04694235166648035
0.271973 -0.03834937291249176
0.272461 -0.010071853654050472
0.272949 0.030215560962151417
0.273438 0.06458747597810578
0.273926 0.07410475154463304
0.274414 0.05029367301258832
0.274902 0.01864097958707032
0.275391 0.005837977932099119
0.275879 -0.00699483974908301
0.276367 -0.043501582241739604
0.276855 -0.08474310969669109
0.277344 -0.0940814891059528
0.277832 -0.05253583818364989
0.278320 0.015116725288938985
0.278809 0.04679327153542573
0.279297 0.011950263305338748
0.279785 -0.04973909492506512
0.280273 -0.07207726176229014
0.280762 -0.02995914313673746
0.281250 0.025623892925668964
0.281738 0.024198686872786746
0.282227 -0.020644616548444485
0.282715 -0.033065973067915845
0.283203 -0.0008587015548746406
0.283691 0.015671303376462192
0.284180 -0.007853541303957651
0.284668 -0.039124589593975814
0.285156 -0.060741208596896454
0.285645 -0.07680608351934286
0.286133 -0.06061598128681057
0.286621 0.025188578942989457
0.287109 0.1408926502571051
0.287598 0.18640383266546104
0.288086 0.1334207540886473
0.288574 0.0567458610846325
0.289062 0.024884455475638022
0.289551 0.025856457930114176
0.290039 0.01299978742796331
0.290527 -0.018694648434249988
0.291016 -0.041760326311021584
0.291504 -0.04588090113337142
0.291992 -0.03989980627545986
0.292480 -0.029965106341979644
0.292969 -0.010703953409722083
0.293457 0.018927213438695203
0.293945 0.04484330342123123
0.294434 0.05744951930321033
0.294922 0.05820684636896782
0.295410 0.0423506836299979
0.295898 -0.001431169258124401
0.296387 -0.06331731326152037
0.296875 -0.10941885298885264
0.297363 -0.1199319838308248
0.297852 -0.10297859132729284
0.298340 -0.08216104182682499
0.298828 -0.07280477280183671
0.299316 -0.05225556753726719
0.299805 -0.0008587015548746406
0.300293 0.04641162639992589
0.300781 0.05331105486513393
0.301270 0.033745778465524935
0.301758 0.01633918236358691
0.302246 0.009976442370175512
0.302734 0.011139267392401588
0.303223 0.011544765348870167
0.303711 0.0004233875721951353
0.304199 -0.019517570757671517
0.304688 -0.03196278009811162
0.305176 -0.031944890482385066
0.305664 -0.027078915004762102
0.306152 -0.015748825044610594
0.306641 0.003327468525139232
0.307129 0.012564473445283804
0.307617 0.008014547845496645
0.308105 0.017674940337836353
0.308594 0.05010881365008059
0.309082 0.07640654876811645
0.309570 0.08159453732881741
0.310059 0.07721754468105362
0.310547 0.0722144154828604
0.311035 0.07613820453221813
0.311523 0.09077787340178231
0.312012 0.08900680144485337
0.312500 0.06094395757513074
0.312988 0.04186170080013873
0.313477 0.04386533776151289
0.313965 0.030829771102096473
0.314453 -0.01531351106193109
0.314941 -0.06816539912341678
0.315430 -0.0932526035772891
0.315918 -0.07680608351934286
0.316406 -0.03242791010700205
0.316895 0.011181009829096882
0.317383 0.03327468525139232
0.317871 0.031241232263807237
0.318359 0.01602909569099329
0.318848 0.0017472191359602061
0.319336 -0.008443898622933965
0.319824 -0.023942269047372792
0.320312 -0.040561722057342396
0.320801 -0.030943072001697988
0.321289 0.007978768614043535
0.321777 0.0283132984898944
0.322266 -0.0023554660706630766
0.322754 -0.04877901888107333
0.323242 -0.06511223803941805
0.323730 -0.052559691004618624
0.324219 -0.0377351627725467
0.324707 -0.034515031941766805
0.325195 -0.03399623308569671
0.325684 -0.023781262505833796
0.326172 -0.01508690926272806
0.326660 -0.029535755564542326
0.327148 -0.05330509165989175
0.327637 -0.04149198207512326
0.328125 0.013876378598564505
0.328613 0.06297144735747365
0.329102 0.06219026747074741
0.329590 0.026458741659574864
0.330078 0.004502219957849678
0.330566 0.018396488172140738
0.331055 0.04747307693303482
0.331543 0.0673186239790265
0.332031 0.07945970985211517
0.332520 0.09440946539427299
0.333008 0.10671752101414284
0.333496 0.09263839343734404
0.333984 0.03913651600446018
0.334473 -0.008813617347949436
0.334961 0.009898920702027107
0.335449 0.07032407942108775
0.335938 0.09393240897489818
0.336426 0.06592323395235522
0.336914 0.03538565990712581
0.337402 0.015069019647001506
0.337891 -0.03532006464946178
0.338379 -0.10320519312649587
0.338867 -0.11521508848425646
0.339355 -0.07019288890575968
0.339844 -0.04254150619774782
0.340332 -0.04406808673974718
0.340820 -0.012785112039244649
0.341309 0.05787887008064765
0.341797 0.0851784236793706
0.342285 0.024282171746177337
0.342773 -0.05313812191311057
0.343262 -0.06908969593595546
0.343750 -0.04446165828573139
0.344238 -0.03266047511144727
0.344727 -0.04142638681745922
0.345215 -0.051223933030369186
0.345703 -0.043280943647778757
0.346191 -0.015623597734524711
0.346680 0.010316345068980057
0.347168 0.016911650066836672
0.347656 0.008026474255981015
0.348145 -0.009266820946355496
0.348633 -0.03544529195954767
0.349121 -0.06130174988966184
0.349609 -0.06744981449435458
0.350098 -0.054909193870039515
0.350586 -0.04027548820571752
0.351074 -0.0238587841739822
0.351562 -0.004776527398990188
0.352051 -0.00775813002008269
0.352539 -0.04823040399879231
0.353027 -0.08684215794194021
0.353516 -0.07399741385027371
0.354004 -0.023578513527599505
0.354492 0.009314526588292977
0.354980 0.0061778806309036646
0.355469 0.004478367136880938
0.355957 0.03471181771475891
0.356445 0.07151075726428256
0.356934 0.07990695024527905
0.357422 0.06882135170005713
0.357910 0.06140908758402117
0.358398 0.05078861904768968
0.358887 0.012433282929955733
0.359375 -0.057711900333866466
0.359863 -0.12480988571893213
0.360352 -0.1367124433823334
0.360840 -0.07773038033188152
0.361328 0.009946626343964586
0.361816 0.07174928547396997
0.362305 0.08629950626490138
0.362793 0.07064609250416574
0.363281 0.061796695924763195
0.363770 0.07250064933448527
0.364258 0.07676434108264756
0.364746 0.05881509330367069
0.365234 0.03370403602882964
0.365723 0.018056585473336193
0.366211 0.016124506974868252
0.366699 0.018110254320515856
0.367188 0.009594797234675672
0.367676 0.0013715372057025508
0.368164 0.021479465282350386
0.368652 0.06421775725309031
0.369141 0.08745040487664309
0.369629 0.06383611211759047
0.370117 0.010244786606073837
0.370605 -0.025886273956325104
0.371094 -0.014627742459079815
0.371582 0.0272399215463011
0.372070 0.06268521350584877
0.372559 0.06435491097366057
0.373047 0.031563245346885226
0.373535 -0.017919431752765936
0.374023 -0.08344909415913694
0.374512 -0.16137626026401058
0.375000 -0.20438289647064883
0.375488 -0.17752462005984757
0.375977 -0.1150421555322331
0.376465 -0.06214256182880993
0.376953 -0.02384685776349783
0.377441 0.002713258385194177
0.377930 0.012898412938846164
0.378418 0.011306237139182768
0.378906 0.00022063859396084516
0.379395 -0.02297622979813882
0.379883 -0.04295893056470077
0.380371 -0.042010780931193356
0.380859 -0.02797935899633204
0.381348 -0.016506152110368093
0.381836 -0.012934192170299274
0.382324 -0.01396582667719728
0.382812 -0.010316345068980057
0.383301 -0.006541636150676949
0.383789 -0.01735292725475836
0.384277 -0.030179781730698307
0.384766 -0.020650579753686667
0.385254 0.002707295179951992
0.385742 0.015563965682102861
0.386230 0.02191477926502989
0.386719 0.04418735084459088
0.387207 0.07575655939671828
0.387695 0.08551236317293295
0.388184 0.06676404589150331
0.388672 0.041301159507373335
0.389160 0.028617421957245835
0.389648 0.031324717137197824
0.390137 0.033065973067915845
0.390625 0.009684245313308446
0.391113 -0.03732966481607813
0.391602 -0.061874217592911604
0.392090 -0.030483905198049742
0.392578 0.018366672145929814
0.393066 0.03266047511144727
0.393555 0.017144215071281887
0.394043 0.0017949247778976862
0.394531 -0.0021706067081553415
0.395020 -0.001514654131514991
0.395508 -0.010411756352855017
0.395996 -0.031098115337994794
0.396484 -0.04423505648652836
0.396973 -0.03902321510485866
0.397461 -0.03309578909412677
0.397949 -0.042595175044927484
0.398438 -0.050007439160963445
0.398926 -0.028951361450808195
0.399414 0.002546288638412997
0.399902 0.0019082256774992012
0.400391 -0.017311184818063065
0.400879 0.0009302600177808606
0.401367 0.04965561005167453
0.401855 0.06323979159337197
0.402344 0.027198179109605803
0.402832 -0.00762693950475462
0.403320 -0.0036375551977328524
0.403809 0.027084878210004288
0.404297 0.04567815215513713
0.404785 0.03388293218609519
0.405273 0.01874235407618747
0.405762 0.028253666437472548
0.406250 0.04874920285486241
0.406738 0.05608990850799215
0.407227 0.05199318650661105
0.407715 0.04458688559581728
0.408203 0.02849219464715995
0.408691 0.005754493058708529
0.409180 -0.007465932963215625
0.409668 -0.007418227321278145
0.410156 -0.005283399844575914
0.410645 -0.005820088316372564
0.411133 -0.00756730745233277
0.411621 -0.007430153731762515
0.412109 0.010155338527441061
0.412598 0.05390737538935244
0.413086 0.09536357823302258
0.413574 0.09871489957913056
0.414062 0.06614983575155825
0.414551 0.027049098978551178
0.415039 0.004555888805029343
0.415527 0.0024508773545380367
0.416016 0.009982405575417698
0.416504 0.015379106319595125
0.416992 0.01416857565543157
0.417480 0.002617847101319217
0.417969 -0.024860602654669283
0.418457 -0.05874949804600666
0.418945 -0.07586986029631981
0.419434 -0.0707415037880407
0.419922 -0.05926829690207675
0.420410 -0.05204089214854853
0.420898 -0.04921433286375284
0.421387 -0.04763408347457381
0.421875 -0.04014429769038945
0.422363 -0.02223679234810788
0.422852 -0.0005307252665544654
0.423340 0.00818748079752001
0.423828 -0.009499385950800712
0.424316 -0.04460477521154383
0.424805 -0.07275706715989923
0.425293 -0.07672856185119445
0.425781 -0.049846432619424445
0.426270 -0.0023912453021161864
0.426758 0.03744296571567964
0.427246 0.05231519958968904
0.427734 0.04481945060026249
0.428223 0.022886781719506047
0.428711 0.0007871430919684205
0.429199 -0.007966842203559166
0.429688 -0.007096214238200155
0.430176 -0.006732458718426869
0.430664 -0.011932373689612193
0.431152 -0.02918392645525341
0.431641 -0.054145903599039834
0.432129 -0.06452784392568393
0.432617 -0.048331778487909455
0.433105 -0.0176153082854145
0.433594 0.010531020457698718
0.434082 0.026691306664020076
0.434570 0.03079399187064336
0.435059 0.03153939252591648
0.435547 0.03158113496261178
0.436035 0.020501499622632043
0.436523 0.00038164513549984025
0.437012 -0.0021765699133975266
0.437500 0.028074770280207
0.437988 0.07106948007636088
0.438477 0.09665759377057673
0.438965 0.09217326342845361
0.439453 0.06858282349036973
0.439941 0.05420553565146169
0.440430 0.06439665341035586
0.440918 0.07057453404125952
0.441406 0.03845671060685109
0.441895 -0.004830196246169853
0.442383 -0.004078832385654543
0.442871 0.02765734591325405
0.443359 0.023715667248169762
0.443848 -0.016905686861594486
0.444336 -0.01969646691493707
0.444824 0.0333223908933298
0.445312 0.0725364285659384
0.445801 0.05486148822810204
0.446289 0.006237512683325514
0.446777 -0.034813192203876055
0.447266 -0.04784875886329247
0.447754 -0.03004262801012805
0.448242 -0.005217804586911879
0.448730 -0.01338143256346315
0.449219 -0.052428500489290555
0.449707 -0.07476070412127339
0.450195 -0.07660333454110856
0.450684 -0.0914218995679383
0.451172 -0.09842866572750568
0.451660 -0.06251824375906759
0.452148 -0.017692829953562906
0.452637 -0.009248931330628941
0.453125 -0.019481791526218407
0.453613 -0.01406123796107224
0.454102 0.0038880098179046225
0.454590 0.018354745735445443
0.455078 0.027037172568066807
0.455566 0.03282148165298626
0.456055 0.03946449229278036
0.456543 0.04603594446966823
0.457031 0.033209089993728284
0.457520 -0.013655740004603659
0.458008 -0.07116489136023584
0.458496 -0.09789794046095121
0.458984 -0.07844596496094373
0.459473 -0.0393273385722101
0.459961 -0.019261152932257563
0.460449 -0.02274962799893579
0.460938 -0.025796825877692327
0.461426 -0.016798349167235157
0.461914 -0.0009302600177808606
0.462402 0.012981897812236754
0.462891 0.014937829131673436
0.463379 0.0019261152932257563
0.463867 -0.019201520879835714
0.464355 -0.028551826699581798
0.464844 -0.0007752166814840505
0.465332 0.05178447432313457
0.465820 0.08092665834169269
0.466309 0.0699483974908301
0.466797 0.048331778487909455
0.467285 0.03999521755933482
0.467773 0.03649481608217223
0.468262 0.01688779724586793
0.468750 -0.022242755553350067
0.469238 -0.05910729036053776
0.469727 -0.073007521780071
0.470215 -0.06977546453880673
0.470703 -0.06001966076259207
0.471191 -0.03419301885868881
0.471680 0.009588834029433486
0.472168 0.05183814317031424
0.472656 0.0705864604517439
0.473145 0.03852826906975731
0.473633 -0.03790809572457007
0.474121 -0.07914962317952155
0.474609 -0.036637933007984666
0.475098 0.025945906008746952
0.475586 0.03805121265038251
0.476074 0.012063564204940263
0.476562 -0.00819940720800438
0.477051 -0.010328271479464426
0.477539 -0.003905899433631178
0.478027 0.008885175810855656
0.478516 0.029166036839526854
0.479004 0.04198096490498243
0.479492 0.025659672157122074
0.479980 -0.010417719558097203
0.480469 -0.03091325597548706
0.480957 -0.026709196279746633
0.481445 -0.015510296834923196
0.481934 -0.004400845468732533
0.482422 0.003947641870326472
0.482910 -0.0007692534762418655
0.483398 -0.019726282941147994
0.483887 -0.043203421979630355
0.484375 -0.061641652588466385
0.484863 -0.057562820202811844
0.485352 -0.01466948489577511
0.485840 0.04263691748162278
0.486328 0.06468288726198074
0.486816 0.045702004976105874
0.487305 0.031342606752924385
0.487793 0.04586301151764487
0.488281 0.054169756420008576
0.488770 0.027943579764878927
0.489258 -0.0009958552754448958
0.489746 0.006845759618028384
0.490234 0.04029337782144407
0.490723 0.056650449800757535
0.491211 0.04149794528036544
0.491699 0.023697777632443205
0.492188 0.025111057274841052
0.492676 0.0332448692251814
0.493164 0.025492702410340892
0.493652 -0.011568618169838908
0.494141 -0.06573837458984748
0.494629 -0.08988935582069675
0.495117 -0.05858849150446766
0.495605 -0.015844236328485556
0.496094 -0.0047049689360839685
0.496582 -0.010882849566987632
0.497070 -0.020394161928272713
0.497559 -0.038892024589530595
0.498047 -0.04574374741280116
0.498535 -0.013924084240501984
0.499023 0.04134290194406863
0.499512 0.08055693961667722
0.500000 0.07802854059399078
0.500488 0.03242194690175987
0.500977 -0.020018479998015058
0.501465 -0.03447328950507151
0.501953 -0.021407906819444166
0.502441 -0.004412771879216903
0.502930 0.041992891315466796
0.503418 0.1174691800658024
0.503906 0.15179338943981927
0.504395 0.10536387342416684
0.504883 0.024186760462302375
0.505371 -0.027877984507214893
0.505859 -0.03234442523361146
0.506348 -0.02189092644406115
0.506836 -0.03528428541800867
0.507324 -0.059590309985154744
0.507812 -0.054545438350266234
0.508301 -0.02222486593762351
0.508789 0.0002981602621092502
0.509277 -0.0009898920702027106
0.509766 -0.012612179087221283
0.510254 -0.029213742481464335
0.510742 -0.048134992714917356
0.511230 -0.05387755936314151
0.511719 -0.04519513253052015
0.512207 -0.03870120202178068
0.512695 -0.03251139498039264
0.513184 -0.01506305644175932
0.513672 0.0009183336072964907
0.514160 -0.0004889828298591703
0.514648 -0.013280058074346004
0.515137 -0.02839678336328499
0.515625 -0.041384644380763926
0.516113 -0.046590522557191434
0.516602 -0.03983421101779583
0.517090 -0.018694648434249988
0.517578 0.011264494702487473
0.518066 0.03599390684182868
0.518555 0.047359776033433304
0.519043 0.040704838983154835
0.519531 0.011407611628299912
0.520020 -0.02535554868977064
0.520508 -0.04681116115115228
0.520996 -0.05072898699526783
0.521484 -0.043060305053817916
0.521973 -0.027901837328183635
0.522461 -0.010429645968581572
0.522949 0.008932881452793136
0.523438 0.033900821801821746
0.523926 0.06019259371461543
0.524414 0.0705029755783533
0.524902 0.06275677196875498
0.525391 0.06015681448316232
0.525879 0.07085480468764221
0.526367 0.07839825931900625
0.526855 0.07496941630474988
0.527344 0.0651778332970821
0.527832 0.04140849720173267
0.528320 -0.00038164513549984025
0.528809 -0.02958942441172199
0.529297 -0.018652905997554693
0.529785 0.012737406397307168
0.530273 0.032326535617884906
0.530762 0.03604757568900835
0.531250 0.0299829959577062
0.531738 0.011353942781120247
0.532227 -0.01419242847640031
0.532715 -0.026393146401910827
0.533203 -0.01505113003127495
0.533691 0.006189807041388034
0.534180 0.018855654975788984
0.534668 0.022040006575115775
0.535156 0.027711014760433715
0.535645 0.03700168852775795
0.536133 0.03309578909412677
0.536621 0.00829481849187934
0.537109 -0.020584984496022633
0.537598 -0.041688767848115364
0.538086 -0.06250631734858321
0.538574 -0.08003814076060713
0.539062 -0.07458777116925003
0.539551 -0.04694235166648035
0.540039 -0.02363218237477917
0.540527 -0.026172507807949982
0.541016 -0.06276273517399716
0.541504 -0.11604993721816237
0.541992 -0.13438083013263907
0.542480 -0.08977605492109524
0.542969 -0.024007864305036826
0.543457 0.019153815237898233
0.543945 0.05195740727515794
0.544434 0.08123078180904413
0.544922 0.0819940720800438
0.545410 0.06332327646676256
0.545898 0.05834400008953808
0.546387 0.06114670655336503
0.546875 0.053621141537727554
0.547363 0.04179610554247469
0.547852 0.027913763738668003
0.548340 0.006857686028512755
0.548828 -0.016547894547063385
0.549316 -0.03745489212616401
0.549805 -0.05215419304815005
0.550293 -0.05814125111130379
0.550781 -0.0627090663268175
0.551270 -0.06377648006516862
0.551758 -0.04369240480948952
0.552246 -0.005426516770388354
0.552734 0.02370374083768539
0.553223 0.026059206908348467
0.553711 0.0017710719569289462
0.554199 -0.03469392809903235
0.554688 -0.05470644489180523
0.555176 -0.04481945060026249
0.555664 -0.032928819347345595
0.556152 -0.050007439160963445
0.556641 -0.07600701401689006
0.557129 -0.06956675235533026
0.557617 -0.035117315671227486
0.558105 -0.0030650874944830923
0.558594 0.025278027021622233
0.559082 0.057658231486686806
0.559570 0.0816362797655127
0.560059 0.09210170496554738
0.560547 0.09735528878391238
0.561035 0.09480900014549938
0.561523 0.08037804345941167
0.562012 0.0608008406493183
0.562500 0.044479547901457944
0.562988 0.04112226335010779
0.563477 0.062404942859466066
0.563965 0.1000923999900753
0.564453 0.11342612691160096
0.564941 0.06894657901014302
0.565430 -0.013757114493720805
0.565918 -0.08389037134705864
0.566406 -0.11061745724253183
0.566895 -0.09002650954126701
0.567383 -0.03981632140206927
0.567871 -0.0009242968125386756
0.568359 0.002599957485592662
0.568848 -0.0032022412150533473
0.569336 0.010984224056104778
0.569824 0.03319120037800173
0.570312 0.05037119468073673
0.570801 0.07331164524742244
0.571289 0.0922150058651489
0.571777 0.06911951196216638
0.572266 -0.0074361169370047
0.572754 -0.08940037299083758
0.573242 -0.12115444090547273
0.573730 -0.11644947196938876
0.574219 -0.12757084974606378
0.574707 -0.15140578109907726
0.575195 -0.13725509505937225
0.575684 -0.07233964279294629
0.576172 -0.0019380417037101264
0.576660 0.02191477926502989
0.577148 -0.00899847671045717
0.577637 -0.05072302379002564
0.578125 -0.05876142445649103
0.578613 -0.037973690982234104
0.579102 -0.018336856119718886
0.579590 -0.012767222423518094
0.580078 -0.016893760451110115
0.580566 -0.018849691770546798
0.581055 -0.006279255120020809
0.581543 0.018879507796757723
0.582031 0.03865945958508538
0.582520 0.04332268608447405
0.583008 0.040239708974264404
0.583496 0.031950853687627255
0.583984 0.013053456275142974
0.584473 -0.010334234684706612
0.584961 -0.020573058085538262
0.585449 -0.0145144415594783
0.585938 -0.011658066248471682
0.586426 -0.012129159462604297
0.586914 0.016726790704328937
0.587402 0.07572674337050736
0.587891 0.11206651611638278
0.588379 0.09155309008326637
0.588867 0.0448969722684109
0.589355 0.014806638616345366
0.589844 -0.0006142101399450555
0.590332 -0.009159483251996167
0.590820 0.004120574822349838
0.591309 0.03152150291018993
0.591797 0.04601805485394168
0.592285 0.04968542607788545
0.592773 0.061641652588466385
0.593262 0.0788156836859592
0.593750 0.0839440401942383
0.594238 0.0741226411603596
0.594727 0.05056798045372883
0.595215 0.0047526745780214485
0.595703 -0.04740748167537078
0.596191 -0.06612598293058951
0.596680 -0.05063953891663506
0.597168 -0.03396641705948578
0.597656 -0.020561131675053895
0.598145 0.0006320997556716105
0.598633 0.018801986128609317
0.599121 0.025486739205098707
0.599609 0.024568405597802215
0.600098 0.009851215060089626
0.600586 -0.018354745735445443
0.601074 -0.033525139871564094
0.601562 -0.016524041726094646
0.602051 0.008306744902363711
0.602539 -0.0009839288649605257
0.603027 -0.047735457963690955
0.603516 -0.09016962646707945
0.604004 -0.09125492982115711
0.604492 -0.055660557730554824
0.604980 -0.015826346712759
0.605469 0.0004293507774373203
0.605957 -0.004740748167537078
0.606445 -0.0023554660706630766
0.606934 0.017382743280969285
0.607422 0.02777661001809775
0.607910 0.013297947690072559
0.608398 -0.007275110395465705
0.608887 -0.016035058896235476
0.609375 -0.014747006563923516
0.609863 -0.003351321346107972
0.610352 0.028629348367730203
0.610840 0.07207129855704796
0.611328 0.08570914894592506
0.611816 0.0490712159379404
0.612305 0.0017174031097492812
0.612793 -0.007525565015637475
0.613281 0.013506659873549034
0.613770 0.024288134951419522
0.614258 0.020656542958928853
0.614746 0.021562950155740973
0.615234 0.01768686674832072
0.615723 -0.008437935417691781
0.616211 -0.045934569980551086
0.616699 -0.06356180467644995
0.617188 -0.055004605153914476
0.617676 -0.0621544882392943
0.618164 -0.10432031250678446
0.618652 -0.13685556030814583
0.619141 -0.1277974515452668
0.619629 -0.09553651118504596
0.620117 -0.05588119632451567
0.620605 -0.006476040893012914
0.621094 0.03628610389869575
0.621582 0.04618502460072286
0.622070 0.02957749800123762
0.622559 0.015212136572813945
0.623047 0.011574581375081093
0.623535 0.008467751443902705
0.624023 0.005653118569591384
0.624512 0.007251257574496965
0.625000 0.010769548667386117
0.625488 0.014126833218736274
0.625977 0.017263479176125588
0.626465 0.032851297679197186
0.626953 0.07155846290622005
0.627441 0.10275198952808981
0.627930 0.09030081698240752
0.628418 0.048868466959706106
0.628906 0.010757622256901748
0.629395 -0.014735080153439144
0.629883 -0.02414501802560708
0.630371 -0.01373922487799425
0.630859 0.006100358962755259
0.631348 0.021026261683944326
0.631836 0.026864239616043444
0.632324 0.031622877399307074
0.632812 0.04748500334351919
0.633301 0.06646588562939405
0.633789 0.06670441383908146
0.634277 0.047282254365284895
0.634766 0.024961977143786427
0.635254 0.014317655786486194
0.635742 0.023518881475177656
0.636230 0.046208877421691594
0.636719 0.0621544882392943
0.637207 0.05731236558264007
0.637695 0.038271851244343354
0.638184 0.025749120235754847
0.638672 0.029833915826651576
0.639160 0.03483108181960261
0.639648 0.02619039742367654
0.640137 0.01614835979583699
0.640625 0.0163034031321338
0.641113 0.016118543769626067
0.641602 0.007358595268856295
0.642090 -0.006768237949879979
0.642578 -0.02378722571107598
0.643066 -0.038295704065312096
0.643555 -0.04225527234612294
0.644043 -0.04363873596230986
0.644531 -0.06353795185548122
0.645020 -0.09290077446800017
0.645508 -0.10133870988569196
0.645996 -0.09903691266220854
0.646484 -0.10523268290883876
0.646973 -0.09315122908817194
0.647461 -0.04964368364119016
0.647949 -0.016279550311165063
0.648438 -0.021223047456936428
0.648926 -0.03741314968946872
0.649414 -0.033304501277603246
0.649902 -0.019636834862515218
0.650391 -0.022218902732381324
0.650879 -0.03603564927852398
0.651367 -0.03416320283247789
0.651855 -0.008306744902363711
0.652344 0.01518232054660302
0.652832 0.0007334742447887555
0.653320 -0.049327633763354355
0.653809 -0.08896505900815807
0.654297 -0.08623391100723735
0.654785 -0.05997791832589677
0.655273 -0.04725243833907397
0.655762 -0.05863023394116296
0.656250 -0.07278688318611017
0.656738 -0.06760485783065139
0.657227 -0.0479560965576518
0.657715 -0.0375383769995546
0.658203 -0.0392080744673664
0.658691 -0.027830278865277412
0.659180 -0.00015504333629681011
0.659668 0.017394669691453656
0.660156 0.015868089149454295
0.660645 0.012659884729158764
0.661133 0.017203847123703736
0.661621 0.01905244074878109
0.662109 0.017346964049516175
0.662598 0.025188578942989457
0.663086 0.039178258441155474
0.663574 0.04133693873882645
0.664062 0.021449649256139458
0.664551 -0.007907210151137316
0.665039 -0.018074475089062746
0.665527 -0.0010733769435933007
0.666016 0.02699543013137151
0.666504 0.056727971468905944
0.666992 0.08644262319071382
0.667480 0.11170872380185168
0.667969 0.12586537304679887
0.668457 0.12266909503698772
0.668945 0.1012850410385123
0.669434 0.06988876543840825
0.669922 0.04746115052255045
0.670410 0.0469244620507538
0.670898 0.053644994358696296
0.671387 0.04466440726396568
0.671875 0.023489065448966732
0.672363 0.018617126766101583
0.672852 0.03755626661528116
0.673340 0.04320938518487254
0.673828 0.017591455464445762
0.674316 -0.0025820678698661066
0.674805 -0.006446224866801989
0.675293 -0.02987565826334687
0.675781 -0.0616356893832242
0.676270 -0.045922643570066715
0.676758 0.017591455464445762
0.677246 0.07496345309950768
0.677734 0.09230445394378167
0.678223 0.0746414400164297
0.678711 0.044730002521629716
0.679199 0.021980374522693923
0.679688 0.009493422745558526
0.680176 -0.006183843836145849
0.680664 -0.04000714396981919
0.681152 -0.08597749318182339
0.681641 -0.11929988407515318
0.682129 -0.12418374916850271
0.682617 -0.10021762730016118
0.683105 -0.05238079484735308
0.683594 -0.0024091349178427418
0.684082 0.016798349167235157
0.684570 0.0012224570746479258
0.685059 -0.020167560129069683
0.685547 -0.027991285406816408
0.686035 -0.029535755564542326
0.686523 -0.03245176292797079
0.687012 -0.03195681689286944
0.687500 -0.02979217338995628
0.687988 -0.0343957678369231
0.688477 -0.03879661330565563
0.688965 -0.02461014803449751
0.689453 0.009368195435472642
0.689941 0.03805121265038251
0.690430 0.04118785860777182
0.690918 0.027937616559636745
0.691406 0.013148867559017934
0.691895 0.0033334317303814172
0.692383 0.015247915804267055
0.692871 0.05396700744177429
0.693359 0.08082528385257555
0.693848 0.05888665176657692
0.694336 0.00720951513780167
0.694824 -0.025194542148231643
0.695312 -0.01792539495800812
0.695801 0.008885175810855656
0.696289 0.03283340806347063
0.696777 0.048278109640729795
0.697266 0.047663899500784736
0.697754 0.02410923879415397
0.698242 -0.0033334317303814172
0.698730 -0.002862338516248802
0.699219 0.027222031930574542
0.699707 0.06050268038720905
0.700195 0.07759322661131127
0.700684 0.07604875645358536
0.701172 0.057503188150389996
0.701660 0.018307040093507962
0.702148 -0.029404565049214255
0.702637 -0.046524927299527404
0.703125 -0.027961469380605484
0.703613 -0.020334529875850865
0.704102 -0.03230864600215835
0.704590 -0.028671090804425498
0.705078 -0.013053456275142974
0.705566 -0.007442080142246885
0.706055 0.0024508773545380367
0.706543 0.026697269869262262
0.707031 0.03850441624878857
0.707520 0.016506152110368093
0.708008 -0.03009033365206553
0.708496 -0.07745607289074102
0.708984 -0.10678907947704905
0.709473 -0.12325348915072185
0.709961 -0.13217444419303062
0.710449 -0.10584689304878382
0.710938 -0.03449117912079806
0.711426 0.03334624371429854
0.711914 0.05353169345909478
0.712402 0.035570519269633546
0.712891 0.00781776207250454
0.713379 -0.015880015559938666
0.713867 -0.026923871668465292
0.714355 -0.020310677054882122
0.714844 -0.0043173605953419425
0.715332 0.0019261152932257563
0.715820 -0.01360803436266618
0.716309 -0.032547174211845754
0.716797 -0.03001877518915931
0.717285 -0.012230533951721443
0.717773 0.013900231419533244
0.718262 0.05351380384336823
0.718750 0.08343716774865258
0.719238 0.07117085456547802
0.719727 0.02514683650629416
0.720215 -0.010566799689151828
0.720703 -0.003017381852545612
0.721191 0.030692617381526215
0.721680 0.04829599925645635
0.722168 0.04084199270372509
0.722656 0.03195681689286944
0.723145 0.03786039008263259
0.723633 0.05679356672656998
0.724121 0.07004380877470506
0.724609 0.051152374567462966
0.725098 0.007966842203559166
0.725586 -0.025892237161567286
0.726074 -0.047973986173378357
0.726562 -0.06424757327930124
0.727051 -0.057491261739905625
0.727539 -0.031646730220275816
0.728027 -0.014401140659876785
0.728516 -0.010703953409722083
0.729004 -0.011777330353315383
0.729492 -0.017120362250313145
0.729980 -0.01828915047778141
0.730469 -0.004764600988505818
0.730957 0.00766271873620773
0.731445 -0.0038701202021780676
0.731934 -0.028235776821745995
0.732422 -0.03546318157527422
0.732910 -0.02011389128189002
0.733398 -0.004663226499388673
0.733887 -0.005879720368794414
0.734375 -0.01496764515788436
0.734863 -0.021038188094428693
0.735352 -0.030829771102096473
0.735840 -0.04443184225952047
0.736328 -0.042821776844130514
0.736816 -0.026846350000316887
0.737305 -0.03060316930289344
0.737793 -0.06012103525170921
0.738281 -0.06944748825048656
0.738770 -0.033823300133673344
0.739258 0.01426398693930653
0.739746 0.039571829987139685
0.740234 0.03689435083339862
0.740723 0.01444288309657208
0.741211 -0.01319060999571323
0.741699 -0.026697269869262262
0.742188 -0.02100837206821777
0.742676 -0.012141085873088668
0.743164 -0.017740535595500387
0.743652 -0.03749663456285931
0.744141 -0.05063357571139287
0.744629 -0.03688242442291425
0.745117 -0.0019678577299210515
0.745605 0.028223850411261624
0.746094 0.03710902622211728
0.746582 0.030155928909729564
0.747070 0.022505136584006206
0.747559 0.024496847134895996
0.748047 0.034354025400227806
0.748535 0.03732370161083594
0.749023 0.019589129220577737
0.749512 -0.006750348334153424
0.750000 -0.010191117758894173
0.750488 0.01585019953372774
0.750977 0.0485524170818703
0.751465 0.07507079079386701
0.751953 0.09419479000555432
0.752441 0.09979423972796604
0.752930 0.09354480063415616
0.753418 0.08358028467446502
0.753906 0.06893465259965864
0.754395 0.04936341299480746
0.754883 0.027728904376160268
0.755371 -0.0020751954242803814
0.755859 -0.0409970360400219
0.756348 -0.06721128628466717
0.756836 -0.05706191096246831
0.757324 -0.0214735020771082
0.757812 0.004699005730841783
0.758301 0.009392048256441382
0.758789 0.0011031929698042257
0.759277 -0.02201019054890485
0.759766 -0.054915157075281704
0.760254 -0.07024655775293935
0.760742 -0.05270877113567325
0.761230 -0.01886758138627335
0.761719 0.00775813002008269
0.762207 0.022195049911412586
0.762695 0.033071936273158034
0.763184 0.034682001688547986
0.763672 0.006404482430106695
0.764160 -0.04430065174419239
0.764648 -0.07677030428788974
0.765137 -0.0678791652717919
0.765625 -0.027770646812855564
0.766113 0.021264789893631723
0.766602 0.05009688723959622
0.767090 0.039726873323436496
0.767578 0.005832014726856934
0.768066 -0.02011389128189002
0.768555 -0.028056880664480446
0.769043 -0.02992336390528435
0.769531 -0.033763668081251495
0.770020 -0.039261743314546065
0.770508 -0.04520109573576233
0.770996 -0.04143831322794359
0.771484 -0.018801986128609317
0.771973 0.011610360606534203
0.772461 0.031038483285572946
0.772949 0.03004262801012805
0.773438 0.01658963698375868
0.773926 0.010566799689151828
0.774414 0.01847997304553133
0.774902 0.030847660717823026
0.775391 0.035182910928891524
0.775879 0.020918923989584993
0.776367 -0.0007931062972106055
0.776855 -0.0010614505331089307
0.777344 0.015015350799821841
0.777832 0.009207188893933646
0.778320 -0.01792539495800812
0.778809 -0.019338674600405968
0.779297 0.01976802537784329
0.779785 0.05208263458524383
0.780273 0.04137868117552174
0.780762 0.017335037639031808
0.781250 0.015367179909110755
0.781738 0.018718501255218727
0.782227 0.006368703198653584
0.782715 -0.006189807041388034
0.783203 -0.009153520046753981
0.783691 -0.02351291826993547
0.784180 -0.05340050294376671
0.784668 -0.06401500827485603
0.785156 -0.03741314968946872
0.785645 -0.001478874900061881
0.786133 0.018205665604390818
0.786621 0.028289445668925658
0.787109 0.040853919114209464
0.787598 0.05132530751948633
0.788086 0.04657859614670706
0.788574 0.01999462717704632
0.789062 -0.025188578942989457
0.789551 -0.0725722077973915
0.790039 -0.08798113014319756
0.790527 -0.04764600988505818
0.791016 0.02153313412953005
0.791504 0.06585763869469119
0.791992 0.07012729364809565
0.792480 0.06185036477194286
0.792969 0.06282833043166121
0.793457 0.06681771473868298
0.793945 0.05569633696200794
0.794434 0.03019767134642486
0.794922 0.011860815226705974
0.795410 0.0067801643603643495
0.795898 0.001317868358522886
0.796387 -0.009910847112511476
0.796875 -0.025790862672450142
0.797363 -0.04450936392766887
0.797852 -0.05006110800814311
0.798340 -0.028480268236675578
0.798828 0.00037568193025765525
0.799316 0.008360413749543376
0.799805 0.005080650866341623
0.800293 0.014508478354236114
0.800781 0.03279166562677534
0.801270 0.04695427807696472
0.801758 0.05518350131118003
0.802246 0.047443260906823895
0.802734 0.014925902721189065
0.803223 -0.012498878187619768
0.803711 0.0013238315637650708
0.804199 0.03220727151304121
0.804688 0.023077604287255967
0.805176 -0.03803332303465595
0.805664 -0.1021974114405666
0.806152 -0.11547150630967042
0.806641 -0.08387844493657427
0.807129 -0.0526491390832514
0.807617 -0.03430631975829033
0.808105 -0.014687374511501665
0.808594 -0.0019559313194366813
0.809082 -0.011145230597643772
0.809570 -0.023339985317912107
0.810059 -0.009892957496784921
0.810547 0.01855153150843755
0.811035 0.030012811983917125
0.811523 0.019398306652827817
0.812012 0.005814125111130379
0.812500 -0.0021765699133975266
0.812988 -0.011675955864198237
0.813477 -0.022528989404974945
0.813965 -0.025272063816380048
0.814453 -0.020859291937163144
0.814941 -0.016088727743415143
0.815430 -0.006332923967200474
0.815918 0.008336560928574635
0.816406 0.011616323811776387
0.816895 -0.001514654131514991
0.817383 -0.013888305009048875
0.817871 -0.010638358152058047
0.818359 0.0034705854509516723
0.818848 0.015975426843813628
0.819336 0.024288134951419522
0.819824 0.024407399056263223
0.820312 0.0010614505331089307
0.820801 -0.038736981253233785
0.821289 -0.05096751520495523
0.821777 -0.01806254867857838
0.822266 0.010274602632284762
0.822754 -0.005730640237739789
0.823242 -0.029738504542776614
0.823730 -0.018474009840289143
0.824219 0.0071856623168329295
0.824707 0.011461280475479578
0.825195 -0.00038164513549984025
0.825684 -0.005772382674435084
0.826172 0.0035540703243422626
0.826660 0.019583166015335555
0.827148 0.02857567952055054
0.827637 0.026232139860371834
0.828125 0.020507462827874228
0.828613 0.017985027010429974
0.829102 0.012260349977932369
0.829590 -0.0036971872501547023
0.830078 -0.015432775166774791
0.830566 -0.0021050114504913065
0.831055 0.028516047468128688
0.831543 0.04905928952745603
0.832031 0.04448551110670013
0.832520 0.011586507785565463
0.833008 -0.04360891993609894
0.833496 -0.09251316612725816
0.833984 -0.10175017104740272
0.834473 -0.07202955612035267
0.834961 -0.03756819302576553
0.835449 -0.02203404336987359
0.835938 -0.012993824222721124
0.836426 0.009469569924589786
0.836914 0.04546347676641847
0.837402 0.08284084722443408
0.837891 0.10268639427042577
0.838379 0.08997284069408734
0.838867 0.056274767870499884
0.839355 0.02796743258584767
0.839844 0.014371324633665859
0.840332 0.008742058885043216
0.840820 0.0036733344291859627
0.841309 -0.006231549478083329
0.841797 -0.019046477543538904
0.842285 -0.024514736750622552
0.842773 -0.02097259283676466
0.843262 -0.022123491448506366
0.843750 -0.037383333663257794
0.844238 -0.05935774498070953
0.844727 -0.0748799682261171
0.845215 -0.07172543265300123
0.845703 -0.04513550047809829
0.846191 -0.013888305009048875
0.846680 -0.003166461983600237
0.847168 -0.008491604264871446
0.847656 -0.009052145557636835
0.848145 -0.004341213416310683
0.848633 -0.00797280540880135
0.849121 -0.014448846301814264
0.849609 -0.0032916892936861223
0.850098 0.02514683650629416
0.850586 0.05051431160654917
0.851074 0.058707755609311366
0.851562 0.050544127632760096
0.852051 0.03969705729722557
0.852539 0.03998925435409264
0.853027 0.049703315693612006
0.853516 0.054372505398242864
0.854004 0.04778316360562844
0.854492 0.04081813988275635
0.854980 0.039887879864975495
0.855469 0.03834340970724957
0.855957 0.035391623112368
0.856445 0.04091355116663131
0.856934 0.05749722494514781
0.857422 0.060437085129545015
0.857910 0.017484117770086433
0.858398 -0.05070513417429909
0.858887 -0.07863678752869364
0.859375 -0.050997331231166156
0.859863 -0.01938638024234345
0.860352 -0.012224570746479257
0.860840 -0.009433790693136676
0.861328 8.348487339059005e-05
0.861816 0.004663226499388673
0.862305 0.004794417014716743
0.862793 0.018569421124164102
0.863281 0.04557677766601999
0.863770 0.05684723557374964
0.864258 0.03687646121767207
0.864746 0.004794417014716743
0.865234 -0.018825838949578056
0.865723 -0.04043053154201433
0.866211 -0.07039563788399397
0.866699 -0.09282325279985178
0.867188 -0.09208381534982084
0.867676 -0.07826110559843599
0.868164 -0.06267925030060657
0.868652 -0.049995512750479074
0.869141 -0.04423505648652836
0.869629 -0.0354691447805164
0.870117 -0.017299258407578698
0.870605 -0.011693845479924792
0.871094 -0.02034049308109305
0.871582 -0.0007811798867262355
0.872070 0.04632217832129311
0.872559 0.06091414154891982
0.873047 0.03144994444728371
0.873535 0.007954915793074795
0.874023 0.004096722001381098
0.874512 -0.012153012283573038
0.875000 -0.04041860513152996
0.875488 -0.049393229021018385
0.875977 -0.040877771935178206
0.876465 -0.035642077732539766
0.876953 -0.024019790715521197
0.877441 0.008121885539855975
0.877930 0.04158143015375603
0.878418 0.048033618225800205
0.878906 0.025230321379684752
0.879395 -0.005826051521614749
0.879883 -0.025468849589372154
0.880371 -0.028074770280207
0.880859 -0.01863501638182814
0.881348 -0.0049494603510135534
0.881836 0.008175554387035641
0.882324 0.021515244513803496
0.882812 0.03871909163750723
0.883301 0.05331701807037612
0.883789 0.049196443248026286
0.884277 0.025719304209543922
0.884766 0.007084287827715785
0.885254 0.01783594687937535
0.885742 0.0515757621396581
0.886230 0.07010344082712691
0.886719 0.04722858551810523
0.887207 0.005170098944974399
0.887695 -0.009344342614503901
0.888184 0.014508478354236114
0.888672 0.0358269370950475
0.889160 0.020740027832319444
0.889648 -0.019857473456476062
0.890137 -0.05754493058708529
0.890625 -0.07103370084490777
0.891113 -0.05051431160654917
0.891602 -0.0013953900266712909
0.892090 0.04749096654876137
0.892578 0.05705594775722612
0.893066 0.025689488183332998
0.893555 -0.004359103032037238
0.894043 -0.00656548897164569
0.894531 0.006070542936544334
0.895020 0.015206173367571761
0.895508 0.01366766641508803
0.895996 0.004126538027592023
0.896484 -0.0018605200355617212
0.896973 -0.0024389509440536665
0.897461 -0.010644321357300233
0.897949 -0.026142691781739058
0.898438 -0.0301022600625499
0.898926 -0.017024950966438187
0.899414 -0.0041563540538029475
0.899902 -0.009064071968121206
0.900391 -0.029929327110526534
0.900879 -0.046990057308417835
0.901367 -0.04704968936083968
0.901855 -0.037973690982234104
0.902344 -0.031324717137197824
0.902832 -0.02728762718823858
0.903320 -0.02377529930059161
0.903809 -0.022338166837225025
0.904297 -0.02283311287232638
0.904785 -0.028480268236675578
0.905273 -0.043125900311481946
0.905762 -0.05035330506501017
0.906250 -0.027186252699121432
0.906738 0.01649422569988372
0.907227 0.051665210218290875
0.907715 0.07150479405904038
0.908203 0.08256653978329356
0.908691 0.0792509976686387
0.909180 0.0569426468576246
0.909668 0.023721630453411947
0.910156 -0.010709916614964267
0.910645 -0.032088007408197505
0.911133 -0.026434888838606122
0.911621 -0.0020036369613741613
0.912109 0.020090038460921278
0.912598 0.029404565049214255
0.913086 0.030764175844432435
0.913574 0.03542740234382111
0.914062 0.04044842115774088
0.914551 0.03280955524250189
0.915039 0.019929031919382282
0.915527 0.021837257596881484
0.916016 0.03645307364547693
0.916504 0.042141971446521424
0.916992 0.03318523717275955
0.917480 0.025003719580481722
0.917969 0.021670287850100306
0.918457 0.010668174178268972
0.918945 -0.01474104335868133
0.919434 -0.04858223310808123
0.919922 -0.07516620207774198
0.920410 -0.08189269759092666
0.920898 -0.06592323395235522
0.921387 -0.023017972234834115
0.921875 0.037448928920921824
0.922363 0.08172572784414547
0.922852 0.08657381370604189
0.923340 0.05716924865682763
0.923828 0.010238823400831652
0.924316 -0.03408568116432948
0.924805 -0.05383581692644621
0.925293 -0.041760326311021584
0.925781 -0.02234413004246721
0.926270 -0.025975722034957877
0.926758 -0.043740110451427006
0.927246 -0.045314396635363845
0.927734 -0.023793188916318167
0.928223 0.005164135739732213
0.928711 0.01923133690604664
0.929199 0.011461280475479578
0.929688 -0.005074687661099439
0.930176 -0.030692617381526215
0.930664 -0.0639792290434029
0.931152 -0.07827303200892036
0.931641 -0.06638836396124564
0.932129 -0.045254764582941996
0.932617 -0.022028080164631404
0.933105 -0.010119559295987951
0.933594 -0.02161661900292064
0.934082 -0.02949401312784703
0.934570 -0.004072869180412358
0.935059 0.03537373349664144
0.935547 0.052798219214306025
0.936035 0.04417542443410651
0.936523 0.02856375311006617
0.937012 0.019368490626616892
0.937500 0.017311184818063065
0.937988 0.014913976310704695
0.938477 0.00669667948697376
0.938965 -0.0023316132496943366
0.939453 -0.005056798045372884
0.939941 -0.0022004227343662666
0.940430 -0.0020692322190381963
0.940918 -0.011216789060549993
0.941406 -0.01848593625077351
0.941895 -0.004925607530044813
0.942383 0.023566587117115137
0.942871 0.0434240605735912
0.943359 0.05220786189532971
0.943848 0.06531498701765234
0.944336 0.08442705981885529
0.944824 0.09207188893933646
0.945312 0.06739018244193273
0.945801 0.015104798878454615
0.946289 -0.02548077599985652
0.946777 -0.026649564227324785
0.947266 -0.005080650866341623
0.947754 0.009427827487894492
0.948242 0.010268639427042576
0.948730 0.010960371235136037
0.949219 0.01951160755242933
0.949707 0.023292279675974626
0.950195 0.008795727732222881
0.950684 -0.009994331985902067
0.951172 -0.007931062972106055
0.951660 0.009398011461683566
0.952148 0.009487459540316342
0.952637 -0.018313003298750147
0.953125 -0.05282803524051695
0.953613 -0.07500519553620298
0.954102 -0.07251257574496965
0.954590 -0.03629206710393793
0.955078 0.011854852021463788
0.955566 0.024061533152216492
0.956055 -0.011079635339979738
0.956543 -0.047288217570527084
0.957031 -0.05016844570250244
0.957520 -0.03982824781255364
0.958008 -0.037997543803202846
0.958496 -0.033000377810251814
0.958984 -0.017901542137039383
0.959473 -0.010053964038323917
0.959961 -0.019750135762116733
0.960449 -0.029547681975026694
0.960938 -0.017364853665242732
0.961426 0.011282384318214028
0.961914 0.03620261902530516
0.962402 0.05261335985179829
0.962891 0.058779314072217585
0.963379 0.043740110451427006
0.963867 0.014049311550587869
0.964355 0.001604102210147766
0.964844 0.020262971412944645
0.965332 0.03542740234382111
0.965820 0.012212644335994888
0.966309 -0.02983987903189376
0.966797 -0.0539610442365321
0.967285 -0.055988534018875005
0.967773 -0.04198096490498243
0.968262 -0.00873609567980103
0.968750 0.03274395998483786
0.969238 0.05229730997396249
0.969727 0.03408568116432948
0.970215 -0.002993529031576872
0.970703 -0.03400815949618108
0.971191 -0.049011583885518545
0.971680 -0.03946449229278036
0.972168 -0.009445717103621047
0.972656 0.012946118580783643
0.973145 0.008885175810855656
0.973633 -0.004889828298591703
0.974121 -0.003399026988045452
0.974609 0.004430661494943458
0.975098 -0.004615520857451193
0.975586 -0.02066250616417104
0.976074 -0.017829983674133163
0.976562 0.0047526745780214485
0.977051 0.030448125966596632
0.977539 0.047514819369730114
0.978027 0.05533854464747684
0.978516 0.06412234596921534
0.979004 0.07752763135364724
0.979492 0.0842600900720741
0.979980 0.07867256676014676
0.980469 0.06072928218641208
0.980957 0.02258265825215461
0.981445 -0.03087747674403395
0.981934 -0.06552369920112883
0.982422 -0.055225243747875324
0.982910 -0.019809767814538585
0.983398 0.00015504333629681011
0.983887 -0.010805327898839227
0.984375 -0.03688838762815644
0.984863 -0.0532454596074699
0.985352 -0.04301856261712262
0.985840 -0.00726914719022352
0.986328 0.032541211006603565
0.986816 0.05721099109352293
0.987305 0.0640984931482466
0.987793 0.04647125845234774
0.988281 0.008986550299972801
0.988770 -0.007215478343043855
0.989258 0.01528965824096235
0.989746 0.03939889703511632
0.990234 0.03282148165298626
0.990723 -0.0033393949356236023
0.991211 -0.044551106364364164
0.991699 -0.06404482430106695
0.992188 -0.06244668529616136
0.992676 -0.05380600090023529
0.993164 -0.03775305238827326
0.993652 -0.017454301743875508
0.994141 -0.011061745724253183
0.994629 -0.03128297470050253
0.995117 -0.07826706880367817
0.995605 -0.1253823534221819
0.996094 -0.11626461260688102
0.996582 -0.037836537261663854
0.997070 0.04134290194406863
0.997559 0.05979902216863122
0.998047 0.034228798090141926
0.998535 0.008402156186238671
0.999023 -0.010984224056104778
0.999512 -0.03319716358324392
1.000000 -0.0460896133168479
1.000488 -0.03459255360991521
1.000977 -0.006452188072044175
1.001465 0.017185957507977183
1.001953 0.02129460591984265
1.002441 0.007716387583387396
1.002930 -0.005325142281271208
1.003418 0.003077013904967462
1.003906 0.03168847265697111
1.004395 0.05220786189532971
1.004883 0.046900609229785055
1.005371 0.026929834873707478
1.005859 0.006344850377684844
1.006348 -0.009886994291542738
1.006836 -0.021539097334772234
1.007324 -0.03183158958278355
1.007812 -0.03759800905197645
1.008301 -0.029547681975026694
1.008789 -0.012015858563002782
1.009277 0.002916007363428467
1.009766 0.016273587105922877
1.010254 0.03024537698836234
1.010742 0.03725214314792972
1.011230 0.033155421146548625
1.011719 0.02323861082879496
1.012207 0.014305729376001825
1.012695 0.00823518643945749
1.013184 0.005003129198193218
1.013672 0.009219115304418017
1.014160 0.026065170113590653
1.014648 0.04421716687080181
1.015137 0.037365444047531234
1.015625 0.0061778806309036646
1.016113 -0.006881538849481494
1.016602 0.019881326277444804
1.017090 0.05457525437647716
1.017578 0.0698649126174395
1.018066 0.07350246781517236
1.018555 0.07085480468764221
1.019043 0.04920240645326847
1.019531 0.0049971659929510335
1.020020 -0.036339772745875416
1.020508 -0.0482363672040345
1.020996 -0.03876679727944471
1.021484 -0.03088940315451832
1.021973 -0.031867368814236664
1.022461 -0.03917229523591329
1.022949 -0.043668551988520786
1.023438 -0.03574345222165692
1.023926 -0.0315751717573696
1.024414 -0.047968022968136174
1.024902 -0.05625091504953114
1.025391 -0.029607314027448546
1.025879 -0.0019022624722570163
1.026367 -0.0136795928255724
1.026855 -0.04209426580458395
1.027344 -0.03824203521813243
1.027832 0.0018605200355617212
1.028320 0.044348357386129876
1.028809 0.0647365561091604
1.029297 0.06212467221308337
1.029785 0.05102714725737708
1.030273 0.04286351928082581
1.030762 0.031640767015033634
1.031250 0.018760243691914022
1.031738 0.021968448112209556
1.032227 0.03685857160194551
1.032715 0.036184729409578606
1.033203 0.013178683585228858
1.033691 -0.012129159462604297
1.034180 -0.026250029476098388
1.034668 -0.036697565060406515
1.035156 -0.05246427972074367
1.035645 -0.06505856919223839
1.036133 -0.05812336149557724
1.036621 -0.03265451190620508
1.037109 -0.00730492642167663
1.037598 0.0007931062972106055
1.038086 -0.016237807874469767
1.038574 -0.050150556086775884
1.039062 -0.07459373437449221
1.039551 -0.06782549642461223
1.040039 -0.03863560676411664
1.040527 -0.009827362239120887
1.041016 0.019273079342741934
1.041504 0.058695829198826995
1.041992 0.09529798297535855
1.042480 0.10511938200923725
1.042969 0.07883953650692793
1.043457 0.031640767015033634
1.043945 -0.009535165182253821
1.044434 -0.032630659085236345
1.044922 -0.03639344159305508
1.045410 -0.02127075309887391
1.045898 -0.00023256500444521514
1.046387 0.015104798878454615
1.046875 0.027120657441457398
1.047363 0.04043053154201433
1.047852 0.05785501725967891
1.048340 0.07097406879248591
1.048828 0.058862798945608176
1.049316 0.02192670567551426
1.049805 -0.006279255120020809
1.050293 1.7889615726555013e-05
1.050781 0.025039498811934832
1.051270 0.03558244568011792
1.051758 0.026774791537410667
1.052246 0.022564768636428055
1.052734 0.04210022900982613
1.053223 0.07604279324834318
1.053711 0.0931691187038985
1.054199 0.07969823806180258
1.054688 0.05337665012279797
1.055176 0.026971577310402773
1.055664 -0.005378811128450874
1.056152 -0.044706149700660974
1.056641 -0.07932255613154493
1.057129 -0.09793371969240432
1.057617 -0.10102862321309834
1.058105 -0.09266224625831278
1.058594 -0.07281669921232109
1.059082 -0.046125392548301
1.059570 -0.018617126766101583
1.060059 0.0035600335295844472
1.060547 0.005939352421216264
1.061035 -0.01768090354307854
1.061523 -0.0524523533102593
1.062012 -0.07589371311728854
1.062500 -0.07251257574496965
1.062988 -0.049995512750479074
1.063477 -0.034497142326040245
1.063965 -0.032702217548142565
1.064453 -0.022815223256599824
1.064941 0.003917825844115548
1.065430 0.016279550311165063
1.065918 -0.021068004120639618
1.066406 -0.08885175810855656
1.066895 -0.12563877124759584
1.067383 -0.1050597499568154
1.067871 -0.050997331231166156
1.068359 0.011401648423057728
1.068848 0.0655773680483085
1.069336 0.09419479000555432
1.069824 0.09820206392830265
1.070312 0.09435579654709332
1.070801 0.08213718900585625
1.071289 0.05358536230627445
1.071777 0.02237990927392032
1.072266 0.002576104664623922
1.072754 -0.007442080142246885
1.073242 -0.007203551932559485
1.073730 0.007137956674895449
1.074219 0.02911236799234719
1.074707 0.03839111534918706
1.075195 0.022898708129990415
1.075684 0.005832014726856934
1.076172 0.021258826688389538
1.076660 0.06334116608248912
1.077148 0.09490441142937434
1.077637 0.09625209581410815
1.078125 0.0722919371510088
1.078613 0.032773776011048784
1.079102 -0.00787739412492639
1.079590 -0.037079210195906355
1.080078 -0.060126998456951394
1.080566 -0.08430779571401159
1.081055 -0.10133870988569196
1.081543 -0.1020364048990276
1.082031 -0.0860132724132765
1.082520 -0.06179073271952101
1.083008 -0.04470018649541879
1.083496 -0.034968235540172865
1.083984 -0.017752462005984758
1.084473 0.0018128143936242413
1.084961 0.006398519224864509
1.085449 0.003011418647303427
1.085938 0.009827362239120887
1.086426 0.025283990226864415
1.086914 0.03150361329446338
1.087402 0.019940958329866653
1.087891 0.011485133296448317
1.088379 0.024377583030052295
1.088867 0.030907292770244874
1.089355 0.006154027809934924
1.089844 -0.02347713903848236
1.090332 -0.02983987903189376
1.090820 -0.01575478824985278
1.091309 0.0071856623168329295
1.091797 0.026625711406356042
1.092285 0.031324717137197824
1.092773 0.02098451924724903
1.093262 0.0039297522545999174
1.093750 -0.01624377107971195
1.094238 -0.03728792237938283
1.094727 -0.044097902765958104
1.095215 -0.023864747379224387
1.095703 0.011586507785565463
1.096191 0.03772919956730452
1.096680 0.04400845468732533
1.097168 0.03909477356776488
1.097656 0.0298637318528625
1.098145 0.010531020457698718
1.098633 -0.01605294851196203
1.099121 -0.03183755278802573
1.099609 -0.034878787461540085
1.100098 -0.044634591237754755
1.100586 -0.06666863460762834
1.101074 -0.08108766488323169
1.101562 -0.06860071310609629
1.102051 -0.0345567743784621
1.102539 -0.007585197068059325
1.103027 -0.007430153731762515
1.103516 -0.010626431741573678
1.104004 0.016273587105922877
1.104492 0.05844537457865522
1.104980 0.07691342121370218
1.105469 0.06333520287724692
1.105957 0.039488345113749095
1.106445 0.02638718319666864
1.106934 0.027734867581402454
1.107422 0.032022412150533475
1.107910 0.026900018847496553
1.108398 0.01639881441600876
1.108887 0.01267777434488532
1.109375 0.016178175822047915
1.109863 0.02209367542229544
1.110352 0.03514713169743841
1.110840 0.06183843836145849
1.111328 0.0920182200921568
1.111816 0.10265061503897266
1.112305 0.08385459211560553
1.112793 0.054783966559953635
1.113281 0.04685886679308976
1.113770 0.06706816935885473
1.114258 0.08620409498102642
1.114746 0.06984105979647076
1.115234 0.009445717103621047
1.115723 -0.07514234925677324
1.116211 -0.14795904846909433
1.116699 -0.18119795448903353
1.117188 -0.17147792994427197
1.117676 -0.12831028719609472
1.118164 -0.06975161171783799
1.118652 -0.021205157841209875
1.119141 0.004681116115115228
1.119629 0.010882849566987632
1.120117 0.005068724455857253
1.120605 -0.0017293295202336512
1.121094 -0.004132501232834208
1.121582 -0.009791583007667777
1.122070 -0.02412116520463834
1.122559 -0.03629803030918012
1.123047 -0.04030530423192844
1.123535 -0.05382389051596185
1.124023 -0.07192221842599333
1.124512 -0.04378781609336448
1.125000 0.03718654789026569
1.125488 0.09653236646049085
1.125977 0.08550043676244859
1.126465 0.04400249148208314
1.126953 0.028939435040323824
1.127441 0.039202111262124216
1.127930 0.03870120202178068
1.128418 0.01370344564654114
1.128906 -0.02812247592214448
1.129395 -0.08137986194009875
1.129883 -0.11652103043229498
1.130371 -0.08500549072734723
1.130859 -0.009254894535871127
1.131348 0.02899310388750349
1.131836 0.01565937696597782
1.132324 0.008288855286637156
1.132812 0.0339604538542436
1.133301 0.05904765830811591
1.133789 0.0442589093074971
1.134277 -0.003279762883201752
1.134766 -0.03182562637754137
1.135254 -0.0004412771879216903
1.135742 0.05671604505842157
1.136230 0.07309100665346159
1.136719 0.054539475145024045
1.137207 0.051438608419087845
1.137695 0.06238705324373951
1.138184 0.050544127632760096
1.138672 0.013673629620330214
1.139160 -0.020573058085538262
1.139648 -0.04007870243272541
1.140137 -0.045982275622488564
1.140625 -0.03484897143532916
1.141113 -0.017537786617266096
1.141602 -0.016464409673672797
1.142090 -0.033900821801821746
1.142578 -0.057276586351186966
1.143066 -0.07652581287296016
1.143555 -0.08162435335502834
1.144043 -0.06849337541173696
1.144531 -0.04329883326350532
1.145020 -0.016023132485751105
1.145508 0.0009600760439917856
1.145996 -0.0004233875721951353
1.146484 -0.015677266581704374
1.146973 -0.026929834873707478
1.147461 -0.013011713838447679
1.147949 0.022731738383209237
1.148438 0.05066339173760379
1.148926 0.0537225160268447
1.149414 0.03780075803021074
1.149902 0.010560836483909642
1.150391 -0.02121112104645206
1.150879 -0.04385341135102852
1.151367 -0.043358465315927165
1.151855 -0.024634000855466253
1.152344 -0.011407611628299912
1.152832 -0.01633918236358691
1.153320 -0.02555233446276274
1.153809 -0.018927213438695203
1.154297 0.0034467326299829322
1.154785 0.0244551046982007
1.155273 0.0369420564753361
1.155762 0.047807016426597175
1.156250 0.05321564358125898
1.156738 0.04022181935853785
1.157227 0.020501499622632043
1.157715 0.022898708129990415
1.158203 0.04912488478512006
1.158691 0.07499326912571862
1.159180 0.07560747926566366
1.159668 0.034425583863134025
1.160156 -0.03335220691954073
1.160645 -0.07215478343043855
1.161133 -0.04556485125553562
1.161621 0.006088432552270889
1.162109 0.018569421124164102
1.162598 -0.00651778332970821
1.163086 -0.018915287028210832
1.163574 -0.0001669697467811801
1.164062 0.02276155440942016
1.164551 0.026369293580942088
1.165039 0.01536121670386857
1.165527 0.0010018184806870807
1.166016 -0.01694742929828978
1.166504 -0.029535755564542326
1.166992 -0.009445717103621047
1.167480 0.042463984529599416
1.167969 0.08009777281302898
1.168457 0.07706250134475681
1.168945 0.06313245389901263
1.169434 0.07418227321278145
1.169922 0.10110614488124674
1.170410 0.10463039917937808
1.170898 0.06817732553390116
1.171387 0.015933684407118332
1.171875 -0.020161596923827498
1.172363 -0.033149457941306436
1.172852 -0.03545125516478985
1.173340 -0.034270540526837215
1.173828 -0.024854639449427098
1.174316 -0.0038403041759671424
1.174805 0.018086401499547117
1.175293 0.025957832419231323
1.175781 0.010393866737128462
1.176270 -0.032916892936861224
1.176758 -0.08691371640484644
1.177246 -0.1197709772892858
1.177734 -0.12260349977932368
1.178223 -0.1135275014007181
1.178711 -0.10882253246463414
1.179199 -0.10916839836868086
1.179688 -0.10772530270007209
1.180176 -0.09380718166481229
1.180664 -0.058182993547999086
1.181152 -0.010286529042769131
1.181641 0.02781238924955086
1.182129 0.05026982019161958
1.182617 0.06374070083371551
1.183105 0.060967810396099484
1.183594 0.0326485487009629
1.184082 -0.007716387583387396
1.184570 -0.03508749964501656
1.185059 -0.037019578143484506
1.185547 -0.023590439938083876
1.186035 -0.015426811961532606
1.186523 -0.013214462816681968
1.187012 0.0001431169258124401
1.187500 0.023566587117115137
1.187988 0.044551106364364164
1.188477 0.06166550540943513
1.188965 0.06783742283509661
1.189453 0.046310251910808745
1.189941 -0.0018068511883820562
1.190430 -0.04391304340345037
1.190918 -0.04610750293257445
1.191406 -0.018241444835843928
1.191895 -0.0019082256774992012
1.192383 -0.007382448089825035
1.192871 -0.0009302600177808606
1.193359 0.02936282261251896
1.193848 0.048576269902839045
1.194336 0.035862716326500614
1.194824 0.009559018003222562
1.195312 -0.006380629609137954
1.195801 0.0036375551977328524
1.196289 0.034884750666782274
1.196777 0.05301885780826687
1.197266 0.03532006464946178
1.197754 -0.0021765699133975266
1.198242 -0.03811680790804654
1.198730 -0.05842748496292867
1.199219 -0.045004309962770224
1.199707 0.001502727721030621
1.200195 0.0522913467687203
1.200684 0.08317478671799644
1.201172 0.08512475483219094
1.201660 0.05263721267276703
1.202148 -0.0028146328743113218
1.202637 -0.047365739238675486
1.203125 -0.05713943263061671
1.203613 -0.04790839091571432
1.204102 -0.04481945060026249
1.204590 -0.03180177355657263
1.205078 0.011306237139182768
1.205566 0.049542309152073014
1.206055 0.03929752254599918
1.206543 -0.0004233875721951353
1.207031 -0.021068004120639618
1.207520 -0.019714356530663623
1.208008 -0.021157452199272394
1.208496 -0.02181936798115493
1.208984 -0.014198391681642495
1.209473 -0.009553054797980376
1.209961 -0.007644829120481175
1.210449 -0.0020036369613741613
1.210938 0.0023972085073583715
1.211426 0.0026536263327723267
1.211914 0.004108648411865467
1.212402 0.010286529042769131
1.212891 0.01425206052882216
1.213379 0.008950771068519691
1.213867 0.0018605200355617212
1.214355 0.00747189616845781
1.214844 0.027305516803965132
1.215332 0.044634591237754755
1.215820 0.0469602412822069
1.216309 0.04232086760378698
1.216797 0.044193314049833066
1.217285 0.05263721267276703
1.217773 0.05521331733739095
1.218262 0.048039581431042394
1.218750 0.03826588803910117
1.219238 0.020203339360522793
1.219727 -0.013959863471955094
1.220215 -0.04767582591126911
1.220703 -0.0566265969797888
1.221191 -0.04051401641540492
1.221680 -0.024061533152216492
1.222168 -0.031861405608994475
1.222656 -0.05389544897886807
1.223145 -0.04490293547365308
1.223633 0.006523746534950394
1.224121 0.046524927299527404
1.224609 0.03301826742597837
1.225098 -0.002635736717045772
1.225586 -0.0025880310751082917
1.226074 0.032159565871103725
1.226562 0.04492082508937963
1.227051 0.009564981208464746
1.227539 -0.03347743422962661
1.228027 -0.035421439138578925
1.228516 -0.0007811798867262355
1.229004 0.02853990028909743
1.229492 0.030299045835542004
1.229980 0.018509789071742253
1.230469 0.015212136572813945
1.230957 0.020370309107303974
1.231445 0.011103488160948477
1.231934 -0.024556479187317848
1.232422 -0.0679984293766356
1.232910 -0.09039622826628248
1.233398 -0.07627535825278839
1.233887 -0.039875953454491124
1.234375 -0.015224062983298316
1.234863 -0.01381078334090047
1.235352 -0.02102029847870214
1.235840 -0.03282148165298626
1.236328 -0.05161154137111121
1.236816 -0.058099508674608495
1.237305 -0.03643518402975037
1.237793 -0.006684753076489389
1.238281 0.0038403041759671424
1.238770 -0.0038999362283889927
1.239258 -0.012194754720268333
1.239746 -0.011276421112971842
1.240234 -0.003005455442061242
1.240723 0.0021706067081553415
1.241211 -0.0017651087516867613
1.241699 -0.005462296001841464
1.242188 -0.001711439904507096
1.242676 0.003947641870326472
1.243164 0.00848564105962926
1.243652 0.019678577299210513
1.244141 0.04007273922748323
1.244629 0.05922655446538146
1.245117 0.07570289054953863
1.245605 0.09406956269546844
1.246094 0.09580485542094427
1.246582 0.06245861170664573
1.247070 0.010739732641175193
1.247559 -0.0369420564753361
1.248047 -0.07613820453221813
1.248535 -0.09663374094960799
1.249023 -0.08109362808847387
1.249512 -0.03349532384535317
1.250000 0.014997461184095284
1.250488 0.03656041133983626
1.250977 0.03540354952285237
1.251465 0.031121968158963537
1.251953 0.026041317292621914
1.252441 0.010292492248011317
1.252930 -0.012647958318674393
1.253418 -0.022493210173521835
1.253906 -0.0038999362283889927
1.254395 0.033662293592134344
1.254883 0.06349620941878592
1.255371 0.06905391670450235
1.255859 0.05678760352132779
1.256348 0.03905899433631178
1.256836 0.01716210468700844
1.257324 -0.008420045801965226
1.257812 -0.0261248021660125
1.258301 -0.023900526610677496
1.258789 -0.0017054766992649112
1.259277 0.024508773545380367
1.259766 0.02102029847870214
1.260254 -0.03614895017812549
1.260742 -0.11680130107867767
1.261230 -0.1568263346642234
1.261719 -0.13351020216728005
1.262207 -0.0811592233461379
1.262695 -0.0384924898383042
1.263184 -0.02048361000690549
1.263672 -0.01815199675721115
1.264160 -0.00685172282327057
1.264648 0.01912399921168731
1.265137 0.033674220002618716
1.265625 0.015307547856688905
1.266113 -0.021479465282350386
1.266602 -0.03523657977607119
1.267090 -0.005480185617568019
1.267578 0.03630995671966449
1.268066 0.04981661659321352
1.268555 0.03568978337447725
1.269043 0.021431759640412905
1.269531 0.022409725300131245
1.270020 0.027997248612058594
1.270508 0.025486739205098707
1.270996 0.02226064516907662
1.271484 0.026512410506754527
1.271973 0.025075278043387942
1.272461 0.005843941137341304
1.272949 -0.01443095668608771
1.273438 -0.008980587094730616
1.273926 0.026512410506754527
1.274414 0.0671278014112766
1.274902 0.08353854223776973
1.275391 0.07617994696891342
1.275879 0.05978113255290467
1.276367 0.03138434918961967
1.276855 -0.006297144735747364
1.277344 -0.03203433856101784
1.277832 -0.03434209898974344
1.278320 -0.019016661517327976
1.278809 -0.004120574822349838
1.279297 -0.0018545568303195363
1.279785 -0.001711439904507096
1.280273 0.002760964027131657
1.280762 0.005736603442981974
1.281250 0.010888812772229818
1.281738 0.02140194361420198
1.282227 0.02679864435837941
1.282715 0.016070838127688586
1.283203 1.1926410484370008e-05
1.283691 0.0013834636161869209
1.284180 0.005277436639333728
1.284668 -0.03130086431622909
1.285156 -0.097665375456506
1.285645 -0.12595482112543166
1.286133 -0.09421864282652306
1.286621 -0.05586330670878912
1.287109 -0.04242224209290412
1.287598 -0.03185544240375229
1.288086 -0.02599957485592662
1.288574 -0.04966157325691671
1.289062 -0.0813977515558253
1.289551 -0.07872623560732642
1.290039 -0.04491486188413745
1.290527 -0.01580249389179026
1.291016 -0.007418227321278145
1.291504 -0.012874560117877423
1.291992 -0.031867368814236664
1.292480 -0.05520139092690658
1.292969 -0.04880883490728426
1.293457 -0.0076686819414499155
1.293945 0.026327551144246793
1.294434 0.03351321346107972
1.294922 0.039267706519788254
1.295410 0.06174899028282572
1.295898 0.0874444416714009
1.296387 0.09835114405935727
1.296875 0.09767133866174818
1.297363 0.09909654471463039
1.297852 0.09846444495895879
1.298340 0.0789349477908029
1.298828 0.04504605239946552
1.299316 0.020990482452491216
1.299805 0.019356564216132525
1.300293 0.03461044322564177
1.300781 0.045779526644254276
1.301270 0.03430631975829033
1.301758 0.01506305644175932
1.302246 0.0035540703243422626
1.302734 -0.013184646790471044
1.303223 -0.029965106341979644
1.303711 -0.02081754950046785
1.304199 0.010137448911714506
1.304688 0.030096296857307716
1.305176 0.014341508607454935
1.305664 -0.03782461085117948
1.306152 -0.09811857905491206
1.306641 -0.1101881064650945
1.307129 -0.04391900660869255
1.307617 0.049494603510135536
1.308105 0.09879242124727897
1.308594 0.09538146784874914
1.309082 0.07017499929003312
1.309570 0.04694235166648035
1.310059 0.03763378828342956
1.310547 0.039047067925827406
1.311035 0.03286918729492374
1.311523 0.011419538038784283
1.312012 -0.011025966492800073
1.312500 -0.024216576488513303
1.312988 -0.03388889539133738
1.313477 -0.042666733507833704
1.313965 -0.043871300966755074
1.314453 -0.03819432957619495
1.314941 -0.039494308318991284
1.315430 -0.0567041186479372
1.315918 -0.07065205570940793
1.316406 -0.04672767627776169
1.316895 0.013154830764260118
1.317383 0.0603237842299435
1.317871 0.061957702466302195
1.318359 0.03626225107772701
1.318848 0.008288855286637156
1.319336 -0.01766301392735198
1.319824 -0.030120149678276455
1.320312 -0.013882341803806689
1.320801 0.017138251866039702
1.321289 0.03327468525139232
1.321777 0.026339477554731164
1.322266 0.014353435017939304
1.322754 0.01526580541999361
1.323242 0.022564768636428055
1.323730 0.018080438294304932
1.324219 0.0010912665593198556
1.324707 -0.02068635898513978
1.325195 -0.04760426744836289
1.325684 -0.0732102707583053
1.326172 -0.08326423479662921
1.326660 -0.07256028138690714
1.327148 -0.04430661494943458
1.327637 -0.010334234684706612
1.328125 0.009463606719347602
1.328613 0.008813617347949436
1.329102 0.003238020446506457
1.329590 0.0022302387605771913
1.330078 -0.0018485936250773511
1.330566 -0.005498075233294574
1.331055 0.004376992647763793
1.331543 0.017257515970883403
1.332031 0.011204862650065622
1.332520 -0.010042037627839546
1.333008 -0.025910126777293842
1.333496 -0.028295408874167843
1.333984 -0.016142396590594806
1.334473 0.0064820040982551
1.334961 0.023262463649763702
1.335449 0.036411331208781636
1.335938 0.0629475945365049
1.336426 0.0858522658717375
1.336914 0.0749574898942655
1.337402 0.03854019548024168
1.337891 0.005360921512724319
1.338379 -0.014293802965517455
1.338867 -0.02925548491815963
1.339355 -0.049029473501245105
1.339844 -0.06510031162893369
1.340332 -0.05878527727745977
1.340820 -0.03211782343440843
1.341309 -0.0022242755553350067
1.341797 0.021980374522693923
1.342285 0.033298538072361064
1.342773 0.024932161117575503
1.343262 0.004245802132435723
1.343750 -0.013709408851783324
1.344238 -0.02739496488259791
1.344727 -0.045755673823285534
1.345215 -0.06422968366357468
1.345703 -0.06778375398791694
1.346191 -0.05419360924097732
1.346680 -0.03229671959167398
1.347168 -0.012552547034799433
1.347656 -0.005820088316372564
1.348145 -0.012349798056565144
1.348633 -0.01867079561328125
1.349121 -0.013375469358220964
1.349609 -0.0012463098956166658
1.350098 0.003309578909412677
1.350586 -0.001311905153280701
1.351074 -0.0023912453021161864
1.351562 0.0020453793980694563
1.352051 0.0012105306641635558
1.352539 0.0016816238782961712
1.353027 0.02179551516018619
1.353516 0.047496929754003554
1.354004 0.04474789213735627
1.354492 0.01731714802330525
1.354980 -0.0007096214238200154
1.355469 0.0036733344291859627
1.355957 0.018056585473336193
1.356445 0.03357284551350157
1.356934 0.053036747423993426
1.357422 0.07086673109812659
1.357910 0.06873190362142435
1.358398 0.04715106384995683
1.358887 0.02945823389639392
1.359375 0.018163923167695523
1.359863 0.0006201733451872405
1.360352 -0.004710932141326153
1.360840 0.01742448571766458
1.361328 0.03538565990712581
1.361816 0.025158762916778533
1.362305 0.010089743269777027
1.362793 0.009648466081855336
1.363281 0.005909536395005339
1.363770 -0.01277318562876028
1.364258 -0.028629348367730203
1.364746 -0.03267836472717382
1.365234 -0.038820466126624376
1.365723 -0.05168906303925962
1.366211 -0.05159961496062684
1.366699 -0.02094874001579592
1.367188 0.02271384876748268
1.367676 0.037007651733000135
1.368164 0.011181009829096882
1.368652 -0.014317655786486194
1.369141 -0.010620468536331492
1.369629 -0.004687079320357414
1.370117 -0.025033535606692647
1.370605 -0.05292940972963409
1.371094 -0.07461758719546095
1.371582 -0.11194725201153909
1.372070 -0.15388051127458402
1.372559 -0.15013561838249184
1.373047 -0.10461847276889372
1.373535 -0.07485015219990616
1.374023 -0.06755118898347172
1.374512 -0.03884431894759312
1.375000 0.011276421112971842
1.375488 0.04410386597120029
1.375977 0.05100925764165053
1.376465 0.04618502460072286
1.376953 0.03249946856990827
1.377441 0.018468046635046958
1.377930 0.020996445657733398
1.378418 0.036482889671687856
1.378906 0.055618815293859536
1.379395 0.07641847517860083
1.379883 0.08503530675355815
1.380371 0.07154653649573568
1.380859 0.051378976366665996
1.381348 0.04285159287034144
1.381836 0.041617209385209145
1.382324 0.02894539824556601
1.382812 -0.010322308274222243
1.383301 -0.0683144792544714
1.383789 -0.10395059378176899
1.384277 -0.08798709334843974
1.384766 -0.04517724291479359
1.385254 -0.015486444013954456
1.385742 -0.0027430744114051017
1.386230 0.014371324633665859
1.386719 0.040722728598881396
1.387207 0.055600925678132976
1.387695 0.047043726155597494
1.388184 0.033674220002618716
1.388672 0.036626006597500295
1.389160 0.04914277440084662
1.389648 0.054229388472430425
1.390137 0.04655474332573833
1.390625 0.022040006575115775
1.391113 -0.012480988571893213
1.391602 -0.02815825515359759
1.392090 -0.01459792643286889
1.392578 0.005170098944974399
1.393066 0.01569515619743093
1.393555 0.02165239823437375
1.394043 0.02389456340543531
1.394531 0.018247408041086113
1.395020 0.014562147201415779
1.395508 0.02375144647962287
1.395996 0.038128734318530914
1.396484 0.04704968936083968
1.396973 0.047657936295542554
1.397461 0.0394466026770538
1.397949 0.0230239354400763
1.398438 0.001317868358522886
1.398926 -0.017603381874930133
1.399414 -0.02452666316110692
1.399902 -0.015206173367571761
1.400391 0.005957242036942819
1.400879 0.018575384329406287
1.401367 0.0027013319747098067
1.401855 -0.02577297305672359
1.402344 -0.02812247592214448
1.402832 -0.00022660179920303017
1.403320 0.018432267403593848
1.403809 0.004543962394544973
1.404297 -0.02381107853204472
1.404785 -0.050538164427517906
1.405273 -0.07189836560502459
1.405762 -0.06315630671998138
1.406250 -0.007513638605153105
1.406738 0.05255372779937644
1.407227 0.06258383901673162
1.407715 0.03188525842996322
1.408203 0.01313097794329138
1.408691 0.025385364715981563
1.409180 0.03898147266816337
1.409668 0.03184351599326792
1.410156 0.014711227332470406
1.410645 0.001317868358522886
1.411133 -0.010417719558097203
1.411621 -0.023685851221958838
1.412109 -0.027001393336613697
1.412598 -0.010042037627839546
1.413086 0.015581855297829416
1.413574 0.025152799711536347
1.414062 0.008539309906808925
1.414551 -0.00722144154828604
1.415039 0.007036582185778305
1.415527 0.02863531157297239
1.416016 0.027746793991886825
1.416504 0.02966098287462821
1.416992 0.05926829690207675
1.417480 0.08926321927026733
1.417969 0.09029485377716533
1.418457 0.06484389380351974
1.418945 0.028748612472573903
1.419434 0.0017412559307180212
1.419922 -0.004478367136880938
1.420410 -0.006541636150676949
1.420898 -0.03560033529584447
1.421387 -0.09020540569853255
1.421875 -0.12468465840884625
1.422363 -0.11090369109415671
1.422852 -0.080485381153771
1.423340 -0.07170157983203249
1.423828 -0.07755148417461598
1.424316 -0.07202955612035267
1.424805 -0.0477593107846597
1.425293 -0.016732753909571123
1.425781 0.0004651300088904303
1.426270 -0.010650284562542417
1.426758 -0.03876083407420253
1.427246 -0.05418168283049295
1.427734 -0.04291122492276329
1.428223 -0.020090038460921278
1.428711 -0.011604397401292018
1.429199 -0.027317443214449504
1.429688 -0.05112255854125204
1.430176 -0.059542604343217266
1.430664 -0.04499834675752804
1.431152 -0.017668977132594167
1.431641 0.007287036805950075
1.432129 0.019773988583085475
1.432617 0.016315329542618173
1.433105 0.0023972085073583715
1.433594 -0.011198899444823437
1.434082 -0.020966629631522474
1.434570 -0.022958340182412267
1.435059 -0.010173228143167616
1.435547 0.005963205242185004
1.436035 0.009559018003222562
1.436523 0.012057600999698078
1.437012 0.032404057286033315
1.437500 0.05464084963414119
1.437988 0.043125900311481946
1.438477 -0.0004114611617107653
1.438965 -0.03334624371429854
1.439453 -0.024950050733302056
1.439941 0.011079635339979738
1.440430 0.037222327121718794
1.440918 0.03803928623989814
1.441406 0.029321080175823664
1.441895 0.028098623101175738
1.442383 0.03864156996935882
1.442871 0.04913084799036225
1.443359 0.03745489212616401
1.443848 0.007603086683785881
1.444336 -0.006392556019622324
1.444824 0.0064700776877707296
1.445312 0.01870657484473436
1.445801 0.012922265759814904
1.446289 0.0033930637828032675
1.446777 0.005116430097794733
1.447266 0.01617221261680573
1.447754 0.02648855768578579
1.448242 0.027138547057183954
1.448730 0.02102029847870214
1.449219 0.021777625544459635
1.449707 0.03006648083109679
1.450195 0.02930319056009711
1.450684 0.01345299102636937
1.451172 -0.009064071968121206
1.451660 -0.033000377810251814
1.452148 -0.049411118636744945
1.452637 -0.042976820180427325
1.453125 -0.019362527421374707
1.453613 -0.004102685206623283
1.454102 -0.0032439836517486422
1.454590 -0.0023017972234834114
1.455078 0.0033393949356236023
1.455566 0.0070723614172314144
1.456055 0.0032737996779595674
1.456543 -0.00730492642167663
1.457031 -0.013530512694517775
1.457520 -0.0011568618169838908
1.458008 0.025176652532505086
1.458496 0.03976265255488961
1.458984 0.037389296868499976
1.459473 0.04115207937631871
1.459961 0.05521331733739095
1.460449 0.06075909821262301
1.460938 0.049023510296002916
1.461426 0.022660179920303017
1.461914 -0.011163120213370327
1.462402 -0.03233846202836928
1.462891 -0.028140365537871033
1.463379 -0.020441867570210194
1.463867 -0.03218341869207247
1.464355 -0.05097347841019741
1.464844 -0.05773575315483521
1.465332 -0.05678164031608561
1.465820 -0.05787887008064765
1.466309 -0.05641788479631232
1.466797 -0.04224334593563857
1.467285 -0.016118543769626067
1.467773 0.011103488160948477
1.468262 0.026673417048293523
1.468750 0.01586212594421211
1.469238 -0.02109185694160836
1.469727 -0.05297115216632939
1.470215 -0.04394285942966129
1.470703 0.010334234684706612
1.471191 0.0748382257894218
1.471680 0.10483911136285455
1.472168 0.09028292736668096
1.472656 0.057944465338311685
1.473145 0.0362264718462739
1.473633 0.033292574867118875
1.474121 0.04057961167306895
1.474609 0.04042456833677214
1.475098 0.018873544591515537
1.475586 -0.011264494702487473
1.476074 -0.024407399056263223
1.476562 -0.018796022923367132
1.477051 -0.010328271479464426
1.477539 -0.01480067541110318
1.478027 -0.04066309654645954
1.478516 -0.07558958964993712
1.479004 -0.09327645639825784
1.479492 -0.07583408106486669
1.479980 -0.031038483285572946
1.480469 0.009308563383050791
1.480957 0.022028080164631404
1.481445 0.0063567767881692145
1.481934 -0.03144398124204153
1.482422 -0.07019885211100187
1.482910 -0.07883357330168575
1.483398 -0.05232712600017341
1.483887 -0.01254658382955725
1.484375 0.019273079342741934
1.484863 0.031056372901299503
1.485352 0.0161841390272901
1.485840 -0.012749332807791539
1.486328 -0.0159456108176027
1.486816 0.02516472612202072
1.487305 0.06913143837265075
1.487793 0.06987683902792388
1.488281 0.034288430142563775
1.488770 0.0034526958352251173
1.489258 0.006619157818825354
1.489746 0.026744975511199743
1.490234 0.027746793991886825
1.490723 0.017251552765641217
1.491211 0.021384053998475424
1.491699 0.02393034263688842
1.492188 0.004454514315912198
1.492676 -0.008074179897918496
1.493164 0.014108943603009719
1.493652 0.04868957080244056
1.494141 0.05956049395894382
1.494629 0.03274395998483786
1.495117 -0.011365869191604618
1.495605 -0.03196874330335381
1.496094 -0.01828915047778141
1.496582 0.006809980386575275
1.497070 0.024031717126005565
1.497559 0.022862928898537305
1.498047 0.003971494691295213
1.498535 -0.015331400677657646
1.499023 -0.018873544591515537
1.499512 -0.008724169269316661
1.500000 0.003017381852545612
1.500488 0.012683737550127503
1.500977 0.020620763727475743
1.501465 0.021205157841209875
1.501953 0.012308055619869848
1.502441 -0.00015504333629681011
1.502930 -0.011079635339979738
1.503418 -0.020704248600866334
1.503906 -0.026202323834160907
1.504395 -0.022314314016256286
1.504883 -0.0181341071414846
1.505371 -0.024967940349028613
1.505859 -0.030072444036338974
1.506348 -0.018772170102398393
1.506836 0.0004651300088904303
1.507324 0.016261660695438506
1.507812 0.024025753920763383
1.508301 0.018545568303195363
1.508789 0.005963205242185004
1.509277 0.0035063646824047825
1.509766 0.00899847671045717
1.510254 -0.00693520769666116
1.510742 -0.05291748331914973
1.511230 -0.09211959458127394
1.511719 -0.09795757251337306
1.512207 -0.08679445230000274
1.512695 -0.0752735397721013
1.513184 -0.06009718243074047
1.513672 -0.039333301777452284
1.514160 -0.014854344258282845
1.514648 0.010793401488354858
1.515137 0.031086188927510427
1.515625 0.042082339394099576
1.516113 0.042291051577576046
1.516602 0.02948208671736266
1.517090 0.009272784151597682
1.517578 -0.006303107940989549
1.518066 -0.011431464449268652
1.518555 -0.006165954220419294
1.519043 0.00833059772333245
1.519531 0.02574315703051266
1.520020 0.037222327121718794
1.520508 0.038742944458475974
1.520996 0.029833915826651576
1.521484 0.012576399855768174
1.521973 0.001490801310546251
1.522461 0.01381078334090047
1.522949 0.02904080952944097
1.523438 0.013530512694517775
1.523926 -0.009529201977011636
1.524414 -0.0032976524989283074
1.524902 0.014413067070361154
1.525391 0.02117534181499895
1.525879 0.03020959775690923
1.526367 0.042690586328802446
1.526855 0.03561226170632884
1.527344 0.012314018825112034
1.527832 -0.0019857473456476064
1.528320 -0.009720024544761556
1.528809 -0.02403768033124775
1.529297 -0.03150361329446338
1.529785 -0.020453793980694565
1.530273 -0.0048838650933495185
1.530762 0.004615520857451193
1.531250 0.014711227332470406
1.531738 0.03204030176626003
1.532227 0.05170098944974399
1.532715 0.06023433615131073
1.533203 0.05237483164211089
1.533691 0.03679893954952366
1.534180 0.017030914171680372
1.534668 -0.013387395768705334
1.535156 -0.047204732697136494
1.535645 -0.06269117671109095
1.536133 -0.05881509330367069
1.536621 -0.05277436639333728
1.537109 -0.04340020775262246
1.537598 -0.023793188916318167
1.538086 -0.007704461172903025
1.538574 -0.009254894535871127
1.539062 -0.02363218237477917
1.539551 -0.03644711044023474
1.540039 -0.037592045846734264
1.540527 -0.0297444677480188
1.541016 -0.021527170924287863
1.541504 -0.011210825855307808
1.541992 0.0063567767881692145
1.542480 0.021187268225483318
1.542969 0.021574876566225344
1.543457 0.017305221612820883
1.543945 0.024323914182872632
1.544434 0.03913651600446018
1.544922 0.0466441914043711
1.545410 0.04006677602224104
1.545898 0.025761046646239218
1.546387 0.019791878198812028
1.546875 0.03029308263029982
1.547363 0.03531410144421959
1.547852 0.011836962405737233
1.548340 -0.01542084875629042
1.548828 -0.008652610806410442
1.549316 0.018229518425359557
1.549805 0.02680460756362159
1.550293 0.017555676232992652
1.550781 0.018986845491117052
1.551270 0.03636362556684415
1.551758 0.04983450620894008
1.552246 0.050460642759369505
1.552734 0.04257132222395874
1.553223 0.027472486550746314
1.553711 0.012838780886424313
1.554199 0.011365869191604618
1.554688 0.015510296834923196
1.555176 0.004860012272380778
1.555664 -0.01972031973590581
1.556152 -0.03735948084228905
1.556641 -0.0390888103625227
1.557129 -0.03858790112217916
1.557617 -0.0438593745562707
1.558105 -0.04024567217950659
1.558594 -0.022111565038021995
1.559082 -0.007895283740652945
1.559570 -0.005796235495403824
1.560059 -0.0021050114504913065
1.560547 0.009004439915699356
1.561035 0.018056585473336193
1.561523 0.01975609896735892
1.562012 0.00844986182817615
1.562500 -0.020960666426280288
1.562988 -0.04923222247947939
1.563477 -0.0586540867621317
1.563965 -0.06705624294837037
1.564453 -0.08721783987219787
1.564941 -0.09439753898378861
1.565430 -0.06739614564717492
1.565918 -0.02495601393854424
1.566406 0.0022123491448506364
1.566895 0.009570944413706931
1.567383 0.00893884465803532
1.567871 0.005152209329247844
1.568359 -0.0009421864282652306
1.568848 -0.005122393303036919
1.569336 -0.005993021268395929
1.569824 -0.009881031086300552
1.570312 -0.022051932985600146
1.570801 -0.035576482474875736
1.571289 -0.04181995836344343
1.571777 -0.041837847979169986
1.572266 -0.03378752090222023
1.572754 -0.018438230608836034
1.573242 -0.009827362239120887
1.573730 -0.008539309906808925
1.574219 0.0015206173367571761
1.574707 0.02129460591984265
1.575195 0.03492052989823538
1.575684 0.0348370450248448
1.576172 0.03635766236160197
1.576660 0.05443213745066472
1.577148 0.07266761908126645
1.577637 0.06988280223316606
1.578125 0.05029367301258832
1.578613 0.025462886384129968
1.579102 0.001687587083538356
1.579590 -0.020918923989584993
1.580078 -0.0423506836299979
1.580566 -0.05236290523162652
1.581055 -0.04283966645985707
1.581543 -0.01769879315880509
1.582031 0.012803001654971204
1.582520 0.03676316031807055
1.583008 0.04598823882773075
1.583496 0.04102685206623283
1.583984 0.03241598369651768
1.584473 0.032445799722728604
1.584961 0.038426894580640164
1.585449 0.037091136606390726
1.585938 0.028551826699581798
1.586426 0.02310742031346689
1.586914 0.0199230687141401
1.587402 0.010632394946815862
1.587891 -0.0025820678698661066
1.588379 -0.007728313993871765
1.588867 -0.006219623067598959
1.589355 -0.012606215881979098
1.589844 -0.024401435851021037
1.590332 -0.03703150455396888
1.590820 -0.06519572291280865
1.591309 -0.09830940162266198
1.591797 -0.09792775648716213
1.592285 -0.06310860107804389
1.592773 -0.027055062183793364
1.593262 -0.0051104668925525485
1.593750 0.006553562561161319
1.594238 0.011866778431948157
1.594727 0.013900231419533244
1.595215 0.018432267403593848
1.595703 0.0293866754334877
1.596191 0.040877771935178206
1.596680 0.04422313007604399
1.597168 0.04427083571798147
1.597656 0.05497478912770355
1.598145 0.07613820453221813
1.598633 0.08691371640484644
1.599121 0.06767045308831543
1.599609 0.026673417048293523
1.600098 -0.004919644324802628
1.600586 -0.006541636150676949
1.601074 0.009922773522995847
1.601562 0.012624105497705653
1.602051 -0.00704254539102049
1.602539 -0.0212349738674208
1.603027 -0.014627742459079815
1.603516 -0.0058558675478256736
1.604004 -0.002802706463826952
1.604492 0.011330089960151508
1.604980 0.03719251109550787
1.605469 0.04905928952745603
1.605957 0.025212431763958196
1.606445 -0.03671545467613307
1.606934 -0.10478544251567488
1.607422 -0.1090372078533528
1.607910 -0.025242247790169123
1.608398 0.06371684801274677
1.608887 0.07601894042737443
1.609375 0.03091325597548706
1.609863 -0.021980374522693923
1.610352 -0.07084287827715785
1.610840 -0.10271621029663669
1.611328 -0.0928530688260627
1.611816 -0.050538164427517906
1.612305 -0.012892449733603978
1.612793 -0.0007275110395465705
1.613281 -0.00844986182817615
1.613770 -0.016428630442219688
1.614258 -0.007465932963215625
1.614746 0.018533641892710992
1.615234 0.046835013972121024
1.615723 0.06289988889456742
1.616211 0.06267328709536439
1.616699 0.05192759124894702
1.617188 0.03696590929630484
1.617676 0.017985027010429974
1.618164 -0.0011926410484370009
1.618652 -0.011526875733143612
1.619141 -0.0182533712463283
1.619629 -0.03258891664854105
1.620117 -0.04657263294146488
1.620605 -0.047663899500784736
1.621094 -0.03542740234382111
1.621582 -0.011795219969041938
1.622070 0.014544257585689224
1.622559 0.02803899104875389
1.623047 0.03128893790574472
1.623535 0.043191495569145984
1.624023 0.06867823477424469
1.624512 0.08851185540975201
1.625000 0.07932851933678711
1.625488 0.045087794836160815
1.625977 0.007334742447887555
1.626465 -0.027114694236215212
1.626953 -0.048337741693151644
1.627441 -0.03752645058907023
1.627930 -0.010334234684706612
1.628418 -0.002504546201717702
1.628906 -0.012576399855768174
1.629395 -0.019893252687929172
1.629883 -0.029893547879073425
1.630371 -0.0550344211801254
1.630859 -0.08276332555628567
1.631348 -0.08718206064074475
1.631836 -0.06107514809045881
1.632324 -0.024783080986520878
1.632812 0.0023673924811474464
1.633301 0.021622582208162825
1.633789 0.03478933938290731
1.634277 0.03456870078894647
1.634766 0.02292852415620134
1.635254 0.015468554398227901
1.635742 0.020716175011350705
1.636230 0.024938124322817688
1.636719 0.011699808685166978
1.637207 -0.01360803436266618
1.637695 -0.031396275600104044
1.638184 -0.02699543013137151
1.638672 -0.00774620360959832
1.639160 0.0010972297645620408
1.639648 -0.005170098944974399
1.640137 -0.004102685206623283
1.640625 0.011306237139182768
1.641113 0.02438354623529448
1.641602 0.027383038472113538
1.642090 0.02751422898744161
1.642578 0.030215560962151417
1.643066 0.03147379726825245
1.643555 0.02006618563995254
1.644043 -0.004263691748162278
1.644531 -0.020161596923827498
1.645020 -0.014687374511501665
1.645508 -0.00032797628832017525
1.645996 0.012785112039244649
1.646484 0.024586295213528772
1.646973 0.029356859407276774
1.647461 0.021837257596881484
1.647949 0.00842600900720741
1.648438 -0.0017889615726555013
1.648926 -0.00689942846520805
1.649414 -0.006732458718426869
1.649902 -0.0007990695024527905
1.650391 0.00714988308537982
1.650879 0.011371832396846802
1.651367 0.011497059706932688
1.651855 0.015707082607915302
1.652344 0.02551059202606745
1.652832 0.025427107152676858
1.653320 0.00986910467581618
1.653809 -0.0040907587961389125
1.654297 -0.01348877025782248
1.654785 -0.03603564927852398
1.655273 -0.06711587500079222
1.655762 -0.08273947273531693
1.656250 -0.07787946046293616
1.656738 -0.06599479241526143
1.657227 -0.05911325356577995
1.657715 -0.054956899511977
1.658203 -0.041837847979169986
1.658691 -0.02078177026901474
1.659180 -0.003196278009811162
1.659668 0.013441064615884998
1.660156 0.03506364682404783
1.660645 0.046137318958785374
1.661133 0.03158709816785397
1.661621 0.004460477521154383
1.662109 -0.011198899444823437
1.662598 -0.006631084229309725
1.663086 0.011628250222260758
1.663574 0.034037975522392
1.664062 0.048796908496799886
1.664551 0.045546961639809064
1.665039 0.029702725311323504
1.665527 0.009720024544761556
1.666016 -0.017973100599945602
1.666504 -0.04311397390099758
1.666992 -0.04271443914977118
1.667480 -0.025033535606692647
1.667969 -0.01698320852974289
1.668457 -0.01694742929828978
1.668945 -0.006267328709536439
1.669434 0.020459757185936747
1.669922 0.05342435576473545
1.670410 0.07235156920343065
1.670898 0.06839796412786199
1.671387 0.062106782597356816
1.671875 0.06714569102700314
1.672363 0.06543425112249605
1.672852 0.04288140889655236
1.673340 0.009696171723792817
1.673828 -0.0147529697691657
1.674316 -0.013661703209845845
1.674805 0.009392048256441382
1.675293 0.021419833229928534
1.675781 -0.0012164938694057409
1.676270 -0.03967320447625683
1.676758 -0.06826081040729175
1.677246 -0.09034852262434499
1.677734 -0.11407611628299913
1.678223 -0.12598463715164257
1.678711 -0.10641936075203358
1.679199 -0.059983881531138955
1.679688 -0.01860520035561721
1.680176 -0.002552251843655182
1.680664 0.003106829931178387
1.681152 0.01658963698375868
1.681641 0.031259121879533794
1.682129 0.032326535617884906
1.682617 0.018330892914476704
1.683105 -0.0008109959129371606
1.683594 -0.014472699122783005
1.684082 -0.018694648434249988
1.684570 -0.016202028643016658
1.685059 -0.011759440737588828
1.685547 -0.012492914982377583
1.686035 -0.027066988594277735
1.686523 -0.052869777677212244
1.687012 -0.06841585374358855
1.687500 -0.055225243747875324
1.687988 -0.024478957519169443
1.688477 -0.002689405564225437
1.688965 -0.0009123704020543057
1.689453 -0.011139267392401588
1.689941 -0.01643459364746187
1.690430 -0.0036196655820062975
1.690918 0.02291659774571697
1.691406 0.045385955098270064
1.691895 0.055463771957562726
1.692383 0.06643606960318313
1.692871 0.08771278590729922
1.693359 0.10018781127395025
1.693848 0.08317478671799644
1.694336 0.04444973187524702
1.694824 0.01339335897394752
1.695312 0.020215265771007164
1.695801 0.06589938113138648
1.696289 0.1097885717138681
1.696777 0.10623450138952585
1.697266 0.055463771957562726
1.697754 0.005235694202638434
1.698242 -0.006833833207544015
1.698730 0.005259547023607173
1.699219 0.007525565015637475
1.699707 -0.004830196246169853
1.700195 -0.013506659873549034
1.700684 -0.009702134929035001
1.701172 -0.0001490801310546251
1.701660 0.009517275566527266
1.702148 0.02066250616417104
1.702637 0.026094986139801577
1.703125 0.012946118580783643
1.703613 -0.01509883567321243
1.704102 -0.03657233775032063
1.704590 -0.03014996570448738
1.705078 0.004663226499388673
1.705566 0.03558244568011792
1.706055 0.01946986511573404
1.706543 -0.039196148056882034
1.707031 -0.08068813013200529
1.707520 -0.07781386520527211
1.708008 -0.07070572455658759
1.708496 -0.08268580388813726
1.708984 -0.08377707044745712
1.709473 -0.054402321424453795
1.709961 -0.012105306641635559
1.710449 0.02480097060224743
1.710938 0.05013266647104933
1.711426 0.05849904342583489
1.711914 0.04975698454079167
1.712402 0.03667371223943777
1.712891 0.030561426866198147
1.713379 0.020358382696819603
1.713867 -0.005438443180872723
1.714355 -0.02680460756362159
1.714844 -0.023017972234834115
1.715332 -0.0061778806309036646
1.715820 0.0034288430142563773
1.716309 0.0018366672145929813
1.716797 -0.005241657407880618
1.717285 -0.009606723645160041
1.717773 -0.003989384307021768
1.718262 0.0057425666482241585
1.718750 0.002957749800123762
1.719238 -0.013405285384431889
1.719727 -0.02472941213934121
1.720215 -0.018962992670148313
1.720703 -0.0056471553643491984
1.721191 -0.004406808673974718
1.721680 -0.018855654975788984
1.722168 -0.03221323471828339
1.722656 -0.03410357078005604
1.723145 -0.027800462839066488
1.723633 -0.014114906808251905
1.724121 0.004555888805029343
1.724609 0.020596910906507004
1.725098 0.03288111370540811
1.725586 0.04428276212846584
1.726074 0.05752704097135873
1.726562 0.07095617917675937
1.727051 0.07435520616480482
1.727539 0.0702644473686659
1.728027 0.07239927484536814
1.728516 0.07024655775293935
1.729004 0.04350754544698179
1.729492 0.005784309084919454
1.729980 -0.010531020457698718
1.730469 -0.0026476631275301416
1.730957 0.0015444701577259161
1.731445 -0.010727806230690822
1.731934 -0.020501499622632043
1.732422 -0.011175046623854698
1.732910 0.008789764526980695
1.733398 0.01735292725475836
1.733887 0.0019082256774992012
1.734375 -0.027716977965675897
1.734863 -0.049112958374635696
1.735352 -0.04741940808585515
1.735840 -0.033978343469970154
1.736328 -0.03719847430075005
1.736816 -0.058469227399623964
1.737305 -0.06575030100033186
1.737793 -0.04399056507159878
1.738281 -0.012039711383971523
1.738770 0.010018184806870807
1.739258 0.013590144746939625
1.739746 -0.003303615704170492
1.740234 -0.02603535408737973
1.740723 -0.024884455475638022
1.741211 0.012033748178729339
1.741699 0.05852885945204581
1.742188 0.0806046452586147
1.742676 0.06832640566495578
1.743164 0.025307843047833158
1.743652 -0.03749067135761712
1.744141 -0.08805865181134595
1.744629 -0.09603742042538949
1.745117 -0.07273917754417268
1.745605 -0.052732623956641994
1.746094 -0.04778912681087062
1.746582 -0.050174408907744626
1.747070 -0.061116890527154105
1.747559 -0.07637076953666334
1.748047 -0.06882731490529932
1.748535 -0.029058699145167524
1.749023 0.013769040904205174
1.749512 0.03462236963612613
1.750000 0.03600583325231305
1.750488 0.028557789904823983
1.750977 0.02314319954492
1.751465 0.03235038843885365
1.751953 0.05097347841019741
1.752441 0.05798620777500698
1.752930 0.05039504750170547
1.753418 0.04371029442521608
1.753906 0.043346538905442794
1.754395 0.04329287005826313
1.754883 0.044622664827270384
1.755371 0.04719280628665212
1.755859 0.04035300987386592
1.756348 0.023984011484068087
1.756836 0.008694353243105735
1.757324 -0.005879720368794414
1.757812 -0.02718028949387925
1.758301 -0.04858223310808123
1.758789 -0.047735457963690955
1.759277 -0.020501499622632043
1.759766 0.002987565826334687
1.760254 0.001365574000460366
1.760742 -0.009881031086300552
1.761230 -0.012188791515026148
1.761719 -0.015760751455094965
1.762207 -0.03468796489379017
1.762695 -0.05179640073361894
1.763184 -0.04498642034704367
1.763672 -0.024979866759512984
1.764160 -0.01361996077315055
1.764648 -0.012194754720268333
1.765137 -0.010089743269777027
1.765625 -0.0023495028654208915
1.766113 0.00729300001119226
1.766602 0.011359905986362433
1.767090 0.011992005742034044
1.767578 0.01768090354307854
1.768066 0.020608837316991375
1.768555 0.006392556019622324
1.769043 -0.016649269036180532
1.769531 -0.028915582219355085
1.770020 -0.02721606872533236
1.770508 -0.019410233063312188
1.770996 -0.009237004920144572
1.771484 0.0015563965682102862
1.771973 0.008718206064074476
1.772461 0.010823217514565782
1.772949 0.011342016370635878
1.773438 0.010495241226245608
1.773926 0.00763886591523899
1.774414 0.009708098134277187
1.774902 0.0214735020771082
1.775391 0.03577923145311002
1.775879 0.0448969722684109
1.776367 0.05140282918763474
1.776855 0.061033405653763514
1.777344 0.07346668858371926
1.777832 0.08321652915469173
1.778320 0.08565548009874539
1.778809 0.07474877771078903
1.779297 0.03373981526028275
1.779785 -0.04505201560470771
1.780273 -0.12523923649636945
1.780762 -0.1547213232137321
1.781250 -0.1295506338864692
1.781738 -0.08214315221109843
1.782227 -0.029237595302433073
1.782715 0.02264229030457646
1.783203 0.05511790605351599
1.783691 0.05535047105796121
1.784180 0.032463689338455164
1.784668 0.005170098944974399
1.785156 -0.015164430930876466
1.785645 -0.02563581933615333
1.786133 -0.027603677066074382
1.786621 -0.03146187085776808
1.787109 -0.04700794692414439
1.787598 -0.05874353484076447
1.788086 -0.03966724127101465
1.788574 0.002576104664623922
1.789062 0.029810063005682834
1.789551 0.028498157852402135
1.790039 0.019797841404054214
1.790527 0.017018987761196
1.791016 0.013166757174744489
1.791504 0.006499893713981655
1.791992 0.011842925610979419
1.792480 0.03771130995157797
1.792969 0.06507049560272277
1.793457 0.06570855856363655
1.793945 0.02929126414961274
1.794434 -0.027293590393480765
1.794922 -0.06219026747074741
1.795410 -0.04427083571798147
1.795898 0.008342524133816821
1.796387 0.05052027481179135
1.796875 0.06331731326152037
1.797363 0.06446821187326209
1.797852 0.06767045308831543
1.798340 0.060365526666638795
1.798828 0.034735670535727646
1.799316 0.010471388405276867
1.799805 0.006965023722872085
1.800293 0.013238315637650709
1.800781 0.011628250222260758
1.801270 0.006845759618028384
1.801758 0.0049315707352869985
1.802246 0.001389426821429106
1.802734 -0.004126538027592023
1.803223 -0.008044363871707571
1.803711 -0.010686063793995526
1.804199 -0.021968448112209556
1.804688 -0.05274455036712636
1.805176 -0.09347920537649212
1.805664 -0.11893612855537991
1.806152 -0.11343209011684315
1.806641 -0.07866660355490457
1.807129 -0.03318523717275955
1.807617 -0.0021050114504913065
1.808105 0.013172720379986675
1.808594 0.02803899104875389
1.809082 0.03504575720832127
1.809570 0.019845547045991695
1.810059 0.0020573058085538265
1.810547 0.008014547845496645
1.811035 0.02648855768578579
1.811523 0.03150957649970556
1.812012 0.021753772723490893
1.812500 0.012946118580783643
1.812988 0.005504038438536759
1.813477 -0.017257515970883403
1.813965 -0.05272069754615762
1.814453 -0.06815347271293241
1.814941 -0.04265480709734933
1.815430 -0.0035004014771625974
1.815918 0.00816362797655127
1.816406 -0.0008169591181793456
1.816895 0.005826051521614749
1.817383 0.03438980463168092
1.817871 0.05898802625569406
1.818359 0.057193101477796375
1.818848 0.03852826906975731
1.819336 0.032630659085236345
1.819824 0.044849266626473414
1.820312 0.05299500498729813
1.820801 0.048498748234690636
1.821289 0.04614328216402756
1.821777 0.046685933841066396
1.822266 0.02744267052453539
1.822754 -0.005187988560700954
1.823242 -0.00831867131284808
1.823730 0.02424042930948204
1.824219 0.04294104094897421
1.824707 0.011616323811776387
1.825195 -0.04800976540483147
1.825684 -0.08671693063185433
1.826172 -0.0777363435371237
1.826660 -0.04091355116663131
1.827148 -0.020310677054882122
1.827637 -0.02656011614869201
1.828125 -0.024777117781278692
1.828613 0.006631084229309725
1.829102 0.039047067925827406
1.829590 0.0345567743784621
1.830078 -0.003100866725936202
1.830566 -0.034670075278063615
1.831055 -0.03245176292797079
1.831543 -0.010680100588753343
1.832031 -0.003232057241264272
1.832520 -0.0211157097625771
1.833008 -0.04511761086237174
1.833496 -0.05328123883892301
1.833984 -0.03902321510485866
1.834473 -0.011491096501690503
1.834961 0.0060824693470287045
1.835449 -0.0009779656597183406
1.835938 -0.018718501255218727
1.836426 -0.02656011614869201
1.836914 -0.020847365526678773
1.837402 -0.011127340981917217
1.837891 -0.004198096490498243
1.838379 0.004371029442521608
1.838867 0.012272276388416738
1.839355 0.004084795590896728
1.839844 -0.015808457097032446
1.840332 -0.02220101311665477
1.840820 -0.011455317270237393
1.841309 -0.0022958340182412267
1.841797 -0.0026297735118035867
1.842285 -0.007776019635809245
1.842773 -0.018330892914476704
1.843262 -0.03351321346107972
1.843750 -0.03830763047579647
1.844238 -0.02577893626196577
1.844727 -0.01441903027560334
1.845215 -0.016667158651907085
1.845703 -0.018271260862054852
1.846191 -0.009231041714902386
1.846680 -0.0011389722012573357
1.847168 -0.0019380417037101264
1.847656 -0.0035063646824047825
1.848145 0.004037089948959248
1.848633 0.02105607771015525
1.849121 0.03802139662417159
1.849609 0.046161171779754116
1.850098 0.045469439971660655
1.850586 0.040263561795233146
1.851074 0.03468796489379017
1.851562 0.029368785817761145
1.852051 0.02201019054890485
1.852539 0.014633705664322
1.853027 0.01258236306101036
1.853516 0.015999279664782366
1.854004 0.018646942792312507
1.854492 0.01592175799663396
1.854980 0.01345299102636937
1.855469 0.01870657484473436
1.855957 0.022994119413865376
1.856445 0.01474104335868133
1.856934 0.004782490604232373
1.857422 0.010453498789550313
1.857910 0.028915582219355085
1.858398 0.04363873596230986
1.858887 0.03894569343671026
1.859375 0.0141566492449472
1.859863 -0.0071856623168329295
1.860352 -0.0077342771991139505
1.860840 -0.0020334529875850865
1.861328 -0.004549925599787158
1.861816 -0.006553562561161319
1.862305 -0.0008408119391480856
1.862793 0.005659081774833569
1.863281 0.005492112028052389
1.863770 -0.002844448900522247
1.864258 -0.016732753909571123
1.864746 -0.02690598205273874
1.865234 -0.018998771901601423
1.865723 0.006690716281731575
1.866211 0.02671515948498882
1.866699 0.02464592726595062
1.867188 0.013429138205400629
1.867676 0.009553054797980376
1.868164 0.012415393314229178
1.868652 0.022314314016256286
1.869141 0.03892780382098371
1.869629 0.04326901723729439
1.870117 0.02694176128419185
1.870605 0.013166757174744489
1.871094 0.015939647612360514
1.871582 0.02187900003357678
1.872070 0.018044659062851822
1.872559 0.0007752166814840505
1.873047 -0.0314559076525259
1.873535 -0.06713376461651878
1.874023 -0.077229471091538
1.874512 -0.053179864349805865
1.875000 -0.028879802987901975
1.875488 -0.03183755278802573
1.875977 -0.04504605239946552
1.876465 -0.03976861576013179
1.876953 -0.016422667236977502
1.877441 -0.0001490801310546251
1.877930 -0.0006678789871247204
1.878418 0.001490801310546251
1.878906 0.01402545872961913
1.879395 0.017018987761196
1.879883 -0.0038641569969358825
1.880371 -0.04231490439854479
1.880859 -0.07677626749313193
1.881348 -0.08250690773087171
1.881836 -0.054396358219211606
1.882324 -0.012797038449729018
1.882812 0.012480988571893213
1.883301 0.007728313993871765
1.883789 -0.007137956674895449
1.884277 -0.002552251843655182
1.884766 0.016786422756750786
1.885254 0.020775807063772554
1.885742 0.00833059772333245
1.886230 0.005122393303036919
1.886719 0.011008076877073518
1.887207 0.008873249400371286
1.887695 0.004066905975170173
1.888184 0.009803509418152147
1.888672 0.02672708589547319
1.889160 0.04443184225952047
1.889648 0.04188555362110747
1.890137 0.011169083418612512
1.890625 -0.01847997304553133
1.891113 -0.005635228953864829
1.891602 0.05177851111789239
1.892090 0.10582304022781508
1.892578 0.11866778431948158
1.893066 0.10504186034108885
1.893555 0.08850589220450983
1.894043 0.06809384066051057
1.894531 0.042285088372333864
1.895020 0.015402959140563865
1.895508 -0.011717698300893533
1.895996 -0.03554666644866481
1.896484 -0.04673960268824606
1.896973 -0.045171279709551405
1.897461 -0.05216611945863441
1.897949 -0.08118307616710664
1.898438 -0.11199495765347656
1.898926 -0.12459521033021348
1.899414 -0.12120214654741021
1.899902 -0.10305014979019905
1.900391 -0.07642443838384301
1.900879 -0.05899995266617843
1.901367 -0.047055652566081865
1.901855 -0.025003719580481722
1.902344 -0.0007871430919684205
1.902832 0.01267777434488532
1.903320 0.02212945465374855
1.903809 0.03724021673744535
1.904297 0.04875516606010459
1.904785 0.03900532548913211
1.905273 0.012886486528361794
1.905762 -0.0041563540538029475
1.906250 -0.0004293507774373203
1.906738 0.011741551121862273
1.907227 0.015110762083696801
1.907715 0.010214970579862911
1.908203 0.015343327088142015
1.908691 0.030835734307338655
1.909180 0.022230829142865696
1.909668 -0.030692617381526215
1.910156 -0.08202985131149691
1.910645 -0.07021674172672843
1.911133 -0.012302092414627663
1.911621 0.024568405597802215
1.912109 0.019630871657273032
1.912598 0.005199914971185324
1.913086 0.006869612438997125
1.913574 0.01481260182158755
1.914062 0.013840599367111394
1.914551 0.01471719053771259
1.915039 0.0332448692251814
1.915527 0.05623302543380459
1.916016 0.056751824289874686
1.916504 0.036936093270093916
1.916992 0.024335840593357
1.917480 0.024842713038942726
1.917969 0.014281876555033084
1.918457 -0.013995642703408204
1.918945 -0.02991143749479998
1.919434 -0.021980374522693923
1.919922 -0.02441932546674759
1.920410 -0.04722262231286305
1.920898 -0.04772949475844877
1.921387 -0.008825543758433805
1.921875 0.025820678698661066
1.922363 0.018784096512882764
1.922852 -0.00771042437814521
1.923340 -0.011753477532346642
1.923828 0.0020990482452491214
1.924316 0.0006857686028512754
1.924805 -0.01555203927161849
1.925293 -0.019601055631062108
1.925781 -0.0018247408041086113
1.926270 0.025397291126465934
1.926758 0.04331075967398969
1.927246 0.03976861576013179
1.927734 0.020942776810553735
1.928223 0.004669189704630858
1.928711 0.001413279642397846
1.929199 0.01506305644175932
1.929688 0.04498045714180149
1.930176 0.0749992323309608
1.930664 0.08694353243105736
1.931152 0.08015144166020864
1.931641 0.06128386027393529
1.932129 0.0396076092185928
1.932617 0.027782573223339935
1.933105 0.020489573212147675
1.933594 0.0011449354064995208
1.934082 -0.01777035162171131
1.934570 -0.012188791515026148
1.935059 0.0034526958352251173
1.935547 0.00045916680364824534
1.936035 -0.019440049089523112
1.936523 -0.03976265255488961
1.937012 -0.04953038274158864
1.937500 -0.043901116992966
1.937988 -0.03150361329446338
1.938477 -0.026273882297067126
1.938965 -0.025105094069598866
1.939453 -0.016285513516407245
1.939941 -0.0036017759662797426
1.940430 0.005211841381669693
1.940918 0.01470526412722822
1.941406 0.02453858957159129
1.941895 0.01976802537784329
1.942383 -0.004645336883662118
1.942871 -0.020960666426280288
1.943359 0.0007811798867262355
1.943848 0.042833703254614885
1.944336 0.06307282184659078
1.944824 0.04851663785041719
1.945312 0.009427827487894492
1.945801 -0.034431547068376214
1.946289 -0.05465277604462556
1.946777 -0.04684694038260539
1.947266 -0.03941082344560069
1.947754 -0.04624465665314471
1.948242 -0.04948864030489335
1.948730 -0.03953605075568658
1.949219 -0.026709196279746633
1.949707 -0.014460772712298635
1.950195 -0.002110974655733491
1.950684 0.004365066237279423
1.951172 0.005599449722411718
1.951660 0.009153520046753981
1.952148 0.014627742459079815
1.952637 0.014699300921986035
1.953125 0.006821906797059645
1.953613 -0.00022660179920303017
1.954102 0.0033334317303814172
1.954590 0.011950263305338748
1.955078 0.013250242048135078
1.955566 0.005730640237739789
1.956055 -0.004693042525599598
1.956543 -0.015033240415548396
1.957031 -0.02339365416509177
1.957520 -0.02537343830549719
1.958008 -0.016846054809172638
1.958496 0.001365574000460366
1.958984 0.02186707362309241
1.959473 0.03698379891203139
1.959961 0.03749067135761712
1.960449 0.014246097323579975
1.960938 -0.026619748201113857
1.961426 -0.07245890689778998
1.961914 -0.10301437055874595
1.962402 -0.07841018572949061
1.962891 -0.0038104881497562177
1.963379 0.040162187306116
1.963867 0.015432775166774791
1.964355 -0.016094690948657325
1.964844 -0.010519094047214347
1.965332 -0.009052145557636835
1.965820 -0.043954785840145665
1.966309 -0.07476666732651559
1.966797 -0.05922655446538146
1.967285 -0.013220426021924154
1.967773 0.022964303387654452
1.968262 0.03043619955611226
1.968750 0.017191920713219365
1.969238 0.003190314804568977
1.969727 0.0041384644380763926
1.970215 0.019624908452030847
1.970703 0.03585675312125843
1.971191 0.03969109409198339
1.971680 0.02935089620203459
1.972168 0.013661703209845845
1.972656 0.0018068511883820562
1.973145 -0.0019559313194366813
1.973633 0.0034348062194985624
1.974121 0.013172720379986675
1.974609 0.017776314826953497
1.975098 0.014335545402212749
1.975586 0.004603594446966823
1.976074 -0.014389214249392416
1.976562 -0.03714480545357039
1.977051 -0.0435433246784349
1.977539 -0.024699596113130287
1.978027 0.002892154542459727
1.978516 0.017257515970883403
1.979004 0.013959863471955094
1.979492 0.0023495028654208915
1.979980 -0.014687374511501665
1.980469 -0.034431547068376214
1.980957 -0.0340797179590873
1.981445 0.0057425666482241585
1.981934 0.06439665341035586
1.982422 0.0990130598412398
1.982910 0.09268013587403934
1.983398 0.06503471637126966
1.983887 0.03673334429185963
1.984375 0.008253076055184046
1.984863 -0.015641487350251265
1.985352 -0.012147049078330854
1.985840 0.019308858574195044
1.986328 0.037603972257218635
1.986816 0.01599331645954018
1.987305 -0.022755591204177975
1.987793 -0.04125345386543586
1.988281 -0.027174326288637064
1.988770 -0.00012522731008588508
1.989258 0.01554011286113412
1.989746 0.014186465271158124
1.990234 0.005718713827255419
1.990723 0.0034765486561938574
1.991211 0.00780583566202017
1.991699 0.006750348334153424
1.992188 -0.001490801310546251
1.992676 -0.0038343409707249578
1.993164 0.00899847671045717
1.993652 0.034753560151454206
1.994141 0.06595304997856614
1.994629 0.08582841305076876
1.995117 0.07585197068059325
1.995605 0.042463984529599416
1.996094 0.015510296834923196
1.996582 0.02003040640849943
1.997070 0.05328123883892301
1.997559 0.06962042120250993
1.998047 0.01536121670386857
1.998535 -0.08372936480551964
1.999023 -0.1348877025782248
1.999512 -0.10427857007008917
2.000000 -0.04374607365666919
2.000488 -0.004681116115115228
2.000977 0.006297144735747364
2.001465 0.009499385950800712
2.001953 0.01969646691493707
2.002441 0.02988758467383124
2.002930 0.025087204453872313
2.003418 0.00661319461358317
2.003906 -0.011025966492800073
2.004395 -0.02690598205273874
2.004883 -0.04938130261053402
2.005371 -0.07198185047841518
2.005859 -0.08371147518979309
2.006348 -0.08411100994101949
2.006836 -0.07389603936115657
2.007324 -0.057717863539108655
2.007812 -0.04798591258386273
2.008301 -0.047496929754003554
2.008789 -0.04981661659321352
2.009277 -0.050913846357775565
2.009766 -0.04632217832129311
2.010254 -0.033006341015493997
2.010742 -0.013697482441298954
2.011230 0.0070783246224736
2.011719 0.026858276410801258
2.012207 0.040877771935178206
2.012695 0.04104474168195938
2.013184 0.03173617829890859
2.013672 0.03023345057787797
2.014160 0.0386117539431479
2.014648 0.039559903576655314
2.015137 0.025069314838145756
2.015625 0.0019440049089523112
2.016113 -0.023697777632443205
2.016602 -0.03766360430964048
2.017090 -0.015402959140563865
2.017578 0.03748470815237494
2.018066 0.07448639668013289
2.018555 0.06985298620695514
2.019043 0.047270327954800524
2.019531 0.031038483285572946
2.020020 0.020656542958928853
2.020508 0.009952589549206772
2.020996 -0.0033334317303814172
2.021484 -0.018474009840289143
2.021973 -0.03509346285025875
2.022461 -0.05737796084030411
2.022949 -0.08729536154034627
2.023438 -0.1100330631287977
2.023926 -0.10248364529219148
2.024414 -0.06615579895680043
2.024902 -0.026655527432566967
2.025391 0.00039357154598421027
2.025879 0.01390619462477543
2.026367 0.01514654131514991
2.026855 0.011574581375081093
2.027344 0.012534657419072878
2.027832 0.018146033551968966
2.028320 0.02690598205273874
2.028809 0.03945852908753817
2.029297 0.04435432059137206
2.029785 0.027049098978551178
2.030273 -0.004180206874771688
2.030762 -0.02679864435837941
2.031250 -0.03035271468272167
2.031738 -0.01806851188382056
2.032227 0.004418735084459088
2.032715 0.028009175022542965
2.033203 0.04361488314134112
2.033691 0.05148631406102532
2.034180 0.051438608419087845
2.034668 0.04179014233723251
2.035156 0.026959650899918402
2.035645 0.010656247767784602
2.036133 0.0
2.036621 0.00748382257894218
2.037109 0.028581642725792725
2.037598 0.03817047675522621
2.038086 0.026339477554731164
2.038574 0.011234678676276548
2.039062 0.003327468525139232
2.039551 -0.0070544718015048595
2.040039 -0.019773988583085475
2.040527 -0.024007864305036826
2.041016 -0.02339365416509177
2.041504 -0.02365603519574791
2.041992 -0.01526580541999361
2.042480 -0.0008885175810855656
2.042969 -0.0040430531542014325
2.043457 -0.02129460591984265
2.043945 -0.01383463616186921
2.044434 0.026548189738207637
2.044922 0.05932196574925642
2.045410 0.05702016852577301
2.045898 0.03137838598437749
2.046387 0.002546288638412997
2.046875 -0.01624377107971195
2.047363 -0.017692829953562906
2.047852 -0.005653118569591384
2.048340 0.005987058063153744
2.048828 -0.001627955031116506
2.049316 -0.03088940315451832
2.049805 -0.04868360759719837
2.050293 -0.029452270691151736
2.050781 0.006398519224864509
2.051270 0.028319261695136586
2.051758 0.03279762883201752
2.052246 0.04109841052913905
2.052734 0.07001399274849414
2.053223 0.09823187995451357
2.053711 0.08842240733111924
2.054199 0.04431257815467676
2.054688 -0.0005665044980075754
2.055176 -0.03501594118211034
2.055664 -0.05554725683095331
2.056152 -0.0416350990009357
2.056641 0.001616028620632136
2.057129 0.03502190438735253
2.057617 0.035874642736984985
2.058105 0.005092577276825994
2.058594 -0.0393690810089054
2.059082 -0.05956049395894382
2.059570 -0.04104474168195938
2.060059 -0.012498878187619768
2.060547 0.0009004439915699357
2.061035 -0.0004472403931638753
2.061523 -0.006112285373239629
2.062012 -0.00753152822087966
2.062500 -0.00703061898053612
2.062988 -0.010888812772229818
2.063477 -0.0155878185030716
2.063965 -0.013542439105002144
2.064453 -0.0010674137383511156
2.064941 0.020596910906507004
2.065430 0.04373414724618482
2.065918 0.05532661823699247
2.066406 0.04802169181531584
2.066895 0.03131279072671345
2.067383 0.018527678687468806
2.067871 0.008753985295527586
2.068359 -0.0018724464460460912
2.068848 -0.006064579731302149
2.069336 -0.0010733769435933007
2.069824 0.0020036369613741613
2.070312 -0.0020930850400069363
2.070801 -0.006148064604692739
2.071289 -0.0053549583074821334
2.071777 -0.00828289208139497
2.072266 -0.02395419545785716
2.072754 -0.033757704876009306
2.073242 -0.017466228154359876
2.073730 0.0017352927254758361
2.074219 -0.0038939730231468076
2.074707 -0.01682816519344608
2.075195 -0.009368195435472642
2.075684 0.006094395757513074
2.076172 0.003160498778358052
2.076660 -0.010590652510120566
2.077148 -0.014222244502611234
2.077637 -0.009660392492339706
2.078125 -0.012021821768244968
2.078613 -0.03037656750369041
2.079102 -0.06455765995189486
2.079590 -0.1041473795547611
2.080078 -0.12159571809339442
2.080566 -0.09347324217124994
2.081055 -0.038826429331866565
2.081543 0.001478874900061881
2.082031 0.014150686039705014
2.082520 0.011079635339979738
2.083008 0.001228420279890111
2.083496 -0.010334234684706612
2.083984 -0.0077998724567779855
2.084473 0.019630871657273032
2.084961 0.05029963621783051
2.085449 0.05768208430765554
2.085938 0.04844507938751097
2.086426 0.040114481664178525
2.086914 0.03433017257925907
2.087402 0.029440344280667365
2.087891 0.029130257608073744
2.088379 0.030907292770244874
2.088867 0.024997756375239537
2.089355 0.009302600177808606
2.089844 -0.004776527398990188
2.090332 -0.0032678364727173823
2.090820 0.012606215881979098
2.091309 0.026244066270856202
2.091797 0.031342606752924385
2.092285 0.03469989130427454
2.092773 0.03146187085776808
2.093262 0.010811291104081413
2.093750 -0.01988728948268699
2.094238 -0.04401441789256751
2.094727 -0.05505827400109414
2.095215 -0.05474818732850052
2.095703 -0.046662081020097654
2.096191 -0.03387100577561082
2.096680 -0.021884963238818965
2.097168 -0.02112763617306147
2.097656 -0.0345567743784621
2.098145 -0.047127211028988085
2.098633 -0.044640554442996944
2.099121 -0.030656838150073105
2.099609 -0.011795219969041938
2.100098 0.004031126743717063
2.100586 0.0042040596957404275
2.101074 -0.006404482430106695
2.101562 -0.008688390037863552
2.102051 -0.0018485936250773511
2.102539 -0.003261873267475197
2.103027 -0.011181009829096882
2.103516 -0.0007036582185778304
2.104004 0.02687020282128563
2.104492 0.030048591215370235
2.104980 -0.011270457907729658
2.105469 -0.05258950703082955
2.105957 -0.041527761306576365
2.106445 0.003238020446506457
2.106934 0.023763372890107243
2.107422 0.008437935417691781
2.107910 -0.013166757174744489
2.108398 -0.02100837206821777
2.108887 -0.010805327898839227
2.109375 0.009505349156042897
2.109863 0.025462886384129968
2.110352 0.034670075278063615
2.110840 0.03911266318349144
2.111328 0.032845334473955004
2.111816 0.017490080975328618
2.112305 0.001651807852085246
2.112793 -0.015164430930876466
2.113281 -0.032219197923525573
2.113770 -0.03772919956730452
2.114258 -0.028390820158042805
2.114746 -0.01950564434718715
2.115234 -0.02158083977146753
2.115723 -0.025307843047833158
2.116211 -0.01998270076656195
2.116699 -0.006118248578481814
2.117188 0.011025966492800073
2.117676 0.02395419545785716
2.118164 0.02671515948498882
2.118652 0.02172395669727997
2.119141 0.015563965682102861
2.119629 0.010519094047214347
2.120117 0.005438443180872723
2.120605 -0.0008169591181793456
2.121094 -0.004633410473177748
2.121582 0.0035182910928891523
2.122070 0.020740027832319444
2.122559 0.024478957519169443
2.123047 0.00643429845631762
2.123535 -0.004031126743717063
2.124023 0.017144215071281887
2.124512 0.04526669099342637
2.125000 0.044944677910348375
2.125488 0.021217084251694246
2.125977 0.004675152909873043
2.126465 0.012337871646080774
2.126953 0.03348936064011098
2.127441 0.044730002521629716
2.127930 0.04102685206623283
2.128418 0.041927296057802765
2.128906 0.057801348412499245
2.129395 0.07152864688000912
2.129883 0.0681952151496277
2.130371 0.05935774498070953
2.130859 0.054921120280523886
2.131348 0.034515031941766805
2.131836 -0.015826346712759
2.132324 -0.06341868775063751
2.132812 -0.06908969593595546
2.133301 -0.040567685262584585
2.133789 -0.018283187272539223
2.134277 -0.02943438107542518
2.134766 -0.05795042854355387
2.135254 -0.0614389036102321
2.135742 -0.028199997590292885
2.136230 0.009559018003222562
2.136719 0.026142691781739058
2.137207 0.025623892925668964
2.137695 0.017990990215672156
2.138184 0.010375977121401907
2.138672 0.0080324374612232
2.139160 0.005885683574036599
2.139648 -0.001598139004905581
2.140137 -0.009988368780659881
2.140625 -0.017788241237437868
2.141113 -0.02679864435837941
2.141602 -0.02709680462048866
2.142090 -0.00854527311205111
2.142578 0.01389426821429106
2.143066 0.01488416028449377
2.143555 -0.0025224358174442568
2.144043 -0.010393866737128462
2.144531 0.005641192159107014
2.145020 0.030466015582323185
2.145508 0.040096592048451965
2.145996 0.031491686883979006
2.146484 0.02173588310776434
2.146973 0.0159456108176027
2.147461 0.004257728542920093
2.147949 -0.008950771068519691
2.148438 -0.007316852832161
2.148926 0.011377795602088988
2.149414 0.033292574867118875
2.149902 0.049494603510135536
2.150391 0.06222604670220052
2.150879 0.07013325685333784
2.151367 0.0670025741011907
2.151855 0.05164135739732213
2.152344 0.030859587128307397
2.152832 0.01545662798774353
2.153320 0.005796235495403824
2.153809 -0.00749574898942655
2.154297 -0.025152799711536347
2.154785 -0.04391900660869255
2.155273 -0.06400308186437165
2.155762 -0.07634095351045242
2.156250 -0.0695488627396037
2.156738 -0.049631757230705786
2.157227 -0.03080591828112773
2.157715 -0.020107928076647835
2.158203 -0.01909418318547638
2.158691 -0.023614292759052614
2.159180 -0.022886781719506047
2.159668 -0.012236497156963629
2.160156 -0.0021229010662178614
2.160645 -0.001604102210147766
2.161133 -0.007287036805950075
2.161621 -0.019595092425819922
2.162109 -0.042517653376779076
2.162598 -0.06809980386575275
2.163086 -0.08490411623823009
2.163574 -0.09155905328850855
2.164062 -0.09009806800417322
2.164551 -0.08022896332835705
2.165039 -0.06376455365468425
2.165527 -0.04263691748162278
2.166016 -0.023006045824349744
2.166504 -0.01738870648621147
2.166992 -0.02694176128419185
2.167480 -0.0367035282656487
2.167969 -0.03151553970494775
2.168457 -0.009708098134277187
2.168945 0.015987353254297995
2.169434 0.03640536800353945
2.169922 0.055744042603945415
2.170410 0.07508271720435139
2.170898 0.08572107535640944
2.171387 0.0802468529440836
2.171875 0.0632278651828876
2.172363 0.053782148079266553
2.172852 0.05923848087586583
2.173340 0.06288199927884086
2.173828 0.05699631570480427
2.174316 0.05050834840130698
2.174805 0.04800380219958928
2.175293 0.04862397554477652
2.175781 0.04564833612892621
2.176270 0.03664389621322685
2.176758 0.03842093137539798
2.177246 0.047270327954800524
2.177734 0.02535554868977064
2.178223 -0.02820596079553507
2.178711 -0.061886144003395975
2.179199 -0.046137318958785374
2.179688 -0.009606723645160041
2.180176 0.006547599355919135
2.180664 -0.004532035984060603
2.181152 -0.028253666437472548
2.181641 -0.05603623966081248
2.182129 -0.0782193631617407
2.182617 -0.0711827809759624
2.183105 -0.022773480819904532
2.183594 0.035421439138578925
2.184082 0.05065742853236161
2.184570 0.006332923967200474
2.185059 -0.057258696735460406
2.185547 -0.08563759048301885
2.186035 -0.061355418736841506
2.186523 -0.011198899444823437
2.187012 0.021109746557334913
2.187500 0.017150178276524073
2.187988 -0.004198096490498243
2.188477 -0.024139054820364898
2.188965 -0.04220160349894327
2.189453 -0.051665210218290875
2.189941 -0.0360654653047349
2.190430 -0.0014073164371556609
2.190918 0.02347713903848236
2.191406 0.028605495546761464
2.191895 0.032755886395322224
2.192383 0.04583319549143394
2.192871 0.056596780953577876
2.193359 0.0662512102406754
2.193848 0.0864903288326513
2.194336 0.10307996581640998
2.194824 0.08698527486775265
2.195312 0.032404057286033315
2.195801 -0.027448633729777575
2.196289 -0.04555888805029343
2.196777 -0.021574876566225344
2.197266 -0.0037985617392718475
2.197754 -0.024210613283271117
2.198242 -0.08043767551183352
2.198730 -0.14843610488846912
2.199219 -0.17972504279421384
2.199707 -0.14225226105232328
2.200195 -0.07020481531624405
2.200684 -0.021431759640412905
2.201172 -0.004549925599787158
2.201660 0.00884343337416036
2.202148 0.028951361450808195
2.202637 0.039631462039561534
2.203125 0.02786009489148834
2.203613 -2.981602621092502e-05
2.204102 -0.02323861082879496
2.204590 -0.02366796160623228
2.205078 -0.006905391670450235
2.205566 0.004645336883662118
2.206055 -0.0006559525766403505
2.206543 -0.018951066259663942
2.207031 -0.041020888860990645
2.207520 -0.05195144406991575
2.208008 -0.04005484961175667
2.208496 -0.01847997304553133
2.208984 -0.012069527410182449
2.209473 -0.020966629631522474
2.209961 -0.022684032741271756
2.210449 0.001502727721030621
2.210938 0.046835013972121024
2.211426 0.08093858475217706
2.211914 0.08164820617599708
2.212402 0.06502875316602746
2.212891 0.05223171471629845
2.213379 0.048957915038338885
2.213867 0.058481153810108336
2.214355 0.07103370084490777
2.214844 0.06320997556716104
2.215332 0.03264258549572071
2.215820 0.0042040596957404275
2.216309 0.0022958340182412267
2.216797 0.02393034263688842
2.217285 0.0332448692251814
2.217773 0.012475025366651028
2.218262 -0.0010077816859292658
2.218750 0.02320283159734185
2.219238 0.05133127072472851
2.219727 0.0347953025881495
2.220215 -0.02187900003357678
2.220703 -0.07542858310839812
2.221191 -0.09287692164703144
2.221680 -0.07256028138690714
2.222168 -0.034455399889344956
2.222656 0.002832522490037877
2.223145 0.023834931353013462
2.223633 0.020561131675053895
2.224121 0.00932048979353516
2.224609 0.010656247767784602
2.225098 0.019833620635507324
2.225586 0.02351291826993547
2.226074 0.02304778826104504
2.226562 0.02267806953602957
2.227051 0.023972085073583716
2.227539 0.03235038843885365
2.228027 0.044563032774848535
2.228516 0.04784875886329247
2.229004 0.042678659918318075
2.229492 0.04195711208401369
2.229980 0.04493871470510619
2.230469 0.036554448134594075
2.230957 0.013804820135658284
2.231445 -0.00819940720800438
2.231934 -0.015987353254297995
2.232422 -0.010238823400831652
2.232910 0.0002623810306561402
2.233398 0.00759116027330151
2.233887 0.004955423556255738
2.234375 -0.010268639427042576
2.234863 -0.025081241248630128
2.235352 -0.020429941159725823
2.235840 -0.00674438512891124
2.236328 -0.012665847934400948
2.236816 -0.03004262801012805
2.237305 -0.02913622081331593
2.237793 -0.01457407361190015
2.238281 -0.011091561750464107
2.238770 -0.024019790715521197
2.239258 -0.037902132519327884
2.239746 -0.03530813823897741
2.240234 -0.015903868380907404
2.240723 0.005861830753067859
2.241211 0.016428630442219688
2.241699 0.009016366326183725
2.242188 -0.008312708107605895
2.242676 -0.01495571874739999
2.243164 -0.0036852608396703325
2.243652 0.011753477532346642
2.244141 0.01881391253909369
2.244629 0.01656578416278994
2.245117 0.010375977121401907
2.245605 0.00828289208139497
2.246094 0.011938336894854379
2.246582 0.015510296834923196
2.247070 0.017525860206781728
2.247559 0.019499681141944964
2.248047 0.019135925622171677
2.248535 0.015581855297829416
2.249023 0.012433282929955733
2.249512 0.015080946057485875
2.250000 0.027889910917699264
2.250488 0.04470018649541879
2.250977 0.04785472206853466
2.251465 0.034497142326040245
2.251953 0.026900018847496553
2.252441 0.02930319056009711
2.252930 0.010912665593198558
2.253418 -0.030263266604088894
2.253906 -0.04149794528036544
2.254395 -0.004645336883662118
2.254883 0.01809832791003149
2.255371 -0.008897102221340027
2.255859 -0.03408568116432948
2.256348 -0.022624400688849904
2.256836 -0.013315837305799114
2.257324 -0.030448125966596632
2.257812 -0.035642077732539766
2.258301 -0.0018545568303195363
2.258789 0.03809295508707781
2.259277 0.0464056631946837
2.259766 0.03301826742597837
2.260254 0.028569716315308354
2.260742 0.03276184960056441
2.261230 0.017985027010429974
2.261719 -0.017555676232992652
2.262207 -0.040555758852100214
2.262695 -0.039786505375858344
2.263184 -0.04478367136880938
2.263672 -0.08218489464779373
2.264160 -0.14276509670315118
2.264648 -0.1861354884295627
2.265137 -0.18066722922247908
2.265625 -0.13334919562574107
2.266113 -0.07000206633800976
2.266602 -0.010668174178268972
2.267090 0.034753560151454206
2.267578 0.05985269101581089
2.268066 0.05587523311927349
2.268555 0.02833715131086314
2.269043 0.0024866565859911465
2.269531 -0.006404482430106695
2.270020 -0.008628757985441701
2.270508 -0.01951160755242933
2.270996 -0.03229671959167398
2.271484 -0.026947724489434034
2.271973 -0.008920955042308765
2.272461 -0.0020155633718585315
2.272949 -0.005474222412325834
2.273438 -0.002993529031576872
2.273926 0.0007215478343043855
2.274414 -0.009654429287097522
2.274902 -0.027341296035418242
2.275391 -0.02970868851656569
2.275879 -0.010214970579862911
2.276367 0.014699300921986035
2.276855 0.028211924000777253
2.277344 0.03104444649081513
2.277832 0.030847660717823026
2.278320 0.026428925633363937
2.278809 0.020990482452491216
2.279297 0.03203433856101784
2.279785 0.060520570002935606
2.280273 0.07876797804402172
2.280762 0.07283458882804764
2.281250 0.060067366404529546
2.281738 0.05385370654217277
2.282227 0.040013107175061374
2.282715 0.005050834840130698
2.283203 -0.02961327723269073
2.283691 -0.04057364846782677
2.284180 -0.04024567217950659
2.284668 -0.042010780931193356
2.285156 -0.03492649310347757
2.285645 -0.012701627165854058
2.286133 0.0071200670591688945
2.286621 -0.004824233040927668
2.287109 -0.05048449558033825
2.287598 -0.08173169104938767
2.288086 -0.0600077343521077
2.288574 -0.010787438283112672
2.289062 0.02513491009580979
2.289551 0.041688767848115364
2.290039 0.04597631241724638
2.290527 0.04232086760378698
2.291016 0.037383333663257794
2.291504 0.031944890482385066
2.291992 0.025939942803504767
2.292480 0.02694176128419185
2.292969 0.03258891664854105
2.293457 0.03029308263029982
2.293945 0.01735292725475836
2.294434 -0.005814125111130379
2.294922 -0.03627417748821138
2.295410 -0.05391333859459462
2.295898 -0.04602998126442605
2.296387 -0.029058699145167524
2.296875 -0.01998270076656195
2.297363 -0.012588326266252543
2.297852 0.003023345057787797
2.298340 0.013560328720728699
2.298828 0.0017174031097492812
2.299316 -0.014102980397767535
2.299805 -0.0017889615726555013
2.300293 0.029344932996792406
2.300781 0.04513550047809829
2.301270 0.041468129254154516
2.301758 0.03689435083339862
2.302246 0.03393063782803267
2.302734 0.019636834862515218
2.303223 -0.005617339338138274
2.303711 -0.022135417858990734
2.304199 -0.020656542958928853
2.304688 -0.01425206052882216
2.305176 -0.011878704842432529
2.305664 -0.007239331164012595
2.306152 0.0011628250222260757
2.306641 0.0020215265771007162
2.307129 -0.009481496335074157
2.307617 -0.020579021290780448
2.308105 -0.019642798067757403
2.308594 -0.013220426021924154
2.309082 -0.009481496335074157
2.309570 -0.002916007363428467
2.310059 0.00709025103295797
2.310547 0.008515457085840186
2.311035 0.0017233663149914661
2.311523 0.004764600988505818
2.312012 0.019392343447585635
2.312500 0.023852820968740016
2.312988 0.012564473445283804
2.313477 0.0053370686917555785
2.313965 0.012683737550127503
2.314453 0.02382300494252909
2.314941 0.02877842849878483
2.315430 0.031205453032354127
2.315918 0.03621454543578953
2.316406 0.038426894580640164
2.316895 0.03118756341662757
2.317383 0.0226661431255452
2.317871 0.029440344280667365
2.318359 0.051736768681197094
2.318848 0.06936400337709597
2.319336 0.06978739094929111
2.319824 0.06458747597810578
2.320312 0.06793879732421375
2.320801 0.0721726730461651
2.321289 0.05905362151335809
2.321777 0.027084878210004288
2.322266 -0.009457643514105416
2.322754 -0.04217178747273235
2.323242 -0.06904795349926016
2.323730 -0.07618591017415562
2.324219 -0.04967946287264327
2.324707 -0.010441572379065941
2.325195 0.004710932141326153
2.325684 -0.0047049689360839685
2.326172 -0.012844744091666499
2.326660 -0.01685201801441482
2.327148 -0.030221524167393602
2.327637 -0.0480753606624955
2.328125 -0.06077102462310738
2.328613 -0.06047286436099813
2.329102 -0.031205453032354127
2.329590 0.017108435839828778
2.330078 0.045302470224879474
2.330566 0.0345567743784621
2.331055 -0.001651807852085246
2.331543 -0.04007273922748323
2.332031 -0.055010568359156665
2.332520 -0.028104586306417923
2.333008 0.021419833229928534
2.333496 0.04459284880105946
2.333984 0.02093681360531155
2.334473 -0.01629147672164943
2.334961 -0.023781262505833796
2.335449 -0.0063090711462317345
2.335938 -0.0038760834074202527
2.336426 -0.02317897877637311
2.336914 -0.038665422790327565
2.337402 -0.04594649639103546
2.337891 -0.0538417801316884
2.338379 -0.05706787416771049
2.338867 -0.05006707121338529
2.339355 -0.03685857160194551
2.339844 -0.024663816881677177
2.340332 -0.0190882199802342
2.340820 -0.013918121035259799
2.341309 0.0033811373723188973
2.341797 0.02577893626196577
2.342285 0.030477941992807556
2.342773 0.014305729376001825
2.343262 -0.0007513638605153105
2.343750 -0.0002981602621092502
2.344238 0.008610868369715146
2.344727 0.011169083418612512
2.345215 -0.0036614080187015925
2.345703 -0.025659672157122074
2.346191 -0.02638121999142646
2.346680 -0.006022837294606854
2.347168 0.003130682752147127
2.347656 -0.004794417014716743
2.348145 -0.00793702617734824
2.348633 -0.00786546771444202
2.349121 -0.01502727721030621
2.349609 -0.007728313993871765
2.350098 0.027412854498324462
2.350586 0.05331701807037612
2.351074 0.036924166859609545
2.351562 0.003941678665084288
2.352051 -0.0020453793980694563
2.352539 0.016750643525297676
2.353027 0.022946413771927895
2.353516 -0.004013237127990507
2.354004 -0.04556485125553562
2.354492 -0.06495123149787907
2.354980 -0.0444974375171845
2.355469 -0.0018307040093507962
2.355957 0.023345948523154293
2.356445 0.00754345463136403
2.356934 -0.02434776700384137
2.357422 -0.029893547879073425
2.357910 -0.00790124694589513
2.358398 0.009654429287097522
2.358887 0.010864959951261077
2.359375 0.012707590371096244
2.359863 0.029499976333089217
2.360352 0.05496882592246137
2.360840 0.06779568039840131
2.361328 0.04571989459183243
2.361816 -0.007430153731762515
2.362305 -0.05202300253282197
2.362793 -0.061122853732396294
2.363281 -0.047896464505229955
2.363770 -0.02982795262140939
2.364258 -0.0159456108176027
2.364746 -0.012409430108986994
2.365234 -0.009761766981456851
2.365723 0.0018784096512882763
2.366211 0.009785619802425592
2.366699 0.002921970568670652
2.367188 -0.0033692109618345275
2.367676 0.007984731819285721
2.368164 0.029237595302433073
2.368652 0.045242838172457625
2.369141 0.050615686095666315
2.369629 0.039047067925827406
2.370117 0.013268131663861635
2.370605 -0.003232057241264272
2.371094 -7.155846290622005e-05
2.371582 0.005504038438536759
2.372070 -0.001508690926272806
2.372559 -0.017633197901141057
2.373047 -0.02310742031346689
2.373535 -0.005671008185317939
2.374023 0.00964250287661315
2.374512 -0.004937533940529183
2.375000 -0.025820678698661066
2.375488 -0.018980882285874866
2.375977 -0.0017889615726555013
2.376465 -0.0043173605953419425
2.376953 -0.01489608669497814
2.377441 -0.006112285373239629
2.377930 0.021920742470272075
2.378418 0.05044275314364295
2.378906 0.06655533370802683
2.379395 0.05962608921660786
2.379883 0.02307164108201378
2.380371 -0.019690503709694884
2.380859 -0.029547681975026694
2.381348 -0.01581442030227463
2.381836 -0.025039498811934832
2.382324 -0.05351976704861041
2.382812 -0.05470644489180523
2.383301 -0.023077604287255967
2.383789 0.001240346690374481
2.384277 -0.004287544569131018
2.384766 -0.016869907630141377
2.385254 -0.010077816859292656
2.385742 0.0031366459573893123
2.386230 -0.004174243669529503
2.386719 -0.025206468558716014
2.387207 -0.028516047468128688
2.387695 -0.00710217744344234
2.388184 0.015784604276063707
2.388672 0.026399109607153012
2.389160 0.026518373711996713
2.389648 0.013291984484830374
2.390137 -0.0037627825078187377
2.390625 0.0003458659040467302
2.391113 0.023661998400990095
2.391602 0.039053031131069595
2.392090 0.034228798090141926
2.392578 0.017782278032195682
2.393066 0.006774201155122165
2.393555 0.010978260850862592
2.394043 0.024550515982075662
2.394531 0.0424699477348416
2.395020 0.05973939011620937
2.395508 0.05733025519836663
2.395996 0.03000684877867494
2.396484 0.0035004014771625974
2.396973 -0.007728313993871765
2.397461 -0.014091053987283164
2.397949 -0.015534149655891935
2.398438 -0.0066668634607628344
2.398926 -0.0008825543758433806
2.399414 -0.009237004920144572
2.399902 -0.02184322080212367
2.400391 -0.026554152943449823
2.400879 -0.022493210173521835
2.401367 -0.013542439105002144
2.401855 -0.0026536263327723267
2.402344 0.009052145557636835
2.402832 0.018992808696359238
2.403320 0.020543242059327338
2.403809 0.012176865104541778
2.404297 -0.0004830196246169853
2.404785 -0.02044783077545238
2.405273 -0.05579771145112508
2.405762 -0.08790360847504915
2.406250 -0.0795670475464745
2.406738 -0.033370096535267284
2.407227 0.004376992647763793
2.407715 0.007966842203559166
2.408203 -0.005056798045372884
2.408691 -0.01412087001349409
2.409180 -0.016178175822047915
2.409668 -0.010268639427042576
2.410156 0.005050834840130698
2.410645 0.023626219169536986
2.411133 0.036626006597500295
2.411621 0.043352502110684976
2.412109 0.04995973351902597
2.412598 0.05719906468303856
2.413086 0.060520570002935606
2.413574 0.06062194449205275
2.414062 0.0585765650939833
2.414551 0.049649646846432346
2.415039 0.039035141515343035
2.415527 0.04127134348116241
2.416016 0.05232116279493122
2.416504 0.05123585944085356
2.416992 0.0312949011109869
2.417480 0.004967349966740108
2.417969 -0.02017352333431187
2.418457 -0.03983421101779583
2.418945 -0.03213571305013499
2.419434 0.012081453820666818
2.419922 0.056513296080187285
2.420410 0.06293566812602053
2.420898 0.03528428541800867
2.421387 0.0006201733451872405
2.421875 -0.022397798889646874
2.422363 -0.02966098287462821
2.422852 -0.026357367170457717
2.423340 -0.02168817746582686
2.423828 -0.02192670567551426
2.424316 -0.02427620854093515
2.424805 -0.020728101421835073
2.425293 -0.012164938694057409
2.425781 -0.010298455453253502
2.426270 -0.02107993053112399
2.426758 -0.03528428541800867
2.427246 -0.04233279401427134
2.427734 -0.04391304340345037
2.428223 -0.04541577112448099
2.428711 -0.04822444079355013
2.429199 -0.054992678743430105
2.429688 -0.0656131472797616
2.430176 -0.07016307287954876
2.430664 -0.0617549534880679
2.431152 -0.04785472206853466
2.431641 -0.04083602949848291
2.432129 -0.04347772942077086
2.432617 -0.041611246179966956
2.433105 -0.019714356530663623
2.433594 0.013536475899759958
2.434082 0.03248157895418172
2.434570 0.026822497179348148
2.435059 0.012093380231151188
2.435547 0.0034109533985298224
2.436035 -0.0035361807086157072
2.436523 -0.012940155375541459
2.437012 -0.012236497156963629
2.437500 0.006833833207544015
2.437988 0.02910044158186282
2.438477 0.03660215377653155
2.438965 0.034145313216751336
2.439453 0.03695994609106266
2.439941 0.04462862803251257
2.440430 0.04650703768380084
2.440918 0.038069102266109066
2.441406 0.016905686861594486
2.441895 -0.018754280486671836
2.442383 -0.05254776459413425
2.442871 -0.05305463703971998
2.443359 -0.01620799184825884
2.443848 0.021837257596881484
2.444336 0.03038849391417478
2.444824 0.016846054809172638
2.445312 0.0063746664038957694
2.445801 0.009708098134277187
2.446289 0.019726282941147994
2.446777 0.029142184018558115
2.447266 0.0369003140386408
2.447754 0.041545650922302925
2.448242 0.040096592048451965
2.448730 0.02811054951166011
2.449219 0.008115922334613791
2.449707 -0.010185154553651987
2.450195 -0.03220130830779902
2.450684 -0.06346043018733281
2.451172 -0.0778973500786627
2.451660 -0.05344224538046201
2.452148 -0.020418014749241455
2.452637 -0.02202211695938922
2.453125 -0.04255343260823219
2.453613 -0.034753560151454206
2.454102 0.0041563540538029475
2.454590 0.038951656641952444
2.455078 0.04422909328128617
2.455566 0.01517039413611865
2.456055 -0.031121968158963537
2.456543 -0.054927083485766075
2.457031 -0.03856404830121042
2.457520 -0.013506659873549034
2.458008 -0.006004947678880299
2.458496 -0.006881538849481494
2.458984 -0.004961386761497924
2.459473 0.0023912453021161864
2.459961 0.017382743280969285
2.460449 0.027973395791089855
2.460938 0.015963500433329256
2.461426 -0.011157157008128143
2.461914 -0.028176144769324143
2.462402 -0.02198633772793611
2.462891 -0.0004114611617107653
2.463379 0.015903868380907404
2.463867 0.017442375333391137
2.464355 0.017132288660797516
2.464844 0.022540915815459316
2.465332 0.020459757185936747
2.465820 0.004794417014716743
2.466309 -0.006553562561161319
2.466797 0.0030412346735143522
2.467285 0.021902852854545518
2.467773 0.02317897877637311
2.468262 0.005348995102239949
2.468750 -0.002981602621092502
2.469238 0.012164938694057409
2.469727 0.032392130875548944
2.470215 0.041760326311021584
2.470703 0.04626850947411345
2.471191 0.052732623956641994
2.471680 0.05898802625569406
2.472168 0.06027607858800602
2.472656 0.04483137701074686
2.473145 0.007501712194668735
2.473633 -0.02968483569559695
2.474121 -0.03846863701733546
2.474609 -0.02247532055779528
2.475098 -0.011759440737588828
2.475586 -0.019589129220577737
2.476074 -0.030430236350870075
2.476562 -0.028736686062089536
2.477051 -0.01465755848529074
2.477539 0.0021169378609756763
2.478027 0.005569633696200794
2.478516 -0.011830999200495048
2.479004 -0.026017464471653172
2.479492 -0.010954408029893852
2.479980 0.011306237139182768
2.480469 0.0021407906819444164
2.480957 -0.02881420773023794
2.481445 -0.03648885287693004
2.481934 -0.00945168030886323
2.482422 0.0155878185030716
2.482910 0.01420435488688468
2.483398 -0.0035004014771625974
2.483887 -0.022719811972724865
2.484375 -0.0306985805867684
2.484863 -0.019881326277444804
2.485352 0.0013357579742494408
2.485840 0.017633197901141057
2.486328 0.020978556042006845
2.486816 0.017990990215672156
2.487305 0.023363838138880846
2.487793 0.03649481608217223
2.488281 0.039649351655288094
2.488770 0.025427107152676858
2.489258 0.008592978753988591
2.489746 0.005832014726856934
2.490234 0.013387395768705334
2.490723 0.011759440737588828
2.491211 -0.012164938694057409
2.491699 -0.0457318210023168
2.492188 -0.055451845547078354
2.492676 -0.028724759651605165
2.493164 0.001317868358522886
2.493652 -0.0035421439138578923
2.494141 -0.034443473478860585
2.494629 -0.04642355281041026
2.495117 -0.0152300261885405
2.495605 0.0376576411043983
2.496094 0.07291807370143823
2.496582 0.0722919371510088
2.497070 0.05066935494284598
2.497559 0.03356688230825939
2.498047 0.029690798900839137
2.498535 0.034968235540172865
2.499023 0.04862397554477652
2.499512 0.06004947678880299
2.500000 0.04654281691525396
2.500488 0.00954709159273819
2.500977 -0.018790059718124946
2.501465 -0.017943284573734678
2.501953 -0.005432479975630539
2.502441 -0.007465932963215625
2.502930 -0.021640471823889378
2.503418 -0.03471181771475891
2.503906 -0.050699170969056906
2.504395 -0.07140341956992324
2.504883 -0.07514831246201542
2.505371 -0.04505797880994989
2.505859 -0.004180206874771688
2.506348 0.011353942781120247
2.506836 0.002886191337217542
2.507324 -0.002504546201717702
2.507812 0.0027669272323738417
2.508301 0.0064223720458332495
2.508789 0.001341721179491626
2.509277 -0.012147049078330854
2.509766 -0.03038849391417478
2.510254 -0.046226767037418154
2.510742 -0.05168906303925962
2.511230 -0.03703150455396888
2.511719 -0.0023673924811474464
2.512207 0.025832605109145437
2.512695 0.020280861028671198
2.513184 -0.0076746451466921
2.513672 -0.026357367170457717
2.514160 -0.027609640271316568
2.514648 -0.02483674983370054
2.515137 -0.026721122690231004
2.515625 -0.03574345222165692
2.516113 -0.05152805649772062
2.516602 -0.06050268038720905
2.517090 -0.04621484062693378
2.517578 -0.013441064615884998
2.518066 0.013995642703408204
2.518555 0.022254681963834434
2.519043 0.024472994313927257
2.519531 0.03509346285025875
2.520020 0.0442589093074971
2.520508 0.03739526007374216
2.520996 0.021777625544459635
2.521484 0.017883652521312826
2.521973 0.032076080997713134
2.522461 0.046691897046308585
2.522949 0.042374536450966636
2.523438 0.024741338549825583
2.523926 0.014711227332470406
2.524414 0.018301076888265776
2.524902 0.022242755553350067
2.525391 0.012636031908190024
2.525879 -0.008348487339059006
2.526367 -0.021348274767022314
2.526855 -0.015826346712759
2.527344 -0.0071975887273173
2.527832 -0.010393866737128462
2.528320 -0.019368490626616892
2.528809 -0.025653708951879888
2.529297 -0.032827444858228444
2.529785 -0.04132501232834208
2.530273 -0.04047227397870962
2.530762 -0.027150473467668322
2.531250 -0.011693845479924792
2.531738 -0.002784816848100397
2.532227 -0.0008885175810855656
2.532715 0.0003518291092889152
2.533203 0.009201225688691462
2.533691 0.023578513527599505
2.534180 0.03301826742597837
2.534668 0.03486686105105572
2.535156 0.03098481443839328
2.535645 0.022469357352553097
2.536133 0.017603381874930133
2.536621 0.018092364704789303
2.537109 0.010071853654050472
2.537598 -0.008265002465668416
2.538086 -0.020644616548444485
2.538574 -0.02166432464485812
2.539062 -0.019499681141944964
2.539551 -0.01540892234580605
2.540039 -0.005879720368794414
2.540527 0.002480693380748962
2.541016 -0.0006976950133356454
2.541504 -0.009827362239120887
2.541992 -0.006493930508739469
2.542480 0.012743369602549353
2.542969 0.025689488183332998
2.543457 0.015164430930876466
2.543945 -0.003160498778358052
2.544434 -0.00717373590634856
2.544922 0.0001729329520233651
2.545410 0.008694353243105735
2.545898 0.01647037287891498
2.546387 0.021431759640412905
2.546875 0.021884963238818965
2.547363 0.01685201801441482
2.547852 0.008664537216894811
2.548340 0.013333726921525669
2.548828 0.04060942769927988
2.549316 0.06983509659122858
2.549805 0.07679415710885848
2.550293 0.06208889298163026
2.550781 0.037222327121718794
2.551270 0.010578726099636197
2.551758 -0.0018962992670148312
2.552246 0.01893317664393739
2.552734 0.060878362317466704
2.553223 0.08089684231548176
2.553711 0.056727971468905944
2.554199 0.008706279653590106
2.554688 -0.03313156832557988
2.555176 -0.057705937128624284
2.555664 -0.06786127565606534
2.556152 -0.06854108105367443
2.556641 -0.06567277933218345
2.557129 -0.059459119469826675
2.557617 -0.043346538905442794
2.558105 -0.0212349738674208
2.558594 -0.007501712194668735
2.559082 -0.00880765414270725
2.559570 -0.02115148899403021
2.560059 -0.03755626661528116
2.560547 -0.04778912681087062
2.561035 -0.04317956915866161
2.561523 -0.03130682752147127
2.562012 -0.0279555061753633
2.562500 -0.03325679563566577
2.562988 -0.03441365745264966
2.563477 -0.025015645990966093
2.563965 -0.00729300001119226
2.564453 0.018974919080632684
2.564941 0.055827527477336006
2.565430 0.08734306718228375
2.565918 0.08467155123378488
2.566406 0.04443184225952047
2.566895 -0.013876378598564505
2.567383 -0.07004977197994725
2.567871 -0.092250785096602
2.568359 -0.06413427237969972
2.568848 -0.024550515982075662
2.569336 -0.0140373851401035
2.569824 -0.01867675881852343
2.570312 -0.010715879820206452
2.570801 0.007334742447887555
2.571289 0.0190882199802342
2.571777 0.020990482452491216
2.572266 0.020895071168616254
2.572754 0.02260651107312335
2.573242 0.025242247790169123
2.573730 0.027120657441457398
2.574219 0.020155633718585312
2.574707 0.00023256500444521514
2.575195 -0.018169886372937708
2.575684 -0.01912399921168731
2.576172 -0.004210022900982613
2.576660 0.015247915804267055
2.577148 0.02992336390528435
2.577637 0.03389485859657956
2.578125 0.023715667248169762
2.578613 0.004621484062693378
2.579102 -0.00754345463136403
2.579590 -0.005933389215974079
2.580078 -0.006541636150676949
2.580566 -0.02228449799004536
2.581055 -0.03583886350553187
2.581543 -0.026583968969660747
2.582031 -0.006362739993411399
2.582520 0.0024449141492958516
2.583008 -0.0009123704020543057
2.583496 -0.004376992647763793
2.583984 0.0038224145602405875
2.584473 0.029965106341979644
2.584961 0.060735245391654265
2.585449 0.06663285537617523
2.585938 0.035039794003079085
2.586426 -0.005766419469192899
2.586914 -0.014937829131673436
2.587402 0.006201733451872404
2.587891 0.0244551046982007
2.588379 0.03301826742597837
2.588867 0.04288737210179455
2.589355 0.03946449229278036
2.589844 0.006869612438997125
2.590332 -0.03072243340773714
2.590820 -0.03712691583784383
2.591309 -0.013429138205400629
2.591797 0.014615816048595446
2.592285 0.033829263338915526
2.592773 0.04241031568241975
2.593262 0.034729707330485464
2.593750 0.008086106308402865
2.594238 -0.018992808696359238
2.594727 -0.023345948523154293
2.595215 -0.014013532319134759
2.595703 -0.015701119402673117
2.596191 -0.024628037650224067
2.596680 -0.016840091603930452
2.597168 0.011270457907729658
2.597656 0.03922000087785077
2.598145 0.05144457162433003
2.598633 0.048945988627854514
2.599121 0.03558840888536011
2.599609 0.00816362797655127
2.600098 -0.03302423063122055
2.600586 -0.06651955447657372
2.601074 -0.06541039830152731
2.601562 -0.040400715515803404
2.602051 -0.029154110429042486
2.602539 -0.03833744650200739
2.603027 -0.043352502110684976
2.603516 -0.02908851517137845
2.604004 -0.002528399022686442
2.604492 0.013125014738049194
2.604980 0.00689942846520805
2.605469 -0.0018008879831398713
2.605957 -0.0033572845513501572
2.606445 -0.01393004744574417
2.606934 -0.02859953234151928
2.607422 -0.02223679234810788
2.607910 -0.003124719546904942
2.608398 -0.0024866565859911465
2.608887 -0.020072148845194725
2.609375 -0.027997248612058594
2.609863 -0.017060730197891297
2.610352 -0.006672826666005019
2.610840 -0.011580544580323277
2.611328 -0.02577297305672359
2.611816 -0.0341572396272357
2.612305 -0.028021101433027332
2.612793 -0.019672614093968328
2.613281 -0.02443125187723196
2.613770 -0.03270818075338475
2.614258 -0.030901329565002692
2.614746 -0.02271384876748268
2.615234 -0.013405285384431889
2.615723 -0.0023733556863896315
2.616211 0.009696171723792817
2.616699 0.019034551133054533
2.617188 0.02271384876748268
2.617676 0.02641699922287957
2.618164 0.03554666644866481
2.618652 0.037997543803202846
2.619141 0.02220101311665477
2.619629 0.004824233040927668
2.620117 0.009469569924589786
2.620605 0.029488049922604846
2.621094 0.04515339009382485
2.621582 0.05606605568702341
2.622070 0.06177880630903664
2.622559 0.049112958374635696
2.623047 0.032630659085236345
2.623535 0.04936937620004965
2.624023 0.08800498296416628
2.624512 0.0984167393170213
2.625000 0.07307908024297723
2.625488 0.0452905438143951
2.625977 0.029094478376620634
2.626465 0.012236497156963629
2.626953 -0.015987353254297995
2.627441 -0.04734784962294893
2.627930 -0.05860638112019422
2.628418 -0.047043726155597494
2.628906 -0.04512357406761393
2.629395 -0.06661496576044867
2.629883 -0.0827513991458013
2.630371 -0.08303763299742618
2.630859 -0.0891141391392127
2.631348 -0.09530990938584293
2.631836 -0.07434924295956263
2.632324 -0.03814662393425747
2.632812 -0.0223083508110141
2.633301 -0.02765734591325405
2.633789 -0.0281940343850507
2.634277 -0.01469333771674385
2.634766 -0.0005665044980075754
2.635254 0.004454514315912198
2.635742 0.007096214238200155
2.636230 0.015665340171220007
2.636719 0.026405072812395198
2.637207 0.029177963250011225
2.637695 0.018020806241883083
2.638184 -0.003094903520694017
2.638672 -0.01636303518455565
2.639160 -0.004496256752607493
2.639648 0.022588621457396794
2.640137 0.034968235540172865
2.640625 0.016959355708774153
2.641113 -0.017072656608375668
2.641602 -0.03521869016034464
2.642090 -0.02209367542229544
2.642578 0.00021467538871866015
2.643066 0.003971494691295213
2.643555 -0.004239838927193538
2.644043 0.00024449141492958516
2.644531 0.021187268225483318
2.645020 0.041486018869881076
2.645508 0.05173080547595491
2.645996 0.05845133778389741
2.646484 0.06632276870358161
2.646973 0.06782549642461223
2.647461 0.05419360924097732
2.647949 0.02822981361650381
2.648438 0.001675660673053986
2.648926 -0.012504841392861954
2.649414 -0.011163120213370327
2.649902 -0.0059691684474271894
2.650391 -0.005259547023607173
2.650879 -0.007549417836606215
2.651367 -0.012337871646080774
2.651855 -0.012248423567447998
2.652344 0.0037925985340296624
2.652832 0.02175973592873308
2.653320 0.00986910467581618
2.653809 -0.02858760593103491
2.654297 -0.04965561005167453
2.654785 -0.03446732629982932
2.655273 -0.00703061898053612
2.655762 0.016070838127688586
2.656250 0.03633380954063323
2.656738 0.04930378094238561
2.657227 0.05081247186865842
2.657715 0.04981661659321352
2.658203 0.052118413816696935
2.658691 0.0493097441476278
2.659180 0.03559437209060229
2.659668 0.01277318562876028
2.660156 -0.01580249389179026
2.660645 -0.037383333663257794
2.661133 -0.03915440562018674
2.661621 -0.03113985777469009
2.662109 -0.03396641705948578
2.662598 -0.047371702443917675
2.663086 -0.05358536230627445
2.663574 -0.04510568445188737
2.664062 -0.030430236350870075
2.664551 -0.02102029847870214
2.665039 -0.021014335273459955
2.665527 -0.02344135980702925
2.666016 -0.014758932974407885
2.666504 0.011175046623854698
2.666992 0.04180803195295906
2.667480 0.05202896573806416
2.667969 0.02888576619314416
2.668457 -0.0063746664038957694
2.668945 -0.02245146773682654
2.669434 -0.023763372890107243
2.669922 -0.036482889671687856
2.670410 -0.06275677196875498
2.670898 -0.07421208923899238
2.671387 -0.043346538905442794
2.671875 0.016154323001079177
2.672363 0.058481153810108336
2.672852 0.05922655446538146
2.673340 0.03243983651748642
2.673828 0.005802198700646009
2.674316 -0.004126538027592023
2.674805 0.0010197080964136358
2.675293 0.013375469358220964
2.675781 0.026428925633363937
2.676270 0.02758578745034783
2.676758 0.0036614080187015925
2.677246 -0.03127701149526035
2.677734 -0.03199855932956473
2.678223 0.01477682259013444
2.678711 0.05279225600906384
2.679199 0.042893335307036734
2.679688 0.02352484468041984
2.680176 0.02791972694391019
2.680664 0.02991143749479998
2.681152 0.009028292736668097
2.681641 -0.015355253498626386
2.682129 -0.029953179931495277
2.682617 -0.043048378643333544
2.683105 -0.05421746206194605
2.683594 -0.05055605404324447
2.684082 -0.028319261695136586
2.684570 1.7889615726555013e-05
2.685059 0.018265297656812667
2.685547 0.021312495535569204
2.686035 0.020280861028671198
2.686523 0.02820596079553507
2.687012 0.03341183897196258
2.687500 0.0174960441805708
2.687988 -0.009338379409261716
2.688477 -0.027317443214449504
2.688965 -0.03592831158416465
2.689453 -0.04477174495832501
2.689941 -0.050156519292018066
2.690430 -0.038510379454030755
2.690918 -0.013256205253377264
2.691406 0.005915499600247524
2.691895 0.010465425200034682
2.692383 0.00809206951364505
2.692871 0.004955423556255738
2.693359 0.0038939730231468076
2.693848 0.008849396579402546
2.694336 0.011097524955706293
2.694824 0.0017233663149914661
2.695312 -0.0029040809529440968
2.695801 0.008181517592277825
2.696289 0.019106109595960753
2.696777 0.021073967325881803
2.697266 0.01919555767459353
2.697754 0.012755296013033724
2.698242 0.001228420279890111
2.698730 -0.00800858464025446
2.699219 -0.008622794780199516
2.699707 -0.001586212594421211
2.700195 0.005641192159107014
2.700684 0.0043173605953419425
2.701172 -0.0024747301755067767
2.701660 -0.0026476631275301416
2.702148 0.0024449141492958516
2.702637 0.0036673712239437776
2.703125 0.006821906797059645
2.703613 0.0196845405044527
2.704102 0.03152150291018993
2.704590 0.02865916439394113
2.705078 0.013500696668306849
2.705566 -0.0023196868392099668
2.706055 -0.009934699933480217
2.706543 -0.007823725277746725
2.707031 -0.0024508773545380367
2.707520 -0.0008527383496324556
2.708008 0.00032797628832017525
2.708496 0.00753152822087966
2.708984 0.01447866232802519
2.709473 0.01286859691263524
2.709961 0.00818748079752001
2.710449 0.006720532307942499
2.710938 0.008348487339059006
2.711426 0.017573565848719205
2.711914 0.030835734307338655
2.712402 0.024401435851021037
2.712891 -0.0056292657486226435
2.713379 -0.021026261683944326
2.713867 -0.008491604264871446
2.714355 -0.007322816037403185
2.714844 -0.027156436672910508
2.715332 -0.032779739216290966
2.715820 -0.019964811150835395
2.716309 -0.013363542947736595
2.716797 -0.013113088327564824
2.717285 -0.005492112028052389
2.717773 0.0033215053198970474
2.718262 0.0013596107952181808
2.718750 -0.0039297522545999174
2.719238 -0.0023495028654208915
2.719727 -0.0008885175810855656
2.720215 -0.008074179897918496
2.720703 -0.019702430120179252
2.721191 -0.02737111206162917
2.721680 -0.02898117747701912
2.722168 -0.027150473467668322
2.722656 -0.02131845874081139
2.723145 -0.0088672861951291
2.723633 0.006965023722872085
2.724121 0.018318966503992333
2.724609 0.022767517614662346
2.725098 0.02487252906515365
2.725586 0.025236284584926938
2.726074 0.018843728565304613
2.726562 0.008109959129371605
2.727051 0.0035779231453110026
2.727539 0.008855359784644731
2.728027 0.01624377107971195
2.728516 0.018014843036640898
2.729004 0.01515846772563428
2.729492 0.013089235506596084
2.729980 0.012618142292463469
2.730469 0.011198899444823437
2.730957 0.008789764526980695
2.731445 0.0019917105508897915
2.731934 -0.016685048267633642
2.732422 -0.03663196980274248
2.732910 -0.034049901932876374
2.733398 -0.014460772712298635
2.733887 -0.004323323800584128
2.734375 -0.007561344247090585
2.734863 -0.011473206885963948
2.735352 -0.011986042536791858
2.735840 -0.015808457097032446
2.736328 -0.0258087522881767
2.736816 -0.031718288683182036
2.737305 -0.025278027021622233
2.737793 -0.011473206885963948
2.738281 -0.0024628037650224065
2.738770 -0.005748529853466344
2.739258 -0.014174538860673755
2.739746 -0.016124506974868252
2.740234 -0.00932048979353516
2.740723 0.005533854464747683
2.741211 0.024651890471192806
2.741699 0.03131875393195564
2.742188 0.015820383507516817
2.742676 -0.0005903573189763154
2.743164 0.0070067661595673795
2.743652 0.027985322201574223
2.744141 0.03080591828112773
2.744629 0.00674438512891124
2.745117 -0.02352484468041984
2.745605 -0.04119382181301401
2.746094 -0.040937403987600055
2.746582 -0.020441867570210194
2.747070 0.011353942781120247
2.747559 0.03401412270142326
2.748047 0.03654848492935189
2.748535 0.025790862672450142
2.749023 0.017018987761196
2.749512 0.015009387594579655
2.750000 0.0066012682030987995
2.750488 -0.01712632545555533
2.750977 -0.03521869016034464
2.751465 -0.02119919463596769
2.751953 0.010745695846417377
2.752441 0.02690598205273874
2.752930 0.02127075309887391
2.753418 0.009421864282652306
2.753906 0.004943497145771369
2.754395 0.015015350799821841
2.754883 0.03854615868548387
2.755371 0.05852289624680363
2.755859 0.056060092481781225
2.756348 0.03969705729722557
2.756836 0.0318912216352054
2.757324 0.035433365549063296
2.757812 0.03802735982941377
2.758301 0.026780754742652853
2.758789 -0.0038999362283889927
2.759277 -0.038581937916936974
2.759766 -0.05613761414992963
2.760254 -0.057431629687483776
2.760742 -0.04995973351902597
2.761230 -0.02838485695280062
2.761719 0.005921462805489709
2.762207 0.03447925271031369
2.762695 0.04504008919422334
2.763184 0.039720910118194314
2.763672 0.01852171548222662
2.764160 -0.011938336894854379
2.764648 -0.02415694443609145
2.765137 -0.004424698289701273
2.765625 0.02234413004246721
2.766113 0.028569716315308354
2.766602 0.008718206064074476
2.767090 -0.03075821263919025
2.767578 -0.07228597394576662
2.768066 -0.09654429287097521
2.768555 -0.0985419666271072
2.769043 -0.0795670475464745
2.769531 -0.05185006958079861
2.770020 -0.04104474168195938
2.770508 -0.05011477685532277
2.770996 -0.05535047105796121
2.771484 -0.04778316360562844
2.771973 -0.03952412434520221
2.772461 -0.03597601722610213
2.772949 -0.032529284596119194
2.773438 -0.028098623101175738
2.773926 -0.02202211695938922
2.774414 -0.008211333618488751
2.774902 0.013315837305799114
2.775391 0.029142184018558115
2.775879 0.030644911739588734
2.776367 0.027502302576957238
2.776855 0.029559608385511065
2.777344 0.032982488194525254
2.777832 0.040859882319451646
2.778320 0.06291777851029398
2.778809 0.08157664771309085
2.779297 0.07268550869699301
2.779785 0.05421149885670387
2.780273 0.05908343753956902
2.780762 0.07749185212219413
2.781250 0.07146305162234509
2.781738 0.04044842115774088
2.782227 0.02291659774571697
2.782715 0.024568405597802215
2.783203 0.00754345463136403
2.783691 -0.03839707855442924
2.784180 -0.07524372374589038
2.784668 -0.07266761908126645
2.785156 -0.03981632140206927
2.785645 -0.004275618158646648
2.786133 0.013423175000158443
2.786621 0.009892957496784921
2.787109 -0.003094903520694017
2.787598 -0.009851215060089626
2.788086 -0.006315034351473919
2.788574 -0.0021229010662178614
2.789062 -0.0037627825078187377
2.789551 -0.006654937050278464
2.790039 -0.0058558675478256736
2.790527 -0.0025880310751082917
2.791016 -0.00012522731008588508
2.791504 -0.004400845468732533
2.791992 -0.02010196487140565
2.792480 -0.03597601722610213
2.792969 -0.033310464482845435
2.793457 -0.012671811139643134
2.793945 0.00825903926042623
2.794434 0.018205665604390818
2.794922 0.020668469369413224
2.795410 0.02403768033124775
2.795898 0.029237595302433073
2.796387 0.03266047511144727
2.796875 0.03771130995157797
2.797363 0.050317525833557065
2.797852 0.0669250524330423
2.798340 0.07236349561391503
2.798828 0.05047853237509606
2.799316 0.0008527383496324556
2.799805 -0.05737796084030411
2.800293 -0.08989531902593893
2.800781 -0.06991261825937699
2.801270 -0.020763880653288182
2.801758 0.0051104668925525485
2.802246 0.001592175799663396
2.802734 0.0037508560973343675
2.803223 0.01643459364746187
2.803711 0.017782278032195682
2.804199 0.00977369339194122
2.804688 0.0026059206908348466
2.805176 -0.012379614082776068
2.805664 -0.036566374545078446
2.806152 -0.050454679554127316
2.806641 -0.041080520913412494
2.807129 -0.01583827312324337
2.807617 0.010238823400831652
2.808105 0.02011389128189002
2.808594 -0.0009302600177808606
2.809082 -0.04598823882773075
2.809570 -0.08210140977440314
2.810059 -0.08254268696232482
2.810547 -0.05618531979186711
2.811035 -0.029237595302433073
2.811523 -0.01305941948038516
2.812012 -0.008121885539855975
2.812500 -0.01339335897394752
2.812988 -0.01768090354307854
2.813477 -0.00757923386281714
2.813965 0.012880523323119609
2.814453 0.030191708141182674
2.814941 0.040412641926287775
2.815430 0.04393093301917692
2.815918 0.03922596408309296
2.816406 0.031098115337994794
2.816895 0.026369293580942088
2.817383 0.023184941981615297
2.817871 0.019797841404054214
2.818359 0.022517062994490574
2.818848 0.03199855932956473
2.819336 0.040186040127084745
2.819824 0.04582126908094957
2.820312 0.05421746206194605
2.820801 0.06826081040729175
2.821289 0.08209544656916096
2.821777 0.07220248907237603
2.822266 0.019380417037101264
2.822754 -0.0511762273884317
2.823242 -0.09052741878161055
2.823730 -0.08618024216005768
2.824219 -0.06156413092031798
2.824707 -0.03294670896307215
2.825195 -0.008193444002762196
2.825684 0.002110974655733491
2.826172 0.002999492236819057
2.826660 0.01444288309657208
2.827148 0.0390888103625227
2.827637 0.057115579809647966
2.828125 0.05714539583585889
2.828613 0.04277407120219304
2.829102 0.01893317664393739
2.829590 -0.0002743074411405102
2.830078 -0.004722858551810523
2.830566 -0.014448846301814264
2.831055 -0.04662630178864455
2.831543 -0.07697901647136622
2.832031 -0.07156442611146223
2.832520 -0.033847152954642086
2.833008 0.002480693380748962
2.833496 0.015450664782501346
2.833984 0.011538802143627984
2.834473 0.0038403041759671424
2.834961 -0.0036792976344281474
2.835449 -0.0055636704909586086
2.835938 0.004442587905427828
2.836426 0.018008879831398712
2.836914 0.020704248600866334
2.837402 0.0068397964127862
2.837891 -0.02041205154399927
2.838379 -0.04731207039149582
2.838867 -0.05834996329478027
2.839355 -0.05251794856792333
2.839844 -0.03979246858110053
2.840332 -0.026888092437012182
2.840820 -0.013936010650986354
2.841309 -5.366884717966504e-05
2.841797 0.01400160590865039
2.842285 0.02453858957159129
2.842773 0.024848676244184912
2.843262 0.01313097794329138
2.843750 -0.0016458446468430611
2.844238 -0.00818748079752001
2.844727 -0.004210022900982613
2.845215 0.001562359773452471
2.845703 1.7889615726555013e-05
2.846191 -0.004227912516709168
2.846680 -0.001460985284335326
2.847168 0.007024655775293934
2.847656 0.01444288309657208
2.848145 0.01509883567321243
2.848633 0.00964250287661315
2.849121 0.00735263206361411
2.849609 0.012987861017478938
2.850098 0.024705559318372473
2.850586 0.036566374545078446
2.851074 0.0346760384833058
2.851562 0.01747219135960206
2.852051 0.004561852010271528
2.852539 0.003953605075568658
2.853027 0.0036375551977328524
2.853516 -0.0022421651710615616
2.854004 -0.009433790693136676
2.854492 -0.014079127576798795
2.854980 -0.012624105497705653
2.855469 -0.0035302175033735225
2.855957 0.008646647601168256
2.856445 0.012117233052119928
2.856934 -0.002921970568670652
2.857422 -0.02535554868977064
2.857910 -0.03191507445617414
2.858398 -0.02079369667949911
2.858887 -0.009970479164933327
2.859375 -0.00759116027330151
2.859863 -0.007251257574496965
2.860352 -0.005253583818364989
2.860840 -0.006028800499849039
2.861328 -0.007287036805950075
2.861816 0.001413279642397846
2.862305 0.019410233063312188
2.862793 0.031777920735603885
2.863281 0.030024738394401496
2.863770 0.02407345956270086
2.864258 0.023089530697740335
2.864746 0.02325053723927933
2.865234 0.027329369624933875
2.865723 0.04340617095786464
2.866211 0.056751824289874686
2.866699 0.04053190603113147
2.867188 -0.0022898708129990416
2.867676 -0.034037975522392
2.868164 -0.024443178287716333
2.868652 0.013309874100556928
2.869141 0.03680490275476585
2.869629 0.02205789619084233
2.870117 -0.010203044169378542
2.870605 -0.026100949345043763
2.871094 -0.02410923879415397
2.871582 -0.021551023745256605
2.872070 -0.023137236339677816
2.872559 -0.027806426044308673
2.873047 -0.035254469391797744
2.873535 -0.03756222982052334
2.874023 -0.02898117747701912
2.874512 -0.020131780897616573
2.875000 -0.019791878198812028
2.875488 -0.01809832791003149
2.875977 -0.003005455442061242
2.876465 0.019368490626616892
2.876953 0.02354869750138858
2.877441 -0.0023972085073583715
2.877930 -0.023864747379224387
2.878418 -0.0007155846290622005
2.878906 0.04905928952745603
2.879395 0.075553810418484
2.879883 0.06461132879907452
2.880371 0.03788424290360133
2.880859 0.014108943603009719
2.881348 0.0019857473456476064
2.881836 0.005098540482068178
2.882324 0.01354840231024433
2.882812 0.009350305819746087
2.883301 -0.016357071979313464
2.883789 -0.05458121758171934
2.884277 -0.07864275073393584
2.884766 -0.06569066894791001
2.885254 -0.027353222445902613
2.885742 0.0015683229786946562
2.886230 0.00797280540880135
2.886719 0.007036582185778305
2.887207 0.0037985617392718475
2.887695 -0.011449354064995207
2.888184 -0.03319716358324392
2.888672 -0.04865379157098745
2.889160 -0.05596468119790626
2.889648 -0.05072302379002564
2.890137 -0.02765734591325405
2.890625 -0.0017651087516867613
2.891113 0.005539817669989869
2.891602 -0.003923789049357733
2.892090 -0.015951574022844885
2.892578 -0.03037656750369041
2.893066 -0.04937533940529183
2.893555 -0.05895821022948314
2.894043 -0.050317525833557065
2.894531 -0.03517694772364934
2.895020 -0.026023427676895357
2.895508 -0.02661378499587167
2.895996 -0.035260432597039926
2.896484 -0.03922596408309296
2.896973 -0.024580332008286587
2.897461 0.0010793401488354856
2.897949 0.015486444013954456
2.898438 0.008193444002762196
2.898926 -0.011288347523456213
2.899414 -0.02410923879415397
2.899902 -0.016750643525297676
2.900391 0.0071200670591688945
2.900879 0.03094903520694017
2.901367 0.04665611781485547
2.901855 0.05989443345250618
2.902344 0.0701094040323691
2.902832 0.06458747597810578
2.903320 0.041772252721505955
2.903809 0.025367475100255006
2.904297 0.03326275884090795
2.904785 0.05040697391218984
2.905273 0.05546973516280491
2.905762 0.04452129033815324
2.906250 0.02352484468041984
2.906738 0.010107632885503582
2.907227 0.023864747379224387
2.907715 0.05215419304815005
2.908203 0.06019259371461543
2.908691 0.03805121265038251
2.909180 0.006046690115575594
2.909668 -0.00844986182817615
2.910156 0.004716895346568338
2.910645 0.01844419381407822
2.911133 -0.0022421651710615616
2.911621 -0.04738362885440204
2.912109 -0.07431346372810951
2.912598 -0.06524342855474613
2.913086 -0.04067502295694391
2.913574 -0.021348274767022314
2.914062 -0.00709025103295797
2.914551 0.006124211783723999
2.915039 0.015295621446204536
2.915527 0.01777035162171131
2.916016 0.012397503698502623
2.916504 -0.0036554448134594074
2.916992 -0.019821694225022952
2.917480 -0.008265002465668416
2.917969 0.032231124334009945
2.918457 0.06447417507850427
2.918945 0.06595304997856614
2.919434 0.05299500498729813
2.919922 0.051975296890884495
2.920410 0.06603653485195674
2.920898 0.07513638605153106
2.921387 0.06471866649343384
2.921875 0.04404423391877844
2.922363 0.030513721224260666
2.922852 0.025504628820825263
2.923340 0.023184941981615297
2.923828 0.02593397959826258
2.924316 0.03493841951396194
2.924805 0.04119978501825619
2.925293 0.03486089784581353
2.925781 0.019344637805648154
2.926270 0.0034288430142563773
2.926758 -0.0133218005110413
2.927246 -0.029213742481464335
2.927734 -0.036912240449125173
2.928223 -0.04054383244161584
2.928711 -0.047973986173378357
2.929199 -0.051367049956181625
2.929688 -0.04157546694851385
2.930176 -0.033077899478400216
2.930664 -0.04760426744836289
2.931152 -0.0768239731350694
2.931641 -0.0889113901609784
2.932129 -0.07173735906348559
2.932617 -0.04423505648652836
2.933105 -0.026595895380145118
2.933594 -0.020507462827874228
2.934082 -0.016905686861594486
2.934570 -0.011622287017018573
2.935059 -0.007585197068059325
2.935547 -0.005456332796599279
2.936035 -0.0048182698356854835
2.936523 -0.0077819828410514305
2.937012 -0.011783293558557568
2.937500 -0.009910847112511476
2.937988 -0.003190314804568977
2.938477 -0.001675660673053986
2.938965 -0.008879212605613472
2.939453 -0.01604102210147766
2.939941 -0.016488262494641536
2.940430 -0.015569928887345045
2.940918 -0.020131780897616573
2.941406 -0.025057388427661385
2.941895 -0.020441867570210194
2.942383 -0.0043173605953419425
2.942871 0.018754280486671836
2.943359 0.03998329114885045
2.943848 0.05010285044483841
2.944336 0.04753270898545667
2.944824 0.03660215377653155
2.945312 0.020573058085538262
2.945801 -0.0009898920702027106
2.946289 -0.022266608374318805
2.946777 -0.026059206908348467
2.947266 -0.009278747356839867
2.947754 0.0034765486561938574
2.948242 -0.004764600988505818
2.948730 -0.014246097323579975
2.949219 -0.004347176621552868
2.949707 0.006541636150676949
2.950195 0.0008050327076949756
2.950684 0.001341721179491626
2.951172 0.028271556053199105
2.951660 0.06170724784613042
2.952148 0.07691938441894437
2.952637 0.07519005489871071
2.953125 0.059971955120654584
2.953613 0.026691306664020076
2.954102 -0.011181009829096882
2.954590 -0.029321080175823664
2.955078 -0.02509913086435668
2.955566 -0.013953900266712909
2.956055 -0.008825543758433805
2.956543 -0.01697128211925852
2.957031 -0.034735670535727646
2.957520 -0.04266077030259152
2.958008 -0.027120657441457398
2.958496 -0.001484838105304066
2.958984 0.013214462816681968
2.959473 0.01412087001349409
2.959961 0.006589341792614429
2.960449 -0.0032916892936861223
2.960938 -0.0022183123500928215
2.961426 0.014460772712298635
2.961914 0.02948208671736266
2.962402 0.024812897012731802
2.962891 0.006750348334153424
2.963379 -0.003512327887646967
2.963867 8.348487339059005e-05
2.964355 7.752166814840506e-05
2.964844 -0.019773988583085475
2.965332 -0.048784982086315515
2.965820 -0.060741208596896454
2.966309 -0.048784982086315515
2.966797 -0.031467834063010264
2.967285 -0.020930850400069364
2.967773 -0.009678282108066262
2.968262 -0.0001311905153280701
2.968750 -0.010095706475019213
2.969238 -0.03577923145311002
2.969727 -0.05123585944085356
2.970215 -0.05010285044483841
2.970703 -0.0455708144607778
2.971191 -0.03151553970494775
2.971680 0.006106322167997444
2.972168 0.04424698289701273
2.972656 0.0444556950804892
2.973145 0.012206681130752703
2.973633 -0.014389214249392416
2.974121 -0.01777035162171131
2.974609 -0.00753152822087966
2.975098 0.001663734262569616
2.975586 0.0041384644380763926
2.976074 0.005492112028052389
2.976562 0.009499385950800712
2.977051 0.0136795928255724
2.977539 0.02014967051334313
2.978027 0.030072444036338974
2.978516 0.033054046657431474
2.979004 0.023924379431646235
2.979492 0.017967137394703417
2.979980 0.030865550333549582
2.980469 0.056507332874945096
2.980957 0.0760726092745541
2.981445 0.07968034844607602
2.981934 0.07168369021630594
2.982422 0.05613761414992963
2.982910 0.02824174002698818
2.983398 -0.013763077698962988
2.983887 -0.05487341463858641
2.984375 -0.07029426339487682
2.984863 -0.0555114775995002
2.985352 -0.03432420937401688
2.985840 -0.023733556863896315
2.986328 -0.01309519871183827
2.986816 0.0056292657486226435
2.987305 0.011043856108526628
2.987793 -0.016058911717204215
2.988281 -0.0538835225683837
2.988770 -0.06607827728865202
2.989258 -0.055451845547078354
2.989746 -0.05353169345909478
2.990234 -0.06365721596032492
2.990723 -0.057640341870960246
2.991211 -0.026422962428121755
2.991699 0.00765079232572336
2.992188 0.026339477554731164
2.992676 0.027949542970121113
2.993164 0.017829983674133163
2.993652 0.010214970579862911
2.994141 0.013220426021924154
2.994629 0.008563162727777665
2.995117 -0.015653413760735636
2.995605 -0.03380541051794679
2.996094 -0.02420465007802893
2.996582 -0.0012164938694057409
2.997070 0.015432775166774791
2.997559 0.022123491448506366
2.998047 0.021324421946053575
2.998535 0.015486444013954456
2.999023 0.009386085051199197
2.999512 0.008366376954785561
3.000000 0.013959863471955094
3.000488 0.024007864305036826
3.000977 0.03151553970494775
3.001465 0.025349585484528453
3.001953 0.004520109573576233
3.002441 -0.012349798056565144
3.002930 -0.010024148012112991
3.003418 0.0019201520879835712
3.003906 0.008211333618488751
3.004395 0.009624613260886596
3.004883 0.01421628129736905
3.005371 0.02271384876748268
3.005859 0.029142184018558115
3.006348 0.030215560962151417
3.006836 0.027889910917699264
3.007324 0.02184322080212367
3.007812 0.011729624711377904
3.008301 0.009290673767324236
3.008789 0.025725267414786108
3.009277 0.0493514865843231
3.009766 0.05762841546047588
3.010254 0.04042456833677214
3.010742 0.006070542936544334
3.011230 -0.02424042930948204
3.011719 -0.03870716522702286
3.012207 -0.04657263294146488
3.012695 -0.05403260269943832
3.013184 -0.053167937939321494
3.013672 -0.04376992647763793
3.014160 -0.03902321510485866
3.014648 -0.04276810799695085
3.015137 -0.03871909163750723
3.015625 -0.013464917436853739
3.016113 0.019434085884280927
3.016602 0.0349920883611416
3.017090 0.028211924000777253
3.017578 0.013363542947736595
3.018066 0.0036852608396703325
3.018555 0.0031783883940846073
3.019043 0.011246605086760918
3.019531 0.026816533974105963
3.020020 0.043656625578036415
3.020508 0.050603759685181944
3.020996 0.0402039297428113
3.021484 0.01354840231024433
3.021973 -0.01625569749019632
3.022461 -0.02536151189501282
3.022949 -0.004716895346568338
3.023438 0.020090038460921278
3.023926 0.02476519137079432
3.024414 0.020012516792772873
3.024902 0.025558297668004926
3.025391 0.039953475122639526
3.025879 0.04755059860118322
3.026367 0.03923789049357733
3.026855 0.0177345723902582
3.027344 -0.005909536395005339
3.027832 -0.01507498285224369
3.028320 -0.0065833785873722446
3.028809 -0.0021944595291240815
3.029297 -0.019243263316531006
3.029785 -0.040257598589990964
3.030273 -0.037460855331406195
3.030762 -0.02088910796337407
3.031250 -0.021676251055342488
3.031738 -0.0376576411043983
3.032227 -0.04226123555136512
3.032715 -0.027347259240660428
3.033203 -0.0053370686917555785
3.033691 0.007310889626918815
3.034180 -0.0004293507774373203
3.034668 -0.022218902732381324
3.035156 -0.03619069261482079
3.035645 -0.024252355719966413
3.036133 0.007477859373699995
3.036621 0.026703233074504448
3.037109 0.014568110406657965
3.037598 -0.0017054766992649112
3.038086 0.008461788238660522
3.038574 0.026375256786184274
3.039062 0.016005242870024552
3.039551 -0.015760751455094965
3.040039 -0.03144994444728371
3.040527 -0.020489573212147675
3.041016 -0.004001310717506138
3.041504 0.005826051521614749
3.041992 0.012850707296908685
3.042480 0.018128143936242413
3.042969 0.01728136879185214
3.043457 0.011950263305338748
3.043945 0.01472911694819696
3.044434 0.03146187085776808
3.044922 0.04722262231286305
3.045410 0.04818269835685483
3.045898 0.04241031568241975
3.046387 0.04347772942077086
3.046875 0.04923222247947939
3.047363 0.04898773106454981
3.047852 0.040174113716600374
3.048340 0.02325053723927933
3.048828 -0.009851215060089626
3.049316 -0.05950086190652197
3.049805 -0.09951993228682553
3.050293 -0.10059330923041883
3.050781 -0.07066994532513449
3.051270 -0.0470019837189022
3.051758 -0.04286948248606799
3.052246 -0.039261743314546065
3.052734 -0.02989951108431561
3.053223 -0.02354869750138858
3.053711 -0.01735292725475836
3.054199 -0.007501712194668735
3.054688 0.0024449141492958516
3.055176 0.012630068702947838
3.055664 0.021634508618647196
3.056152 0.022433578121099987
3.056641 0.017001098145469448
3.057129 0.017567602643477023
3.057617 0.022469357352553097
3.058105 0.008431972212449595
3.058594 -0.030609132508135625
3.059082 -0.05944122985410012
3.059570 -0.05473029771277397
3.060059 -0.04408001315023155
3.060547 -0.04951249312586209
3.061035 -0.04938130261053402
3.061523 -0.028891729398386346
3.062012 -0.00797280540880135
3.062500 -0.002886191337217542
3.062988 -0.005921462805489709
3.063477 -0.0045916680364824535
3.063965 0.005605412927653904
3.064453 0.021443686050897276
3.064941 0.03409164436957167
3.065430 0.037019578143484506
3.065918 0.03286918729492374
3.066406 0.028283482463683476
3.066895 0.024246392514724227
3.067383 0.017633197901141057
3.067871 0.010280565837526947
3.068359 0.0056471553643491984
3.068848 -0.001514654131514991
3.069336 -0.013023640248932048
3.069824 -0.017174031097492812
3.070312 -0.010018184806870807
3.070801 -0.0004710932141326153
3.071289 0.0046393736784199335
3.071777 0.0005366884717966504
3.072266 -0.009254894535871127
3.072754 -0.00926085774111331
3.073242 0.008765911706011957
3.073730 0.03317927396751736
3.074219 0.04641162639992589
3.074707 0.04595245959627764
3.075195 0.03808699188183562
3.075684 0.024997756375239537
3.076172 0.014275913349790899
3.076660 0.014747006563923516
3.077148 0.016732753909571123
3.077637 0.0036256287872484826
3.078125 -0.0212349738674208
3.078613 -0.039720910118194314
3.079102 -0.041390607586006115
3.079590 -0.027066988594277735
3.080078 -0.003094903520694017
3.080566 0.01387041539332232
3.081055 0.0046393736784199335
3.081543 -0.026494520891027974
3.082031 -0.04979872697748697
3.082520 -0.04173647349005284
3.083008 -0.012367687672291698
3.083496 0.006625121024067539
3.083984 0.002957749800123762
3.084473 -0.0023733556863896315
3.084961 0.0064879673034972845
3.085449 0.013590144746939625
3.085938 0.006953097312387715
3.086426 0.005295326255060283
3.086914 0.018569421124164102
3.087402 0.027567897834621272
3.087891 0.02464592726595062
3.088379 0.024025753920763383
3.088867 0.02900503029798786
3.089355 0.030811881486369916
3.089844 0.027210105520090174
3.090332 0.021050114504913064
3.090820 0.013983716292923835
3.091309 0.009081961583847761
3.091797 0.01512268849418117
3.092285 0.03576730504262565
3.092773 0.05193951765943138
3.093262 0.040186040127084745
3.093750 0.009427827487894492
3.094238 -0.007871430919684206
3.094727 -0.0008109959129371606
3.095215 0.005307252665544653
3.095703 -0.007060435006747045
3.096191 -0.017537786617266096
3.096680 -0.009654429287097522
3.097168 0.0010853033540776707
3.097656 0.0024091349178427418
3.098145 -0.0021884963238818964
3.098633 -0.01493186592643125
3.099121 -0.03219534510255684
3.099609 -0.03681086596000803
3.100098 -0.030084370446823345
3.100586 -0.030108223267792087
3.101074 -0.031932964071900695
3.101562 -0.015337363882899831
3.102051 0.01458600002238452
3.102539 0.034908603487751017
3.103027 0.03345954461390006
3.103516 0.008980587094730616
3.104004 -0.026005538061168804
3.104492 -0.04639373678419933
3.104980 -0.04376396327239575
3.105469 -0.034884750666782274
3.105957 -0.034061828343360745
3.106445 -0.038748907663718156
3.106934 -0.0381764399604684
3.107422 -0.025641782541395517
3.107910 -0.006786127565606535
3.108398 0.010763585462143932
3.108887 0.026709196279746633
3.109375 0.03559437209060229
3.109863 0.025981685240200062
3.110352 0.0035421439138578923
3.110840 -0.003220130830779902
3.111328 0.014878197079251585
3.111816 0.024061533152216492
3.112305 0.002755000821889472
3.112793 -0.020453793980694565
3.113281 -0.01679238596199297
3.113770 0.0033692109618345275
3.114258 0.020125817692374388
3.114746 0.03136645957389312
3.115234 0.04164106220617788
3.115723 0.04641758960516807
3.116211 0.03796772777699192
3.116699 0.022171197090443844
3.117188 0.01441903027560334
3.117676 0.019791878198812028
3.118164 0.031163710595658832
3.118652 0.04012044486942071
3.119141 0.04134886514931082
3.119629 0.03725810635317191
3.120117 0.03937504421414758
3.120605 0.04614328216402756
3.121094 0.029774283774229724
3.121582 -0.02136616438274887
3.122070 -0.06947730427669749
3.122559 -0.07645425441005393
3.123047 -0.05821280957421001
3.123535 -0.04609557652209008
3.124023 -0.03319716358324392
3.124512 -0.01408509078204098
3.125000 -0.018873544591515537
3.125488 -0.058111435085092866
3.125977 -0.09753418494117792
3.126465 -0.10318730351076931
3.126953 -0.07152864688000912
3.127441 -0.032827444858228444
3.127930 -0.026971577310402773
3.128418 -0.04550521920311377
3.128906 -0.03741314968946872
3.129395 0.004830196246169853
3.129883 0.034371915015954366
3.130371 0.026363330375699903
3.130859 0.0012105306641635558
3.131348 -0.01428783976027527
3.131836 -0.009559018003222562
3.132324 0.008730132474558845
3.132812 0.019010698312085794
3.133301 0.00912966722578524
3.133789 -0.0036196655820062975
3.134277 -0.002796743258584767
3.134766 -0.0004651300088904303
3.135254 -0.011192936239581253
3.135742 -0.02584453151962981
3.136230 -0.027925690149152374
3.136719 -0.016685048267633642
3.137207 -0.0004472403931638753
3.137695 0.021002408862975584
3.138184 0.04862397554477652
3.138672 0.06968005325493178
3.139160 0.07178506470542308
3.139648 0.05775960597580395
3.140137 0.04037089948959248
3.140625 0.03355495589777502
3.141113 0.03786039008263259
3.141602 0.0352723590075243
3.142090 0.013959863471955094
3.142578 -0.011664029453713868
3.143066 -0.019917105508897914
3.143555 -0.012612179087221283
3.144043 -0.009213152099175831
3.144531 -0.011503022912174872
3.145020 -0.002456840559780222
3.145508 0.017537786617266096
3.145996 0.028331188105620953
3.146484 0.024079422767943046
3.146973 0.02037627231254616
3.147461 0.02346521262799799
3.147949 0.017782278032195682
3.148438 -0.0037270032763656274
3.148926 -0.023554660706630766
3.149414 -0.024735375344583397
3.149902 -0.014353435017939304
3.150391 -0.013822709751384839
3.150879 -0.02868301721490987
3.151367 -0.04034704666862374
3.151855 -0.03568978337447725
3.152344 -0.025236284584926938
3.152832 -0.01951160755242933
3.153320 -0.013208499611439785
3.153809 0.0003458659040467302
3.154297 0.017555676232992652
3.154785 0.0283132984898944
3.155273 0.027579824245105643
3.155762 0.02177166233921745
3.156250 0.019189594469351343
3.156738 0.018819875744335874
3.157227 0.017132288660797516
3.157715 0.0161841390272901
3.158203 0.012975934606994569
3.158691 -0.0022779444025146714
3.159180 -0.02113956258354584
3.159668 -0.01663734262569616
3.160156 0.011634213427502944
3.160645 0.027299553598722947
3.161133 0.012701627165854058
3.161621 -0.006798053976090904
3.162109 -0.00809206951364505
3.162598 -0.0009362232230230456
3.163086 -0.0021169378609756763
3.163574 -0.00762693950475462
3.164062 -0.0074361169370047
3.164551 -0.003279762883201752
3.165039 0.0034825118614360425
3.165527 0.01443095668608771
3.166016 0.02053131564884297
3.166504 0.012319982030354218
3.166992 -0.0033334317303814172
3.167480 -0.01431169258124401
3.167969 -0.018002916626156527
3.168457 -0.017531823412023913
3.168945 -0.01254658382955725
3.169434 0.0004710932141326153
3.169922 0.020245081797218088
3.170410 0.03975668934964742
3.170898 0.04493871470510619
3.171387 0.022040006575115775
3.171875 -0.015033240415548396
3.172363 -0.03446732629982932
3.172852 -0.02721606872533236
3.173340 -0.0030650874944830923
3.173828 0.025385364715981563
3.174316 0.03662004339225811
3.174805 0.018664832408039064
3.175293 -0.00697098692811427
3.175781 -0.01811621752575804
3.176270 -0.02972061492705006
3.176758 -0.054235351677672614
3.177246 -0.06641817998745657
3.177734 -0.045696041770863685
3.178223 -0.0076209762995124355
3.178711 0.023208794802584035
3.179199 0.03878468689517127
3.179688 0.04287544569131018
3.180176 0.04249976376105252
3.180664 0.03933926498269447
3.181152 0.029786210184714095
3.181641 0.020125817692374388
3.182129 0.019106109595960753
3.182617 0.022588621457396794
3.183105 0.023608329553810432
3.183594 0.018313003298750147
3.184082 0.0029279337739128368
3.184570 -0.01709054622410222
3.185059 -0.030346751477479485
3.185547 -0.03647692646644567
3.186035 -0.03823010880764806
3.186523 -0.03196874330335381
3.187012 -0.019726282941147994
3.187500 -0.004985239582466663
3.187988 0.012695663960611874
3.188477 0.02074599103756163
3.188965 0.006654937050278464
3.189453 -0.012600252676736914
3.189941 -0.011699808685166978
3.190430 0.00799665822977009
3.190918 0.024246392514724227
3.191406 0.021097820146850545
3.191895 0.005146246124005658
3.192383 -0.0039118626388733625
3.192871 0.0008587015548746406
3.193359 0.003935715459842103
3.193848 -0.006625121024067539
3.194336 -0.01961298204154648
3.194824 -0.030257303398846712
3.195312 -0.04815288233064391
3.195801 -0.058087582264124124
3.196289 -0.04271443914977118
3.196777 -0.025200505353473828
3.197266 -0.02740689129308228
3.197754 -0.0369420564753361
3.198242 -0.029476123512120474
3.198730 0.008706279653590106
3.199219 0.05732429199312444
3.199707 0.07819551034077196
3.200195 0.06871401400569781
3.200684 0.0505799068642132
3.201172 0.02441932546674759
3.201660 -0.00873609567980103
3.202148 -0.024234466104239856
3.202637 -0.016881834040625748
3.203125 -0.011043856108526628
3.203613 -0.011365869191604618
3.204102 -0.0036673712239437776
3.204590 0.006183843836145849
3.205078 0.004096722001381098
3.205566 -0.0020096001666163464
3.206055 -0.00011330089960151508
3.206543 0.0034049901932876373
3.207031 -0.00038760834074202526
3.207520 -0.011681919069440423
3.208008 -0.021455612461381644
3.208496 -0.013971789882439464
3.208984 0.009696171723792817
3.209473 0.02607113331883284
3.209961 0.02274962799893579
3.210449 0.011735587916620088
3.210938 0.0042696549534044625
3.211426 -0.0052893630498180985
3.211914 -0.026685343458777894
3.212402 -0.04997762313475252
3.212891 -0.050913846357775565
3.213379 -0.028092659895933556
3.213867 -0.005408627154661799
3.214355 0.0013476843847338108
3.214844 -0.0037747089183031075
3.215332 -0.007537491426121845
3.215820 -0.0039118626388733625
3.216309 -9.541128387496006e-05
3.216797 -0.0019857473456476064
3.217285 -0.004019200333232693
3.217773 0.001389426821429106
3.218262 0.010739732641175193
3.218750 0.012260349977932369
3.219238 0.0020096001666163464
3.219727 -0.008467751443902705
3.220215 -0.008914991837066582
3.220703 -0.007454006552731255
3.221191 -0.011085598545221922
3.221680 -0.00854527311205111
3.222168 0.0042040596957404275
3.222656 0.009922773522995847
3.223145 -0.0016696974678118012
3.223633 -0.014890123489735955
3.224121 -0.009731950955245927
3.224609 0.012361724467049513
3.225098 0.03308982588888459
3.225586 0.03766956751488267
3.226074 0.027842205275761783
3.226562 0.011562654964596722
3.227051 -0.014329582196970565
3.227539 -0.049947807108541596
3.228027 -0.07728910314395984
3.228516 -0.08002025114488057
3.229004 -0.058564638683498926
3.229492 -0.026202323834160907
3.229980 0.0006380629609137955
3.230469 0.02094874001579592
3.230957 0.04555888805029343
3.231445 0.06613194613583169
3.231934 0.06114670655336503
3.232422 0.03678701313903929
3.232910 0.026184434218434353
3.233398 0.04339424454738027
3.233887 0.0662094678039801
3.234375 0.06863052913230722
3.234863 0.0452130221462467
3.235352 0.0026536263327723267
3.235840 -0.04798591258386273
3.236328 -0.08400367224666015
3.236816 -0.08605501484997179
3.237305 -0.06964427402347866
3.237793 -0.06242283247519262
3.238281 -0.06213063541832556
3.238770 -0.049339560173838726
3.239258 -0.01871253804997654
3.239746 0.015015350799821841
3.240234 0.03559437209060229
3.240723 0.042833703254614885
3.241211 0.042368573245724454
3.241699 0.03513520528695405
3.242188 0.029225668891948706
3.242676 0.03605353889425054
3.243164 0.052273457152993745
3.243652 0.06780164360364349
3.244141 0.08082528385257555
3.244629 0.09010403120941542
3.245117 0.08572703856165162
3.245605 0.05994810229968585
3.246094 0.023399617370333956
3.246582 -0.00036375551977328523
3.247070 -0.0011210825855307808
3.247559 0.009541128387496007
3.248047 0.01509883567321243
3.248535 0.005897609984520969
3.249023 -0.007889320535410761
3.249512 -0.0007752166814840505
3.250000 0.024556479187317848
3.250488 0.03024537698836234
3.250977 0.0034586590404673025
3.251465 -0.018611163560859397
3.251953 -0.010697990204479898
3.252441 0.001997673756131976
3.252930 -0.003094903520694017
3.253418 -0.012534657419072878
3.253906 -0.01549240721919664
3.254395 -0.01834281932496107
3.254883 -0.02100837206821777
3.255371 -0.01867675881852343
3.255859 -0.01780613085316442
3.256348 -0.025838568314387623
3.256836 -0.038271851244343354
3.257324 -0.04808728707297987
3.257812 -0.047431334496339524
3.258301 -0.03354302948729065
3.258789 -0.02365603519574791
3.259277 -0.028098623101175738
3.259766 -0.028366967337074063
3.260254 -0.0167804595515086
3.260742 -0.015343327088142015
3.261230 -0.03325083243042358
3.261719 -0.04762215706408944
3.262207 -0.03978054217061616
3.262695 -0.022815223256599824
3.263184 -0.020245081797218088
3.263672 -0.03084169751258084
3.264160 -0.03424668770586848
3.264648 -0.021300569125084833
3.265137 0.0018366672145929813
3.265625 0.02366796160623228
3.266113 0.02718028949387925
3.266602 0.0006201733451872405
3.267090 -0.03549896080672733
3.267578 -0.04266077030259152
3.268066 -0.015188283751845204
3.268555 0.01957720281009337
3.269043 0.037818647645937294
3.269531 0.03205819138198658
3.270020 0.011282384318214028
3.270508 -0.0033393949356236023
3.270996 -0.0026476631275301416
3.271484 -0.003488475066678227
3.271973 -0.014890123489735955
3.272461 -0.019243263316531006
3.272949 -0.007036582185778305
3.273438 0.009302600177808606
3.273926 0.017120362250313145
3.274414 0.016321292747860355
3.274902 0.016422667236977502
3.275391 0.023423470191302694
3.275879 0.03607142850997709
3.276367 0.053257386017954274
3.276855 0.07115892815499365
3.277344 0.08264406145144197
3.277832 0.08145738360824716
3.278320 0.05987654383677962
3.278809 0.022147344269475105
3.279297 -0.0064700776877707296
3.279785 -0.01421628129736905
3.280273 -0.01432361899172838
3.280762 -0.009785619802425592
3.281250 -0.002689405564225437
3.281738 -0.013560328720728699
3.282227 -0.03842093137539798
3.282715 -0.04573778420755898
3.283203 -0.03604757568900835
3.283691 -0.032547174211845754
3.284180 -0.03287515050016593
3.284668 -0.025439033563161226
3.285156 -0.015510296834923196
3.285645 -0.009481496335074157
3.286133 -0.0022362019658193765
3.286621 0.009421864282652306
3.287109 0.016535968136579017
3.287598 0.012254386772690183
3.288086 0.0025820678698661066
3.288574 -0.00638659281438014
3.289062 -0.013971789882439464
3.289551 -0.017883652521312826
3.290039 -0.017084583018860035
3.290527 -0.015009387594579655
3.291016 -0.01412087001349409
3.291504 -0.01551626004016538
3.291992 -0.018193739193906447
3.292480 -0.015337363882899831
3.292969 -0.007012729364809565
3.293457 -0.005730640237739789
3.293945 -0.012844744091666499
3.294434 -0.013900231419533244
3.294922 -0.004400845468732533
3.295410 0.004537999189302788
3.295898 0.00735263206361411
3.296387 0.011085598545221922
3.296875 0.017537786617266096
3.297363 0.022684032741271756
3.297852 0.03310175229936896
3.298340 0.05118219059367389
3.298828 0.05737199763506192
3.299316 0.03712095263260165
3.299805 0.005277436639333728
3.300293 -0.013441064615884998
3.300781 -0.012349798056565144
3.301270 -0.0004830196246169853
3.301758 0.016977245324500706
3.302246 0.03775305238827326
3.302734 0.05294729934536065
3.303223 0.05626284146001551
3.303711 0.04783086924756592
3.304199 0.026589932174902933
3.304688 -0.006142101399450554
3.305176 -0.03645307364547693
3.305664 -0.042147934651763606
3.306152 -0.020918923989584993
3.306641 -0.003130682752147127
3.307129 -0.012952081786025828
3.307617 -0.03287515050016593
3.308105 -0.03490264028250883
3.308594 -0.027066988594277735
3.309082 -0.03481915540911824
3.309570 -0.05727062314594478
3.310059 -0.07020481531624405
3.310547 -0.06295355774174709
3.311035 -0.05213630343242349
3.311523 -0.04832581528266727
3.312012 -0.0362264718462739
3.312500 -0.008288855286637156
3.312988 0.017203847123703736
3.313477 0.024723448934099026
3.313965 0.017227699944672478
3.314453 0.005975131652669374
3.314941 0.0005366884717966504
3.315430 -0.002552251843655182
3.315918 -0.009075998378605576
3.316406 -0.005867793958310044
3.316895 0.015152504520392095
3.317383 0.03456870078894647
3.317871 0.039500271524233466
3.318359 0.04492082508937963
3.318848 0.05858252829922548
3.319336 0.06222008349695833
3.319824 0.04567218894989494
3.320312 0.024961977143786427
3.320801 0.014269950144548715
3.321289 0.00766271873620773
3.321777 -0.0027192215904363617
3.322266 -0.012302092414627663
3.322754 -0.013423175000158443
3.323242 -0.007203551932559485
3.323730 -0.005235694202638434
3.324219 -0.012319982030354218
3.324707 -0.01422820770785342
3.325195 -0.005593486517169534
3.325684 -0.004561852010271528
3.326172 -0.018020806241883083
3.326660 -0.03038849391417478
3.327148 -0.03585078991601624
3.327637 -0.03811084470280436
3.328125 -0.02336980134412303
3.328613 0.015832309918001185
3.329102 0.05434865257727413
3.329590 0.06955482594484588
3.330078 0.06637643755076128
3.330566 0.0588926149718191
3.331055 0.053191790760290236
3.331543 0.0508601775105959
3.332031 0.05399682346798521
3.332520 0.0561077981237187
3.333008 0.044730002521629716
3.333496 0.018038695857609637
3.333984 -0.014198391681642495
3.334473 -0.04027548820571752
3.334961 -0.04763408347457381
3.335449 -0.033829263338915526
3.335938 -0.02316705236588874
3.336426 -0.03512924208171186
3.336914 -0.04808132386773769
3.337402 -0.035415475933336736
3.337891 -0.008276928876152785
3.338379 0.0022719811972724867
3.338867 -0.01564745055549345
3.339355 -0.03945852908753817
3.339844 -0.03857597471169479
3.340332 -0.01396582667719728
3.340820 0.005533854464747683
3.341309 0.0010674137383511156
3.341797 -0.017179994302734997
3.342285 -0.02963713005365947
3.342773 -0.032630659085236345
3.343262 -0.03242791010700205
3.343750 -0.030644911739588734
3.344238 -0.029189889660495596
3.344727 -0.03211782343440843
3.345215 -0.031193526621869756
3.345703 -0.013685556030814585
3.346191 0.00771042437814521
3.346680 0.00831867131284808
3.347168 -0.005378811128450874
3.347656 -0.0066668634607628344
3.348145 0.009779656597183406
3.348633 0.028176144769324143
3.349121 0.03643518402975037
3.349609 0.0382539616286168
3.350098 0.04461073841678601
3.350586 0.0564655904382498
3.351074 0.06122422822151344
3.351562 0.04459881200630165
3.352051 0.014144722834462829
3.352539 0.0005724677032497604
3.353027 0.01505113003127495
3.353516 0.03349532384535317
3.354004 0.034509068736524616
3.354492 0.022206976321896953
3.354980 0.013238315637650709
3.355469 0.015104798878454615
3.355957 0.017448338538633323
3.356445 0.007251257574496965
3.356934 -0.013858488982837949
3.357422 -0.037007651733000135
3.357910 -0.05915499600247524
3.358398 -0.07096214238200155
3.358887 -0.05489726745955515
3.359375 -0.017829983674133163
3.359863 0.009147556841511795
3.360352 0.01525387900950924
3.360840 0.017001098145469448
3.361328 0.02422850289899767
3.361816 0.03364440397640779
3.362305 0.04255343260823219
3.362793 0.04657859614670706
3.363281 0.04205252336788865
3.363770 0.035039794003079085
3.364258 0.03151553970494775
3.364746 0.021765699133975264
3.365234 -0.004567815215513713
3.365723 -0.030084370446823345
3.366211 -0.03059124289240907
3.366699 -0.01538506952483731
3.367188 -0.011652103043229499
3.367676 -0.0235009918594511
3.368164 -0.03143801803679934
3.368652 -0.027579824245105643
3.369141 -0.025504628820825263
3.369629 -0.0297444677480188
3.370117 -0.025421143947434673
3.370605 -0.004860012272380778
3.371094 0.015563965682102861
3.371582 0.016881834040625748
3.372070 0.005032945224404143
3.372559 -0.002504546201717702
3.373047 -0.004675152909873043
3.373535 -0.011216789060549993
3.374023 -0.018408414582625106
3.374512 -0.008634721190683885
3.375000 0.018014843036640898
3.375488 0.030132076088760826
3.375977 0.009463606719347602
3.376465 -0.0163034031321338
3.376953 -0.016488262494641536
3.377441 -0.0009302600177808606
3.377930 -0.001299978742796331
3.378418 -0.029321080175823664
3.378906 -0.06018663050937324
3.379395 -0.060592128465841825
3.379883 -0.031491686883979006
3.380371 -0.00797280540880135
3.380859 -0.01435939822318149
3.381348 -0.029917400700042167
3.381836 -0.019404269858070002
3.382324 0.009272784151597682
3.382812 0.02216523388520166
3.383301 0.009135630431027426
3.383789 -0.01994692153510884
3.384277 -0.04806939745725332
3.384766 -0.05839170573147556
3.385254 -0.05071706058478346
3.385742 -0.03613702376764112
3.386230 -0.022898708129990415
3.386719 -0.012492914982377583
3.387207 -0.0025820678698661066
3.387695 0.00725722077973915
3.388184 0.01564745055549345
3.388672 0.021825331186397116
3.389160 0.026810570768863777
3.389648 0.03335817012478291
3.390137 0.04031723064241281
3.390625 0.03883239253710875
3.391113 0.02502757240145046
3.391602 0.014782785795376625
3.392090 0.024067496357458678
3.392578 0.0363039935144223
3.393066 0.022254681963834434
3.393555 -0.009886994291542738
3.394043 -0.023363838138880846
3.394531 -0.008497567470113631
3.395020 0.009821399033878702
3.395508 0.01858731073989066
3.395996 0.029154110429042486
3.396484 0.0430662682590601
3.396973 0.04573778420755898
3.397461 0.026774791537410667
3.397949 -0.013602071157423994
3.398438 -0.05768208430765554
3.398926 -0.07389603936115657
3.399414 -0.05351380384336823
3.399902 -0.02506335163290357
3.400391 -0.015057093236517135
3.400879 -0.018390524966898553
3.401367 -0.011604397401292018
3.401855 0.016500188905125907
3.402344 0.04799187578910491
3.402832 0.05842152175768649
3.403320 0.04991799108233067
3.403809 0.040794287061787615
3.404297 0.03393063782803267
3.404785 0.02198633772793611
3.405273 0.014269950144548715
3.405762 0.02483674983370054
3.406250 0.040323193847654995
3.406738 0.033054046657431474
3.407227 0.0010137448911714507
3.407715 -0.03001877518915931
3.408203 -0.034807228998633866
3.408691 -0.005545780875232054
3.409180 0.03745489212616401
3.409668 0.0547183713022896
3.410156 0.03675123390758618
3.410645 0.017400632896695842
3.411133 0.017943284573734678
3.411621 0.02189092644406115
3.412109 0.012457135750924473
3.412598 -0.0018903360617726463
3.413086 -0.006267328709536439
3.413574 -0.006589341792614429
3.414062 -0.019952884740351024
3.414551 -0.045016236373254595
3.415039 -0.0671278014112766
3.415527 -0.07948356267308392
3.416016 -0.08025877935456797
3.416504 -0.06726495513184684
3.416992 -0.046149245369269745
3.417480 -0.03472374412524328
3.417969 -0.04422909328128617
3.418457 -0.0566265969797888
3.418945 -0.04484330342123123
3.419434 -0.012844744091666499
3.419922 0.010399829942370648
3.420410 0.010048000833081732
3.420898 0.0001729329520233651
3.421387 -4.1742436695295025e-05
3.421875 0.005068724455857253
3.422363 -0.0021944595291240815
3.422852 -0.017484117770086433
3.423340 -0.01515846772563428
3.423828 0.012141085873088668
3.424316 0.04097914642429535
3.424805 0.04596438600676201
3.425293 0.02615461819222343
3.425781 0.0038283777654827727
3.426270 -0.0010554873278667456
3.426758 0.010387903531886277
3.427246 0.023411543780818327
3.427734 0.027383038472113538
3.428223 0.024628037650224067
3.428711 0.023483102243724546
3.429199 0.028027064638269518
3.429688 0.034956309129688494
3.430176 0.03499805156638379
3.430664 0.0192850057532263
3.431152 -0.010232860195589466
3.431641 -0.03410357078005604
3.432129 -0.03088940315451832
3.432617 -0.0034169166037720075
3.433105 0.029810063005682834
3.433594 0.05587523311927349
3.434082 0.06459940238859015
3.434570 0.053919301799836804
3.435059 0.0395658667818975
3.435547 0.030412346735143522
3.436035 0.012791075244486834
3.436523 -0.013792893725173914
3.437012 -0.025236284584926938
3.437500 -0.011783293558557568
3.437988 0.017203847123703736
3.438477 0.04685886679308976
3.438965 0.05427709411436791
3.439453 0.03521272695510245
3.439941 0.011616323811776387
3.440430 -0.012129159462604297
3.440918 -0.046208877421691594
3.441406 -0.07518409169346853
3.441895 -0.07566711131808551
3.442383 -0.05046660596461169
3.442871 -0.017919431752765936
3.443359 0.0027430744114051017
3.443848 -0.0003339394935623602
3.444336 -0.015355253498626386
3.444824 -0.02078177026901474
3.445312 -0.015212136572813945
3.445801 -0.007978768614043535
3.446289 -0.00032201308307799024
3.446777 0.005331105486513394
3.447266 0.00036971872501547024
3.447754 -0.020608837316991375
3.448242 -0.05139090277715037
3.448730 -0.07055068122029079
3.449219 -0.06125404424772436
3.449707 -0.034037975522392
3.450195 -0.011228715471034363
3.450684 -0.0008408119391480856
3.451172 0.004830196246169853
3.451660 0.015927721201876147
3.452148 0.031873332019478846
3.452637 0.040859882319451646
3.453125 0.034073754753845116
3.453613 0.0223083508110141
3.454102 0.027627529887043124
3.454590 0.05251794856792333
3.455078 0.07683589954555378
3.455566 0.08193444002762196
3.456055 0.06484389380351974
3.456543 0.0396076092185928
3.457031 0.02817018156408196
3.457520 0.035707672990203804
3.458008 0.03862368035363227
3.458496 0.020119854487132202
3.458984 0.0013953900266712909
3.459473 0.005545780875232054
3.459961 0.019338674600405968
3.460449 0.022546879020701502
3.460938 0.015891941970423037
3.461426 0.0024747301755067767
3.461914 -0.018080438294304932
3.462402 -0.036470963261203485
3.462891 -0.042452058119115045
3.463379 -0.03929752254599918
3.463867 -0.03967916768149902
3.464355 -0.05533258144223465
3.464844 -0.07819551034077196
3.465332 -0.07814780469883448
3.465820 -0.04685290358784758
3.466309 -0.01453829438044704
3.466797 -0.007716387583387396
3.467285 -0.022767517614662346
3.467773 -0.039357154598421026
3.468262 -0.04396074904538785
3.468750 -0.0371805846850235
3.469238 -0.022862928898537305
3.469727 -0.008795727732222881
3.470215 -0.009535165182253821
3.470703 -0.02972061492705006
3.471191 -0.05354361986957915
3.471680 -0.056143577355171816
3.472168 -0.03189718484044759
3.472656 -0.005760456263950714
3.473145 0.0008050327076949756
3.473633 -0.0004830196246169853
3.474121 0.012343834851322958
3.474609 0.03219534510255684
3.475098 0.0363457359511176
3.475586 0.027281663982996394
3.476074 0.02243954132634217
3.476562 0.0226661431255452
3.477051 0.01905840395402327
3.477539 0.008384266570512116
3.478027 -0.007215478343043855
3.478516 -0.017275405586609956
3.479004 -0.008437935417691781
3.479492 0.013804820135658284
3.479980 0.02480097060224743
3.480469 0.013238315637650709
3.480957 -0.0035958127610375575
3.481445 -0.005921462805489709
3.481934 0.0037210400711234423
3.482422 0.012343834851322958
3.482910 0.01643459364746187
3.483398 0.014114906808251905
3.483887 0.001472911694819696
3.484375 -0.010733769435933007
3.484863 -0.009845251854847442
3.485352 -0.002778853642858212
3.485840 0.0022421651710615616
3.486328 0.0079131733563795
3.486816 0.013369506152978779
3.487305 0.015367179909110755
3.487793 0.01777035162171131
3.488281 0.019028587927812347
3.488770 0.009046182352394651
3.489258 -0.010238823400831652
3.489746 -0.023638145580021357
3.490234 -0.015593781708313785
3.490723 0.015379106319595125
3.491211 0.045767600233769905
3.491699 0.05501653156439885
3.492188 0.05465873924986775
3.492676 0.0626315446586691
3.493164 0.0710635168711187
3.493652 0.06467692405673856
3.494141 0.04814095592015954
3.494629 0.03078206546015899
3.495117 0.007835651688231096
3.495605 -0.023483102243724546
3.496094 -0.05035926827025236
3.496582 -0.05888068856133473
3.497070 -0.047598304243120705
3.497559 -0.025248210995411306
3.498047 -0.005193951765943138
3.498535 -0.0026536263327723267
3.499023 -0.02098451924724903
3.499512 -0.03623243505151608
3.500000 -0.028653201188698945
3.500488 -0.015379106319595125
3.500977 -0.013661703209845845
3.501465 -0.013828672956627024
3.501953 -0.011395685217815543
3.502441 -0.01946986511573404
3.502930 -0.03826588803910117
3.503418 -0.04822444079355013
3.503906 -0.0393273385722101
3.504395 -0.01969646691493707
3.504883 -0.00019082256774992013
3.505371 0.01299978742796331
3.505859 0.019499681141944964
3.506348 0.02034049308109305
3.506836 0.015176357341360835
3.507324 0.007895283740652945
3.507812 -0.0003518291092889152
3.508301 -0.013816746546142655
3.508789 -0.025534444847036188
3.509277 -0.02192670567551426
3.509766 6.559525766403504e-05
3.510254 0.031622877399307074
3.510742 0.05342435576473545
3.511230 0.050317525833557065
3.511719 0.029118331197589376
3.512207 0.007275110395465705
3.512695 -0.005682934595802309
3.513184 -0.0077819828410514305
3.513672 -0.00025641782541395517
3.514160 0.011210825855307808
3.514648 0.019744172556874547
3.515137 0.026601858585387304
3.515625 0.03818836637095276
3.516113 0.05170695265498617
3.516602 0.05772382674435084
3.517090 0.055827527477336006
3.517578 0.05347206140667293
3.518066 0.05057394365897102
3.518555 0.038748907663718156
3.519043 0.01601716928050892
3.519531 -0.00954709159273819
3.520020 -0.029511902743573584
3.520508 -0.04054383244161584
3.520996 -0.041354828354553
3.521484 -0.032004522534806915
3.521973 -0.020143707308100944
3.522461 -0.01889739741248428
3.522949 -0.03100866725936202
3.523438 -0.04083602949848291
3.523926 -0.03088940315451832
3.524414 -0.00741226411603596
3.524902 0.003124719546904942
3.525391 -0.010119559295987951
3.525879 -0.03036464109320604
3.526367 -0.0423506836299979
3.526855 -0.04739555526488641
3.527344 -0.047443260906823895
3.527832 -0.040496126799678366
3.528320 -0.030865550333549582
3.528809 -0.023292279675974626
3.529297 -0.013864452188080134
3.529785 0.0009242968125386756
3.530273 0.01632725595310254
3.530762 0.02667938025353571
3.531250 0.029804099800440652
3.531738 0.02657204255917638
3.532227 0.02354869750138858
3.532715 0.024550515982075662
3.533203 0.021097820146850545
3.533691 0.005861830753067859
3.534180 -0.015713045813157484
3.534668 -0.03236231484933802
3.535156 -0.032302682796916164
3.535645 -0.01723366314991466
3.536133 -0.0092250785096602
3.536621 -0.017782278032195682
3.537109 -0.025856457930114176
3.537598 -0.021896889649303336
3.538086 -0.010352124300433167
3.538574 0.007525565015637475
3.539062 0.03271414395862693
3.539551 0.05425324129339917
3.540039 0.05884490932988162
3.540527 0.04651300088904303
3.541016 0.0281940343850507
3.541504 0.02119919463596769
3.541992 0.034825118614360426
3.542480 0.04913681119560443
3.542969 0.038289740860069914
3.543457 0.011640176632745127
3.543945 -0.0033692109618345275
3.544434 -0.0004174243669529503
3.544922 0.008175554387035641
3.545410 0.010692026999237712
3.545898 0.005671008185317939
3.546387 0.003124719546904942
3.546875 0.00754345463136403
3.547363 0.00680401718133309
3.547852 -0.003053161083998722
3.548340 -0.004555888805029343
3.548828 0.009684245313308446
3.549316 0.020197376155280607
3.549805 0.010310381863737872
3.550293 -0.012707590371096244
3.550781 -0.032785702421533156
3.551270 -0.03989384307021768
3.551758 -0.036315919924906674
3.552246 -0.03656041133983626
3.552734 -0.04503412598898115
3.553223 -0.048796908496799886
3.553711 -0.041629135795693516
3.554199 -0.02560004010470022
3.554688 -0.0008646647601168256
3.555176 0.020728101421835073
3.555664 0.020692322190381963
3.556152 0.0036733344291859627
3.556641 -0.005193951765943138
3.557129 0.005021018813919773
3.557617 0.017329074433789622
3.558105 0.01366766641508803
3.558594 -0.005521928054263314
3.559082 -0.030764175844432435
3.559570 -0.04757445142215196
3.560059 -0.04143831322794359
3.560547 -0.01580249389179026
3.561035 0.006040726910333409
3.561523 0.006297144735747364
3.562012 -0.011503022912174872
3.562500 -0.03388889539133738
3.562988 -0.04273232876549774
3.563477 -0.0227854072303889
3.563965 0.015373143114352941
3.564453 0.03775305238827326
3.564941 0.021944595291240813
3.565430 -0.01450251514899393
3.565918 -0.033065973067915845
3.566406 -0.023900526610677496
3.566895 -0.008455825033418336
3.567383 -0.0012701627165854058
3.567871 -0.0006022837294606854
3.568359 0.0006440261661559805
3.568848 0.008670500422136997
3.569336 0.021992300933178294
3.569824 0.02713258385194177
3.570312 0.010560836483909642
3.570801 -0.018283187272539223
3.571289 -0.033906785007063935
3.571777 -0.02945823389639392
3.572266 -0.019988663971804134
3.572754 -0.015080946057485875
3.573242 -0.010829180719807967
3.573730 0.004842122656654223
3.574219 0.04418735084459088
3.574707 0.09245949728007849
3.575195 0.10511938200923725
3.575684 0.06090817834367763
3.576172 -0.004054979564685803
3.576660 -0.04255343260823219
3.577148 -0.052273457152993745
3.577637 -0.05634036312816392
3.578125 -0.06366914237080928
3.578613 -0.077068464549999
3.579102 -0.09302600177808606
3.579590 -0.08770682270205704
3.580078 -0.04959597799925268
3.580566 -0.002713258385194177
3.581055 0.026011501266410986
3.581543 0.03605353889425054
3.582031 0.03890991420525715
3.582520 0.02994721672625309
3.583008 0.0022242755553350067
3.583496 -0.024335840593357
3.583984 -0.025713341004301737
3.584473 -0.013160793969502304
3.584961 -0.011646139837987313
3.585449 -0.016774496346266415
3.585938 -0.012528694213830693
3.586426 -0.0010793401488354856
3.586914 0.009457643514105416
3.587402 0.018843728565304613
3.587891 0.03238020446506457
3.588379 0.04815288233064391
3.588867 0.05396700744177429
3.589355 0.049876248645635377
3.589844 0.05142668200860347
3.590332 0.0630310794098955
3.590820 0.06911951196216638
3.591309 0.05570826337249231
3.591797 0.02936282261251896
3.592285 0.010316345068980057
3.592773 0.01421628129736905
3.593262 0.03656041133983626
3.593750 0.05403856590468051
3.594238 0.05392526500507899
3.594727 0.04702583653987094
3.595215 0.03745489212616401
3.595703 0.01568322978694656
3.596191 -0.0045916680364824535
3.596680 0.007430153731762515
3.597168 0.04506394201519207
3.597656 0.06519572291280865
3.598145 0.050627612506150686
3.598633 0.03135453316340875
3.599121 0.03402604911190763
3.599609 0.038367262528218316
3.600098 0.012319982030354218
3.600586 -0.02875457567781609
3.601074 -0.04458092239057509
3.601562 -0.0332031267884861
3.602051 -0.02248724696827965
3.602539 -0.018909323822968647
3.603027 -0.0080324374612232
3.603516 0.007137956674895449
3.604004 0.006786127565606535
3.604492 -0.011318163549667137
3.604980 -0.028176144769324143
3.605469 -0.03190911125093196
3.605957 -0.03016189211497175
3.606445 -0.032093970613439694
3.606934 -0.0349145666929932
3.607422 -0.03340587576672039
3.607910 -0.026500484096270156
3.608398 -0.016213955053501025
3.608887 -0.008121885539855975
3.609375 -0.005265510228849359
3.609863 -0.005754493058708529
3.610352 -0.00964250287661315
3.610840 -0.01912996241692949
3.611328 -0.030704543792010586
3.611816 -0.035570519269633546
3.612305 -0.03221323471828339
3.612793 -0.026112875755528134
3.613281 -0.013757114493720805
3.613770 0.011896594458159084
3.614258 0.03827781444958554
3.614746 0.04506394201519207
3.615234 0.040919514371873494
3.615723 0.04829003605121416
3.616211 0.05713943263061671
3.616699 0.04165298861666225
3.617188 0.006320997556716104
3.617676 -0.023900526610677496
3.618164 -0.04099107283477972
3.618652 -0.05350784063812604
3.619141 -0.05887472535609255
3.619629 -0.04299470979615388
3.620117 -0.00692328128617679
3.620605 0.02784816848100397
3.621094 0.042517653376779076
3.621582 0.035636114527297584
3.622070 0.019595092425819922
3.622559 0.012880523323119609
3.623047 0.023447323012271436
3.623535 0.037246179942687536
3.624023 0.03966724127101465
3.624512 0.03672141788137526
3.625000 0.03176003111987733
3.625488 0.011079635339979738
3.625977 -0.021801478365428374
3.626465 -0.04588090113337142
3.626953 -0.06018663050937324
3.627441 -0.07055068122029079
3.627930 -0.07319834434782092
3.628418 -0.08137389873485656
3.628906 -0.10081394782437968
3.629395 -0.09114759212679778
3.629883 -0.03059124289240907
3.630371 0.03130682752147127
3.630859 0.048403336950815674
3.631348 0.039714946912952125
3.631836 0.0352723590075243
3.632324 0.02883806055120668
3.632812 0.01486030746352503
3.633301 0.009952589549206772
3.633789 0.02154506054001442
3.634277 0.0355108872172117
3.634766 0.03302423063122055
3.635254 0.010059927243566101
3.635742 -0.01799695342091434
3.636230 -0.03805121265038251
3.636719 -0.054020676288953955
3.637207 -0.07664507697780386
3.637695 -0.10256116696033989
3.638184 -0.1085184089972827
3.638672 -0.08291836889258249
3.639160 -0.04656070653098051
3.639648 -0.0273591856511448
3.640137 -0.032612769469509785
3.640625 -0.04824233040927668
3.641113 -0.05493304669100826
3.641602 -0.04430065174419239
3.642090 -0.024258318925208595
3.642578 -0.00867646362737918
3.643066 -0.0012343834851322958
3.643555 0.005217804586911879
3.644043 0.015015350799821841
3.644531 0.023292279675974626
3.645020 0.026709196279746633
3.645508 0.03441962065789184
3.645996 0.05762841546047588
3.646484 0.08884579490331437
3.646973 0.10742714243796285
3.647461 0.1088404220803607
3.647949 0.10250153490791804
3.648438 0.08309130184460585
3.648926 0.04468229687969223
3.649414 0.011789256763799752
3.649902 0.011020003287557888
3.650391 0.03202837535577566
3.650879 0.04967946287264327
3.651367 0.0540803083413758
3.651855 0.045004309962770224
3.652344 0.026017464471653172
3.652832 0.002975639415850317
3.653320 -0.018229518425359557
3.653809 -0.028999067092745676
3.654297 -0.02713258385194177
3.654785 -0.024246392514724227
3.655273 -0.032457726133212975
3.655762 -0.044563032774848535
3.656250 -0.03628014069345357
3.656738 -0.0067801643603643495
3.657227 0.008819580553191621
3.657715 -0.005820088316372564
3.658203 -0.025075278043387942
3.658691 -0.02830137207941003
3.659180 -0.023387690959849584
3.659668 -0.019064367159265457
3.660156 -0.012063564204940263
3.660645 -0.0024985829964755167
3.661133 0.0049315707352869985
3.661621 0.011025966492800073
3.662109 0.016023132485751105
3.662598 0.011020003287557888
3.663086 -0.00697098692811427
3.663574 -0.02032856667060868
3.664062 -0.011103488160948477
3.664551 0.010328271479464426
3.665039 0.019917105508897914
3.665527 0.01768686674832072
3.666016 0.01957720281009337
3.666504 0.026255992681340573
3.666992 0.029965106341979644
3.667480 0.032916892936861224
3.667969 0.04184977438965436
3.668457 0.05390141218411025
3.668945 0.05427709411436791
3.669434 0.034425583863134025
3.669922 0.010352124300433167
3.670410 0.0036554448134594074
3.670898 0.01351262307879122
3.671387 0.02635140396521553
3.671875 0.02957749800123762
3.672363 0.011860815226705974
3.672852 -0.02197441131745174
3.673340 -0.04870149721292493
3.673828 -0.054163793214766394
3.674316 -0.04512953727285611
3.674805 -0.036470963261203485
3.675293 -0.03554070324342262
3.675781 -0.03410953398529822
3.676270 -0.02694176128419185
3.676758 -0.025105094069598866
3.677246 -0.025087204453872313
3.677734 -0.006058616526059964
3.678223 0.026422962428121755
3.678711 0.041909406442076205
3.679199 0.021062040915397436
3.679688 -0.03062702212386218
3.680176 -0.08415275237771477
3.680664 -0.10731384153836133
3.681152 -0.09343149973455464
3.681641 -0.06027607858800602
3.682129 -0.027192215904363617
3.682617 -0.002802706463826952
3.683105 0.013220426021924154
3.683594 0.01983958384074951
3.684082 0.011163120213370327
3.684570 -0.006845759618028384
3.685059 -0.015373143114352941
3.685547 -0.006118248578481814
3.686035 0.011586507785565463
3.686523 0.0206386533432023
3.687012 0.011061745724253183
3.687500 -0.00698291333859864
3.687988 -0.01462177925383763
3.688477 -0.009362232230230456
3.688965 -0.0017651087516867613
3.689453 0.0017770351621711313
3.689941 -2.3852820968740016e-05
3.690430 0.0006142101399450555
3.690918 0.013345653332010038
3.691406 0.027907800533425817
3.691895 0.027573861039863458
3.692383 0.022964303387654452
3.692871 0.037997543803202846
3.693359 0.0560302764555703
3.693848 0.03286322408968156
3.694336 -0.025200505353473828
3.694824 -0.061355418736841506
3.695312 -0.04584512190191831
3.695801 -0.00736455847409848
3.696289 0.01440710386511897
3.696777 0.022385872479162506
3.697266 0.040329157052897184
3.697754 0.05761052584474932
3.698242 0.04444376867000484
3.698730 0.006786127565606535
3.699219 -0.020191412950038425
3.699707 -0.024115201999396155
3.700195 -0.020310677054882122
3.700684 -0.01527773183047798
3.701172 -0.0034586590404673025
3.701660 0.014031421934861314
3.702148 0.02875457567781609
3.702637 0.033149457941306436
3.703125 0.02608902293455939
3.703613 0.011705771890409163
3.704102 -0.001538506952483731
3.704590 -0.0031783883940846073
3.705078 0.0030889403154518323
3.705566 0.0026476631275301416
3.706055 -0.001276125921827591
3.706543 0.003947641870326472
3.707031 0.010733769435933007
3.707520 0.007907210151137316
3.708008 0.0017472191359602061
3.708496 -0.005724677032497604
3.708984 -0.018390524966898553
3.709473 -0.02112763617306147
3.709961 -0.0036137023767641124
3.710449 0.009481496335074157
3.710938 -0.002969676210608132
3.711426 -0.022612474278365536
3.711914 -0.02452666316110692
3.712402 -0.011234678676276548
3.712891 0.0010853033540776707
3.713379 0.0037389296868499977
3.713867 -0.0018008879831398713
3.714355 -0.010477351610519051
3.714844 -0.01470526412722822
3.715332 -0.004776527398990188
3.715820 0.014389214249392416
3.716309 0.02480097060224743
3.716797 0.024771154576036507
3.717285 0.025945906008746952
3.717773 0.027716977965675897
3.718262 0.023715667248169762
3.718750 0.020334529875850865
3.719238 0.026476631275301418
3.719727 0.036095281330945826
3.720215 0.037770942003999816
3.720703 0.029070625555651895
3.721191 0.017311184818063065
3.721680 0.012314018825112034
3.722168 0.012910339349330533
3.722656 0.006988876543840825
3.723145 -0.013995642703408204
3.723633 -0.040180076921842556
3.724121 -0.04478367136880938
3.724609 -0.020119854487132202
3.725098 0.006446224866801989
3.725586 0.010793401488354858
3.726074 -0.0017472191359602061
3.726562 -0.011312200344424952
3.727051 -0.0012701627165854058
3.727539 0.02775275719712901
3.728027 0.05149824047150969
3.728516 0.048111139893948614
3.729004 0.02490830829660676
3.729492 0.0053370686917555785
3.729980 -0.006040726910333409
3.730469 -0.025158762916778533
3.730957 -0.04905928952745603
3.731445 -0.05607798209750778
3.731934 -0.04618502460072286
3.732422 -0.04211811862555268
3.732910 -0.06125404424772436
3.733398 -0.09043797070297777
3.733887 -0.08807057822183033
3.734375 -0.04037089948959248
3.734863 0.011294310728698397
3.735352 0.027973395791089855
3.735840 0.014460772712298635
3.736328 -0.001252273100858851
3.736816 0.0008765911706011956
3.737305 0.016840091603930452
3.737793 0.03108022572226824
3.738281 0.03914844241494455
3.738770 0.04284562966509926
3.739258 0.03794387495602318
3.739746 0.02248724696827965
3.740234 0.005671008185317939
3.740723 -0.0037568193025765526
3.741211 -0.012093380231151188
3.741699 -0.02356062391187295
3.742188 -0.024628037650224067
3.742676 -0.011049819313768812
3.743164 0.007322816037403185
3.743652 0.028259629642714734
3.744141 0.04304241543809136
3.744629 0.03765167789915611
3.745117 0.023232647623552774
3.745605 0.02013774410285876
3.746094 0.01889739741248428
3.746582 -0.004812306630443298
3.747070 -0.04165298861666225
3.747559 -0.05286381447197006
3.748047 -0.02756193462937909
3.748535 0.0041384644380763926
3.749023 0.016142396590594806
3.749512 0.010948444824651668
3.750000 0.004424698289701273
3.750488 0.003995347512263952
3.750977 0.005617339338138274
3.751465 0.00722144154828604
3.751953 0.010358087505675352
3.752441 0.00884343337416036
3.752930 -0.007764093225324876
3.753418 -0.036626006597500295
3.753906 -0.05752107776611655
3.754395 -0.056423848001554505
3.754883 -0.04725840154431616
3.755371 -0.04647125845234774
3.755859 -0.040704838983154835
3.756348 -0.01409701719252535
3.756836 0.015796530686548075
3.757324 0.022433578121099987
3.757812 0.010173228143167616
3.758301 0.004627447267935563
3.758789 0.015432775166774791
3.759277 0.029893547879073425
3.759766 0.03792002213505444
3.760254 0.04278003440743522
3.760742 0.050770729431963126
3.761230 0.06328749723530945
3.761719 0.07222634189334477
3.762207 0.06648377524512061
3.762695 0.046387773578957146
3.763184 0.01624377107971195
3.763672 -0.02763349309228531
3.764160 -0.08080739423684899
3.764648 -0.11691460197827919
3.765137 -0.11438620295559275
3.765625 -0.08612657331287801
3.766113 -0.05973939011620937
3.766602 -0.04715106384995683
3.767090 -0.04710335820801935
3.767578 -0.04755656180642541
3.768066 -0.023793188916318167
3.768555 0.03434209898974344
3.769043 0.09334205165592187
3.769531 0.10049789794654387
3.770020 0.05254776459413425
3.770508 0.01390619462477543
3.770996 0.025427107152676858
3.771484 0.04196307528925587
3.771973 0.018491899456015697
3.772461 -0.012081453820666818
3.772949 -0.0036137023767641124
3.773438 0.024896381886122393
3.773926 0.02412116520463834
3.774414 -0.009851215060089626
3.774902 -0.03409164436957167
3.775391 -0.02354869750138858
3.775879 -0.006798053976090904
3.776367 -0.015599744913555971
3.776855 -0.030740323023463696
3.777344 -0.022564768636428055
3.777832 -0.0024926197912333316
3.778320 0.006654937050278464
3.778809 0.008265002465668416
3.779297 0.016643305830938347
3.779785 0.028671090804425498
3.780273 0.03202837535577566
3.780762 0.028641274778214574
3.781250 0.02393034263688842
3.781738 0.013077309096111715
3.782227 -0.003422879809014192
3.782715 -0.011037892903284443
3.783203 -0.00023256500444521514
3.783691 0.018438230608836034
3.784180 0.028736686062089536
3.784668 0.02260651107312335
3.785156 0.0004770564193748003
3.785645 -0.025456923178887782
3.786133 -0.04007870243272541
3.786621 -0.03893376702622589
3.787109 -0.0237395200691385
3.787598 0.0023077604287255965
3.788086 0.026399109607153012
3.788574 0.026208287039403092
3.789062 -0.004293507774373203
3.789551 -0.03625032466724264
3.790039 -0.039661278065772465
3.790527 -0.020966629631522474
3.791016 0.001449058873850956
3.791504 0.023173015571130925
3.791992 0.034652185662337055
3.792480 0.02548077599985652
3.792969 0.008324634518090266
3.793457 -0.0025641782541395517
3.793945 -0.017573565848719205
3.794434 -0.04295893056470077
3.794922 -0.05785501725967891
3.795410 -0.048641865160503076
3.795898 -0.027842205275761783
3.796387 -0.012212644335994888
3.796875 -0.012641995113432208
3.797363 -0.019356564216132525
3.797852 -0.001377500410944736
3.798340 0.040329157052897184
3.798828 0.06273291914778624
3.799316 0.04454514315912198
3.799805 0.008801690937465067
3.800293 -0.015897905175665222
3.800781 -0.016798349167235157
3.801270 0.008968660684246246
3.801758 0.04506990522043426
3.802246 0.05692475724189805
3.802734 0.03386504257036864
3.803223 0.0034109533985298224
3.803711 -0.013494733463064665
3.804199 -0.023459249422755808
3.804688 -0.034127423601024776
3.805176 -0.04271443914977118
3.805664 -0.04263095427638059
3.806152 -0.029810063005682834
3.806641 -0.011127340981917217
3.807129 0.0057425666482241585
3.807617 0.021980374522693923
3.808105 0.03289900332113467
3.808594 0.028987140682261305
3.809082 0.01477682259013444
3.809570 0.0021229010662178614
3.810059 -0.004925607530044813
3.810547 -0.006953097312387715
3.811035 -0.005390737538935243
3.811523 -0.0035063646824047825
3.812012 -0.003190314804568977
3.812500 -0.0010495241226245607
3.812988 0.005372847923208688
3.813477 0.007764093225324876
3.813965 -0.0007155846290622005
3.814453 -0.0033871005775610824
3.814941 0.017895578931797197
3.815430 0.04415157161313777
3.815918 0.04626850947411345
3.816406 0.028498157852402135
3.816895 0.006088432552270889
3.817383 -0.02180744157067056
3.817871 -0.048194624767339204
3.818359 -0.0508601775105959
3.818848 -0.0297444677480188
3.819336 -0.01280896486021339
3.819824 -0.012749332807791539
3.820312 -0.010918628798440742
3.820801 0.009308563383050791
3.821289 0.04009062884320978
3.821777 0.06276869837923935
3.822266 0.06465307123576981
3.822754 0.04519513253052015
3.823242 0.013107125122322639
3.823730 -0.020668469369413224
3.824219 -0.041301159507373335
3.824707 -0.03824799842337462
3.825195 -0.025623892925668964
3.825684 -0.026267919091824944
3.826172 -0.034658148867579244
3.826660 -0.031026556875088575
3.827148 -0.01390619462477543
3.827637 0.0061957702466302195
3.828125 0.01396582667719728
3.828613 -0.0012820891270697759
3.829102 -0.019929031919382282
3.829590 -0.011932373689612193
3.830078 0.01506305644175932
3.830566 0.030573353276682515
3.831055 0.027997248612058594
3.831543 0.021229010662178614
3.832031 0.018354745735445443
3.832520 0.018599237150375026
3.833008 0.020543242059327338
3.833496 0.023447323012271436
3.833984 0.023190905186857482
3.834473 0.01517039413611865
3.834961 0.0024687669702645916
3.835449 -0.005688897801044494
3.835938 -0.005295326255060283
3.836426 -0.004329287005826313
3.836914 -0.010280565837526947
3.837402 -0.017364853665242732
3.837891 -0.022397798889646874
3.838379 -0.029225668891948706
3.838867 -0.030990777643635465
3.839355 -0.020286824233913384
3.839844 -0.005199914971185324
3.840332 0.0033811373723188973
3.840820 0.006821906797059645
3.841309 0.012123196257362114
3.841797 0.015736898634126226
3.842285 0.007978768614043535
3.842773 -0.008366376954785561
3.843262 -0.02211752824326418
3.843750 -0.02887383978265979
3.844238 -0.0312949011109869
3.844727 -0.03146187085776808
3.845215 -0.026482594480543603
3.845703 -0.013119051532807008
3.846191 0.007764093225324876
3.846680 0.030895366359760507
3.847168 0.04579741625998083
3.847656 0.04352543506270835
3.848145 0.030239413783120155
3.848633 0.022839076077568566
3.849121 0.023864747379224387
3.849609 0.019809767814538585
3.850098 0.007227404753528225
3.850586 -0.0014073164371556609
3.851074 0.0038701202021780676
3.851562 0.01912996241692949
3.852051 0.03038849391417478
3.852539 0.02586242113535636
3.853027 0.007012729364809565
3.853516 -0.009582870824191302
3.854004 -0.007191625522075115
3.854492 0.011115414571432848
3.854980 0.02656011614869201
3.855469 0.02577893626196577
3.855957 0.011246605086760918
3.856445 -0.0035898495557953724
3.856934 -0.008598941959230775
3.857422 -0.00675631153939561
3.857910 -0.0068934652599658645
3.858398 -0.010554873278667457
3.858887 -0.012618142292463469
3.859375 -0.008658574011652626
3.859863 -9.541128387496006e-05
3.860352 0.0019440049089523112
3.860840 -0.00954709159273819
3.861328 -0.022851002488052937
3.861816 -0.024180797257060193
3.862305 -0.016655232241422718
3.862793 -0.010232860195589466
3.863281 -0.004484330342123123
3.863770 0.0038045249445140326
3.864258 0.004281581363888833
3.864746 -0.01532543747241546
3.865234 -0.04373414724618482
3.865723 -0.05056798045372883
3.866211 -0.028140365537871033
3.866699 -0.010304418658495688
3.867188 -0.02401382751027901
3.867676 -0.049852395824666634
3.868164 -0.06083661988077141
3.868652 -0.055308728621265915
3.869141 -0.03628610389869575
3.869629 -0.008664537216894811
3.870117 0.012153012283573038
3.870605 0.017174031097492812
3.871094 0.01513461490466554
3.871582 0.019583166015335555
3.872070 0.030382530708932595
3.872559 0.03363844077116561
3.873047 0.021539097334772234
3.873535 0.005480185617568019
3.874023 -0.0031366459573893123
3.874512 -0.008855359784644731
3.875000 -0.010155338527441061
3.875488 0.001508690926272806
3.875977 0.014335545402212749
3.876465 0.013560328720728699
3.876953 0.00669667948697376
3.877441 0.004484330342123123
3.877930 0.008694353243105735
3.878418 0.015450664782501346
3.878906 0.016261660695438506
3.879395 0.010864959951261077
3.879883 0.008628757985441701
3.880371 0.012397503698502623
3.880859 0.018825838949578056
3.881348 0.027090841415246474
3.881836 0.03358477192398594
3.882324 0.031718288683182036
3.882812 0.020906997579100625
3.883301 0.008086106308402865
3.883789 -0.00016100654153899512
3.884277 -0.010787438283112672
3.884766 -0.02850412105764432
3.885254 -0.03190314804568977
3.885742 -0.008789764526980695
3.886230 0.014842417847798476
3.886719 0.0163034031321338
3.887207 0.005545780875232054
3.887695 0.00031604987783580524
3.888184 0.0019857473456476064
3.888672 -0.0023554660706630766
3.889160 -0.020620763727475743
3.889648 -0.03572556260593036
3.890137 -0.020370309107303974
3.890625 0.02205789619084233
3.891113 0.05623302543380459
3.891602 0.055970644403148445
3.892090 0.029082551966136266
3.892578 0.002862338516248802
3.893066 -0.007811798867262356
3.893555 -0.010274602632284762
3.894043 -0.01681623878296171
3.894531 -0.031342606752924385
3.895020 -0.047127211028988085
3.895508 -0.0545573647607506
3.895996 -0.05382985372120403
3.896484 -0.04853452746614375
3.896973 -0.03370999923407183
3.897461 -0.004078832385654543
3.897949 0.032922856142103406
3.898438 0.0600852560202561
3.898926 0.06750944654677643
3.899414 0.06145083002071647
3.899902 0.05028174660210395
3.900391 0.028027064638269518
3.900879 -0.012015858563002782
3.901367 -0.04848085861896408
3.901855 -0.046602448967675805
3.902344 -0.00847371464914489
3.902832 0.023834931353013462
3.903320 0.02062672693271793
3.903809 -0.004782490604232373
3.904297 -0.019905179098413543
3.904785 -0.01460985284335326
3.905273 -0.007990695024527905
3.905762 -0.013172720379986675
3.906250 -0.020978556042006845
3.906738 -0.020274897823429013
3.907227 -0.009028292736668097
3.907715 0.0018962992670148312
3.908203 -0.004854049067138593
3.908691 -0.02124690027790517
3.909180 -0.020382235517788345
3.909668 -0.008795727732222881
3.910156 -0.020441867570210194
3.910645 -0.0508184350739006
3.911133 -0.05660274415882006
3.911621 -0.029237595302433073
3.912109 -0.004251765337677908
3.912598 0.0005784309084919454
3.913086 -0.0015563965682102862
3.913574 0.006976950133356454
3.914062 0.036792976344281476
3.914551 0.07739047763307698
3.915039 0.095280093359632
3.915527 0.07176717508969653
3.916016 0.03020959775690923
3.916504 0.0019559313194366813
3.916992 -0.013864452188080134
3.917480 -0.03150957649970556
3.917969 -0.044419915849036096
3.918457 -0.03724021673744535
3.918945 -0.01581442030227463
3.919434 -0.0009660392492339706
3.919922 -0.0011449354064995208
3.920410 -0.007084287827715785
3.920898 -0.007442080142246885
3.921387 -0.0009720024544761556
3.921875 0.00745996975797344
3.922363 0.015665340171220007
3.922852 0.02453858957159129
3.923340 0.034682001688547986
3.923828 0.04348369262601305
3.924316 0.04619098780596504
3.924805 0.04299470979615388
3.925293 0.0381764399604684
3.925781 0.02869494362539424
3.926270 0.005026982019161959
3.926758 -0.02881420773023794
3.927246 -0.048278109640729795
3.927734 -0.03921403767260859
3.928223 -0.018736390870945283
3.928711 -0.008431972212449595
3.929199 -0.01466948489577511
3.929688 -0.02907658876089408
3.930176 -0.026631674611598228
3.930664 0.0037210400711234423
3.931152 0.031050409696057317
3.931641 0.025623892925668964
3.932129 0.001419242847640031
3.932617 -0.013900231419533244
3.933105 -0.015903868380907404
3.933594 -0.012940155375541459
3.934082 -0.006821906797059645
3.934570 0.0039297522545999174
3.935059 0.018396488172140738
3.935547 0.03413935001150915
3.936035 0.04559466728174654
3.936523 0.045004309962770224
3.937012 0.030144002499245197
3.937500 0.009785619802425592
3.937988 -0.009427827487894492
3.938477 -0.035803084274078766
3.938965 -0.06894657901014302
3.939453 -0.08071794615821622
3.939941 -0.05368673679539159
3.940430 -0.014234170913095605
3.940918 0.005021018813919773
3.941406 0.005772382674435084
3.941895 0.003351321346107972
3.942383 -0.0007692534762418655
3.942871 -0.010435609173823758
3.943359 -0.023661998400990095
3.943848 -0.029535755564542326
3.944336 -0.015200210162329576
3.944824 0.010888812772229818
3.945312 0.028742649267331718
3.945801 0.03864156996935882
3.946289 0.046298325500324373
3.946777 0.04038282590007685
3.947266 0.014615816048595446
3.947754 -0.011658066248471682
3.948242 -0.019237300111288824
3.948730 -0.020441867570210194
3.949219 -0.03653655851886752
3.949707 -0.05908343753956902
3.950195 -0.06155220450983361
3.950684 -0.03716865827453913
3.951172 -0.0050448716348885135
3.951660 0.01538506952483731
3.952148 0.021920742470272075
3.952637 0.024938124322817688
3.953125 0.028253666437472548
3.953613 0.02347713903848236
3.954102 0.011902557663401267
3.954590 0.00833059772333245
3.955078 0.016351108774071282
3.955566 0.024950050733302056
3.956055 0.030287119425057636
3.956543 0.03643518402975037
3.957031 0.04006677602224104
3.957520 0.03818836637095276
3.958008 0.03569574657971943
3.958496 0.03153939252591648
3.958984 0.019791878198812028
3.959473 0.007835651688231096
3.959961 0.00818748079752001
3.960449 0.017847873289859716
3.960938 0.026840386795074705
3.961426 0.03007840724158116
3.961914 0.024180797257060193
3.962402 0.010894775977472002
3.962891 -0.004472403931638753
3.963379 -0.01832492970923452
3.963867 -0.02221293952713914
3.964355 -0.013220426021924154
3.964844 -0.0080324374612232
3.965332 -0.016196065437774472
3.965820 -0.022970266592896634
3.966309 -0.020614800522233558
3.966797 -0.020107928076647835
3.967285 -0.024771154576036507
3.967773 -0.025379401510739377
3.968262 -0.020322603465366493
3.968750 -0.02311934672395126
3.969238 -0.045397881508754435
3.969727 -0.0712185602074155
3.970215 -0.0657681906160584
3.970703 -0.027734867581402454
3.971191 0.0035958127610375575
3.971680 0.0072333679587704095
3.972168 -0.0024747301755067767
3.972656 -0.0075553810418484005
3.973145 -0.001455022079093141
3.973633 0.009099851199574316
3.974121 0.012618142292463469
3.974609 0.00816362797655127
3.975098 0.0040251635384748775
3.975586 0.006738421923669055
3.976074 0.014413067070361154
3.976562 0.01815199675721115
3.977051 0.01402545872961913
3.977539 0.010662210973026788
3.978027 0.014138759629220645
3.978516 0.017305221612820883
3.979004 0.018998771901601423
3.979492 0.02739496488259791
3.979980 0.03722829032696098
3.980469 0.03568978337447725
3.980957 0.02067443257465541
3.981445 -0.005128356508279103
3.981934 -0.030966924822666726
3.982422 -0.03393660103327486
3.982910 -0.011723661506135718
3.983398 0.0021467538871866015
3.983887 -0.01542084875629042
3.984375 -0.040102555253694154
3.984863 -0.03598198043134431
3.985352 -0.00745996975797344
3.985840 0.018468046635046958
3.986328 0.033763668081251495
3.986816 0.038367262528218316
3.987305 0.02653626332772327
3.987793 0.009791583007667777
3.988281 0.0070723614172314144
3.988770 -0.0005426516770388354
3.989258 -0.04158143015375603
3.989746 -0.07869641958111549
3.990234 -0.04899965747503418
3.990723 0.028999067092745676
3.991211 0.0816005005340596
3.991699 0.07787946046293616
3.992188 0.03797965418747629
3.992676 -0.002576104664623922
3.993164 -0.019380417037101264
3.993652 -0.022326240426740654
3.994141 -0.03287515050016593
3.994629 -0.04197500169974024
3.995117 -0.029285300944370554
3.995605 -0.005146246124005658
3.996094 0.00675631153939561
3.996582 0.005164135739732213
3.997070 -0.0008944807863277506
3.997559 -0.009433790693136676
3.998047 -0.014150686039705014
3.998535 -0.006929244491418974
3.999023 0.007740240404356135
3.999512 0.018730427665703098
4.000000 0.01935060101089034
4.000488 0.00722144154828604
4.000977 -0.010972297645620407
4.001465 -0.017901542137039383
4.001953 -0.009087924789089947
4.002441 -0.002749037616647287
4.002930 -0.008849396579402546
4.003418 -0.012361724467049513
4.003906 0.0009123704020543057
4.004395 0.021944595291240813
4.004883 0.02997106954722183
4.005371 0.014281876555033084
4.005859 -0.0129640081965102
4.006348 -0.01765108751686761
4.006836 0.017084583018860035
4.007324 0.05003129198193219
4.007812 0.029917400700042167
4.008301 -0.02408538597318523
4.008789 -0.048176735151612644
4.009277 -0.02259458466263898
4.009766 0.015522223245407566
4.010254 0.03030500904078419
4.010742 0.02263036389409209
4.011230 0.013566291925970884
4.011719 0.015188283751845204
4.012207 0.019273079342741934
4.012695 0.008706279653590106
4.013184 -0.013804820135658284
4.013672 -0.023900526610677496
4.014160 -0.014580036817142334
4.014648 -0.0038939730231468076
4.015137 -4.770564193748003e-05
4.015625 0.0017531823412023913
4.016113 -0.002617847101319217
4.016602 -0.020084075255679092
4.017090 -0.04292315133324766
4.017578 -0.05229730997396249
4.018066 -0.039118626388733625
4.018555 -0.013590144746939625
4.019043 0.011055782519010997
4.019531 0.030829771102096473
4.020020 0.04143831322794359
4.020508 0.034652185662337055
4.020996 0.01413279642397846
4.021484 -0.0018187775988664262
4.021973 -0.006213659862356774
4.022461 -0.013101161917080453
4.022949 -0.030144002499245197
4.023438 -0.04453321674863761
4.023926 -0.04254746940299001
4.024414 -0.026637637816840413
4.024902 -0.012182828309783964
4.025391 -0.008587015548746406
4.025879 -0.005480185617568019
4.026367 0.007728313993871765
4.026855 0.01764512431162543
4.027344 0.005325142281271208
4.027832 -0.02430006136190389
4.028320 -0.04693638846123817
4.028809 -0.045552924845051246
4.029297 -0.026554152943449823
4.029785 -0.010763585462143932
4.030273 -0.011151193802885958
4.030762 -0.018474009840289143
4.031250 -0.017311184818063065
4.031738 -0.00844986182817615
4.032227 0.0008944807863277506
4.032715 0.010566799689151828
4.033203 0.021276716304116094
4.033691 0.030746286228705882
4.034180 0.04037686269483466
4.034668 0.05282207203527477
4.035156 0.061081111295701
4.035645 0.05524909656884406
4.036133 0.04014429769038945
4.036621 0.034210908474415366
4.037109 0.043197458774388166
4.037598 0.0455708144607778
4.038086 0.025629856130911146
4.038574 0.0021229010662178614
4.039062 -0.003077013904967462
4.039551 0.007787946046293615
4.040039 0.02346521262799799
4.040527 0.02713258385194177
4.041016 0.0052893630498180985
4.041504 -0.020107928076647835
4.041992 -0.014144722834462829
4.042480 0.016750643525297676
4.042969 0.04013833448514726
4.043457 0.04196903849449806
4.043945 0.024741338549825583
4.044434 -0.006988876543840825
4.044922 -0.04301259941188043
4.045410 -0.06820714156011208
4.045898 -0.07096810558724373
4.046387 -0.051593651755384655
4.046875 -0.027275700777754208
4.047363 -0.01489608669497814
4.047852 -0.010143412116956692
4.048340 -0.0022421651710615616
4.048828 0.0059691684474271894
4.049316 0.008926918247550951
4.049805 0.00725722077973915
4.050293 0.0004114611617107653
4.050781 -0.008384266570512116
4.051270 -0.00774620360959832
4.051758 0.006428335251075434
4.052246 0.022803296846115456
4.052734 0.028927508629839456
4.053223 0.025278027021622233
4.053711 0.021562950155740973
4.054199 0.02271384876748268
4.054688 0.019976737561319763
4.055176 0.0026715159484988816
4.055664 -0.021646435029131564
4.056152 -0.03530217503373522
4.056641 -0.03118756341662757
4.057129 -0.011932373689612193
4.057617 0.012952081786025828
4.058105 0.02803899104875389
4.058594 0.028533937083855244
4.059082 0.02695368769467622
4.059570 0.03019767134642486
4.060059 0.025331695868801896
4.060547 0.005957242036942819
4.061035 -0.009958552754448957
4.061523 -0.010536983662940902
4.062012 -0.012021821768244968
4.062500 -0.029273374533886183
4.062988 -0.0425892118396853
4.063477 -0.026393146401910827
4.063965 0.004323323800584128
4.064453 0.02162854541340501
4.064941 0.024711522523614658
4.065430 0.016804312372477342
4.065918 -0.008157664771309086
4.066406 -0.04201674413643554
4.066895 -0.06442646943656678
4.067383 -0.06730073436329996
4.067871 -0.05654311210639821
4.068359 -0.040865845524693835
4.068848 -0.027001393336613697
4.069336 -0.009517275566527266
4.069824 0.01864097958707032
4.070312 0.036912240449125173
4.070801 0.021181305020241133
4.071289 -0.011962189715823118
4.071777 -0.026882129231769997
4.072266 -0.013011713838447679
4.072754 0.012391540493260439
4.073242 0.025039498811934832
4.073730 0.016345145568829097
4.074219 0.0012463098956166658
4.074707 -0.004555888805029343
4.075195 -0.004746711372779263
4.075684 -0.009237004920144572
4.076172 -0.010954408029893852
4.076660 0.005927426010731894
4.077148 0.032600843059025414
4.077637 0.04225527234612294
4.078125 0.030227487372635784
4.078613 0.011986042536791858
4.079102 -0.0006022837294606854
4.079590 0.002683442358983252
4.080078 0.028188071179808514
4.080566 0.059089400744811206
4.081055 0.06512416444990243
4.081543 0.04243416850338849
4.082031 0.012123196257362114
4.082520 -0.017585492259203576
4.083008 -0.0470019837189022
4.083496 -0.06390170737525451
4.083984 -0.06352602544499684
4.084473 -0.05963801562709223
4.084961 -0.06094395757513074
4.085449 -0.06413427237969972
4.085938 -0.06304896902562204
4.086426 -0.04798591258386273
4.086914 -0.015009387594579655
4.087402 0.02056709488029608
4.087891 0.03890991420525715
4.088379 0.037973690982234104
4.088867 0.030859587128307397
4.089355 0.025009682785723908
4.089844 0.01528965824096235
4.090332 -0.00019678577299210513
4.090820 -0.015581855297829416
4.091309 -0.02449088392965381
4.091797 -0.02252302619973276
4.092285 -0.016285513516407245
4.092773 -0.016345145568829097
4.093262 -0.016488262494641536
4.093750 -0.004132501232834208
4.094238 0.02189092644406115
4.094727 0.04959597799925268
4.095215 0.05850500663107708
4.095703 0.042070412983615205
4.096191 0.02006618563995254
4.096680 0.013804820135658284
4.097168 0.023799152121560353
4.097656 0.03304212024694711
4.098145 0.026923871668465292
4.098633 0.014699300921986035
4.099121 0.011914484073885638
4.099609 0.010811291104081413
4.100098 0.005086614071583808
4.100586 0.012033748178729339
4.101074 0.03532602785470396
4.101562 0.04635795755274622
4.102051 0.028772465293542646
4.102539 0.007442080142246885
4.103027 0.00771042437814521
4.103516 0.017943284573734678
4.104004 0.017937321368492493
4.104492 0.0076746451466921
4.104980 -0.003882046612662438
4.105469 -0.010536983662940902
4.105957 -0.015558002476860676
4.106445 -0.027037172568066807
4.106934 -0.03966724127101465
4.107422 -0.041784179131990326
4.107910 -0.034515031941766805
4.108398 -0.025200505353473828
4.108887 -0.01447866232802519
4.109375 -0.0003339394935623602
4.109863 0.013125014738049194
4.110352 0.02181936798115493
4.110840 0.026631674611598228
4.111328 0.024139054820364898
4.111816 0.010310381863737872
4.112305 -0.007287036805950075
4.112793 -0.013864452188080134
4.113281 -0.003053161083998722
4.113770 0.01354840231024433
4.114258 0.018241444835843928
4.114746 0.007728313993871765
4.115234 -0.005510001643778944
4.115723 -0.010942481619409482
4.116211 -0.01472911694819696
4.116699 -0.029655019669386024
4.117188 -0.05282803524051695
4.117676 -0.0652136125285352
4.118164 -0.051891812017493905
4.118652 -0.018772170102398393
4.119141 0.010507167636729977
4.119629 0.019344637805648154
4.120117 0.015450664782501346
4.120605 0.017030914171680372
4.121094 0.031056372901299503
4.121582 0.047812979631839364
4.122070 0.05311426909214183
4.122559 0.04693042525599598
4.123047 0.04081813988275635
4.123535 0.038289740860069914
4.124023 0.03038849391417478
4.124512 0.009630576466128781
4.125000 -0.011431464449268652
4.125488 -0.007573270657574955
4.125977 0.020692322190381963
4.126465 0.041384644380763926
4.126953 0.033065973067915845
4.127441 0.010000295191144253
4.127930 -0.0004949460351013553
4.128418 0.0032439836517486422
4.128906 0.0017889615726555013
4.129395 -0.006571452176887874
4.129883 -0.013470880642095924
4.130371 -0.025576187283731483
4.130859 -0.041229601044467115
4.131348 -0.04258324863444311
4.131836 -0.03056739007144033
4.132324 -0.024842713038942726
4.132812 -0.030656838150073105
4.133301 -0.03725214314792972
4.133789 -0.03575537863214128
4.134277 -0.02801513822778515
4.134766 -0.023041825055802857
4.135254 -0.019380417037101264
4.135742 -0.009421864282652306
4.136230 -0.0017352927254758361
4.136719 -0.009433790693136676
4.137207 -0.023590439938083876
4.137695 -0.024007864305036826
4.138184 -0.009988368780659881
4.138672 0.0026059206908348466
4.139160 0.0068934652599658645
4.139648 0.007847578098715466
4.140137 0.005730640237739789
4.140625 -0.008557199522535482
4.141113 -0.03424668770586848
4.141602 -0.052511985362681146
4.142090 -0.05347206140667293
4.142578 -0.0474015184701286
4.143066 -0.041754363105779395
4.143555 -0.036637933007984666
4.144043 -0.033918711417548306
4.144531 -0.028772465293542646
4.145020 -0.012928228965057088
4.145508 0.005772382674435084
4.145996 0.014913976310704695
4.146484 0.016714864293844566
4.146973 0.016869907630141377
4.147461 0.018760243691914022
4.147949 0.025295916637348786
4.148438 0.03295267216831433
4.148926 0.03834937291249176
4.149414 0.044551106364364164
4.149902 0.04734784962294893
4.150391 0.03509346285025875
4.150879 0.013792893725173914
4.151367 0.005205878176427509
4.151855 0.016959355708774153
4.152344 0.03528428541800867
4.152832 0.04245802132435723
4.153320 0.03537373349664144
4.153809 0.02521839496920038
4.154297 0.021562950155740973
4.154785 0.026548189738207637
4.155273 0.03539758631761018
4.155762 0.031557282141643044
4.156250 0.0020632690137960116
4.156738 -0.03267240152193164
4.157227 -0.04239838927193538
4.157715 -0.03748470815237494
4.158203 -0.04524880137769981
4.158691 -0.062082929776388074
4.159180 -0.07012729364809565
4.159668 -0.06583974907896463
4.160156 -0.054849561817617666
4.160645 -0.0396851308867412
4.161133 -0.01409701719252535
4.161621 0.02267806953602957
4.162109 0.04762812026933163
4.162598 0.044718076111145345
4.163086 0.04024567217950659
4.163574 0.062035224134450596
4.164062 0.0905810876287902
4.164551 0.08741462564518998
4.165039 0.05028770980734614
4.165527 0.016702937883360195
4.166016 0.010238823400831652
4.166504 0.009863141470573997
4.166992 -0.008956734273761875
4.167480 -0.037836537261663854
4.167969 -0.05868390278834262
4.168457 -0.06757504180444046
4.168945 -0.06213659862356774
4.169434 -0.041629135795693516
4.169922 -0.021598729387194083
4.170410 -0.014102980397767535
4.170898 -0.012355761261807329
4.171387 -0.014484625533267374
4.171875 -0.026029390882137543
4.172363 -0.0365067424926566
4.172852 -0.02987565826334687
4.173340 -0.011192936239581253
4.173828 0.003279762883201752
4.174316 0.011753477532346642
4.174805 0.01682816519344608
4.175293 0.006505856919223839
4.175781 -0.019481791526218407
4.176270 -0.03282148165298626
4.176758 -0.01822355522011737
4.177246 0.00858105234350422
4.177734 0.03256506382757231
4.178223 0.04892809901212796
4.178711 0.05474818732850052
4.179199 0.054163793214766394
4.179688 0.05672200826366376
4.180176 0.06390170737525451
4.180664 0.06181458554048975
4.181152 0.03780075803021074
4.181641 0.0018426304198351662
4.182129 -0.026321587939004607
4.182617 -0.0369420564753361
4.183105 -0.03144398124204153
4.183594 -0.0182533712463283
4.184082 -0.004448551110670013
4.184570 0.005879720368794414
4.185059 0.010375977121401907
4.185547 0.011675955864198237
4.186035 0.012588326266252543
4.186523 0.013751151288478619
4.187012 0.01697128211925852
4.187500 0.018157959962453337
4.187988 0.008634721190683885
4.188477 -0.005676971390560124
4.188965 -0.005128356508279103
4.189453 0.011664029453713868
4.189941 0.016404777621250945
4.190430 -0.009708098134277187
4.190918 -0.04740748167537078
4.191406 -0.06892868939441646
4.191895 -0.0663287319088238
4.192383 -0.042905261717521105
4.192871 -0.011115414571432848
4.193359 0.005635228953864829
4.193848 -0.0037210400711234423
4.194336 -0.02071021180610852
4.194824 -0.017430448922906766
4.195312 0.012009895357760599
4.195801 0.04551714561359813
4.196289 0.05557110965192205
4.196777 0.03901725189961648
4.197266 0.020161596923827498
4.197754 0.01397775308768165
4.198242 0.0054682592070836485
4.198730 -0.014240134118337789
4.199219 -0.0259280163930204
4.199707 -0.019398306652827817
4.200195 -0.010715879820206452
4.200684 -0.00903425594191028
4.201172 -0.005885683574036599
4.201660 0.002987565826334687
4.202148 0.011353942781120247
4.202637 0.013303910895314745
4.203125 0.008670500422136997
4.203613 0.0010793401488354856
4.204102 -0.003995347512263952
4.204590 -0.0032737996779595674
4.205078 -6.559525766403504e-05
4.205566 0.0037031504553968874
4.206055 0.012164938694057409
4.206543 0.01976802537784329
4.207031 0.012355761261807329
4.207520 -0.007871430919684206
4.208008 -0.023518881475177656
4.208496 -0.025504628820825263
4.208984 -0.017824020468890978
4.209473 -0.004287544569131018
4.209961 0.01360803436266618
4.210449 0.02728762718823858
4.210938 0.027889910917699264
4.211426 0.02098451924724903
4.211914 0.01796117418946123
4.212402 0.01893913984917957
4.212891 0.019201520879835714
4.213379 0.02014967051334313
4.213867 0.02369181442720102
4.214355 0.024508773545380367
4.214844 0.014377287838908044
4.215332 -0.006285218325262994
4.215820 -0.024705559318372473
4.216309 -0.026512410506754527
4.216797 -0.013339690126767854
4.217285 0.0001669697467811801
4.217773 0.009600760439917857
4.218262 0.020513426033116414
4.218750 0.02873072285684735
4.219238 0.023483102243724546
4.219727 0.004144427643318578
4.220215 -0.01792539495800812
4.220703 -0.02793165335439456
4.221191 -0.02246339414731091
4.221680 -0.019618945246788665
4.222168 -0.03659022736604718
4.222656 -0.06161183656225546
4.223145 -0.06900024785732269
4.223633 -0.045922643570066715
4.224121 4.1742436695295025e-05
4.224609 0.04149198207512326
4.225098 0.05467066566035212
4.225586 0.04700794692414439
4.226074 0.03614298697288331
4.226562 0.015426811961532606
4.227051 -0.023852820968740016
4.227539 -0.05866601317261607
4.228027 -0.06291777851029398
4.228516 -0.04776527398990188
4.229004 -0.03617876620433642
4.229492 -0.022278534784803176
4.229980 0.0010912665593198556
4.230469 0.010513130841972163
4.230957 -0.004466440726396568
4.231445 -0.012528694213830693
4.231934 0.0077819828410514305
4.232422 0.034198982063930995
4.232910 0.03514116849219623
4.233398 0.008169591181793456
4.233887 -0.01905840395402327
4.234375 -0.02228449799004536
4.234863 -0.010441572379065941
4.235352 -0.005605412927653904
4.235840 -0.009081961583847761
4.236328 -0.00932048979353516
4.236816 -0.0023196868392099668
4.237305 0.010053964038323917
4.237793 0.022922560950959157
4.238281 0.025033535606692647
4.238770 0.014866270668767214
4.239258 0.01413279642397846
4.239746 0.03746681853664838
4.240234 0.06590534433662866
4.240723 0.07350843102041454
4.241211 0.060663686928748045
4.241699 0.04862993875001871
4.242188 0.04603594446966823
4.242676 0.03361458795019687
4.243164 -0.0048659754776229636
4.243652 -0.057026131731015194
4.244141 -0.10182769271555113
4.244629 -0.1263424294661737
4.245117 -0.12246634605875342
4.245605 -0.09327645639825784
4.246094 -0.05090788315253338
4.246582 -0.00782968848298891
4.247070 0.02025700820770246
4.247559 0.02509913086435668
4.248047 0.018694648434249988
4.248535 0.01792539495800812
4.249023 0.023435396601787065
4.249512 0.026100949345043763
4.250000 0.02619636062891872
4.250488 0.029106404787105005
4.250977 0.02951786594881577
4.251465 0.017412559307180213
4.251953 -0.0023554660706630766
4.252441 -0.011073672134737552
4.252930 -0.0002921970568670652
4.253418 0.016541931341821203
4.253906 0.021706067081553416
4.254395 0.01588597876518085
4.254883 0.014174538860673755
4.255371 0.024413362261505405
4.255859 0.03858790112217916
4.256348 0.04363873596230986
4.256836 0.03698379891203139
4.257324 0.026220213449887463
4.257812 0.018474009840289143
4.258301 0.016953392503531967
4.258789 0.013786930519931729
4.259277 -0.007883357330168575
4.259766 -0.045475403176902844
4.260254 -0.07394970820833624
4.260742 -0.07638269594714772
4.261230 -0.05322160678650116
4.261719 -0.019690503709694884
4.262207 0.005193951765943138
4.262695 0.024443178287716333
4.263184 0.04324516441632565
4.263672 0.03740122327898435
4.264160 -0.002593994280350477
4.264648 -0.03560629850108666
4.265137 -0.02873072285684735
4.265625 -0.0023972085073583715
4.266113 0.013721335262267695
4.266602 0.016869907630141377
4.267090 0.010775511872628303
4.267578 -0.00765079232572336
4.268066 -0.03605353889425054
4.268555 -0.056751824289874686
4.269043 -0.04777720040038625
4.269531 -0.013447027821127184
4.270020 0.013435101410642815
4.270508 0.01625569749019632
4.270996 0.015796530686548075
4.271484 0.03136645957389312
4.271973 0.046232730242660336
4.272461 0.03418109244820444
4.272949 0.0035361807086157072
4.273438 -0.015671303376462192
4.273926 -0.011693845479924792
4.274414 0.006046690115575594
4.274902 0.023995937894552455
4.275391 0.03565400414302414
4.275879 0.04143831322794359
4.276367 0.03879065010041345
4.276855 0.02152120771904568
4.277344 -0.010560836483909642
4.277832 -0.043823595324817596
4.278320 -0.05808161905888194
4.278809 -0.04832581528266727
4.279297 -0.026500484096270156
4.279785 -0.0007871430919684205
4.280273 0.020996445657733398
4.280762 0.017084583018860035
4.281250 -0.016923576477321043
4.281738 -0.040025033585545745
4.282227 -0.01952949716815589
4.282715 0.019016661517327976
4.283203 0.034682001688547986
4.283691 0.019106109595960753
4.284180 -0.006076506141786519
4.284668 -0.011825035995252864
4.285156 0.004627447267935563
4.285645 0.014633705664322
4.286133 -0.0012105306641635558
4.286621 -0.02660782179062949
4.287109 -0.03453888476273554
4.287598 -0.027889910917699264
4.288086 -0.03168847265697111
4.288574 -0.04533824945633259
4.289062 -0.04158143015375603
4.289551 -0.011568618169838908
4.290039 0.025206468558716014
4.290527 0.0461671349849963
4.291016 0.04499238355228585
4.291504 0.034580627199430836
4.291992 0.026756901921684114
4.292480 0.013017677043689864
4.292969 -0.013494733463064665
4.293457 -0.031265085084775976
4.293945 -0.016345145568829097
4.294434 0.019201520879835714
4.294922 0.04181399515820125
4.295410 0.03802735982941377
4.295898 0.02274962799893579
4.296387 0.012147049078330854
4.296875 -0.00025641782541395517
4.297363 -0.02184322080212367
4.297852 -0.028903655808870714
4.298340 -0.004943497145771369
4.298828 0.021395980408959795
4.299316 0.02226064516907662
4.299805 0.011783293558557568
4.300293 0.01258236306101036
4.300781 0.01476489617965007
4.301270 -0.0015444701577259161
4.301758 -0.024484920724411628
4.302246 -0.02645277845433268
4.302734 -0.011437427654510838
4.303223 -0.012009895357760599
4.303711 -0.03588060594222717
4.304199 -0.05291748331914973
4.304688 -0.04618502460072286
4.305176 -0.02945823389639392
4.305664 -0.010733769435933007
4.306152 0.00871224285883229
4.306641 0.012934192170299274
4.307129 -0.004132501232834208
4.307617 -0.021324421946053575
4.308105 -0.025307843047833158
4.308594 -0.02811054951166011
4.309082 -0.03523657977607119
4.309570 -0.026935798078949663
4.310059 0.006625121024067539
4.310547 0.03608335492046146
4.311035 0.03042427314562789
4.311523 -0.0012164938694057409
4.312012 -0.027049098978551178
4.312500 -0.028414672979011544
4.312988 -0.014329582196970565
4.313477 -0.0065356729454347645
4.313965 -0.008241149644699675
4.314453 -0.0037627825078187377
4.314941 0.010566799689151828
4.315430 0.021050114504913064
4.315918 0.021085893736366174
4.316406 0.017561639438234838
4.316895 0.019374453831859078
4.317383 0.031259121879533794
4.317871 0.04815884553588609
4.318359 0.05848711701535052
4.318848 0.057872906875405465
4.319336 0.05027578339686177
4.319824 0.04007870243272541
4.320312 0.032302682796916164
4.320801 0.030036664804885864
4.321289 0.025814715493418884
4.321777 0.011628250222260758
4.322266 -0.0033871005775610824
4.322754 -0.006106322167997444
4.323242 -0.0058081619058881935
4.323730 -0.01662541621521179
4.324219 -0.020000590382288505
4.324707 0.0002921970568670652
4.325195 0.003059124289240907
4.325684 -0.043585067115130195
4.326172 -0.08535731983663615
4.326660 -0.06258383901673162
4.327148 -0.0009123704020543057
4.327637 0.03778883161972637
4.328125 0.03456273758370428
4.328613 0.0148722338740094
4.329102 0.0035481071191000775
4.329590 -0.0003041234673514352
4.330078 -0.005533854464747683
4.330566 -0.010238823400831652
4.331055 -0.009970479164933327
4.331543 -0.0035898495557953724
4.332031 0.004871938682865148
4.332520 0.003941678665084288
4.333008 -0.00716180949586419
4.333496 -0.013238315637650709
4.333984 -0.011031929698042257
4.334473 -0.011580544580323277
4.334961 -0.014460772712298635
4.335449 -0.010662210973026788
4.335938 -0.0007752166814840505
4.336426 0.008080143103160681
4.336914 0.012600252676736914
4.337402 0.015880015559938666
4.337891 0.0230239354400763
4.338379 0.03211782343440843
4.338867 0.03280359203725971
4.339355 0.02107993053112399
4.339844 0.007954915793074795
4.340332 0.005426516770388354
4.340820 0.013804820135658284
4.341309 0.023506955064693285
4.341797 0.020895071168616254
4.342285 -0.001514654131514991
4.342773 -0.03144398124204153
4.343262 -0.047115284618503714
4.343750 -0.044324504565161134
4.344238 -0.03323294281469703
4.344727 -0.017502007385812986
4.345215 0.0029040809529440968
4.345703 0.01860520035561721
4.346191 0.018318966503992333
4.346680 0.0028146328743113218
4.347168 -0.01258236306101036
4.347656 -0.007942989382590426
4.348145 0.01429976617075964
4.348633 0.02775275719712901
4.349121 0.024484920724411628
4.349609 0.022505136584006206
4.350098 0.023232647623552774
4.350586 0.00747189616845781
4.351074 -0.02022122897624935
4.351562 -0.02963713005365947
4.352051 -0.015951574022844885
4.352539 -0.0053549583074821334
4.353027 -0.0067145691027003145
4.353516 -0.001562359773452471
4.354004 0.019929031919382282
4.354492 0.04248187414532597
4.354980 0.047496929754003554
4.355469 0.03417512924296226
4.355957 0.010817254309323598
4.356445 -0.017603381874930133
4.356934 -0.039959438327881715
4.357422 -0.041533724511818554
4.357910 -0.02422850289899767
4.358398 -0.002975639415850317
4.358887 0.010489278021003422
4.359375 0.0081517015660669
4.359863 -0.014937829131673436
4.360352 -0.047282254365284895
4.360840 -0.05981094857911559
4.361328 -0.0343957678369231
4.361816 0.016345145568829097
4.362305 0.05909536395005339
4.362793 0.06626313665115977
4.363281 0.040096592048451965
4.363770 0.005873757163552229
4.364258 -0.012093380231151188
4.364746 -0.005700824211528864
4.365234 0.00748382257894218
4.365723 -0.0017412559307180212
4.366211 -0.03756222982052334
4.366699 -0.06913740157789294
4.367188 -0.06707413256409693
4.367676 -0.03865945958508538
4.368164 -0.015963500433329256
4.368652 -0.017132288660797516
4.369141 -0.02937474902300333
4.369629 -0.032928819347345595
4.370117 -0.027001393336613697
4.370605 -0.020406088338757084
4.371094 -0.015331400677657646
4.371582 -0.010900739182714187
4.372070 -0.009654429287097522
4.372559 -0.011926410484370008
4.373047 -0.01483645464255629
4.373535 -0.020543242059327338
4.374023 -0.027138547057183954
4.374512 -0.023566587117115137
4.375000 -0.010411756352855017
4.375488 0.00031604987783580524
4.375977 0.006523746534950394
4.376465 0.011711735095651347
4.376953 0.01568322978694656
4.377441 0.023077604287255967
4.377930 0.03877872368992908
4.378418 0.05293537293487628
4.378906 0.05250602215743896
4.379395 0.042147934651763606
4.379883 0.03408568116432948
4.380371 0.031205453032354127
4.380859 0.03176003111987733
4.381348 0.03417512924296226
4.381836 0.036614080187015924
4.382324 0.035862716326500614
4.382812 0.02933896979155022
4.383301 0.023942269047372792
4.383789 0.026023427676895357
4.384277 0.02653626332772327
4.384766 0.01626762390068069
4.385254 0.0019618945246788664
4.385742 -0.007525565015637475
4.386230 -0.016762569935782047
4.386719 -0.026846350000316887
4.387207 -0.02683442358983252
4.387695 -0.01557589209258723
4.388184 -0.004615520857451193
4.388672 -0.0007155846290622005
4.389160 0.0017770351621711313
4.389648 0.012045674589213708
4.390137 0.024657853676434992
4.390625 0.020841402321436588
4.391113 0.0018366672145929813
4.391602 -0.005575596901442979
4.392090 0.008098032718887236
4.392578 0.026971577310402773
4.393066 0.04220160349894327
4.393555 0.05676375070035905
4.394043 0.06640029037173002
4.394531 0.05993021268395929
4.395020 0.03811680790804654
4.395508 0.0149914979788531
4.395996 0.0008229223234215306
4.396484 -0.002635736717045772
4.396973 -0.0007096214238200154
4.397461 -0.008658574011652626
4.397949 -0.041301159507373335
4.398438 -0.09025907454571222
4.398926 -0.11945492741145
4.399414 -0.10737943679602537
4.399902 -0.08098629039411454
4.400391 -0.07239331164012595
4.400879 -0.0746772192478828
4.401367 -0.06876768285287746
4.401855 -0.05306656345020435
4.402344 -0.03809295508707781
4.402832 -0.03625032466724264
4.403320 -0.04717491667092557
4.403809 -0.05046660596461169
4.404297 -0.030358677887963856
4.404785 -0.002749037616647287
4.405273 0.003130682752147127
4.405762 -0.015164430930876466
4.406250 -0.02957749800123762
4.406738 -0.013596107952181809
4.407227 0.027293590393480765
4.407715 0.05919673843917053
4.408203 0.06155220450983361
4.408691 0.04980469018272916
4.409180 0.04649511127331648
4.409668 0.04935744978956528
4.410156 0.037520487383828044
4.410645 0.00685172282327057
4.411133 -0.016649269036180532
4.411621 -0.015045166826032765
4.412109 -0.005152209329247844
4.412598 -0.0017233663149914661
4.413086 0.00661319461358317
4.413574 0.018945103054421757
4.414062 0.016380924800282207
4.414551 0.0019261152932257563
4.415039 -0.004180206874771688
4.415527 0.004108648411865467
4.416016 0.012969971401752383
4.416504 0.007358595268856295
4.416992 -0.008539309906808925
4.417480 -0.016613489804727422
4.417969 -0.006643010639794095
4.418457 0.01705476699264911
4.418945 0.041760326311021584
4.419434 0.052440426899774926
4.419922 0.04369836801473171
4.420410 0.027758720402371193
4.420898 0.02325053723927933
4.421387 0.03703150455396888
4.421875 0.05533854464747684
4.422363 0.05713943263061671
4.422852 0.03647692646644567
4.423340 0.005665044980075754
4.423828 -0.01502727721030621
4.424316 -0.016583673778516494
4.424805 -0.011956226510580934
4.425293 -0.01604102210147766
4.425781 -0.027174326288637064
4.426270 -0.03907688395203833
4.426758 -0.05413994039379765
4.427246 -0.06992454466986135
4.427734 -0.07218459945664947
4.428223 -0.05320371717077461
4.428711 -0.023644108785263542
4.429199 -0.00858105234350422
4.429688 -0.023065677876771596
4.430176 -0.045994202032972935
4.430664 -0.042362610040482265
4.431152 -0.006261365504294254
4.431641 0.03771130995157797
4.432129 0.06361547352362962
4.432617 0.06328749723530945
4.433105 0.04651300088904303
4.433594 0.030847660717823026
4.434082 0.023065677876771596
4.434570 0.015593781708313785
4.435059 0.007477859373699995
4.435547 0.009606723645160041
4.436035 0.024967940349028613
4.436523 0.04075254462509232
4.437012 0.04227316196184949
4.437500 0.02877842849878483
4.437988 0.013214462816681968
4.438477 0.0032439836517486422
4.438965 -0.010358087505675352
4.439453 -0.03814662393425747
4.439941 -0.07352035743089891
4.440430 -0.09786812443474029
4.440918 -0.09793371969240432
4.441406 -0.07232771638246191
4.441895 -0.03321505319897047
4.442383 0.001562359773452471
4.442871 0.0318912216352054
4.443359 0.0660902036991364
4.443848 0.08916780798639236
4.444336 0.08405137788859764
4.444824 0.06928051850370538
4.445312 0.0660544244676833
4.445801 0.056209172612835846
4.446289 0.027961469380605484
4.446777 0.01345299102636937
4.447266 0.026631674611598228
4.447754 0.03418705565344663
4.448242 0.02090103437385844
4.448730 0.00784161489347328
4.449219 0.0070544718015048595
4.449707 0.012188791515026148
4.450195 0.011443390859753023
4.450684 -0.0038999362283889927
4.451172 -0.027436707319293204
4.451660 -0.044026344303051884
4.452148 -0.044646517648239126
4.452637 -0.03363844077116561
4.453125 -0.027866058096730525
4.453613 -0.034980161950657236
4.454102 -0.048588196313323416
4.454590 -0.06585763869469119
4.455078 -0.07449832309061725
4.455566 -0.05608990850799215
4.456055 -0.026232139860371834
4.456543 -0.01883180215482024
4.457031 -0.03220727151304121
4.457520 -0.03130682752147127
4.458008 0.0003339394935623602
4.458496 0.03645307364547693
4.458984 0.048361594514120386
4.459473 0.040257598589990964
4.459961 0.02983987903189376
4.460449 0.02335787493363866
4.460938 0.01864097958707032
4.461426 0.01620799184825884
4.461914 0.015414885551048236
4.462402 0.0083902297757543
4.462891 -0.00724529436925478
4.463379 -0.019851510251233877
4.463867 -0.01961298204154648
4.464355 -0.009648466081855336
4.464844 0.0006201733451872405
4.465332 0.005015055608677588
4.465820 0.00670860589745813
4.466309 0.011419538038784283
4.466797 0.015045166826032765
4.467285 0.005187988560700954
4.467773 -0.01945793870524967
4.468262 -0.03304212024694711
4.468750 -0.011115414571432848
4.469238 0.02859953234151928
4.469727 0.051605578165869026
4.470215 0.05152805649772062
4.470703 0.04317956915866161
4.471191 0.04149198207512326
4.471680 0.0531261955026262
4.472168 0.07130204508080609
4.472656 0.0834669837748635
4.473145 0.0851784236793706
4.473633 0.08023492653359923
4.474121 0.06857089707988537
4.474609 0.042147934651763606
4.475098 0.0036315919924906673
4.475586 -0.024103275588911788
4.476074 -0.030513721224260666
4.476562 -0.02801513822778515
4.477051 -0.019791878198812028
4.477539 -0.006637047434551909
4.478027 -0.008515457085840186
4.478516 -0.0385342322749995
4.479004 -0.08299589056073088
4.479492 -0.11837558726261452
4.479980 -0.1284414777114228
4.480469 -0.1118220247014532
4.480957 -0.08337157249098855
4.481445 -0.05656100172212476
4.481934 -0.030728396612979325
4.482422 -0.006821906797059645
4.482910 0.00679209077084872
4.483398 0.007871430919684206
4.483887 0.0018903360617726463
4.484375 -0.005551744080474238
4.484863 -0.011425501244026469
4.485352 -0.01400160590865039
4.485840 -0.01576671466033715
4.486328 -0.021586802976709715
4.486816 -0.025343622279286267
4.487305 -0.018509789071742253
4.487793 -0.010465425200034682
4.488281 -0.010888812772229818
4.488770 -0.010417719558097203
4.489258 -0.002546288638412997
4.489746 0.0038104881497562177
4.490234 0.004371029442521608
4.490723 0.005080650866341623
4.491211 0.006809980386575275
4.491699 0.002933896979155022
4.492188 -0.005802198700646009
4.492676 -0.009010403120941542
4.493164 -0.004180206874771688
4.493652 0.004877901888107333
4.494141 0.01550433362968101
4.494629 0.018318966503992333
4.495117 0.010960371235136037
4.495605 0.00806821669267631
4.496094 0.01514654131514991
4.496582 0.01912399921168731
4.497070 0.011407611628299912
4.497559 -0.0013596107952181808
4.498047 -0.011306237139182768
4.498535 -0.021485428487592568
4.499023 -0.03539758631761018
4.499512 -0.044026344303051884
4.500000 -0.0382539616286168
4.500488 -0.024407399056263223
4.500977 -0.013876378598564505
4.501465 -0.007430153731762515
4.501953 -0.0012582363061010358
4.502441 0.004049016359443618
4.502930 0.00652970974019258
4.503418 0.003184351599326792
4.503906 -0.0058081619058881935
4.504395 -0.009803509418152147
4.504883 -0.0001788961572655501
4.505371 0.014949755542157805
4.505859 0.02276155440942016
4.506348 0.023828968147771277
4.506836 0.024437215082474147
4.507324 0.02475326496030995
4.507812 0.02619636062891872
4.508301 0.03220130830779902
4.508789 0.03941082344560069
4.509277 0.04198096490498243
4.509766 0.03944063947181162
4.510254 0.0352723590075243
4.510742 0.03308982588888459
4.511230 0.03276184960056441
4.511719 0.02973254133753443
4.512207 0.019487754731460593
4.512695 -0.0002802706463826952
4.513184 -0.02347713903848236
4.513672 -0.03245176292797079
4.514160 -0.018181812783422076
4.514648 0.0024270245335692967
4.515137 0.009398011461683566
4.515625 0.008587015548746406
4.516113 0.01545662798774353
4.516602 0.02763349309228531
4.517090 0.03529621182849304
4.517578 0.036769123523312734
4.518066 0.03369807282358746
4.518555 0.02931511697058148
4.519043 0.025731230620028293
4.519531 0.017788241237437868
4.520020 0.004388919058248163
4.520508 -0.002480693380748962
4.520996 0.004794417014716743
4.521484 0.016428630442219688
4.521973 0.019929031919382282
4.522461 0.01837859855641418
4.522949 0.024258318925208595
4.523438 0.037609935462460824
4.523926 0.04150987169084981
4.524414 0.02149735489807694
4.524902 -0.01784191008461753
4.525391 -0.0559110123507266
4.525879 -0.07303733780628192
4.526367 -0.06900024785732269
4.526855 -0.05885683574036599
4.527344 -0.047067578976566236
4.527832 -0.026697269869262262
4.528320 -0.004371029442521608
4.528809 0.0049494603510135534
4.529297 0.0036435184029750376
4.529785 0.002755000821889472
4.530273 0.0024628037650224065
4.530762 0.001317868358522886
4.531250 -7.155846290622005e-05
4.531738 -0.011389722012573357
4.532227 -0.03554666644866481
4.532715 -0.04492082508937963
4.533203 -0.020453793980694565
4.533691 0.009445717103621047
4.534180 0.015116725288938985
4.534668 0.007012729364809565
4.535156 0.005599449722411718
4.535645 0.010697990204479898
4.536133 0.011258531497245287
4.536621 0.006476040893012914
4.537109 0.006231549478083329
4.537598 0.016506152110368093
4.538086 0.029845842237135944
4.538574 0.03287515050016593
4.539062 0.023709704042927576
4.539551 0.009195262483449276
4.540039 -0.0018128143936242413
4.540527 0.00018485936250773512
4.541016 0.002874264926733172
4.541504 -0.019082256774992014
4.541992 -0.05284592485624351
4.542480 -0.06083661988077141
4.542969 -0.04323920121108346
4.543457 -0.029488049922604846
4.543945 -0.028009175022542965
4.544434 -0.026703233074504448
4.544922 -0.019046477543538904
4.545410 -0.005074687661099439
4.545898 0.011729624711377904
4.546387 0.02185514721260804
4.546875 0.020060222434710354
4.547363 0.011306237139182768
4.547852 0.001616028620632136
4.548340 -0.005551744080474238
4.548828 -0.006547599355919135
4.549316 -0.0001371537205702551
4.549805 0.010065890448808287
4.550293 0.01886161818103117
4.550781 0.023673924811474466
4.551270 0.024437215082474147
4.551758 0.020203339360522793
4.552246 0.00964250287661315
4.552734 -0.003399026988045452
4.553223 -0.010781475077870487
4.553711 -0.010721843025448638
4.554199 -0.010918628798440742
4.554688 -0.01440710386511897
4.555176 -0.013900231419533244
4.555664 -0.00835445054430119
4.556152 -0.00661319461358317
4.556641 -0.011652103043229499
4.557129 -0.017674940337836353
4.557617 -0.01829511368302359
4.558105 -0.011926410484370008
4.558594 -0.003995347512263952
4.559082 0.0006201733451872405
4.559570 0.005939352421216264
4.560059 0.0155878185030716
4.560547 0.021586802976709715
4.561035 0.015671303376462192
4.561523 0.006815943591817459
4.562012 0.012600252676736914
4.562500 0.030120149678276455
4.562988 0.03297652498928307
4.563477 0.0141566492449472
4.563965 0.005909536395005339
4.564453 0.02830137207941003
4.564941 0.05187392240176735
4.565430 0.04232086760378698
4.565918 0.011258531497245287
4.566406 -0.006076506141786519
4.566895 -0.001687587083538356
4.567383 0.0036733344291859627
4.567871 -0.0033453581408657874
4.568359 -0.01877813330764058
4.568848 -0.03869523881653849
4.569336 -0.05406241872564925
4.569824 -0.04588090113337142
4.570312 -0.016488262494641536
4.570801 0.0038999362283889927
4.571289 -0.0007871430919684205
4.571777 -0.01724558956039903
4.572266 -0.030221524167393602
4.572754 -0.034282466937321586
4.573242 -0.02709680462048866
4.573730 -0.009970479164933327
4.574219 0.011616323811776387
4.574707 0.026894055642254368
4.575195 0.02249917337876402
4.575684 -0.008849396579402546
4.576172 -0.05476011373898489
4.576660 -0.08062849807958344
4.577148 -0.07144516200661853
4.577637 -0.04693042525599598
4.578125 -0.018354745735445443
4.578613 0.012683737550127503
4.579102 0.0308178446916121
4.579590 0.024985829964755166
4.580078 0.004478367136880938
4.580566 -0.012439246135197918
4.581055 -0.014102980397767535
4.581543 -0.0050448716348885135
4.582031 0.0022719811972724867
4.582520 0.004096722001381098
4.583008 0.004078832385654543
4.583496 0.005998984473638114
4.583984 0.011759440737588828
4.584473 0.018169886372937708
4.584961 0.020960666426280288
4.585449 0.02249917337876402
4.585938 0.025278027021622233
4.586426 0.02178358874970182
4.586914 0.005319179076029024
4.587402 -0.011956226510580934
4.587891 -0.011181009829096882
4.588379 0.0036912240449125176
4.588867 0.011860815226705974
4.589355 0.006231549478083329
4.589844 -0.003029308263029982
4.590332 -0.008312708107605895
4.590820 -0.008789764526980695
4.591309 -0.0020632690137960116
4.591797 0.011932373689612193
4.592285 0.026595895380145118
4.592773 0.0356301513220554
4.593262 0.03733562802132031
4.593750 0.030215560962151417
4.594238 0.011139267392401588
4.594727 -0.019225373700804453
4.595215 -0.04846893220847971
4.595703 -0.05298904178205595
4.596191 -0.024329877388114818
4.596680 0.011574581375081093
4.597168 0.02589820036680947
4.597656 0.02396612186834153
4.598145 0.026673417048293523
4.598633 0.0331256051203377
4.599121 0.025331695868801896
4.599609 0.00031008667259362023
4.600098 -0.018754280486671836
4.600586 -0.017776314826953497
4.601074 -0.02166432464485812
4.601562 -0.0438593745562707
4.602051 -0.04250572696629471
4.602539 0.009409937872167937
4.603027 0.07115892815499365
4.603516 0.09686630595405321
4.604004 0.08484448418580824
4.604492 0.057407776866515034
4.604980 0.036697565060406515
4.605469 0.02994721672625309
4.605957 0.03062702212386218
4.606445 0.03454484796797773
4.606934 0.03733562802132031
4.607422 0.029774283774229724
4.607910 0.006404482430106695
4.608398 -0.03349532384535317
4.608887 -0.07786753405245178
4.609375 -0.09742684724681859
4.609863 -0.07930466651581837
4.610352 -0.04543366074020755
4.610840 -0.02284503928281075
4.611328 -0.02072213821659289
4.611816 -0.028736686062089536
4.612305 -0.02985180544237813
4.612793 -0.022731738383209237
4.613281 -0.01532543747241546
4.613770 -0.005325142281271208
4.614258 0.007919136561621685
4.614746 0.013083272301353898
4.615234 0.007322816037403185
4.615723 0.007787946046293615
4.616211 0.0220698226013267
4.616699 0.02641699922287957
4.617188 0.00903425594191028
4.617676 -0.004311397390099758
4.618164 0.00020274897823429014
4.618652 0.00761501309427025
4.619141 0.011574581375081093
4.619629 0.017859799700344087
4.620117 0.020179486539554054
4.620605 0.007024655775293934
4.621094 -0.012206681130752703
4.621582 -0.01828915047778141
4.622070 -0.013399322179189705
4.622559 -0.011079635339979738
4.623047 -0.012433282929955733
4.623535 -0.013685556030814585
4.624023 -0.013900231419533244
4.624512 -0.00716180949586419
4.625000 0.012278239593658924
4.625488 0.035886569147469356
4.625977 0.049041399911729476
4.626465 0.05156383572917373
4.626953 0.055457808752320537
4.627441 0.06098570001182604
4.627930 0.05100925764165053
4.628418 0.021873036828334594
4.628906 -0.0038224145602405875
4.629395 -0.012349798056565144
4.629883 -0.017740535595500387
4.630371 -0.03441962065789184
4.630859 -0.05248216933647022
4.631348 -0.05641788479631232
4.631836 -0.05143264521384566
4.632324 -0.046447405631378995
4.632812 -0.03667967544467996
4.633301 -0.01930289536895286
4.633789 -0.0032916892936861223
4.634277 0.0024270245335692967
4.634766 -0.0005784309084919454
4.635254 -0.005050834840130698
4.635742 -0.008974623889488432
4.636230 -0.017883652521312826
4.636719 -0.027907800533425817
4.637207 -0.021968448112209556
4.637695 0.0023495028654208915
4.638184 0.02979217338995628
4.638672 0.04579741625998083
4.639160 0.03925578010930388
4.639648 0.012188791515026148
4.640137 -0.012129159462604297
4.640625 -0.010936518414167297
4.641113 0.012701627165854058
4.641602 0.03707324699066417
4.642090 0.04798591258386273
4.642578 0.049041399911729476
4.643066 0.050150556086775884
4.643555 0.04990010146660411
4.644043 0.033376059740509466
4.644531 -0.002987565826334687
4.645020 -0.03733562802132031
4.645508 -0.049112958374635696
4.645996 -0.041486018869881076
4.646484 -0.025194542148231643
4.646973 -0.004311397390099758
4.647461 0.01681623878296171
4.647949 0.03208204420295532
4.648438 0.03348936064011098
4.648926 0.012510804598104138
4.649414 -0.023000082619107562
4.649902 -0.04685290358784758
4.650391 -0.047365739238675486
4.650879 -0.040257598589990964
4.651367 -0.03434209898974344
4.651855 -0.020125817692374388
4.652344 -0.0015206173367571761
4.652832 0.004967349966740108
4.653320 0.0020513426033116414
4.653809 0.0037627825078187377
4.654297 0.006452188072044175
4.654785 -0.0018247408041086113
4.655273 -0.017525860206781728
4.655762 -0.03147379726825245
4.656250 -0.047807016426597175
4.656738 -0.07127222905459517
4.657227 -0.09140997315745393
4.657715 -0.09277554715791429
4.658203 -0.06700853730643289
4.658691 -0.02059094770126482
4.659180 0.02377529930059161
4.659668 0.04995973351902597
4.660156 0.0630310794098955
4.660645 0.06666863460762834
4.661133 0.05266106549373577
4.661621 0.023518881475177656
4.662109 -0.005832014726856934
4.662598 -0.021956521701725185
4.663086 -0.014711227332470406
4.663574 0.009254894535871127
4.664062 0.024544552776833477
4.664551 0.02173588310776434
4.665039 0.019296932163710673
4.665527 0.0237395200691385
4.666016 0.016386888005524392
4.666504 -0.0011747514327104457
4.666992 -0.0005843941137341304
4.667480 0.018921250233453018
4.667969 0.026947724489434034
4.668457 0.017048803787406926
4.668945 0.010739732641175193
4.669434 0.009892957496784921
4.669922 -0.0026953687694676216
4.670410 -0.02168817746582686
4.670898 -0.02446703110868507
4.671387 -0.007430153731762515
4.671875 0.010298455453253502
4.672363 0.011520912527901429
4.672852 -0.0010077816859292658
4.673340 -0.012898412938846164
4.673828 -0.017001098145469448
4.674316 -0.017788241237437868
4.674805 -0.016070838127688586
4.675293 0.0012224570746479258
4.675781 0.033680183207860905
4.676270 0.053919301799836804
4.676758 0.0503413786545258
4.677246 0.04060942769927988
4.677734 0.030275193014573265
4.678223 0.008324634518090266
4.678711 -0.016840091603930452
4.679199 -0.02236798286343595
4.679688 -0.004860012272380778
4.680176 0.021908816059787704
4.680664 0.04595842280151983
4.681152 0.0594889354960376
4.681641 0.05458121758171934
4.682129 0.02653626332772327
4.682617 -0.010894775977472002
4.683105 -0.029010993503230043
4.683594 -0.016714864293844566
4.684082 0.004645336883662118
4.684570 0.009296636972566422
4.685059 -0.0009779656597183406
4.685547 -0.00759116027330151
4.686035 -0.00873609567980103
4.686523 -0.017722645979773834
4.687012 -0.035051720413563456
4.687500 -0.047425371291097335
4.687988 -0.05069320776381472
4.688477 -0.05190970163322046
4.688965 -0.049112958374635696
4.689453 -0.039720910118194314
4.689941 -0.03705535737493761
4.690430 -0.04015622410087382
4.690918 -0.023316132496943365
4.691406 0.01494379233691562
4.691895 0.040030996790787934
4.692383 0.035642077732539766
4.692871 0.025558297668004926
4.693359 0.02983987903189376
4.693848 0.036399404798297265
4.694336 0.025796825877692327
4.694824 0.0008467751443902706
4.695312 -0.01469333771674385
4.695801 -0.003989384307021768
4.696289 0.015402959140563865
4.696777 0.01384656257235358
4.697266 -0.006815943591817459
4.697754 -0.021145525788788023
4.698242 -0.0141566492449472
4.698730 0.006154027809934924
4.699219 0.022672106330787384
4.699707 0.030221524167393602
4.700195 0.032243050744494316
4.700684 0.024961977143786427
4.701172 0.0081517015660669
4.701660 -0.0024628037650224065
4.702148 0.003124719546904942
4.702637 0.013315837305799114
4.703125 0.012164938694057409
4.703613 -0.0020930850400069363
4.704102 -0.019893252687929172
4.704590 -0.033000377810251814
4.705078 -0.03982824781255364
4.705566 -0.04279792402316177
4.706055 -0.043215348390114726
4.706543 -0.039124589593975814
4.707031 -0.032099933818681876
4.707520 -0.029368785817761145
4.708008 -0.030740323023463696
4.708496 -0.024395472645778852
4.708984 -0.007740240404356135
4.709473 0.0008587015548746406
4.709961 -0.011842925610979419
4.710449 -0.03279762883201752
4.710938 -0.0422314195251542
4.711426 -0.036184729409578606
4.711914 -0.02245146773682654
4.712402 -0.009725987750003742
4.712891 -0.003094903520694017
4.713379 -0.001431169258124401
4.713867 0.0016219918258743211
4.714355 0.009368195435472642
4.714844 0.0177345723902582
4.715332 0.025105094069598866
4.715820 0.0347953025881495
4.716309 0.04301259941188043
4.716797 0.04109841052913905
4.717285 0.03146187085776808
4.717773 0.024484920724411628
4.718262 0.02283311287232638
4.718750 0.02198633772793611
4.719238 0.018157959962453337
4.719727 0.010638358152058047
4.720215 0.0017174031097492812
4.720703 -0.0035242542981313374
4.721191 0.002820596079553507
4.721680 0.020769843858530368
4.722168 0.0369003140386408
4.722656 0.04128923309688897
4.723145 0.03652463210838315
4.723633 0.030573353276682515
4.724121 0.027591750655590015
4.724609 0.023864747379224387
4.725098 0.01601716928050892
4.725586 0.004281581363888833
4.726074 -0.010608542125847123
4.726562 -0.023280353265490255
4.727051 -0.02781238924955086
4.727539 -0.023984011484068087
4.728027 -0.018211628809633004
4.728516 -0.012683737550127503
4.729004 0.008396192980996486
4.729492 0.047479040138277
4.729980 0.07012729364809565
4.730469 0.053406466149008895
4.730957 0.022743664793693604
4.731445 0.01449058873850956
4.731934 0.0293866754334877
4.732422 0.04329287005826313
4.732910 0.03809891829231999
4.733398 0.008384266570512116
4.733887 -0.031777920735603885
4.734375 -0.048659754776229636
4.734863 -0.02782431566003523
4.735352 -0.0009720024544761556
4.735840 0.00022660179920303017
4.736328 -0.01457407361190015
4.736816 -0.02951786594881577
4.737305 -0.04573778420755898
4.737793 -0.055368360673687764
4.738281 -0.04488504585792653
4.738770 -0.02311934672395126
4.739258 -0.011359905986362433
4.739746 -0.012397503698502623
4.740234 -0.012743369602549353
4.740723 -0.007692534762418655
4.741211 -0.0055636704909586086
4.741699 -0.011598434196049832
4.742188 -0.023912453021161868
4.742676 -0.037472781741890566
4.743164 -0.039887879864975495
4.743652 -0.02303586185056067
4.744141 -0.0039297522545999174
4.744629 -0.005021018813919773
4.745117 -0.016279550311165063
4.745605 -0.012242460362205814
4.746094 0.003124719546904942
4.746582 0.009612686850402227
4.747070 0.009123704020543057
4.747559 0.0140373851401035
4.748047 0.021455612461381644
4.748535 0.02210560183277981
4.749023 0.017788241237437868
4.749512 0.015033240415548396
4.750000 0.004001310717506138
4.750488 -0.029571534795995436
4.750977 -0.06718147025845625
4.751465 -0.07421208923899238
4.751953 -0.04792628053144088
4.752441 -0.01470526412722822
4.752930 0.005861830753067859
4.753418 0.011741551121862273
4.753906 0.005396700744177429
4.754395 -0.005736603442981974
4.754883 -0.004776527398990188
4.755371 0.01390619462477543
4.755859 0.03438384142643873
4.756348 0.04288140889655236
4.756836 0.04275618158646648
4.757324 0.04355525108891927
4.757812 0.04511164765712956
4.758301 0.038975509462921186
4.758789 0.02304778826104504
4.759277 0.008891139016097841
4.759766 0.009553054797980376
4.760254 0.012278239593658924
4.760742 -0.0034705854509516723
4.761230 -0.018658869202796878
4.761719 -0.010608542125847123
4.762207 -0.003953605075568658
4.762695 -0.020763880653288182
4.763184 -0.038951656641952444
4.763672 -0.03279762883201752
4.764160 -0.004919644324802628
4.764648 0.022433578121099987
4.765137 0.03066280135531529
4.765625 0.027645419502769678
4.766113 0.03555262965390699
4.766602 0.04866571798147182
4.767090 0.03592234837892246
4.767578 -0.0018366672145929813
4.768066 -0.024437215082474147
4.768555 -0.015987353254297995
4.769043 -0.009857178265331812
4.769531 -0.037836537261663854
4.770020 -0.08479677854387076
4.770508 -0.10527442534553406
4.770996 -0.07508271720435139
4.771484 -0.021610655797678454
4.771973 0.008527383496324556
4.772461 0.00716180949586419
4.772949 -0.0019499681141944964
4.773438 -0.011664029453713868
4.773926 -0.02939860184397207
4.774414 -0.04832581528266727
4.774902 -0.05554129362571113
4.775391 -0.048570306697596856
4.775879 -0.03222516112876776
4.776367 -0.015534149655891935
4.776855 -0.005265510228849359
4.777344 0.0024150981230849264
4.777832 0.01354840231024433
4.778320 0.027198179109605803
4.778809 0.03824799842337462
4.779297 0.040949330398084426
4.779785 0.030656838150073105
4.780273 0.007847578098715466
4.780762 -0.017364853665242732
4.781250 -0.02957749800123762
4.781738 -0.023942269047372792
4.782227 -0.011330089960151508
4.782715 0.001526580541999361
4.783203 0.0230239354400763
4.783691 0.05685916198423401
4.784180 0.09344342614503902
4.784668 0.11993794703606699
4.785156 0.1138495144837961
4.785645 0.0567041186479372
4.786133 -0.020525352443600785
4.786621 -0.05456332796599279
4.787109 -0.026894055642254368
4.787598 0.02161661900292064
4.788086 0.05081247186865842
4.788574 0.05554129362571113
4.789062 0.04165895182190444
4.789551 0.01620799184825884
4.790039 0.0036375551977328524
4.790527 0.018885471001999908
4.791016 0.03748470815237494
4.791504 0.031873332019478846
4.791992 0.010131485706472322
4.792480 -0.0023614292759052617
4.792969 0.003011418647303427
4.793457 0.012761259218275908
4.793945 0.008730132474558845
4.794434 -0.012850707296908685
4.794922 -0.031795810351330445
4.795410 -0.024246392514724227
4.795898 8.944807863277506e-05
4.796387 0.011073672134737552
4.796875 0.0034586590404673025
4.797363 -0.005724677032497604
4.797852 -0.009344342614503901
4.798340 -0.014079127576798795
4.798828 -0.02227257157956099
4.799316 -0.027275700777754208
4.799805 -0.029833915826651576
4.800293 -0.03898743587340556
4.800781 -0.047598304243120705
4.801270 -0.03868927561129631
4.801758 -0.01825933445157048
4.802246 -0.00020871218347647515
4.802734 0.020042332818983797
4.803223 0.04046034756822525
4.803711 0.04454514315912198
4.804199 0.03236231484933802
4.804688 0.01844419381407822
4.805176 0.0070067661595673795
4.805664 -0.004496256752607493
4.806152 -0.009135630431027426
4.806641 -0.002683442358983252
4.807129 0.0018426304198351662
4.807617 -0.0010137448911714507
4.808105 -0.0010674137383511156
4.808594 0.0016577710573274312
4.809082 0.0036315919924906673
4.809570 0.011944300100096563
4.810059 0.02468170649740373
4.810547 0.02332209570218555
4.811035 0.0
4.811523 -0.024472994313927257
4.812012 -0.027037172568066807
4.812500 -0.016840091603930452
4.812988 -0.017847873289859716
4.813477 -0.030263266604088894
4.813965 -0.03812277111328873
4.814453 -0.03698976211727358
4.814941 -0.0320522281767444
4.815430 -0.02233220363198284
4.815918 -0.004060942769927987
4.816406 0.01565937696597782
4.816895 0.02113956258354584
4.817383 0.002659589538014512
4.817871 -0.028044954253996075
4.818359 -0.0404424579524987
4.818848 -0.016822201988203896
4.819336 0.026309661528520236
4.819824 0.05637614235961703
4.820312 0.05709769019392141
4.820801 0.043054341848575726
4.821289 0.04150390848560763
4.821777 0.05638210556485921
4.822266 0.06306089543610642
4.822754 0.04451532713291106
4.823242 0.011216789060549993
4.823730 -0.01829511368302359
4.824219 -0.03516502131316497
4.824707 -0.039196148056882034
4.825195 -0.03391274821230612
4.825684 -0.02427620854093515
4.826172 -0.01565937696597782
4.826660 -0.009612686850402227
4.827148 -0.0022540915815459314
4.827637 0.006410445635348879
4.828125 0.008062253487434126
4.828613 -1.1926410484370008e-05
4.829102 -0.007191625522075115
4.829590 -0.005396700744177429
4.830078 0.001616028620632136
4.830566 0.009314526588292977
4.831055 0.017657050722109796
4.831543 0.0275977138608322
4.832031 0.03648885287693004
4.832520 0.03150361329446338
4.833008 -0.0020990482452491214
4.833496 -0.05487937784382859
4.833984 -0.09080172622275105
4.834473 -0.0851784236793706
4.834961 -0.0490712159379404
4.835449 -0.012653921523916579
4.835938 0.006798053976090904
4.836426 0.020579021290780448
4.836914 0.042165824267490166
4.837402 0.05716328545158545
4.837891 0.04301259941188043
4.838379 0.010358087505675352
4.838867 -0.004782490604232373
4.839355 0.0018008879831398713
4.839844 -0.0011091561750464108
4.840332 -0.019183631264109158
4.840820 -0.026947724489434034
4.841309 -0.017072656608375668
4.841797 -0.0034526958352251173
4.842285 0.0037031504553968874
4.842773 -0.0010554873278667456
4.843262 -0.01400160590865039
4.843750 -0.0235009918594511
4.844238 -0.028706870035878608
4.844727 -0.03286918729492374
4.845215 -0.02863531157297239
4.845703 -0.01571900901839967
4.846191 -0.012278239593658924
4.846680 -0.02923163209719089
4.847168 -0.05120008020940044
4.847656 -0.05481974579140674
4.848145 -0.03562418811681321
4.848633 -0.009684245313308446
4.849121 0.010143412116956692
4.849609 0.02775275719712901
4.850098 0.048051507841526765
4.850586 0.064820040982551
4.851074 0.06750348334153425
4.851562 0.04972716851458075
4.852051 0.01449058873850956
4.852539 -0.02490234509136458
4.853027 -0.055392213494656506
4.853516 -0.07647810723102268
4.854004 -0.0919406984240084
4.854492 -0.09844059213799004
4.854980 -0.0917439126510163
4.855469 -0.07068783494086103
4.855957 -0.041020888860990645
4.856445 -0.01822355522011737
4.856934 -0.00786546771444202
4.857422 0.002343539660178707
4.857910 0.01569515619743093
4.858398 0.018056585473336193
4.858887 0.009457643514105416
4.859375 0.012308055619869848
4.859863 0.030382530708932595
4.860352 0.03875487086896034
4.860840 0.026327551144246793
4.861328 0.006428335251075434
4.861816 -0.009785619802425592
4.862305 -0.015498370424438825
4.862793 -0.0041563540538029475
4.863281 0.017973100599945602
4.863770 0.034371915015954366
4.864258 0.0356718937587507
4.864746 0.0283132984898944
4.865234 0.026244066270856202
4.865723 0.03311367870985333
4.866211 0.04007870243272541
4.866699 0.04439009982282517
4.867188 0.05681741954753872
4.867676 0.07777212276857683
4.868164 0.08909028631824396
4.868652 0.09034255941910281
4.869141 0.10021762730016118
4.869629 0.11476784809109258
4.870117 0.1153999478467642
4.870605 0.09486863219792123
4.871094 0.04663226499388673
4.871582 -0.017776314826953497
4.872070 -0.04904736311697166
4.872559 -0.025534444847036188
4.873047 0.00045320359840606033
4.873535 -0.018718501255218727
4.874023 -0.05948297229079542
4.874512 -0.08173169104938767
4.875000 -0.08402156186238671
4.875488 -0.07692534762418655
4.875977 -0.05843941137341304
4.876465 -0.030644911739588734
4.876953 -0.006165954220419294
4.877441 0.008694353243105735
4.877930 0.018181812783422076
4.878418 0.02094874001579592
4.878906 0.006100358962755259
4.879395 -0.027573861039863458
4.879883 -0.06145679322595865
4.880371 -0.07533913502976534
4.880859 -0.06773604834597946
4.881348 -0.050317525833557065
4.881836 -0.028390820158042805
4.882324 -0.004609557652209008
4.882812 0.0037568193025765526
4.883301 -0.01397775308768165
4.883789 -0.03580904747932095
4.884277 -0.039416786650842875
4.884766 -0.0355108872172117
4.885254 -0.03726406955841409
4.885742 -0.03325679563566577
4.886230 -0.01551626004016538
4.886719 0.003166461983600237
4.887207 0.011359905986362433
4.887695 0.01532543747241546
4.888184 0.02856375311006617
4.888672 0.05144457162433003
4.889160 0.07124837623362643
4.889648 0.07897669022749819
4.890137 0.07248872292400091
4.890625 0.051217969825127
4.891113 0.022517062994490574
4.891602 0.0018605200355617212
4.892090 -0.004263691748162278
4.892578 -0.005193951765943138
4.893066 -0.010692026999237712
4.893555 -0.013727298467509879
4.894043 -0.0020990482452491214
4.894531 0.016977245324500706
4.895020 0.02899310388750349
4.895508 0.031867368814236664
4.895996 0.02805091745923826
4.896484 0.025349585484528453
4.896973 0.03121141623759631
4.897461 0.032851297679197186
4.897949 0.017060730197891297
4.898438 -0.005981094857911559
4.898926 -0.022695959151756127
4.899414 -0.03348936064011098
4.899902 -0.04332268608447405
4.900391 -0.05019826172871336
4.900879 -0.04377588968288011
4.901367 -0.018330892914476704
4.901855 0.010274602632284762
4.902344 0.018193739193906447
4.902832 0.00661319461358317
4.903320 -0.005134319713521288
4.903809 -0.011169083418612512
4.904297 -0.0143951774546346
4.904785 -0.010709916614964267
4.905273 0.0022302387605771913
4.905762 0.018175849578179894
4.906250 0.026774791537410667
4.906738 0.02247532055779528
4.907227 0.011526875733143612
4.907715 0.004406808673974718
4.908203 0.004424698289701273
4.908691 0.007048508596262675
4.909180 0.004245802132435723
4.909668 -0.002969676210608132
4.910156 -0.0010733769435933007
4.910645 0.0064700776877707296
4.911133 0.0023912453021161864
4.911621 -0.0018962992670148312
4.912109 0.012081453820666818
4.912598 0.027412854498324462
4.913086 0.02079369667949911
4.913574 -0.00744804334748907
4.914062 -0.04785472206853466
4.914551 -0.0843435749454647
4.915039 -0.09783830840852936
4.915527 -0.08929899850172043
4.916016 -0.06830255284398704
4.916504 -0.03698976211727358
4.916992 -0.007382448089825035
4.917480 0.007966842203559166
4.917969 0.017287331997094327
4.918457 0.031133894569447908
4.918945 0.04681116115115228
4.919434 0.06019259371461543
4.919922 0.06839200092261981
4.920410 0.06455169674665266
4.920898 0.05035330506501017
4.921387 0.0404424579524987
4.921875 0.041915369647318394
4.922363 0.04420524046031744
4.922852 0.03433613578450125
4.923340 0.018629053176585954
4.923828 0.017847873289859716
4.924316 0.03297056178404089
4.924805 0.04515339009382485
4.925293 0.05035330506501017
4.925781 0.04989413826136193
4.926270 0.03378155769697805
4.926758 0.012033748178729339
4.927246 0.011258531497245287
4.927734 0.028551826699581798
4.928223 0.03547510798575859
4.928711 0.017943284573734678
4.929199 -0.009696171723792817
4.929688 -0.02453858957159129
4.930176 -0.02260651107312335
4.930664 -0.017293295202336512
4.931152 -0.019690503709694884
4.931641 -0.030513721224260666
4.932129 -0.03848652663306201
4.932617 -0.031408202010588415
4.933105 -0.015724972223641855
4.933594 -0.010435609173823758
4.934082 -0.020036369613741615
4.934570 -0.031127931364205722
4.935059 -0.03802139662417159
4.935547 -0.05223171471629845
4.936035 -0.0797697965247088
4.936523 -0.10697393883955679
4.937012 -0.11553710156733445
4.937500 -0.10133274668044977
4.937988 -0.07782579161575649
4.938477 -0.06220815708647396
4.938965 -0.05911325356577995
4.939453 -0.05828436803711623
4.939941 -0.04453917995387979
4.940430 -0.016309366337375987
4.940918 0.011747514327104459
4.941406 0.028319261695136586
4.941895 0.03158113496261178
4.942383 0.027078915004762102
4.942871 0.025283990226864415
4.943359 0.02924355850767526
4.943848 0.03645903685071911
4.944336 0.04647722165758992
4.944824 0.05395508103128992
4.945312 0.05104503687310363
4.945801 0.037138842248328204
4.946289 0.018396488172140738
4.946777 0.002808669669069137
4.947266 -0.003232057241264272
4.947754 -0.0023256500444521514
4.948242 -0.009278747356839867
4.948730 -0.0293866754334877
4.949219 -0.04256535901871656
4.949707 -0.030346751477479485
4.950195 -0.0007513638605153105
4.950684 0.024079422767943046
4.951172 0.028152291948355404
4.951660 0.01371537205702551
4.952148 -0.0037985617392718475
4.952637 -0.01402545872961913
4.953125 -0.013769040904205174
4.953613 0.00039357154598421027
4.954102 0.025015645990966093
4.954590 0.04475981854784064
4.955078 0.04492082508937963
4.955566 0.025540408052278373
4.956055 0.0011270457907729657
4.956543 -0.012158975488815223
4.957031 -0.009213152099175831
4.957520 -0.0009242968125386756
4.958008 0.002110974655733491
4.958496 0.008402156186238671
4.958984 0.024270245335692966
4.959473 0.029070625555651895
4.959961 0.005796235495403824
4.960449 -0.02128267950935828
4.960938 -0.01877813330764058
4.961426 0.0010495241226245607
4.961914 0.003184351599326792
4.962402 -0.009940663138722402
4.962891 -0.010936518414167297
4.963379 0.0038522305864515127
4.963867 0.018002916626156527
4.964355 0.024854639449427098
4.964844 0.0293866754334877
4.965332 0.03115178418517446
4.965820 0.023769336095349425
4.966309 0.0074361169370047
4.966797 -0.011789256763799752
4.967285 -0.030334825066995117
4.967773 -0.04745518731730826
4.968262 -0.05978113255290467
4.968750 -0.06174302707758353
4.969238 -0.05516561169545347
4.969727 -0.04761023065360507
4.970215 -0.03763975148867175
4.970703 -0.016875870835383562
4.971191 0.01422820770785342
4.971680 0.04777720040038625
4.972168 0.07579830183341359
4.972656 0.08656785050079971
4.973145 0.07494556348378113
4.973633 0.05465873924986775
4.974121 0.03989980627545986
4.974609 0.028796318114511384
4.975098 0.014603889638111075
4.975586 -0.002707295179951992
4.976074 -0.01923133690604664
4.976562 -0.03251139498039264
4.977051 -0.03915440562018674
4.977539 -0.033751741670767124
4.978027 -0.018807949333851503
4.978516 -0.006136138194208369
4.979004 -0.004454514315912198
4.979492 -0.012516767803346323
4.979980 -0.019332711395163783
4.980469 -0.014854344258282845
4.980957 -0.002623810306561402
4.981445 0.008342524133816821
4.981934 0.020883144758131883
4.982422 0.042362610040482265
4.982910 0.06118248578481814
4.983398 0.05843344816817085
4.983887 0.03734755443180468
4.984375 0.01245117254568229
4.984863 -0.017024950966438187
4.985352 -0.04926203850569032
4.985840 -0.05957838357467037
4.986328 -0.040621354109764245
4.986816 -0.019082256774992014
4.987305 -0.00835445054430119
4.987793 0.0015206173367571761
4.988281 0.01425206052882216
4.988770 0.02117534181499895
4.989258 0.007024655775293934
4.989746 -0.026029390882137543
4.990234 -0.0434240605735912
4.990723 -0.028796318114511384
4.991211 -0.011359905986362433
4.991699 -0.010578726099636197
4.992188 -0.007454006552731255
4.992676 0.011157157008128143
4.993164 0.02603535408737973
4.993652 0.020757917448046
4.994141 0.007871430919684206
4.994629 0.0036614080187015925
4.995117 0.005593486517169534
4.995605 0.008026474255981015
4.996094 0.012290166004143293
4.996582 0.013578218336455254
4.997070 0.0020751954242803814
4.997559 -0.018962992670148313
4.998047 -0.0334416549981735
4.998535 -0.03436595181071218
4.999023 -0.025576187283731483
4.999512 -0.007656755530965545
