datetime,arduino_millis,voltage
2026-06-23T13:22:06.945713,508203,48
2026-06-23T13:22:06.945803,508204,48
2026-06-23T13:22:06.945844,508205,47
2026-06-23T13:22:06.945882,508205,49
2026-06-23T13:22:06.945948,508206,50
2026-06-23T13:22:06.945999,508207,51
2026-06-23T13:22:06.946038,508208,50
2026-06-23T13:22:06.946074,508209,50
2026-06-23T13:22:06.946108,508210,48
2026-06-23T13:22:06.956126,508211,52
2026-06-23T13:22:06.956212,508212,53
2026-06-23T13:22:06.956267,508213,54
2026-06-23T13:22:06.956306,508214,54
2026-06-23T13:22:06.956342,508215,54
2026-06-23T13:22:06.956378,508216,54
2026-06-23T13:22:06.956412,508217,54
2026-06-23T13:22:06.956446,508218,53
2026-06-23T13:22:06.956479,508219,53
2026-06-23T13:22:06.956512,508220,52
2026-06-23T13:22:06.956545,508221,52
2026-06-23T13:22:06.966595,508222,54
2026-06-23T13:22:06.966669,508223,54
2026-06-23T13:22:06.966739,508224,53
2026-06-23T13:22:06.966802,508225,53
2026-06-23T13:22:06.966839,508226,54
2026-06-23T13:22:06.966874,508226,54
2026-06-23T13:22:06.966908,508227,53
2026-06-23T13:22:06.966942,508228,53
2026-06-23T13:22:06.966975,508229,53
2026-06-23T13:22:06.967008,508230,52
2026-06-23T13:22:06.967041,508231,53
2026-06-23T13:22:06.977043,508232,52
2026-06-23T13:22:06.977092,508233,52
2026-06-23T13:22:06.977146,508234,52
2026-06-23T13:22:06.977185,508235,52
2026-06-23T13:22:06.977223,508236,52
2026-06-23T13:22:06.977260,508237,53
2026-06-23T13:22:06.977297,508238,53
2026-06-23T13:22:06.977333,508239,53
2026-06-23T13:22:06.977370,508240,52
2026-06-23T13:22:06.977406,508241,52
2026-06-23T13:22:06.977442,508242,51
2026-06-23T13:22:06.987459,508243,51
2026-06-23T13:22:06.987539,508244,51
2026-06-23T13:22:06.987584,508245,51
2026-06-23T13:22:06.987623,508246,51
2026-06-23T13:22:06.987662,508247,50
2026-06-23T13:22:06.987699,508248,50
2026-06-23T13:22:06.987736,508248,50
2026-06-23T13:22:06.987772,508249,50
2026-06-23T13:22:06.987809,508250,50
2026-06-23T13:22:06.987847,508251,50
2026-06-23T13:22:06.987884,508252,50
2026-06-23T13:22:06.997873,508253,49
2026-06-23T13:22:06.997924,508254,49
2026-06-23T13:22:06.997967,508255,49
2026-06-23T13:22:06.998009,508256,48
2026-06-23T13:22:06.998050,508257,48
2026-06-23T13:22:06.998091,508258,47
2026-06-23T13:22:06.998131,508259,47
2026-06-23T13:22:06.998174,508260,46
2026-06-23T13:22:06.998214,508261,47
2026-06-23T13:22:06.998254,508262,47
2026-06-23T13:22:06.998294,508263,47
2026-06-23T13:22:07.008363,508264,46
2026-06-23T13:22:07.008428,508265,46
2026-06-23T13:22:07.008471,508266,46
2026-06-23T13:22:07.008512,508267,46
2026-06-23T13:22:07.008552,508268,45
2026-06-23T13:22:07.008605,508269,45
2026-06-23T13:22:07.008646,508269,45
2026-06-23T13:22:07.008686,508270,45
2026-06-23T13:22:07.008727,508271,44
2026-06-23T13:22:07.008767,508272,44
2026-06-23T13:22:07.008807,508273,44
2026-06-23T13:22:07.018850,508274,44
2026-06-23T13:22:07.018914,508275,44
2026-06-23T13:22:07.018985,508276,43
2026-06-23T13:22:07.019045,508277,43
2026-06-23T13:22:07.019093,508278,43
2026-06-23T13:22:07.019136,508279,43
2026-06-23T13:22:07.019178,508280,43
2026-06-23T13:22:07.019222,508281,43
2026-06-23T13:22:07.019263,508282,43
2026-06-23T13:22:07.019315,508283,42
2026-06-23T13:22:07.029183,508284,42
2026-06-23T13:22:07.029231,508285,42
2026-06-23T13:22:07.029276,508286,42
2026-06-23T13:22:07.029318,508287,42
2026-06-23T13:22:07.029359,508288,41
2026-06-23T13:22:07.029401,508289,41
2026-06-23T13:22:07.029441,508290,41
2026-06-23T13:22:07.029481,508290,41
2026-06-23T13:22:07.029521,508291,41
2026-06-23T13:22:07.029562,508292,41
2026-06-23T13:22:07.029602,508293,42
2026-06-23T13:22:07.039808,508294,42
2026-06-23T13:22:07.039901,508295,41
2026-06-23T13:22:07.040076,508296,42
2026-06-23T13:22:07.040155,508297,41
2026-06-23T13:22:07.040246,508298,41
2026-06-23T13:22:07.040316,508299,41
2026-06-23T13:22:07.040384,508300,41
2026-06-23T13:22:07.040451,508301,41
2026-06-23T13:22:07.040506,508302,41
2026-06-23T13:22:07.040554,508303,41
2026-06-23T13:22:07.040635,508304,41
2026-06-23T13:22:07.050114,508305,40
2026-06-23T13:22:07.050276,508306,40
2026-06-23T13:22:07.050358,508307,41
2026-06-23T13:22:07.050435,508308,41
2026-06-23T13:22:07.050511,508309,41
2026-06-23T13:22:07.050587,508310,40
2026-06-23T13:22:07.050660,508311,41
2026-06-23T13:22:07.050735,508312,42
2026-06-23T13:22:07.050807,508312,42
2026-06-23T13:22:07.050882,508313,42
2026-06-23T13:22:07.050970,508314,42
2026-06-23T13:22:07.060541,508315,41
2026-06-23T13:22:07.060684,508316,42
2026-06-23T13:22:07.060795,508317,41
2026-06-23T13:22:07.060900,508318,41
2026-06-23T13:22:07.060994,508319,41
2026-06-23T13:22:07.061072,508320,41
2026-06-23T13:22:07.061182,508321,41
2026-06-23T13:22:07.061313,508322,41
2026-06-23T13:22:07.061473,508323,41
2026-06-23T13:22:07.061579,508324,40
2026-06-23T13:22:07.061684,508325,40
2026-06-23T13:22:07.070990,508326,40
2026-06-23T13:22:07.071169,508327,40
2026-06-23T13:22:07.071271,508328,40
2026-06-23T13:22:07.071526,508329,40
2026-06-23T13:22:07.071618,508330,40
2026-06-23T13:22:07.071686,508331,40
2026-06-23T13:22:07.071752,508332,40
2026-06-23T13:22:07.071818,508333,40
2026-06-23T13:22:07.071898,508333,40
2026-06-23T13:22:07.072229,508334,40
2026-06-23T13:22:07.072317,508335,40
2026-06-23T13:22:07.081452,508336,39
2026-06-23T13:22:07.081586,508337,39
2026-06-23T13:22:07.081675,508338,39
2026-06-23T13:22:07.081752,508339,40
2026-06-23T13:22:07.081827,508340,40
2026-06-23T13:22:07.081902,508341,40
2026-06-23T13:22:07.081976,508342,40
2026-06-23T13:22:07.082051,508343,40
2026-06-23T13:22:07.082126,508344,40
2026-06-23T13:22:07.082202,508345,40
2026-06-23T13:22:07.082279,508346,40
2026-06-23T13:22:07.091836,508347,39
2026-06-23T13:22:07.091915,508348,39
2026-06-23T13:22:07.091951,508349,39
2026-06-23T13:22:07.092014,508350,39
2026-06-23T13:22:07.092049,508351,39
2026-06-23T13:22:07.092082,508352,39
2026-06-23T13:22:07.092114,508353,39
2026-06-23T13:22:07.092164,508354,39
2026-06-23T13:22:07.092210,508354,40
2026-06-23T13:22:07.092250,508355,40
2026-06-23T13:22:07.092281,508356,40
2026-06-23T13:22:07.102268,508357,40
2026-06-23T13:22:07.102334,508358,41
2026-06-23T13:22:07.102367,508359,41
2026-06-23T13:22:07.102423,508360,42
2026-06-23T13:22:07.102465,508361,41
2026-06-23T13:22:07.102512,508362,41
2026-06-23T13:22:07.102553,508363,40
2026-06-23T13:22:07.102585,508364,41
2026-06-23T13:22:07.102614,508365,41
2026-06-23T13:22:07.102643,508366,41
2026-06-23T13:22:07.102671,508367,41
2026-06-23T13:22:07.112722,508368,41
2026-06-23T13:22:07.112782,508369,42
2026-06-23T13:22:07.112814,508370,42
2026-06-23T13:22:07.112886,508371,42
2026-06-23T13:22:07.112917,508372,42
2026-06-23T13:22:07.112946,508373,42
2026-06-23T13:22:07.112974,508374,44
2026-06-23T13:22:07.113001,508375,44
2026-06-23T13:22:07.113029,508376,44
2026-06-23T13:22:07.113057,508376,44
2026-06-23T13:22:07.113085,508377,44
2026-06-23T13:22:07.123171,508378,44
2026-06-23T13:22:07.123242,508379,44
2026-06-23T13:22:07.123275,508380,44
2026-06-23T13:22:07.123341,508381,45
2026-06-23T13:22:07.123384,508382,45
2026-06-23T13:22:07.123416,508383,45
2026-06-23T13:22:07.123445,508384,45
2026-06-23T13:22:07.123473,508385,45
2026-06-23T13:22:07.123502,508386,46
2026-06-23T13:22:07.123529,508387,46
2026-06-23T13:22:07.123557,508388,46
2026-06-23T13:22:07.133641,508389,46
2026-06-23T13:22:07.133750,508390,47
2026-06-23T13:22:07.133783,508391,47
2026-06-23T13:22:07.133849,508392,47
2026-06-23T13:22:07.133919,508393,47
2026-06-23T13:22:07.133950,508394,49
2026-06-23T13:22:07.133989,508395,49
2026-06-23T13:22:07.134034,508396,50
2026-06-23T13:22:07.134063,508397,50
2026-06-23T13:22:07.134090,508397,50
2026-06-23T13:22:07.144015,508398,51
2026-06-23T13:22:07.144067,508399,51
2026-06-23T13:22:07.144101,508400,50
2026-06-23T13:22:07.144140,508401,50
2026-06-23T13:22:07.144169,508402,50
2026-06-23T13:22:07.144196,508403,52
2026-06-23T13:22:07.144222,508404,53
2026-06-23T13:22:07.144247,508405,54
2026-06-23T13:22:07.144273,508406,54
2026-06-23T13:22:07.144298,508407,54
2026-06-23T13:22:07.144338,508408,55
2026-06-23T13:22:07.154531,508409,54
2026-06-23T13:22:07.154583,508410,54
2026-06-23T13:22:07.154612,508411,54
2026-06-23T13:22:07.154640,508412,54
2026-06-23T13:22:07.154686,508413,54
2026-06-23T13:22:07.154729,508414,53
2026-06-23T13:22:07.154760,508415,52
2026-06-23T13:22:07.154790,508416,52
2026-06-23T13:22:07.154841,508417,49
2026-06-23T13:22:07.154879,508418,51
2026-06-23T13:22:07.154922,508418,51
2026-06-23T13:22:07.164957,508419,50
2026-06-23T13:22:07.165045,508420,49
2026-06-23T13:22:07.165082,508421,50
2026-06-23T13:22:07.165111,508422,50
2026-06-23T13:22:07.165138,508423,50
2026-06-23T13:22:07.165164,508424,51
2026-06-23T13:22:07.165191,508425,50
2026-06-23T13:22:07.165217,508426,45
2026-06-23T13:22:07.165243,508427,50
2026-06-23T13:22:07.165268,508428,50
2026-06-23T13:22:07.165294,508429,50
2026-06-23T13:22:07.175376,508430,49
2026-06-23T13:22:07.175441,508431,49
2026-06-23T13:22:07.175469,508432,49
2026-06-23T13:22:07.175496,508433,48
2026-06-23T13:22:07.175522,508434,48
2026-06-23T13:22:07.175548,508435,48
2026-06-23T13:22:07.175574,508436,48
2026-06-23T13:22:07.175600,508437,48
2026-06-23T13:22:07.175626,508438,48
2026-06-23T13:22:07.175652,508439,48
2026-06-23T13:22:07.175677,508440,47
2026-06-23T13:22:07.185807,508440,47
2026-06-23T13:22:07.185859,508441,46
2026-06-23T13:22:07.185887,508442,46
2026-06-23T13:22:07.185914,508443,49
2026-06-23T13:22:07.185991,508444,49
2026-06-23T13:22:07.186034,508445,48
2026-06-23T13:22:07.186077,508446,48
2026-06-23T13:22:07.186113,508447,48
2026-06-23T13:22:07.186142,508448,48
2026-06-23T13:22:07.186170,508449,48
2026-06-23T13:22:07.186196,508450,49
2026-06-23T13:22:07.196239,508451,51
2026-06-23T13:22:07.196282,508452,52
2026-06-23T13:22:07.196309,508453,52
2026-06-23T13:22:07.196348,508454,53
2026-06-23T13:22:07.196386,508455,55
2026-06-23T13:22:07.196415,508456,55
2026-06-23T13:22:07.196441,508457,55
2026-06-23T13:22:07.196467,508458,54
2026-06-23T13:22:07.196493,508459,54
2026-06-23T13:22:07.196518,508460,56
2026-06-23T13:22:07.196543,508461,57
2026-06-23T13:22:07.206680,508461,57
2026-06-23T13:22:07.206737,508462,57
2026-06-23T13:22:07.206765,508463,57
2026-06-23T13:22:07.206793,508464,57
2026-06-23T13:22:07.206819,508465,57
2026-06-23T13:22:07.206845,508466,57
2026-06-23T13:22:07.206871,508467,59
2026-06-23T13:22:07.206897,508468,60
2026-06-23T13:22:07.206922,508469,61
2026-06-23T13:22:07.206947,508470,63
2026-06-23T13:22:07.206973,508471,63
2026-06-23T13:22:07.217183,508472,62
2026-06-23T13:22:07.217250,508473,62
2026-06-23T13:22:07.217279,508474,61
2026-06-23T13:22:07.217306,508475,61
2026-06-23T13:22:07.217333,508476,61
2026-06-23T13:22:07.217359,508477,62
2026-06-23T13:22:07.217384,508478,61
2026-06-23T13:22:07.217410,508479,61
2026-06-23T13:22:07.217435,508480,62
2026-06-23T13:22:07.217460,508481,64
2026-06-23T13:22:07.217486,508482,65
2026-06-23T13:22:07.227661,508483,66
2026-06-23T13:22:07.227728,508483,66
2026-06-23T13:22:07.227759,508484,65
2026-06-23T13:22:07.227818,508485,65
2026-06-23T13:22:07.227856,508486,65
2026-06-23T13:22:07.227885,508487,65
2026-06-23T13:22:07.227913,508488,64
2026-06-23T13:22:07.227940,508489,64
2026-06-23T13:22:07.227966,508490,65
2026-06-23T13:22:07.227993,508491,66
2026-06-23T13:22:07.228018,508492,66
2026-06-23T13:22:07.238059,508493,67
2026-06-23T13:22:07.238116,508494,68
2026-06-23T13:22:07.238142,508495,68
2026-06-23T13:22:07.238168,508496,68
2026-06-23T13:22:07.238193,508497,68
2026-06-23T13:22:07.238219,508498,67
2026-06-23T13:22:07.238244,508499,70
2026-06-23T13:22:07.238270,508500,73
2026-06-23T13:22:07.238296,508501,73
2026-06-23T13:22:07.238321,508502,73
2026-06-23T13:22:07.238347,508503,73
2026-06-23T13:22:07.248526,508504,72
2026-06-23T13:22:07.248583,508504,72
2026-06-23T13:22:07.248614,508505,71
2026-06-23T13:22:07.248641,508506,72
2026-06-23T13:22:07.248667,508507,74
2026-06-23T13:22:07.248693,508508,76
2026-06-23T13:22:07.248719,508509,78
2026-06-23T13:22:07.248744,508510,79
2026-06-23T13:22:07.248783,508511,79
2026-06-23T13:22:07.248808,508512,78
2026-06-23T13:22:07.258900,508513,77
2026-06-23T13:22:07.258970,508514,80
2026-06-23T13:22:07.259011,508515,82
2026-06-23T13:22:07.259038,508516,84
2026-06-23T13:22:07.259064,508517,84
2026-06-23T13:22:07.259090,508518,86
2026-06-23T13:22:07.259115,508519,89
2026-06-23T13:22:07.259140,508520,91
2026-06-23T13:22:07.259165,508521,93
2026-06-23T13:22:07.259191,508522,94
2026-06-23T13:22:07.259216,508523,95
2026-06-23T13:22:07.269373,508524,95
2026-06-23T13:22:07.269428,508525,97
2026-06-23T13:22:07.269460,508525,100
2026-06-23T13:22:07.269488,508527,100
2026-06-23T13:22:07.269516,508528,103
2026-06-23T13:22:07.269544,508529,108
2026-06-23T13:22:07.269571,508530,111
2026-06-23T13:22:07.269599,508531,110
2026-06-23T13:22:07.269626,508532,110
2026-06-23T13:22:07.269653,508533,111
2026-06-23T13:22:07.279800,508534,114
2026-06-23T13:22:07.279856,508535,116
2026-06-23T13:22:07.279888,508536,115
2026-06-23T13:22:07.279916,508537,115
2026-06-23T13:22:07.279943,508538,114
2026-06-23T13:22:07.279971,508539,118
2026-06-23T13:22:07.279997,508540,127
2026-06-23T13:22:07.280028,508541,137
2026-06-23T13:22:07.280054,508542,146
2026-06-23T13:22:07.280082,508543,150
2026-06-23T13:22:07.290206,508544,149
2026-06-23T13:22:07.290262,508545,152
2026-06-23T13:22:07.290291,508546,155
2026-06-23T13:22:07.290319,508547,156
2026-06-23T13:22:07.290347,508548,155
2026-06-23T13:22:07.290376,508549,154
2026-06-23T13:22:07.290403,508551,159
2026-06-23T13:22:07.290431,508552,164
2026-06-23T13:22:07.290459,508553,163
2026-06-23T13:22:07.290486,508554,164
2026-06-23T13:22:07.300645,508555,163
2026-06-23T13:22:07.300714,508556,165
2026-06-23T13:22:07.300746,508557,163
2026-06-23T13:22:07.300776,508558,164
2026-06-23T13:22:07.300804,508559,163
2026-06-23T13:22:07.300832,508560,160
2026-06-23T13:22:07.300860,508561,159
2026-06-23T13:22:07.300888,508562,163
2026-06-23T13:22:07.300915,508563,168
2026-06-23T13:22:07.300943,508564,174
2026-06-23T13:22:07.311105,508565,177
2026-06-23T13:22:07.311164,508566,177
2026-06-23T13:22:07.311194,508567,174
2026-06-23T13:22:07.311222,508568,176
2026-06-23T13:22:07.311252,508569,177
2026-06-23T13:22:07.311299,508570,176
2026-06-23T13:22:07.311350,508571,179
2026-06-23T13:22:07.311380,508572,179
2026-06-23T13:22:07.311409,508573,178
2026-06-23T13:22:07.311436,508574,178
2026-06-23T13:22:07.321532,508576,178
2026-06-23T13:22:07.321602,508577,176
2026-06-23T13:22:07.321635,508578,180
2026-06-23T13:22:07.321664,508579,189
2026-06-23T13:22:07.321693,508580,199
2026-06-23T13:22:07.321721,508581,209
2026-06-23T13:22:07.321749,508582,210
2026-06-23T13:22:07.321777,508583,212
2026-06-23T13:22:07.321805,508584,217
2026-06-23T13:22:07.321833,508585,220
2026-06-23T13:22:07.331968,508586,222
2026-06-23T13:22:07.332046,508587,228
2026-06-23T13:22:07.332079,508588,235
2026-06-23T13:22:07.332109,508589,239
2026-06-23T13:22:07.332137,508590,238
2026-06-23T13:22:07.332166,508591,235
2026-06-23T13:22:07.332193,508592,236
2026-06-23T13:22:07.332221,508593,235
2026-06-23T13:22:07.332248,508594,232
2026-06-23T13:22:07.332276,508595,233
2026-06-23T13:22:07.342499,508596,235
2026-06-23T13:22:07.342577,508597,235
2026-06-23T13:22:07.342617,508598,236
2026-06-23T13:22:07.342647,508599,242
2026-06-23T13:22:07.342676,508601,238
2026-06-23T13:22:07.342714,508602,238
2026-06-23T13:22:07.342743,508603,246
2026-06-23T13:22:07.342771,508604,251
2026-06-23T13:22:07.342798,508605,251
2026-06-23T13:22:07.342826,508606,246
2026-06-23T13:22:07.352892,508607,244
2026-06-23T13:22:07.352957,508608,241
2026-06-23T13:22:07.352987,508609,238
2026-06-23T13:22:07.353016,508610,239
2026-06-23T13:22:07.353046,508611,240
2026-06-23T13:22:07.353073,508612,237
2026-06-23T13:22:07.353100,508613,233
2026-06-23T13:22:07.353128,508614,233
2026-06-23T13:22:07.353155,508615,236
2026-06-23T13:22:07.353181,508616,239
2026-06-23T13:22:07.363337,508617,239
2026-06-23T13:22:07.363400,508618,235
2026-06-23T13:22:07.363449,508619,233
2026-06-23T13:22:07.363477,508620,234
2026-06-23T13:22:07.363505,508621,236
2026-06-23T13:22:07.363539,508622,237
2026-06-23T13:22:07.363568,508623,236
2026-06-23T13:22:07.363631,508624,237
2026-06-23T13:22:07.363661,508626,236
2026-06-23T13:22:07.363689,508627,232
2026-06-23T13:22:07.373734,508628,228
2026-06-23T13:22:07.373797,508629,225
2026-06-23T13:22:07.373826,508630,222
2026-06-23T13:22:07.373855,508631,218
2026-06-23T13:22:07.373882,508632,217
2026-06-23T13:22:07.373910,508633,217
2026-06-23T13:22:07.373937,508634,214
2026-06-23T13:22:07.373964,508635,214
2026-06-23T13:22:07.373991,508636,216
2026-06-23T13:22:07.374018,508637,218
2026-06-23T13:22:07.384290,508638,218
2026-06-23T13:22:07.384341,508639,217
2026-06-23T13:22:07.384372,508640,215
2026-06-23T13:22:07.384399,508641,211
2026-06-23T13:22:07.384427,508642,209
2026-06-23T13:22:07.384454,508643,205
2026-06-23T13:22:07.384481,508644,211
2026-06-23T13:22:07.384507,508645,214
2026-06-23T13:22:07.384535,508646,215
2026-06-23T13:22:07.384561,508647,212
2026-06-23T13:22:07.394673,508648,209
2026-06-23T13:22:07.394748,508650,211
2026-06-23T13:22:07.394781,508651,215
2026-06-23T13:22:07.394811,508652,217
2026-06-23T13:22:07.394841,508653,215
2026-06-23T13:22:07.394869,508654,214
2026-06-23T13:22:07.394899,508655,215
2026-06-23T13:22:07.394927,508656,213
2026-06-23T13:22:07.394955,508657,210
2026-06-23T13:22:07.394982,508658,207
2026-06-23T13:22:07.405162,508659,204
2026-06-23T13:22:07.405301,508660,202
2026-06-23T13:22:07.405389,508661,198
2026-06-23T13:22:07.405469,508662,198
2026-06-23T13:22:07.405548,508663,203
2026-06-23T13:22:07.405626,508664,206
2026-06-23T13:22:07.405703,508665,210
2026-06-23T13:22:07.405781,508666,211
2026-06-23T13:22:07.405858,508667,213
2026-06-23T13:22:07.405934,508668,216
2026-06-23T13:22:07.415491,508669,213
2026-06-23T13:22:07.415592,508670,209
2026-06-23T13:22:07.415673,508671,207
2026-06-23T13:22:07.415752,508672,209
2026-06-23T13:22:07.415828,508673,214
2026-06-23T13:22:07.415906,508675,219
2026-06-23T13:22:07.415984,508676,221
2026-06-23T13:22:07.416062,508677,219
2026-06-23T13:22:07.416139,508678,217
2026-06-23T13:22:07.416216,508679,220
2026-06-23T13:22:07.425980,508680,221
2026-06-23T13:22:07.426079,508681,219
2026-06-23T13:22:07.426160,508682,215
2026-06-23T13:22:07.426237,508683,211
2026-06-23T13:22:07.426315,508684,207
2026-06-23T13:22:07.426393,508685,203
2026-06-23T13:22:07.426470,508686,206
2026-06-23T13:22:07.426547,508687,206
2026-06-23T13:22:07.426628,508688,204
2026-06-23T13:22:07.426705,508689,202
2026-06-23T13:22:07.436474,508690,202
2026-06-23T13:22:07.436586,508691,203
2026-06-23T13:22:07.436667,508692,203
2026-06-23T13:22:07.436744,508693,200
2026-06-23T13:22:07.436820,508694,197
2026-06-23T13:22:07.436899,508695,195
2026-06-23T13:22:07.436975,508696,202
2026-06-23T13:22:07.437052,508697,215
2026-06-23T13:22:07.437128,508698,220
2026-06-23T13:22:07.437204,508700,218
2026-06-23T13:22:07.446842,508701,230
2026-06-23T13:22:07.446934,508702,241
2026-06-23T13:22:07.447013,508703,251
2026-06-23T13:22:07.447091,508704,250
2026-06-23T13:22:07.447168,508705,251
2026-06-23T13:22:07.447245,508706,251
2026-06-23T13:22:07.447339,508707,249
2026-06-23T13:22:07.447418,508708,250
2026-06-23T13:22:07.447494,508709,250
2026-06-23T13:22:07.447571,508710,247
2026-06-23T13:22:07.457277,508711,251
2026-06-23T13:22:07.457373,508712,254
2026-06-23T13:22:07.457451,508713,251
2026-06-23T13:22:07.457528,508714,248
2026-06-23T13:22:07.457605,508715,247
2026-06-23T13:22:07.457681,508716,243
2026-06-23T13:22:07.457758,508717,239
2026-06-23T13:22:07.457835,508718,237
2026-06-23T13:22:07.457912,508719,233
2026-06-23T13:22:07.457989,508720,230
2026-06-23T13:22:07.467787,508721,231
2026-06-23T13:22:07.467918,508722,236
2026-06-23T13:22:07.468019,508723,235
2026-06-23T13:22:07.468103,508725,232
2026-06-23T13:22:07.468184,508726,229
2026-06-23T13:22:07.468263,508727,232
2026-06-23T13:22:07.468342,508728,231
2026-06-23T13:22:07.468442,508729,239
2026-06-23T13:22:07.468521,508730,253
2026-06-23T13:22:07.468598,508731,259
2026-06-23T13:22:07.478243,508732,256
2026-06-23T13:22:07.478354,508733,252
2026-06-23T13:22:07.478438,508734,249
2026-06-23T13:22:07.478518,508735,257
2026-06-23T13:22:07.478596,508736,260
2026-06-23T13:22:07.478675,508737,257
2026-06-23T13:22:07.478753,508738,254
2026-06-23T13:22:07.478833,508739,255
2026-06-23T13:22:07.478910,508740,259
2026-06-23T13:22:07.478987,508741,261
2026-06-23T13:22:07.488688,508742,261
2026-06-23T13:22:07.488798,508743,258
2026-06-23T13:22:07.488877,508744,254
2026-06-23T13:22:07.488954,508745,249
2026-06-23T13:22:07.489031,508746,245
2026-06-23T13:22:07.489109,508747,239
2026-06-23T13:22:07.489186,508749,234
2026-06-23T13:22:07.489263,508750,232
2026-06-23T13:22:07.489340,508751,228
2026-06-23T13:22:07.489417,508752,229
2026-06-23T13:22:07.499036,508753,231
2026-06-23T13:22:07.499136,508754,231
2026-06-23T13:22:07.499214,508755,234
2026-06-23T13:22:07.499292,508756,234
2026-06-23T13:22:07.499369,508757,234
2026-06-23T13:22:07.499447,508758,237
2026-06-23T13:22:07.499523,508759,242
2026-06-23T13:22:07.499600,508760,242
2026-06-23T13:22:07.499677,508761,245
2026-06-23T13:22:07.499754,508762,244
2026-06-23T13:22:07.509519,508763,248
2026-06-23T13:22:07.509597,508764,245
2026-06-23T13:22:07.509653,508765,243
2026-06-23T13:22:07.509708,508766,241
2026-06-23T13:22:07.509763,508767,236
2026-06-23T13:22:07.509817,508768,239
2026-06-23T13:22:07.509871,508769,246
2026-06-23T13:22:07.509928,508770,245
2026-06-23T13:22:07.509982,508771,242
2026-06-23T13:22:07.510035,508772,247
2026-06-23T13:22:07.520034,508774,251
2026-06-23T13:22:07.520149,508775,251
2026-06-23T13:22:07.520227,508776,246
2026-06-23T13:22:07.520303,508777,240
2026-06-23T13:22:07.520380,508778,238
2026-06-23T13:22:07.520456,508779,239
2026-06-23T13:22:07.520532,508780,235
2026-06-23T13:22:07.520611,508781,234
2026-06-23T13:22:07.520687,508782,232
2026-06-23T13:22:07.520763,508783,232
2026-06-23T13:22:07.530402,508784,232
2026-06-23T13:22:07.530496,508785,231
2026-06-23T13:22:07.530575,508786,229
2026-06-23T13:22:07.530651,508787,225
2026-06-23T13:22:07.530734,508788,220
2026-06-23T13:22:07.530811,508789,215
2026-06-23T13:22:07.530909,508790,211
2026-06-23T13:22:07.530988,508791,209
2026-06-23T13:22:07.531064,508792,206
2026-06-23T13:22:07.531141,508793,203
2026-06-23T13:22:07.540929,508794,201
2026-06-23T13:22:07.541033,508795,198
2026-06-23T13:22:07.541114,508796,194
2026-06-23T13:22:07.541192,508797,192
2026-06-23T13:22:07.541269,508799,189
2026-06-23T13:22:07.541348,508800,187
2026-06-23T13:22:07.541425,508801,187
2026-06-23T13:22:07.541506,508802,187
2026-06-23T13:22:07.541584,508803,184
2026-06-23T13:22:07.541664,508804,183
2026-06-23T13:22:07.551342,508805,182
2026-06-23T13:22:07.551439,508806,179
2026-06-23T13:22:07.551520,508807,176
2026-06-23T13:22:07.551597,508808,173
2026-06-23T13:22:07.551673,508809,171
2026-06-23T13:22:07.551750,508810,168
2026-06-23T13:22:07.551827,508811,167
2026-06-23T13:22:07.551903,508812,164
2026-06-23T13:22:07.551979,508813,164
2026-06-23T13:22:07.552055,508814,164
2026-06-23T13:22:07.561747,508815,162
2026-06-23T13:22:07.561840,508816,159
2026-06-23T13:22:07.561918,508817,157
2026-06-23T13:22:07.561994,508818,161
2026-06-23T13:22:07.562069,508819,170
2026-06-23T13:22:07.562145,508820,171
2026-06-23T13:22:07.562222,508821,171
2026-06-23T13:22:07.562301,508822,174
2026-06-23T13:22:07.562387,508824,174
2026-06-23T13:22:07.562465,508825,179
2026-06-23T13:22:07.572270,508826,188
2026-06-23T13:22:07.572394,508827,198
2026-06-23T13:22:07.572477,508828,204
2026-06-23T13:22:07.572556,508829,208
2026-06-23T13:22:07.572634,508830,209
2026-06-23T13:22:07.572712,508831,206
2026-06-23T13:22:07.572788,508832,202
2026-06-23T13:22:07.572865,508833,199
2026-06-23T13:22:07.572941,508834,198
2026-06-23T13:22:07.573018,508835,196
2026-06-23T13:22:07.582571,508836,197
2026-06-23T13:22:07.582673,508837,197
2026-06-23T13:22:07.582780,508838,198
2026-06-23T13:22:07.582861,508839,196
2026-06-23T13:22:07.582937,508840,199
2026-06-23T13:22:07.583013,508841,197
2026-06-23T13:22:07.583090,508842,197
2026-06-23T13:22:07.583166,508843,200
2026-06-23T13:22:07.583242,508844,198
2026-06-23T13:22:07.583318,508845,198
2026-06-23T13:22:07.593085,508846,199
2026-06-23T13:22:07.593181,508848,196
2026-06-23T13:22:07.593259,508849,197
2026-06-23T13:22:07.593336,508850,199
2026-06-23T13:22:07.593412,508851,202
2026-06-23T13:22:07.593488,508852,203
2026-06-23T13:22:07.593565,508853,201
2026-06-23T13:22:07.593641,508854,202
2026-06-23T13:22:07.593718,508855,208
2026-06-23T13:22:07.593794,508856,210
2026-06-23T13:22:07.603579,508857,208
2026-06-23T13:22:07.603682,508858,205
2026-06-23T13:22:07.603762,508859,206
2026-06-23T13:22:07.603839,508860,205
2026-06-23T13:22:07.603916,508861,203
2026-06-23T13:22:07.604000,508862,201
2026-06-23T13:22:07.604076,508863,200
2026-06-23T13:22:07.604151,508864,198
2026-06-23T13:22:07.604227,508865,195
2026-06-23T13:22:07.604304,508866,198
2026-06-23T13:22:07.613898,508867,204
2026-06-23T13:22:07.614018,508868,207
2026-06-23T13:22:07.614122,508869,207
2026-06-23T13:22:07.614221,508870,204
2026-06-23T13:22:07.614319,508871,203
2026-06-23T13:22:07.614473,508873,205
2026-06-23T13:22:07.614600,508874,204
2026-06-23T13:22:07.614706,508875,202
2026-06-23T13:22:07.614808,508876,202
2026-06-23T13:22:07.614908,508877,200
2026-06-23T13:22:07.624403,508878,197
2026-06-23T13:22:07.624503,508879,196
2026-06-23T13:22:07.624581,508880,196
2026-06-23T13:22:07.624658,508881,196
2026-06-23T13:22:07.624735,508882,195
2026-06-23T13:22:07.624811,508883,193
2026-06-23T13:22:07.624888,508884,197
2026-06-23T13:22:07.624964,508885,190
2026-06-23T13:22:07.625040,508886,188
2026-06-23T13:22:07.625116,508887,193
2026-06-23T13:22:07.634851,508888,200
2026-06-23T13:22:07.634950,508889,201
2026-06-23T13:22:07.635028,508890,202
2026-06-23T13:22:07.635104,508891,201
2026-06-23T13:22:07.635180,508892,199
2026-06-23T13:22:07.635256,508893,196
2026-06-23T13:22:07.635332,508894,195
2026-06-23T13:22:07.635408,508895,193
2026-06-23T13:22:07.635484,508896,194
2026-06-23T13:22:07.635560,508898,194
2026-06-23T13:22:07.645246,508899,192
2026-06-23T13:22:07.645377,508900,191
2026-06-23T13:22:07.645481,508901,197
2026-06-23T13:22:07.645582,508902,201
2026-06-23T13:22:07.645684,508903,202
2026-06-23T13:22:07.645783,508904,205
2026-06-23T13:22:07.645882,508905,205
2026-06-23T13:22:07.645981,508906,202
2026-06-23T13:22:07.646079,508907,203
2026-06-23T13:22:07.646179,508908,210
2026-06-23T13:22:07.655732,508909,215
2026-06-23T13:22:07.655836,508910,216
2026-06-23T13:22:07.655918,508911,217
2026-06-23T13:22:07.655995,508912,220
2026-06-23T13:22:07.656072,508913,217
2026-06-23T13:22:07.656149,508914,213
2026-06-23T13:22:07.656225,508915,211
2026-06-23T13:22:07.656301,508916,220
2026-06-23T13:22:07.656377,508917,232
2026-06-23T13:22:07.656454,508918,236
2026-06-23T13:22:07.666135,508919,233
2026-06-23T13:22:07.666237,508920,237
2026-06-23T13:22:07.666315,508921,241
2026-06-23T13:22:07.666392,508923,240
2026-06-23T13:22:07.666468,508924,246
2026-06-23T13:22:07.666544,508925,257
2026-06-23T13:22:07.666621,508926,256
2026-06-23T13:22:07.666697,508927,266
2026-06-23T13:22:07.666773,508928,277
2026-06-23T13:22:07.666849,508929,285
2026-06-23T13:22:07.676606,508930,290
2026-06-23T13:22:07.676699,508931,295
2026-06-23T13:22:07.676777,508932,299
2026-06-23T13:22:07.676854,508933,302
2026-06-23T13:22:07.676931,508934,300
2026-06-23T13:22:07.677008,508935,298
2026-06-23T13:22:07.677085,508936,301
2026-06-23T13:22:07.677163,508937,302
2026-06-23T13:22:07.677241,508938,302
2026-06-23T13:22:07.677317,508939,303
2026-06-23T13:22:07.687115,508940,299
2026-06-23T13:22:07.687230,508941,297
2026-06-23T13:22:07.687311,508942,296
2026-06-23T13:22:07.687388,508943,291
2026-06-23T13:22:07.687464,508944,286
2026-06-23T13:22:07.687549,508945,281
2026-06-23T13:22:07.687629,508947,278
2026-06-23T13:22:07.687708,508948,272
2026-06-23T13:22:07.687814,508949,269
2026-06-23T13:22:07.687903,508950,267
2026-06-23T13:22:07.697559,508951,270
2026-06-23T13:22:07.697650,508952,270
2026-06-23T13:22:07.697728,508953,266
2026-06-23T13:22:07.697805,508954,263
2026-06-23T13:22:07.697881,508955,259
2026-06-23T13:22:07.697958,508956,265
2026-06-23T13:22:07.698050,508957,270
2026-06-23T13:22:07.698129,508958,267
2026-06-23T13:22:07.698206,508959,264
2026-06-23T13:22:07.698283,508960,260
2026-06-23T13:22:07.707941,508961,258
2026-06-23T13:22:07.708040,508962,260
2026-06-23T13:22:07.708118,508963,256
2026-06-23T13:22:07.708195,508964,251
2026-06-23T13:22:07.708271,508965,250
2026-06-23T13:22:07.708348,508966,254
2026-06-23T13:22:07.708424,508967,262
2026-06-23T13:22:07.708500,508968,270
2026-06-23T13:22:07.708576,508969,268
2026-06-23T13:22:07.708652,508970,271
2026-06-23T13:22:07.718379,508972,274
2026-06-23T13:22:07.718503,508973,281
2026-06-23T13:22:07.718584,508974,291
2026-06-23T13:22:07.718663,508975,307
2026-06-23T13:22:07.718741,508976,321
2026-06-23T13:22:07.718826,508977,327
2026-06-23T13:22:07.718904,508978,325
2026-06-23T13:22:07.718981,508979,320
2026-06-23T13:22:07.719057,508980,318
2026-06-23T13:22:07.719134,508981,323
2026-06-23T13:22:07.728775,508982,327
2026-06-23T13:22:07.728879,508983,330
2026-06-23T13:22:07.728962,508984,335
2026-06-23T13:22:07.729039,508985,340
2026-06-23T13:22:07.729118,508986,337
2026-06-23T13:22:07.729205,508987,338
2026-06-23T13:22:07.729286,508988,335
2026-06-23T13:22:07.729499,508989,337
2026-06-23T13:22:07.729580,508990,341
2026-06-23T13:22:07.729657,508991,343
2026-06-23T13:22:07.739256,508992,345
2026-06-23T13:22:07.739354,508993,339
2026-06-23T13:22:07.739432,508994,337
2026-06-23T13:22:07.739509,508995,337
2026-06-23T13:22:07.739585,508997,336
2026-06-23T13:22:07.739661,508998,331
2026-06-23T13:22:07.739738,508999,325
2026-06-23T13:22:07.739814,509000,318
2026-06-23T13:22:07.739890,509001,314
2026-06-23T13:22:07.739971,509002,309
2026-06-23T13:22:07.749665,509003,312
2026-06-23T13:22:07.749767,509004,316
2026-06-23T13:22:07.749847,509005,315
2026-06-23T13:22:07.749926,509006,312
2026-06-23T13:22:07.750006,509007,311
2026-06-23T13:22:07.750085,509008,314
2026-06-23T13:22:07.750163,509009,310
2026-06-23T13:22:07.750243,509010,308
2026-06-23T13:22:07.750324,509011,311
2026-06-23T13:22:07.750406,509012,319
2026-06-23T13:22:07.760141,509013,331
2026-06-23T13:22:07.760239,509014,340
2026-06-23T13:22:07.760317,509015,338
2026-06-23T13:22:07.760394,509016,351
2026-06-23T13:22:07.760471,509017,362
2026-06-23T13:22:07.760548,509018,360
2026-06-23T13:22:07.760627,509019,355
2026-06-23T13:22:07.760704,509020,357
2026-06-23T13:22:07.760782,509022,358
2026-06-23T13:22:07.760858,509023,358
2026-06-23T13:22:07.770646,509024,354
2026-06-23T13:22:07.770755,509025,352
2026-06-23T13:22:07.770834,509026,348
2026-06-23T13:22:07.770911,509027,347
2026-06-23T13:22:07.770987,509028,346
2026-06-23T13:22:07.771064,509029,343
2026-06-23T13:22:07.771140,509030,341
2026-06-23T13:22:07.771216,509031,337
2026-06-23T13:22:07.771310,509032,335
2026-06-23T13:22:07.771386,509033,330
2026-06-23T13:22:07.780992,509034,326
2026-06-23T13:22:07.781086,509035,320
2026-06-23T13:22:07.781165,509036,314
2026-06-23T13:22:07.781263,509037,308
2026-06-23T13:22:07.781363,509038,303
2026-06-23T13:22:07.781446,509039,296
2026-06-23T13:22:07.781527,509040,291
2026-06-23T13:22:07.781605,509041,288
2026-06-23T13:22:07.781683,509042,284
2026-06-23T13:22:07.781762,509043,281
2026-06-23T13:22:07.791426,509044,277
2026-06-23T13:22:07.791525,509046,271
2026-06-23T13:22:07.791605,509047,267
2026-06-23T13:22:07.791684,509048,262
2026-06-23T13:22:07.791761,509049,262
2026-06-23T13:22:07.791837,509050,265
2026-06-23T13:22:07.791913,509051,264
2026-06-23T13:22:07.791989,509052,262
2026-06-23T13:22:07.792065,509053,258
2026-06-23T13:22:07.792142,509054,255
2026-06-23T13:22:07.801906,509055,252
2026-06-23T13:22:07.802036,509056,249
2026-06-23T13:22:07.802114,509057,248
2026-06-23T13:22:07.802221,509058,254
2026-06-23T13:22:07.802299,509059,259
2026-06-23T13:22:07.802375,509060,255
2026-06-23T13:22:07.802452,509061,258
2026-06-23T13:22:07.802528,509062,266
2026-06-23T13:22:07.802604,509063,281
2026-06-23T13:22:07.802680,509064,301
2026-06-23T13:22:07.812269,509065,313
2026-06-23T13:22:07.812366,509066,311
2026-06-23T13:22:07.812444,509067,315
2026-06-23T13:22:07.812520,509068,312
2026-06-23T13:22:07.812597,509069,307
2026-06-23T13:22:07.812675,509071,310
2026-06-23T13:22:07.812754,509072,319
2026-06-23T13:22:07.812833,509073,319
2026-06-23T13:22:07.812909,509074,322
2026-06-23T13:22:07.812985,509075,330
2026-06-23T13:22:07.822770,509076,328
2026-06-23T13:22:07.822868,509077,322
2026-06-23T13:22:07.822945,509078,316
2026-06-23T13:22:07.823021,509079,312
2026-06-23T13:22:07.823098,509080,309
2026-06-23T13:22:07.823175,509081,310
2026-06-23T13:22:07.823250,509082,312
2026-06-23T13:22:07.823326,509083,308
2026-06-23T13:22:07.823403,509084,302
2026-06-23T13:22:07.823481,509085,297
2026-06-23T13:22:07.833213,509086,291
2026-06-23T13:22:07.833314,509087,285
2026-06-23T13:22:07.833392,509088,281
2026-06-23T13:22:07.833471,509089,277
2026-06-23T13:22:07.833552,509090,272
2026-06-23T13:22:07.833628,509091,275
2026-06-23T13:22:07.833704,509092,274
2026-06-23T13:22:07.833782,509093,280
2026-06-23T13:22:07.833860,509094,281
2026-06-23T13:22:07.833935,509096,276
2026-06-23T13:22:07.843642,509097,272
2026-06-23T13:22:07.843734,509098,268
2026-06-23T13:22:07.843812,509099,267
2026-06-23T13:22:07.843888,509100,271
2026-06-23T13:22:07.843964,509101,276
2026-06-23T13:22:07.844041,509102,276
2026-06-23T13:22:07.844117,509103,275
2026-06-23T13:22:07.844194,509104,271
2026-06-23T13:22:07.844270,509105,274
2026-06-23T13:22:07.844364,509106,279
2026-06-23T13:22:07.854162,509107,284
2026-06-23T13:22:07.854269,509108,281
2026-06-23T13:22:07.854350,509109,278
2026-06-23T13:22:07.854427,509110,285
2026-06-23T13:22:07.854502,509111,290
2026-06-23T13:22:07.854597,509112,290
2026-06-23T13:22:07.854675,509113,286
2026-06-23T13:22:07.854752,509114,284
2026-06-23T13:22:07.854829,509115,279
2026-06-23T13:22:07.854906,509116,274
2026-06-23T13:22:07.864518,509117,270
2026-06-23T13:22:07.864655,509118,265
2026-06-23T13:22:07.864835,509120,268
2026-06-23T13:22:07.864940,509121,277
2026-06-23T13:22:07.865039,509122,280
2026-06-23T13:22:07.865120,509123,280
2026-06-23T13:22:07.865196,509124,280
2026-06-23T13:22:07.865271,509125,282
2026-06-23T13:22:07.865347,509126,284
2026-06-23T13:22:07.865423,509127,280
2026-06-23T13:22:07.874991,509128,284
2026-06-23T13:22:07.875082,509129,292
2026-06-23T13:22:07.875159,509130,300
2026-06-23T13:22:07.875235,509131,304
2026-06-23T13:22:07.875312,509132,308
2026-06-23T13:22:07.875388,509133,311
2026-06-23T13:22:07.875463,509134,311
2026-06-23T13:22:07.875539,509135,308
2026-06-23T13:22:07.875615,509136,313
2026-06-23T13:22:07.875691,509137,331
2026-06-23T13:22:07.885514,509138,352
2026-06-23T13:22:07.885616,509139,365
2026-06-23T13:22:07.885693,509140,363
2026-06-23T13:22:07.885769,509141,360
2026-06-23T13:22:07.885845,509142,361
2026-06-23T13:22:07.885938,509143,358
2026-06-23T13:22:07.886014,509145,364
2026-06-23T13:22:07.886090,509146,370
2026-06-23T13:22:07.886167,509147,369
2026-06-23T13:22:07.886242,509148,364
2026-06-23T13:22:07.895863,509149,361
2026-06-23T13:22:07.895951,509150,357
2026-06-23T13:22:07.896030,509151,353
2026-06-23T13:22:07.896106,509152,352
2026-06-23T13:22:07.896182,509153,346
2026-06-23T13:22:07.896258,509154,341
2026-06-23T13:22:07.896334,509155,341
2026-06-23T13:22:07.896412,509156,345
2026-06-23T13:22:07.896489,509157,348
2026-06-23T13:22:07.896564,509158,348
2026-06-23T13:22:07.906371,509159,348
2026-06-23T13:22:07.906469,509160,343
2026-06-23T13:22:07.906546,509161,344
2026-06-23T13:22:07.906625,509162,341
2026-06-23T13:22:07.906700,509163,338
2026-06-23T13:22:07.906777,509164,345
2026-06-23T13:22:07.906853,509165,357
2026-06-23T13:22:07.906931,509166,353
2026-06-23T13:22:07.907037,509167,352
2026-06-23T13:22:07.907175,509168,358
2026-06-23T13:22:07.916737,509170,367
2026-06-23T13:22:07.916841,509171,374
2026-06-23T13:22:07.916919,509172,376
2026-06-23T13:22:07.916995,509173,377
2026-06-23T13:22:07.917072,509174,383
2026-06-23T13:22:07.917147,509175,389
2026-06-23T13:22:07.917233,509176,384
2026-06-23T13:22:07.917310,509177,386
2026-06-23T13:22:07.917387,509178,388
2026-06-23T13:22:07.917464,509179,382
2026-06-23T13:22:07.927270,509180,386
2026-06-23T13:22:07.927416,509181,398
2026-06-23T13:22:07.927537,509182,411
2026-06-23T13:22:07.927636,509183,415
2026-06-23T13:22:07.927733,509184,407
2026-06-23T13:22:07.927830,509185,406
2026-06-23T13:22:07.927926,509186,421
2026-06-23T13:22:07.928023,509187,428
2026-06-23T13:22:07.928137,509188,424
2026-06-23T13:22:07.928234,509189,428
2026-06-23T13:22:07.937687,509190,440
2026-06-23T13:22:07.937789,509191,444
2026-06-23T13:22:07.937878,509192,449
2026-06-23T13:22:07.937955,509193,446
2026-06-23T13:22:07.938033,509195,441
2026-06-23T13:22:07.938116,509196,435
2026-06-23T13:22:07.938194,509197,427
2026-06-23T13:22:07.938271,509198,419
2026-06-23T13:22:07.938346,509199,416
2026-06-23T13:22:07.938422,509200,410
2026-06-23T13:22:07.948018,509201,402
2026-06-23T13:22:07.948112,509202,396
2026-06-23T13:22:07.948191,509203,390
2026-06-23T13:22:07.948269,509204,391
2026-06-23T13:22:07.948349,509205,392
2026-06-23T13:22:07.948426,509206,390
2026-06-23T13:22:07.948502,509207,384
2026-06-23T13:22:07.948578,509208,382
2026-06-23T13:22:07.948654,509209,384
2026-06-23T13:22:07.948730,509210,387
2026-06-23T13:22:07.958586,509211,384
2026-06-23T13:22:07.958677,509212,381
2026-06-23T13:22:07.958755,509213,380
2026-06-23T13:22:07.958832,509214,376
2026-06-23T13:22:07.958908,509215,368
2026-06-23T13:22:07.958988,509216,365
2026-06-23T13:22:07.959064,509217,368
2026-06-23T13:22:07.959141,509219,381
2026-06-23T13:22:07.959217,509220,382
2026-06-23T13:22:07.959293,509221,375
2026-06-23T13:22:07.969039,509222,369
2026-06-23T13:22:07.969145,509223,365
2026-06-23T13:22:07.969226,509224,363
2026-06-23T13:22:07.969302,509225,358
2026-06-23T13:22:07.969377,509226,362
2026-06-23T13:22:07.969453,509227,367
2026-06-23T13:22:07.969548,509228,364
2026-06-23T13:22:07.969643,509229,357
2026-06-23T13:22:07.969719,509230,349
2026-06-23T13:22:07.969795,509231,341
2026-06-23T13:22:07.979359,509232,336
2026-06-23T13:22:07.979447,509233,328
2026-06-23T13:22:07.979524,509234,323
2026-06-23T13:22:07.979600,509235,326
2026-06-23T13:22:07.979675,509236,334
2026-06-23T13:22:07.979751,509237,332
2026-06-23T13:22:07.979827,509238,339
2026-06-23T13:22:07.979902,509239,344
2026-06-23T13:22:07.979991,509240,343
2026-06-23T13:22:07.980088,509241,342
2026-06-23T13:22:07.989898,509242,346
2026-06-23T13:22:07.989993,509244,346
2026-06-23T13:22:07.990070,509245,346
2026-06-23T13:22:07.990146,509246,355
2026-06-23T13:22:07.990223,509247,363
2026-06-23T13:22:07.990299,509248,359
2026-06-23T13:22:07.990374,509249,358
2026-06-23T13:22:07.990499,509250,357
2026-06-23T13:22:07.990619,509251,360
2026-06-23T13:22:07.990708,509252,364
2026-06-23T13:22:08.000253,509253,365
2026-06-23T13:22:08.000351,509254,363
2026-06-23T13:22:08.000430,509255,365
2026-06-23T13:22:08.000507,509256,360
2026-06-23T13:22:08.000584,509257,367
2026-06-23T13:22:08.000660,509258,369
2026-06-23T13:22:08.000736,509259,365
2026-06-23T13:22:08.000812,509260,358
2026-06-23T13:22:08.000888,509261,351
2026-06-23T13:22:08.000992,509262,343
2026-06-23T13:22:08.010774,509263,337
2026-06-23T13:22:08.010868,509264,338
2026-06-23T13:22:08.010947,509265,342
2026-06-23T13:22:08.011028,509266,346
2026-06-23T13:22:08.011104,509267,349
2026-06-23T13:22:08.011180,509269,346
2026-06-23T13:22:08.011256,509270,355
2026-06-23T13:22:08.011332,509271,359
2026-06-23T13:22:08.011408,509272,354
2026-06-23T13:22:08.011483,509273,347
2026-06-23T13:22:08.021240,509274,343
2026-06-23T13:22:08.021342,509275,340
2026-06-23T13:22:08.021420,509276,346
2026-06-23T13:22:08.021524,509277,346
2026-06-23T13:22:08.021600,509278,342
2026-06-23T13:22:08.021676,509279,353
2026-06-23T13:22:08.021753,509280,358
2026-06-23T13:22:08.021829,509281,353
2026-06-23T13:22:08.021905,509282,349
2026-06-23T13:22:08.021982,509283,342
2026-06-23T13:22:08.031536,509284,337
2026-06-23T13:22:08.031626,509285,330
2026-06-23T13:22:08.031704,509286,326
2026-06-23T13:22:08.031781,509287,320
2026-06-23T13:22:08.031857,509288,321
2026-06-23T13:22:08.031932,509289,324
2026-06-23T13:22:08.032008,509290,320
2026-06-23T13:22:08.032083,509291,322
2026-06-23T13:22:08.032159,509292,322
2026-06-23T13:22:08.032235,509294,328
2026-06-23T13:22:08.042044,509295,327
2026-06-23T13:22:08.042135,509296,335
2026-06-23T13:22:08.042213,509297,337
2026-06-23T13:22:08.042289,509298,332
2026-06-23T13:22:08.042365,509299,328
2026-06-23T13:22:08.042440,509300,330
2026-06-23T13:22:08.042516,509301,333
2026-06-23T13:22:08.042591,509302,332
2026-06-23T13:22:08.042667,509303,326
2026-06-23T13:22:08.042742,509304,327
2026-06-23T13:22:08.052611,509305,326
2026-06-23T13:22:08.052720,509306,320
2026-06-23T13:22:08.052800,509307,318
2026-06-23T13:22:08.052877,509308,324
2026-06-23T13:22:08.052953,509309,331
2026-06-23T13:22:08.053029,509310,335
2026-06-23T13:22:08.053107,509311,334
2026-06-23T13:22:08.053191,509312,332
2026-06-23T13:22:08.053267,509313,327
2026-06-23T13:22:08.053343,509314,326
2026-06-23T13:22:08.062865,509315,324
2026-06-23T13:22:08.062977,509316,320
2026-06-23T13:22:08.063077,509318,319
2026-06-23T13:22:08.063177,509319,325
2026-06-23T13:22:08.063276,509320,325
2026-06-23T13:22:08.063373,509321,323
2026-06-23T13:22:08.063470,509322,321
2026-06-23T13:22:08.063566,509323,318
2026-06-23T13:22:08.063664,509324,315
2026-06-23T13:22:08.063761,509325,311
2026-06-23T13:22:08.073393,509326,307
2026-06-23T13:22:08.073555,509327,302
2026-06-23T13:22:08.073688,509328,299
2026-06-23T13:22:08.073800,509329,300
2026-06-23T13:22:08.073885,509330,297
2026-06-23T13:22:08.073964,509331,292
2026-06-23T13:22:08.074040,509332,289
2026-06-23T13:22:08.074116,509333,287
2026-06-23T13:22:08.074192,509334,288
2026-06-23T13:22:08.074269,509335,289
2026-06-23T13:22:08.083812,509336,285
2026-06-23T13:22:08.083908,509337,284
2026-06-23T13:22:08.083986,509338,283
2026-06-23T13:22:08.084062,509339,278
2026-06-23T13:22:08.084138,509340,277
2026-06-23T13:22:08.084214,509341,281
2026-06-23T13:22:08.084290,509343,279
2026-06-23T13:22:08.084365,509344,275
2026-06-23T13:22:08.084445,509345,270
2026-06-23T13:22:08.084520,509346,267
2026-06-23T13:22:08.094261,509347,265
2026-06-23T13:22:08.094368,509348,263
2026-06-23T13:22:08.094462,509349,264
2026-06-23T13:22:08.094538,509350,259
2026-06-23T13:22:08.094614,509351,259
2026-06-23T13:22:08.094689,509352,260
2026-06-23T13:22:08.094767,509353,258
2026-06-23T13:22:08.094842,509354,257
2026-06-23T13:22:08.094917,509355,257
2026-06-23T13:22:08.094993,509356,256
2026-06-23T13:22:08.104744,509357,256
2026-06-23T13:22:08.104845,509358,258
2026-06-23T13:22:08.104912,509359,257
2026-06-23T13:22:08.104976,509360,256
2026-06-23T13:22:08.105040,509361,252
2026-06-23T13:22:08.105103,509362,254
2026-06-23T13:22:08.105166,509363,257
2026-06-23T13:22:08.105229,509364,253
2026-06-23T13:22:08.105294,509365,250
2026-06-23T13:22:08.105357,509366,247
2026-06-23T13:22:08.115125,509368,246
2026-06-23T13:22:08.115223,509369,242
2026-06-23T13:22:08.115300,509370,249
2026-06-23T13:22:08.115376,509371,252
2026-06-23T13:22:08.115453,509372,250
2026-06-23T13:22:08.115529,509373,254
2026-06-23T13:22:08.115604,509374,262
2026-06-23T13:22:08.115680,509375,273
2026-06-23T13:22:08.115756,509376,271
2026-06-23T13:22:08.115831,509377,269
2026-06-23T13:22:08.125583,509378,276
2026-06-23T13:22:08.125669,509379,277
2026-06-23T13:22:08.125732,509380,275
2026-06-23T13:22:08.125795,509381,272
2026-06-23T13:22:08.125858,509382,268
2026-06-23T13:22:08.125920,509383,270
2026-06-23T13:22:08.125982,509384,275
2026-06-23T13:22:08.126044,509385,274
2026-06-23T13:22:08.126126,509386,273
2026-06-23T13:22:08.126188,509387,276
2026-06-23T13:22:08.136094,509388,273
2026-06-23T13:22:08.136192,509389,268
2026-06-23T13:22:08.136256,509390,268
2026-06-23T13:22:08.136319,509391,269
2026-06-23T13:22:08.136382,509393,271
2026-06-23T13:22:08.136445,509394,267
2026-06-23T13:22:08.136508,509395,264
2026-06-23T13:22:08.136570,509396,262
2026-06-23T13:22:08.136633,509397,263
2026-06-23T13:22:08.136695,509398,259
2026-06-23T13:22:08.146441,509399,255
2026-06-23T13:22:08.146527,509400,253
2026-06-23T13:22:08.146594,509401,253
2026-06-23T13:22:08.146656,509402,251
2026-06-23T13:22:08.146719,509403,249
2026-06-23T13:22:08.146781,509404,247
2026-06-23T13:22:08.146844,509405,243
2026-06-23T13:22:08.146906,509406,241
2026-06-23T13:22:08.146969,509407,243
2026-06-23T13:22:08.147032,509408,248
2026-06-23T13:22:08.156943,509409,252
2026-06-23T13:22:08.157051,509410,253
2026-06-23T13:22:08.157157,509411,249
2026-06-23T13:22:08.157228,509412,245
2026-06-23T13:22:08.157295,509413,257
2026-06-23T13:22:08.157359,509414,271
2026-06-23T13:22:08.157424,509415,275
2026-06-23T13:22:08.157489,509417,272
2026-06-23T13:22:08.157555,509418,272
2026-06-23T13:22:08.157618,509419,271
2026-06-23T13:22:08.167310,509420,268
2026-06-23T13:22:08.167395,509421,265
2026-06-23T13:22:08.167459,509422,266
2026-06-23T13:22:08.167522,509423,265
2026-06-23T13:22:08.167585,509424,262
2026-06-23T13:22:08.167648,509425,257
2026-06-23T13:22:08.167711,509426,252
2026-06-23T13:22:08.167773,509427,250
2026-06-23T13:22:08.167836,509428,252
2026-06-23T13:22:08.167899,509429,249
2026-06-23T13:22:08.177735,509430,251
2026-06-23T13:22:08.177843,509431,248
2026-06-23T13:22:08.177908,509432,244
2026-06-23T13:22:08.177972,509433,240
2026-06-23T13:22:08.178035,509434,238
2026-06-23T13:22:08.178098,509435,239
2026-06-23T13:22:08.178161,509436,246
2026-06-23T13:22:08.178224,509437,254
2026-06-23T13:22:08.178288,509438,253
2026-06-23T13:22:08.178391,509439,251
2026-06-23T13:22:08.188164,509440,253
2026-06-23T13:22:08.188245,509442,252
2026-06-23T13:22:08.188300,509443,257
2026-06-23T13:22:08.188354,509444,262
2026-06-23T13:22:08.188408,509445,261
2026-06-23T13:22:08.188462,509446,257
2026-06-23T13:22:08.188515,509447,261
2026-06-23T13:22:08.188568,509448,259
2026-06-23T13:22:08.188621,509449,262
2026-06-23T13:22:08.188675,509450,261
2026-06-23T13:22:08.198632,509451,259
2026-06-23T13:22:08.198739,509452,255
2026-06-23T13:22:08.198809,509453,251
2026-06-23T13:22:08.198876,509454,248
2026-06-23T13:22:08.198944,509455,250
2026-06-23T13:22:08.199009,509456,253
2026-06-23T13:22:08.199072,509457,260
2026-06-23T13:22:08.199135,509458,262
2026-06-23T13:22:08.199198,509459,258
2026-06-23T13:22:08.199262,509460,255
2026-06-23T13:22:08.209124,509461,256
2026-06-23T13:22:08.209224,509462,254
2026-06-23T13:22:08.209282,509463,252
2026-06-23T13:22:08.209337,509464,256
2026-06-23T13:22:08.209392,509465,261
2026-06-23T13:22:08.209446,509467,262
2026-06-23T13:22:08.209500,509468,259
2026-06-23T13:22:08.209554,509469,262
2026-06-23T13:22:08.209609,509470,280
2026-06-23T13:22:08.209663,509471,286
2026-06-23T13:22:08.219555,509472,288
2026-06-23T13:22:08.219641,509473,285
2026-06-23T13:22:08.219700,509474,283
2026-06-23T13:22:08.219754,509475,282
2026-06-23T13:22:08.219808,509476,285
2026-06-23T13:22:08.219861,509477,282
2026-06-23T13:22:08.219915,509478,283
2026-06-23T13:22:08.219968,509479,281
2026-06-23T13:22:08.220022,509480,282
2026-06-23T13:22:08.220075,509481,278
2026-06-23T13:22:08.229974,509482,272
2026-06-23T13:22:08.230043,509483,267
2026-06-23T13:22:08.230098,509484,264
2026-06-23T13:22:08.230152,509485,268
2026-06-23T13:22:08.230206,509486,270
2026-06-23T13:22:08.230260,509487,266
2026-06-23T13:22:08.230315,509488,261
2026-06-23T13:22:08.230370,509489,256
2026-06-23T13:22:08.230424,509490,250
2026-06-23T13:22:08.230477,509492,247
2026-06-23T13:22:08.240477,509493,248
2026-06-23T13:22:08.240580,509494,245
2026-06-23T13:22:08.240658,509495,246
2026-06-23T13:22:08.240745,509496,245
2026-06-23T13:22:08.240802,509497,240
2026-06-23T13:22:08.240856,509498,235
2026-06-23T13:22:08.240910,509499,231
2026-06-23T13:22:08.240964,509500,231
2026-06-23T13:22:08.241017,509501,237
2026-06-23T13:22:08.241071,509502,248
2026-06-23T13:22:08.250840,509503,249
2026-06-23T13:22:08.250931,509504,251
2026-06-23T13:22:08.250986,509505,246
2026-06-23T13:22:08.251041,509506,244
2026-06-23T13:22:08.251095,509507,243
2026-06-23T13:22:08.251149,509508,243
2026-06-23T13:22:08.251202,509509,240
2026-06-23T13:22:08.251255,509510,243
2026-06-23T13:22:08.251309,509511,248
2026-06-23T13:22:08.251362,509512,248
2026-06-23T13:22:08.261348,509513,243
2026-06-23T13:22:08.261424,509514,238
2026-06-23T13:22:08.261479,509516,234
2026-06-23T13:22:08.261533,509517,229
2026-06-23T13:22:08.261586,509518,225
2026-06-23T13:22:08.261642,509519,223
2026-06-23T13:22:08.261707,509520,223
2026-06-23T13:22:08.261762,509521,219
2026-06-23T13:22:08.261815,509522,218
2026-06-23T13:22:08.261869,509523,218
2026-06-23T13:22:08.271773,509524,215
2026-06-23T13:22:08.271861,509525,212
2026-06-23T13:22:08.271917,509526,209
2026-06-23T13:22:08.271970,509527,208
2026-06-23T13:22:08.272024,509528,208
2026-06-23T13:22:08.272078,509529,207
2026-06-23T13:22:08.272131,509530,211
2026-06-23T13:22:08.272184,509531,213
2026-06-23T13:22:08.272237,509532,210
2026-06-23T13:22:08.272291,509533,206
2026-06-23T13:22:08.282183,509534,203
2026-06-23T13:22:08.282266,509535,204
2026-06-23T13:22:08.282324,509536,206
2026-06-23T13:22:08.282380,509537,205
2026-06-23T13:22:08.282435,509538,206
2026-06-23T13:22:08.282490,509539,204
2026-06-23T13:22:08.282545,509541,203
2026-06-23T13:22:08.282599,509542,201
2026-06-23T13:22:08.282653,509543,198
2026-06-23T13:22:08.282707,509544,197
2026-06-23T13:22:08.292646,509545,197
2026-06-23T13:22:08.292739,509546,195
2026-06-23T13:22:08.292797,509547,198
2026-06-23T13:22:08.292853,509548,212
2026-06-23T13:22:08.292908,509549,222
2026-06-23T13:22:08.292962,509550,229
2026-06-23T13:22:08.293016,509551,226
2026-06-23T13:22:08.293070,509552,235
2026-06-23T13:22:08.293124,509553,249
2026-06-23T13:22:08.293178,509554,249
2026-06-23T13:22:08.303123,509555,248
2026-06-23T13:22:08.303221,509556,244
2026-06-23T13:22:08.303279,509557,241
2026-06-23T13:22:08.303334,509558,243
2026-06-23T13:22:08.303389,509559,249
2026-06-23T13:22:08.303443,509560,247
2026-06-23T13:22:08.303497,509561,249
2026-06-23T13:22:08.303551,509562,247
2026-06-23T13:22:08.303604,509563,242
2026-06-23T13:22:08.303658,509564,238
2026-06-23T13:22:08.313560,509566,236
2026-06-23T13:22:08.313632,509567,244
2026-06-23T13:22:08.313691,509568,246
2026-06-23T13:22:08.313745,509569,243
2026-06-23T13:22:08.313799,509570,243
2026-06-23T13:22:08.313853,509571,241
2026-06-23T13:22:08.313907,509572,237
2026-06-23T13:22:08.313962,509573,243
2026-06-23T13:22:08.314016,509574,251
2026-06-23T13:22:08.314070,509575,247
2026-06-23T13:22:08.323938,509576,243
2026-06-23T13:22:08.324027,509577,239
2026-06-23T13:22:08.324083,509578,236
2026-06-23T13:22:08.324137,509579,231
2026-06-23T13:22:08.324192,509580,227
2026-06-23T13:22:08.324246,509581,223
2026-06-23T13:22:08.324300,509582,219
2026-06-23T13:22:08.324354,509583,215
2026-06-23T13:22:08.324408,509584,212
2026-06-23T13:22:08.324462,509585,215
2026-06-23T13:22:08.334415,509586,219
2026-06-23T13:22:08.334506,509587,220
2026-06-23T13:22:08.334562,509588,224
2026-06-23T13:22:08.334615,509589,225
2026-06-23T13:22:08.334669,509591,227
2026-06-23T13:22:08.334722,509592,230
2026-06-23T13:22:08.334775,509593,228
2026-06-23T13:22:08.334828,509594,225
2026-06-23T13:22:08.334881,509595,221
2026-06-23T13:22:08.334935,509596,218
2026-06-23T13:22:08.344854,509597,216
2026-06-23T13:22:08.344924,509598,217
2026-06-23T13:22:08.344979,509599,223
2026-06-23T13:22:08.345051,509600,230
2026-06-23T13:22:08.345105,509601,237
2026-06-23T13:22:08.345159,509602,239
2026-06-23T13:22:08.345213,509603,238
2026-06-23T13:22:08.345267,509604,241
2026-06-23T13:22:08.345343,509605,241
2026-06-23T13:22:08.345397,509606,238
2026-06-23T13:22:08.355320,509607,234
2026-06-23T13:22:08.355406,509608,237
2026-06-23T13:22:08.355461,509609,236
2026-06-23T13:22:08.355516,509610,244
2026-06-23T13:22:08.355569,509611,255
2026-06-23T13:22:08.355623,509612,272
2026-06-23T13:22:08.355677,509613,288
2026-06-23T13:22:08.355730,509615,297
2026-06-23T13:22:08.355784,509616,299
2026-06-23T13:22:08.355838,509617,294
2026-06-23T13:22:08.365724,509618,291
2026-06-23T13:22:08.365801,509619,291
2026-06-23T13:22:08.365857,509620,289
2026-06-23T13:22:08.365912,509621,285
2026-06-23T13:22:08.365968,509622,280
2026-06-23T13:22:08.366023,509623,280
2026-06-23T13:22:08.366076,509624,278
2026-06-23T13:22:08.366130,509625,277
2026-06-23T13:22:08.366184,509626,275
2026-06-23T13:22:08.366237,509627,280
2026-06-23T13:22:08.376186,509628,285
2026-06-23T13:22:08.376261,509629,285
2026-06-23T13:22:08.376317,509630,283
2026-06-23T13:22:08.376372,509631,279
2026-06-23T13:22:08.376427,509632,276
2026-06-23T13:22:08.376481,509633,272
2026-06-23T13:22:08.376535,509634,270
2026-06-23T13:22:08.376589,509635,278
2026-06-23T13:22:08.376643,509636,290
2026-06-23T13:22:08.376697,509637,298
2026-06-23T13:22:08.386646,509638,295
2026-06-23T13:22:08.386728,509640,301
2026-06-23T13:22:08.386785,509641,305
2026-06-23T13:22:08.386838,509642,307
2026-06-23T13:22:08.386891,509643,327
2026-06-23T13:22:08.386944,509644,332
2026-06-23T13:22:08.386998,509645,326
2026-06-23T13:22:08.387052,509646,328
2026-06-23T13:22:08.387104,509647,333
2026-06-23T13:22:08.387157,509648,329
2026-06-23T13:22:08.397034,509649,328
2026-06-23T13:22:08.397104,509650,332
2026-06-23T13:22:08.397159,509651,340
2026-06-23T13:22:08.397213,509652,345
2026-06-23T13:22:08.397267,509653,349
2026-06-23T13:22:08.397321,509654,351
2026-06-23T13:22:08.397374,509655,354
2026-06-23T13:22:08.397427,509656,361
2026-06-23T13:22:08.397480,509657,361
2026-06-23T13:22:08.397533,509658,375
2026-06-23T13:22:08.407563,509659,382
2026-06-23T13:22:08.407637,509660,379
2026-06-23T13:22:08.407692,509661,373
2026-06-23T13:22:08.407746,509662,374
2026-06-23T13:22:08.407802,509663,371
2026-06-23T13:22:08.407856,509665,372
2026-06-23T13:22:08.407911,509666,369
2026-06-23T13:22:08.407964,509667,372
2026-06-23T13:22:08.408017,509668,374
2026-06-23T13:22:08.408071,509669,366
2026-06-23T13:22:08.417962,509670,361
2026-06-23T13:22:08.418061,509671,354
2026-06-23T13:22:08.418116,509672,358
2026-06-23T13:22:08.418170,509673,366
2026-06-23T13:22:08.418224,509674,377
2026-06-23T13:22:08.418277,509675,376
2026-06-23T13:22:08.418330,509676,382
2026-06-23T13:22:08.418384,509677,383
2026-06-23T13:22:08.418442,509678,389
2026-06-23T13:22:08.418495,509679,398
2026-06-23T13:22:08.428336,509680,396
2026-06-23T13:22:08.428412,509681,407
2026-06-23T13:22:08.428467,509682,431
2026-06-23T13:22:08.428534,509683,437
2026-06-23T13:22:08.428589,509684,442
2026-06-23T13:22:08.428642,509685,448
2026-06-23T13:22:08.428695,509686,442
2026-06-23T13:22:08.428749,509687,447
2026-06-23T13:22:08.428803,509688,470
2026-06-23T13:22:08.428856,509690,483
2026-06-23T13:22:08.438844,509691,497
2026-06-23T13:22:08.438936,509692,524
2026-06-23T13:22:08.438991,509693,542
2026-06-23T13:22:08.439045,509694,541
2026-06-23T13:22:08.439099,509695,569
2026-06-23T13:22:08.439154,509696,586
2026-06-23T13:22:08.439207,509697,618
2026-06-23T13:22:08.439261,509698,641
2026-06-23T13:22:08.439314,509699,642
2026-06-23T13:22:08.439367,509700,632
2026-06-23T13:22:08.449205,509701,625
2026-06-23T13:22:08.449290,509702,614
2026-06-23T13:22:08.449348,509703,605
2026-06-23T13:22:08.449401,509704,594
2026-06-23T13:22:08.449455,509705,590
2026-06-23T13:22:08.449508,509706,598
2026-06-23T13:22:08.449562,509707,598
2026-06-23T13:22:08.449616,509708,587
2026-06-23T13:22:08.449669,509709,581
2026-06-23T13:22:08.449722,509710,599
2026-06-23T13:22:08.459695,509711,610
2026-06-23T13:22:08.459768,509712,602
2026-06-23T13:22:08.459823,509714,607
2026-06-23T13:22:08.459896,509715,606
2026-06-23T13:22:08.459950,509716,637
2026-06-23T13:22:08.460003,509717,654
2026-06-23T13:22:08.460057,509718,647
2026-06-23T13:22:08.460110,509719,665
2026-06-23T13:22:08.460163,509720,671
2026-06-23T13:22:08.460217,509721,666
2026-06-23T13:22:08.470151,509722,667
2026-06-23T13:22:08.470235,509723,678
2026-06-23T13:22:08.470291,509724,689
2026-06-23T13:22:08.470346,509725,689
2026-06-23T13:22:08.470400,509726,702
2026-06-23T13:22:08.470454,509727,693
2026-06-23T13:22:08.470509,509728,696
2026-06-23T13:22:08.470562,509729,706
2026-06-23T13:22:08.470616,509730,700
2026-06-23T13:22:08.470670,509731,685
2026-06-23T13:22:08.480534,509732,678
2026-06-23T13:22:08.480600,509733,689
2026-06-23T13:22:08.480657,509734,693
2026-06-23T13:22:08.480712,509735,695
2026-06-23T13:22:08.480766,509736,707
2026-06-23T13:22:08.480820,509737,707
2026-06-23T13:22:08.480874,509739,707
2026-06-23T13:22:08.480929,509740,707
2026-06-23T13:22:08.480983,509741,700
2026-06-23T13:22:08.481039,509742,694
2026-06-23T13:22:08.490975,509743,717
2026-06-23T13:22:08.491053,509744,740
2026-06-23T13:22:08.491109,509745,742
2026-06-23T13:22:08.491164,509746,730
2026-06-23T13:22:08.491219,509747,723
2026-06-23T13:22:08.491274,509748,707
2026-06-23T13:22:08.491328,509749,696
2026-06-23T13:22:08.491383,509750,684
2026-06-23T13:22:08.491437,509751,669
2026-06-23T13:22:08.491491,509752,661
2026-06-23T13:22:08.501565,509753,664
2026-06-23T13:22:08.501692,509754,662
2026-06-23T13:22:08.501744,509755,653
2026-06-23T13:22:08.501792,509756,645
2026-06-23T13:22:08.501841,509757,641
2026-06-23T13:22:08.501889,509758,634
2026-06-23T13:22:08.501940,509759,626
2026-06-23T13:22:08.501988,509760,623
2026-06-23T13:22:08.502036,509761,620
2026-06-23T13:22:08.502082,509762,606
2026-06-23T13:22:08.511849,509764,599
2026-06-23T13:22:08.511937,509765,597
2026-06-23T13:22:08.511998,509766,587
2026-06-23T13:22:08.512054,509767,579
2026-06-23T13:22:08.512109,509768,571
2026-06-23T13:22:08.512168,509769,570
2026-06-23T13:22:08.512223,509770,571
2026-06-23T13:22:08.512277,509771,575
2026-06-23T13:22:08.512331,509772,569
2026-06-23T13:22:08.512386,509773,562
2026-06-23T13:22:08.522333,509774,553
2026-06-23T13:22:08.522443,509775,548
2026-06-23T13:22:08.522498,509776,540
2026-06-23T13:22:08.522551,509777,544
2026-06-23T13:22:08.522603,509778,547
2026-06-23T13:22:08.522653,509779,544
2026-06-23T13:22:08.522703,509780,542
2026-06-23T13:22:08.522754,509781,532
2026-06-23T13:22:08.522803,509782,529
2026-06-23T13:22:08.522853,509783,542
2026-06-23T13:22:08.532732,509784,556
2026-06-23T13:22:08.532837,509785,550
2026-06-23T13:22:08.532897,509786,547
2026-06-23T13:22:08.532954,509788,544
2026-06-23T13:22:08.533010,509789,534
2026-06-23T13:22:08.533067,509790,531
2026-06-23T13:22:08.533122,509791,538
2026-06-23T13:22:08.533178,509792,547
2026-06-23T13:22:08.533234,509793,542
2026-06-23T13:22:08.533288,509794,535
2026-06-23T13:22:08.543175,509795,526
2026-06-23T13:22:08.543262,509796,516
2026-06-23T13:22:08.543314,509797,509
2026-06-23T13:22:08.543365,509798,502
2026-06-23T13:22:08.543416,509799,496
2026-06-23T13:22:08.543464,509800,496
2026-06-23T13:22:08.543513,509801,489
2026-06-23T13:22:08.543563,509802,482
2026-06-23T13:22:08.543613,509803,482
2026-06-23T13:22:08.543663,509804,469
2026-06-23T13:22:08.553717,509805,474
2026-06-23T13:22:08.553824,509806,472
2026-06-23T13:22:08.553877,509807,462
2026-06-23T13:22:08.553925,509808,454
2026-06-23T13:22:08.553973,509809,446
2026-06-23T13:22:08.554021,509810,438
2026-06-23T13:22:08.554068,509811,428
2026-06-23T13:22:08.554115,509813,419
2026-06-23T13:22:08.554161,509814,411
2026-06-23T13:22:08.554223,509815,402
2026-06-23T13:22:08.564127,509816,396
2026-06-23T13:22:08.564217,509817,388
2026-06-23T13:22:08.564304,509818,381
2026-06-23T13:22:08.564365,509819,375
2026-06-23T13:22:08.564414,509820,372
2026-06-23T13:22:08.564461,509821,383
2026-06-23T13:22:08.564506,509822,401
2026-06-23T13:22:08.564551,509823,425
2026-06-23T13:22:08.564612,509824,426
2026-06-23T13:22:08.564656,509825,448
2026-06-23T13:22:08.574570,509826,458
2026-06-23T13:22:08.574653,509827,459
2026-06-23T13:22:08.574695,509828,456
2026-06-23T13:22:08.574735,509829,454
2026-06-23T13:22:08.574774,509830,447
2026-06-23T13:22:08.574813,509831,441
2026-06-23T13:22:08.574851,509832,438
2026-06-23T13:22:08.574890,509833,445
2026-06-23T13:22:08.574928,509834,450
2026-06-23T13:22:08.574967,509835,444
2026-06-23T13:22:08.585010,509836,436
2026-06-23T13:22:08.585092,509838,435
2026-06-23T13:22:08.585131,509839,436
2026-06-23T13:22:08.585164,509840,443
2026-06-23T13:22:08.585196,509841,457
2026-06-23T13:22:08.585228,509842,456
2026-06-23T13:22:08.585261,509843,450
2026-06-23T13:22:08.585293,509844,450
2026-06-23T13:22:08.585325,509845,449
2026-06-23T13:22:08.585356,509846,441
2026-06-23T13:22:08.595383,509847,433
2026-06-23T13:22:08.595437,509848,426
2026-06-23T13:22:08.595473,509849,426
2026-06-23T13:22:08.595504,509850,431
2026-06-23T13:22:08.595535,509851,430
2026-06-23T13:22:08.595565,509852,431
2026-06-23T13:22:08.595597,509853,438
2026-06-23T13:22:08.595627,509854,446
2026-06-23T13:22:08.595658,509855,447
2026-06-23T13:22:08.595688,509856,446
2026-06-23T13:22:08.605840,509857,453
2026-06-23T13:22:08.605898,509858,449
2026-06-23T13:22:08.605927,509859,440
2026-06-23T13:22:08.605955,509860,433
2026-06-23T13:22:08.605983,509861,433
2026-06-23T13:22:08.606010,509863,436
2026-06-23T13:22:08.606037,509864,436
2026-06-23T13:22:08.606064,509865,464
2026-06-23T13:22:08.606091,509866,489
2026-06-23T13:22:08.606140,509867,486
2026-06-23T13:22:08.616256,509868,489
2026-06-23T13:22:08.616314,509869,491
2026-06-23T13:22:08.616345,509870,497
2026-06-23T13:22:08.616376,509871,496
2026-06-23T13:22:08.616411,509872,489
2026-06-23T13:22:08.616441,509873,487
2026-06-23T13:22:08.616470,509874,482
2026-06-23T13:22:08.616500,509875,474
2026-06-23T13:22:08.616529,509876,467
2026-06-23T13:22:08.616562,509877,458
2026-06-23T13:22:08.626697,509878,453
2026-06-23T13:22:08.626737,509879,446
2026-06-23T13:22:08.626769,509880,440
2026-06-23T13:22:08.626799,509881,435
2026-06-23T13:22:08.626830,509882,434
2026-06-23T13:22:08.626860,509883,433
2026-06-23T13:22:08.626890,509884,427
2026-06-23T13:22:08.626919,509885,428
2026-06-23T13:22:08.626949,509887,421
2026-06-23T13:22:08.626979,509888,413
2026-06-23T13:22:08.637128,509889,413
2026-06-23T13:22:08.637190,509890,420
2026-06-23T13:22:08.637221,509891,430
2026-06-23T13:22:08.637252,509892,434
2026-06-23T13:22:08.637281,509893,426
2026-06-23T13:22:08.637311,509894,424
2026-06-23T13:22:08.637341,509895,435
2026-06-23T13:22:08.637370,509896,439
2026-06-23T13:22:08.637399,509897,439
2026-06-23T13:22:08.637429,509898,432
2026-06-23T13:22:08.647539,509899,427
2026-06-23T13:22:08.647587,509900,435
2026-06-23T13:22:08.647621,509901,450
2026-06-23T13:22:08.647654,509902,456
2026-06-23T13:22:08.647687,509903,450
2026-06-23T13:22:08.647720,509904,451
2026-06-23T13:22:08.647753,509905,460
2026-06-23T13:22:08.647785,509906,466
2026-06-23T13:22:08.647817,509907,467
2026-06-23T13:22:08.647849,509908,464
2026-06-23T13:22:08.658005,509909,455
2026-06-23T13:22:08.658068,509910,446
2026-06-23T13:22:08.658106,509912,438
2026-06-23T13:22:08.658139,509913,431
2026-06-23T13:22:08.658171,509914,422
2026-06-23T13:22:08.658203,509915,418
2026-06-23T13:22:08.658235,509916,416
2026-06-23T13:22:08.658268,509917,408
2026-06-23T13:22:08.658299,509918,410
2026-06-23T13:22:08.658330,509919,427
2026-06-23T13:22:08.668467,509920,430
2026-06-23T13:22:08.668521,509921,449
2026-06-23T13:22:08.668556,509922,452
2026-06-23T13:22:08.668589,509923,448
2026-06-23T13:22:08.668622,509924,451
2026-06-23T13:22:08.668655,509925,444
2026-06-23T13:22:08.668687,509926,441
2026-06-23T13:22:08.668719,509927,442
2026-06-23T13:22:08.668750,509928,437
2026-06-23T13:22:08.668782,509929,429
2026-06-23T13:22:08.678889,509930,428
2026-06-23T13:22:08.679073,509931,430
2026-06-23T13:22:08.679161,509932,436
2026-06-23T13:22:08.679267,509933,432
2026-06-23T13:22:08.679382,509934,436
2026-06-23T13:22:08.679476,509935,442
2026-06-23T13:22:08.679602,509937,439
2026-06-23T13:22:08.679685,509938,437
2026-06-23T13:22:08.679765,509939,435
2026-06-23T13:22:08.679846,509940,428
2026-06-23T13:22:08.689583,509941,431
2026-06-23T13:22:08.689785,509942,430
2026-06-23T13:22:08.689875,509943,424
2026-06-23T13:22:08.689957,509944,415
2026-06-23T13:22:08.690038,509945,407
2026-06-23T13:22:08.690117,509946,401
2026-06-23T13:22:08.690197,509947,394
2026-06-23T13:22:08.690277,509948,387
2026-06-23T13:22:08.690357,509949,382
2026-06-23T13:22:08.690436,509950,375
2026-06-23T13:22:08.699784,509951,367
2026-06-23T13:22:08.699840,509952,363
2026-06-23T13:22:08.699869,509953,364
2026-06-23T13:22:08.699897,509954,369
2026-06-23T13:22:08.699925,509955,371
2026-06-23T13:22:08.699952,509956,365
2026-06-23T13:22:08.699980,509957,370
2026-06-23T13:22:08.700007,509958,383
2026-06-23T13:22:08.700034,509959,403
2026-06-23T13:22:08.700061,509960,409
2026-06-23T13:22:08.710211,509962,401
2026-06-23T13:22:08.710367,509963,395
2026-06-23T13:22:08.710469,509964,397
2026-06-23T13:22:08.710566,509965,394
2026-06-23T13:22:08.710661,509966,388
2026-06-23T13:22:08.710756,509967,381
2026-06-23T13:22:08.710852,509968,380
2026-06-23T13:22:08.710946,509969,384
2026-06-23T13:22:08.711041,509970,380
2026-06-23T13:22:08.711136,509971,374
2026-06-23T13:22:08.720658,509972,371
2026-06-23T13:22:08.720701,509973,367
2026-06-23T13:22:08.720730,509974,366
2026-06-23T13:22:08.720757,509975,365
2026-06-23T13:22:08.720784,509976,360
2026-06-23T13:22:08.720811,509977,360
2026-06-23T13:22:08.720840,509978,353
2026-06-23T13:22:08.720867,509979,346
2026-06-23T13:22:08.720894,509980,341
2026-06-23T13:22:08.720922,509981,336
2026-06-23T13:22:08.731101,509982,330
2026-06-23T13:22:08.731233,509983,324
2026-06-23T13:22:08.731318,509984,325
2026-06-23T13:22:08.731398,509986,321
2026-06-23T13:22:08.731477,509987,318
2026-06-23T13:22:08.731556,509988,313
2026-06-23T13:22:08.731697,509989,319
2026-06-23T13:22:08.731793,509990,321
2026-06-23T13:22:08.731877,509991,322
2026-06-23T13:22:08.731958,509992,328
2026-06-23T13:22:08.741597,509993,332
2026-06-23T13:22:08.741747,509994,335
2026-06-23T13:22:08.741832,509995,334
2026-06-23T13:22:08.741912,509996,338
2026-06-23T13:22:08.742003,509997,332
2026-06-23T13:22:08.742115,509998,331
2026-06-23T13:22:08.742198,509999,323
2026-06-23T13:22:08.742277,510000,320
2026-06-23T13:22:08.742356,510001,318
2026-06-23T13:22:08.742433,510002,320
2026-06-23T13:22:08.751966,510003,324
2026-06-23T13:22:08.752013,510004,323
2026-06-23T13:22:08.752041,510005,318
2026-06-23T13:22:08.752070,510006,321
2026-06-23T13:22:08.752097,510007,331
2026-06-23T13:22:08.752124,510008,333
2026-06-23T13:22:08.752151,510009,328
2026-06-23T13:22:08.752178,510011,325
2026-06-23T13:22:08.752205,510012,327
2026-06-23T13:22:08.752232,510013,326
2026-06-23T13:22:08.762468,510014,329
2026-06-23T13:22:08.762502,510015,326
2026-06-23T13:22:08.762531,510016,326
2026-06-23T13:22:08.762558,510017,323
2026-06-23T13:22:08.762586,510018,339
2026-06-23T13:22:08.762613,510019,352
2026-06-23T13:22:08.762640,510020,355
2026-06-23T13:22:08.762667,510021,350
2026-06-23T13:22:08.762695,510022,355
2026-06-23T13:22:08.762721,510023,366
2026-06-23T13:22:08.772890,510024,378
2026-06-23T13:22:08.772946,510025,378
2026-06-23T13:22:08.772975,510026,373
2026-06-23T13:22:08.773004,510027,367
2026-06-23T13:22:08.773032,510028,363
2026-06-23T13:22:08.773059,510029,370
2026-06-23T13:22:08.773086,510030,378
2026-06-23T13:22:08.773114,510031,377
2026-06-23T13:22:08.773140,510032,373
2026-06-23T13:22:08.773168,510033,368
2026-06-23T13:22:08.783321,510034,362
2026-06-23T13:22:08.783468,510036,361
2026-06-23T13:22:08.783552,510037,356
2026-06-23T13:22:08.783634,510038,349
2026-06-23T13:22:08.783714,510039,345
2026-06-23T13:22:08.783793,510040,343
2026-06-23T13:22:08.783872,510041,343
2026-06-23T13:22:08.783952,510042,338
2026-06-23T13:22:08.784055,510043,337
2026-06-23T13:22:08.784134,510044,332
2026-06-23T13:22:08.793776,510045,332
2026-06-23T13:22:08.793946,510046,331
2026-06-23T13:22:08.794048,510047,326
2026-06-23T13:22:08.794145,510048,325
2026-06-23T13:22:08.794240,510049,320
2026-06-23T13:22:08.794335,510050,318
2026-06-23T13:22:08.794431,510051,318
2026-06-23T13:22:08.794529,510052,321
2026-06-23T13:22:08.794668,510053,319
2026-06-23T13:22:08.794781,510054,320
2026-06-23T13:22:08.804209,510055,317
2026-06-23T13:22:08.804265,510056,319
2026-06-23T13:22:08.804294,510057,335
2026-06-23T13:22:08.804322,510058,348
2026-06-23T13:22:08.804350,510059,345
2026-06-23T13:22:08.804377,510061,346
2026-06-23T13:22:08.804404,510062,352
2026-06-23T13:22:08.804431,510063,351
2026-06-23T13:22:08.804473,510064,355
2026-06-23T13:22:08.804500,510065,367
2026-06-23T13:22:08.814652,510066,374
2026-06-23T13:22:08.814776,510067,376
2026-06-23T13:22:08.814858,510068,392
2026-06-23T13:22:08.814937,510069,402
2026-06-23T13:22:08.815017,510070,405
2026-06-23T13:22:08.815095,510071,402
2026-06-23T13:22:08.815174,510072,396
2026-06-23T13:22:08.815253,510073,390
2026-06-23T13:22:08.815332,510074,386
2026-06-23T13:22:08.815410,510075,387
2026-06-23T13:22:08.825082,510076,393
2026-06-23T13:22:08.825219,510077,387
2026-06-23T13:22:08.825332,510078,387
2026-06-23T13:22:08.825433,510079,385
2026-06-23T13:22:08.825515,510080,379
2026-06-23T13:22:08.825594,510081,377
2026-06-23T13:22:08.825673,510082,373
2026-06-23T13:22:08.825751,510083,367
2026-06-23T13:22:08.825829,510085,360
2026-06-23T13:22:08.825907,510086,354
2026-06-23T13:22:08.835508,510087,356
2026-06-23T13:22:08.835553,510088,362
2026-06-23T13:22:08.835582,510089,364
2026-06-23T13:22:08.835609,510090,360
2026-06-23T13:22:08.835637,510091,354
2026-06-23T13:22:08.835664,510092,357
2026-06-23T13:22:08.835691,510093,364
2026-06-23T13:22:08.835718,510094,359
2026-06-23T13:22:08.835745,510095,353
2026-06-23T13:22:08.835773,510096,348
2026-06-23T13:22:08.845971,510097,345
2026-06-23T13:22:08.846125,510098,339
2026-06-23T13:22:08.846229,510099,338
2026-06-23T13:22:08.846328,510100,333
2026-06-23T13:22:08.846424,510101,328
2026-06-23T13:22:08.846520,510102,327
2026-06-23T13:22:08.846626,510103,328
2026-06-23T13:22:08.846775,510104,323
2026-06-23T13:22:08.846887,510105,317
2026-06-23T13:22:08.847013,510106,314
2026-06-23T13:22:08.856521,510107,311
2026-06-23T13:22:08.856684,510108,307
2026-06-23T13:22:08.856772,510110,312
2026-06-23T13:22:08.856852,510111,310
2026-06-23T13:22:08.856931,510112,305
2026-06-23T13:22:08.857009,510113,299
2026-06-23T13:22:08.857087,510114,293
2026-06-23T13:22:08.857205,510115,289
2026-06-23T13:22:08.857314,510116,286
2026-06-23T13:22:08.857417,510117,292
2026-06-23T13:22:08.866867,510118,302
2026-06-23T13:22:08.867023,510119,316
2026-06-23T13:22:08.867126,510120,320
2026-06-23T13:22:08.867163,510121,338
2026-06-23T13:22:08.867192,510122,355
2026-06-23T13:22:08.867220,510123,354
2026-06-23T13:22:08.867248,510124,352
2026-06-23T13:22:08.867276,510125,350
2026-06-23T13:22:08.867303,510126,346
2026-06-23T13:22:08.867330,510127,339
2026-06-23T13:22:08.877277,510128,338
2026-06-23T13:22:08.877435,510129,341
2026-06-23T13:22:08.877536,510130,339
2026-06-23T13:22:08.877633,510131,334
2026-06-23T13:22:08.877730,510132,335
2026-06-23T13:22:08.877828,510133,345
2026-06-23T13:22:08.877924,510135,353
2026-06-23T13:22:08.878019,510136,354
2026-06-23T13:22:08.878118,510137,349
2026-06-23T13:22:08.878216,510138,346
2026-06-23T13:22:08.887730,510139,339
2026-06-23T13:22:08.887778,510140,344
2026-06-23T13:22:08.887824,510141,345
2026-06-23T13:22:08.887853,510142,347
2026-06-23T13:22:08.887880,510143,343
2026-06-23T13:22:08.887908,510144,343
2026-06-23T13:22:08.887935,510145,341
2026-06-23T13:22:08.887962,510146,336
2026-06-23T13:22:08.887989,510147,329
2026-06-23T13:22:08.888017,510148,326
2026-06-23T13:22:08.898208,510149,320
2026-06-23T13:22:08.898371,510150,315
2026-06-23T13:22:08.898464,510151,311
2026-06-23T13:22:08.898546,510152,306
2026-06-23T13:22:08.898633,510153,301
2026-06-23T13:22:08.898773,510154,298
2026-06-23T13:22:08.898834,510155,298
2026-06-23T13:22:08.898869,510156,294
2026-06-23T13:22:08.898898,510157,292
2026-06-23T13:22:08.898926,510158,288
2026-06-23T13:22:08.908644,510160,290
2026-06-23T13:22:08.908815,510161,288
2026-06-23T13:22:08.908899,510162,286
2026-06-23T13:22:08.908978,510163,292
2026-06-23T13:22:08.909057,510164,302
2026-06-23T13:22:08.909135,510165,315
2026-06-23T13:22:08.909213,510166,320
2026-06-23T13:22:08.909291,510167,323
2026-06-23T13:22:08.909368,510168,338
2026-06-23T13:22:08.909446,510169,346
2026-06-23T13:22:08.919130,510170,345
2026-06-23T13:22:08.919186,510171,343
2026-06-23T13:22:08.919214,510172,338
2026-06-23T13:22:08.919242,510173,336
2026-06-23T13:22:08.919269,510174,331
2026-06-23T13:22:08.919296,510175,322
2026-06-23T13:22:08.919324,510176,318
2026-06-23T13:22:08.919352,510177,312
2026-06-23T13:22:08.919379,510178,309
2026-06-23T13:22:08.919406,510179,313
2026-06-23T13:22:08.929503,510180,318
2026-06-23T13:22:08.929662,510181,317
2026-06-23T13:22:08.929764,510182,314
2026-06-23T13:22:08.929861,510184,311
2026-06-23T13:22:08.929957,510185,310
2026-06-23T13:22:08.930053,510186,305
2026-06-23T13:22:08.930221,510187,302
2026-06-23T13:22:08.930377,510188,299
2026-06-23T13:22:08.930475,510189,301
2026-06-23T13:22:08.930571,510190,300
2026-06-23T13:22:08.939952,510191,294
2026-06-23T13:22:08.940082,510192,295
2026-06-23T13:22:08.940168,510193,299
2026-06-23T13:22:08.940247,510194,296
2026-06-23T13:22:08.940325,510195,296
2026-06-23T13:22:08.940403,510196,292
2026-06-23T13:22:08.940480,510197,289
2026-06-23T13:22:08.940558,510198,285
2026-06-23T13:22:08.940636,510199,282
2026-06-23T13:22:08.940713,510200,280
2026-06-23T13:22:08.950467,510201,276
2026-06-23T13:22:08.950529,510202,275
2026-06-23T13:22:08.950560,510203,280
2026-06-23T13:22:08.950588,510204,279
2026-06-23T13:22:08.950616,510205,276
2026-06-23T13:22:08.950645,510206,271
2026-06-23T13:22:08.950673,510207,266
2026-06-23T13:22:08.950700,510209,261
2026-06-23T13:22:08.950727,510210,262
2026-06-23T13:22:08.950754,510211,267
2026-06-23T13:22:08.960843,510212,262
2026-06-23T13:22:08.961018,510213,260
2026-06-23T13:22:08.961121,510214,264
2026-06-23T13:22:08.961218,510215,269
2026-06-23T13:22:08.961313,510216,283
2026-06-23T13:22:08.961408,510217,288
2026-06-23T13:22:08.961503,510218,303
2026-06-23T13:22:08.961597,510219,307
2026-06-23T13:22:08.961692,510220,306
2026-06-23T13:22:08.961786,510221,301
2026-06-23T13:22:08.971345,510222,300
2026-06-23T13:22:08.971388,510223,300
2026-06-23T13:22:08.971416,510224,295
2026-06-23T13:22:08.971444,510225,292
2026-06-23T13:22:08.971470,510226,287
2026-06-23T13:22:08.971497,510227,281
2026-06-23T13:22:08.971525,510228,277
2026-06-23T13:22:08.971551,510229,271
2026-06-23T13:22:08.971578,510230,266
2026-06-23T13:22:08.971605,510231,262
2026-06-23T13:22:08.981792,510232,258
2026-06-23T13:22:08.981951,510234,254
2026-06-23T13:22:08.982037,510235,251
2026-06-23T13:22:08.982119,510236,250
2026-06-23T13:22:08.982198,510237,249
2026-06-23T13:22:08.982298,510238,252
2026-06-23T13:22:08.982379,510239,251
2026-06-23T13:22:08.982458,510240,251
2026-06-23T13:22:08.982544,510241,249
2026-06-23T13:22:08.982623,510242,245
2026-06-23T13:22:08.992152,510243,244
2026-06-23T13:22:08.992209,510244,244
2026-06-23T13:22:08.992238,510245,242
2026-06-23T13:22:08.992266,510246,240
2026-06-23T13:22:08.992293,510247,246
2026-06-23T13:22:08.992321,510248,249
2026-06-23T13:22:08.992347,510249,251
2026-06-23T13:22:08.992374,510250,249
2026-06-23T13:22:08.992401,510251,260
2026-06-23T13:22:08.992428,510252,270
2026-06-23T13:22:09.002644,510253,268
2026-06-23T13:22:09.002691,510254,264
2026-06-23T13:22:09.002720,510255,264
2026-06-23T13:22:09.002747,510256,270
2026-06-23T13:22:09.002775,510257,270
2026-06-23T13:22:09.002802,510259,277
2026-06-23T13:22:09.002829,510260,274
2026-06-23T13:22:09.002856,510261,273
2026-06-23T13:22:09.002883,510262,268
2026-06-23T13:22:09.002910,510263,275
2026-06-23T13:22:09.013014,510264,289
2026-06-23T13:22:09.013154,510265,296
2026-06-23T13:22:09.013238,510266,292
2026-06-23T13:22:09.013319,510267,290
2026-06-23T13:22:09.013399,510268,289
2026-06-23T13:22:09.013478,510269,285
2026-06-23T13:22:09.013557,510270,280
2026-06-23T13:22:09.013792,510271,276
2026-06-23T13:22:09.013888,510272,276
2026-06-23T13:22:09.013971,510273,273
2026-06-23T13:22:09.023457,510274,268
2026-06-23T13:22:09.023498,510275,268
2026-06-23T13:22:09.023527,510276,269
2026-06-23T13:22:09.023554,510277,266
2026-06-23T13:22:09.023582,510278,262
2026-06-23T13:22:09.023609,510279,257
2026-06-23T13:22:09.023637,510280,255
2026-06-23T13:22:09.023663,510281,250
2026-06-23T13:22:09.023690,510283,246
2026-06-23T13:22:09.023718,510284,244
2026-06-23T13:22:09.033914,510285,242
2026-06-23T13:22:09.033956,510286,241
2026-06-23T13:22:09.033987,510287,243
2026-06-23T13:22:09.034014,510288,249
2026-06-23T13:22:09.034042,510289,260
2026-06-23T13:22:09.034069,510290,267
2026-06-23T13:22:09.034096,510291,271
2026-06-23T13:22:09.034123,510292,275
2026-06-23T13:22:09.034150,510293,275
2026-06-23T13:22:09.034178,510294,274
2026-06-23T13:22:09.044357,510295,271
2026-06-23T13:22:09.044534,510296,268
2026-06-23T13:22:09.044637,510297,270
2026-06-23T13:22:09.044737,510298,269
2026-06-23T13:22:09.044833,510299,285
2026-06-23T13:22:09.044929,510300,303
2026-06-23T13:22:09.045024,510301,302
2026-06-23T13:22:09.045120,510302,303
2026-06-23T13:22:09.045221,510303,302
2026-06-23T13:22:09.045317,510304,302
2026-06-23T13:22:09.054803,510305,302
2026-06-23T13:22:09.054951,510306,301
2026-06-23T13:22:09.055037,510308,297
2026-06-23T13:22:09.055117,510309,299
2026-06-23T13:22:09.055197,510310,310
2026-06-23T13:22:09.055276,510311,321
2026-06-23T13:22:09.055356,510312,328
2026-06-23T13:22:09.055435,510313,322
2026-06-23T13:22:09.055529,510314,343
2026-06-23T13:22:09.055608,510315,347
2026-06-23T13:22:09.065243,510316,341
2026-06-23T13:22:09.065403,510317,338
2026-06-23T13:22:09.065503,510318,333
2026-06-23T13:22:09.065598,510319,328
2026-06-23T13:22:09.065694,510320,324
2026-06-23T13:22:09.065791,510321,318
2026-06-23T13:22:09.065886,510322,314
2026-06-23T13:22:09.065980,510323,312
2026-06-23T13:22:09.066074,510324,306
2026-06-23T13:22:09.066153,510325,300
2026-06-23T13:22:09.075688,510326,296
2026-06-23T13:22:09.075734,510327,294
2026-06-23T13:22:09.075762,510328,291
2026-06-23T13:22:09.075790,510329,287
2026-06-23T13:22:09.075818,510330,288
2026-06-23T13:22:09.075846,510331,288
2026-06-23T13:22:09.075873,510333,303
2026-06-23T13:22:09.075902,510334,313
2026-06-23T13:22:09.075928,510335,315
2026-06-23T13:22:09.075956,510336,320
2026-06-23T13:22:09.086165,510337,327
2026-06-23T13:22:09.086203,510338,335
2026-06-23T13:22:09.086234,510339,338
2026-06-23T13:22:09.086261,510340,336
2026-06-23T13:22:09.086288,510341,342
2026-06-23T13:22:09.086315,510342,350
2026-06-23T13:22:09.086343,510343,344
2026-06-23T13:22:09.086370,510344,341
2026-06-23T13:22:09.086397,510345,337
2026-06-23T13:22:09.086424,510346,332
2026-06-23T13:22:09.096602,510347,326
2026-06-23T13:22:09.096755,510348,321
2026-06-23T13:22:09.096877,510349,315
2026-06-23T13:22:09.097135,510350,313
2026-06-23T13:22:09.097222,510351,310
2026-06-23T13:22:09.097301,510352,313
2026-06-23T13:22:09.097415,510353,314
2026-06-23T13:22:09.097527,510354,308
2026-06-23T13:22:09.097627,510355,303
2026-06-23T13:22:09.097726,510357,304
2026-06-23T13:22:09.106999,510358,304
2026-06-23T13:22:09.107145,510359,303
2026-06-23T13:22:09.107230,510360,299
2026-06-23T13:22:09.107332,510361,300
2026-06-23T13:22:09.107423,510362,305
2026-06-23T13:22:09.107506,510363,302
2026-06-23T13:22:09.107586,510364,297
2026-06-23T13:22:09.107665,510365,293
2026-06-23T13:22:09.107765,510366,288
2026-06-23T13:22:09.107853,510367,285
2026-06-23T13:22:09.117501,510368,288
2026-06-23T13:22:09.117556,510369,303
2026-06-23T13:22:09.117590,510370,310
2026-06-23T13:22:09.117627,510371,309
2026-06-23T13:22:09.117655,510372,305
2026-06-23T13:22:09.117683,510373,311
2026-06-23T13:22:09.117710,510374,312
2026-06-23T13:22:09.117738,510375,315
2026-06-23T13:22:09.117765,510376,318
2026-06-23T13:22:09.117793,510377,315
2026-06-23T13:22:09.127906,510378,311
2026-06-23T13:22:09.128079,510379,312
2026-06-23T13:22:09.128227,510380,311
2026-06-23T13:22:09.128338,510382,306
2026-06-23T13:22:09.128435,510383,302
2026-06-23T13:22:09.128531,510384,306
2026-06-23T13:22:09.128626,510385,304
2026-06-23T13:22:09.128720,510386,308
2026-06-23T13:22:09.128813,510387,309
2026-06-23T13:22:09.128907,510388,309
2026-06-23T13:22:09.138399,510389,310
2026-06-23T13:22:09.138562,510390,305
2026-06-23T13:22:09.138645,510391,310
2026-06-23T13:22:09.138726,510392,315
2026-06-23T13:22:09.138805,510393,310
2026-06-23T13:22:09.138883,510394,306
2026-06-23T13:22:09.138961,510395,301
2026-06-23T13:22:09.139039,510396,306
2026-06-23T13:22:09.139129,510397,314
2026-06-23T13:22:09.139207,510398,311
2026-06-23T13:22:09.148790,510399,312
2026-06-23T13:22:09.148949,510400,315
2026-06-23T13:22:09.149033,510401,321
2026-06-23T13:22:09.149113,510402,332
2026-06-23T13:22:09.149192,510403,338
2026-06-23T13:22:09.149274,510404,337
2026-06-23T13:22:09.149353,510405,332
2026-06-23T13:22:09.149431,510407,337
2026-06-23T13:22:09.149510,510408,354
2026-06-23T13:22:09.149588,510409,358
2026-06-23T13:22:09.159222,510410,353
2026-06-23T13:22:09.159271,510411,348
2026-06-23T13:22:09.159301,510412,344
2026-06-23T13:22:09.159330,510413,340
2026-06-23T13:22:09.159357,510414,336
2026-06-23T13:22:09.159385,510415,334
2026-06-23T13:22:09.159412,510416,335
2026-06-23T13:22:09.159439,510417,335
2026-06-23T13:22:09.159466,510418,332
2026-06-23T13:22:09.159493,510419,329
2026-06-23T13:22:09.169667,510420,329
2026-06-23T13:22:09.169737,510421,331
2026-06-23T13:22:09.169767,510422,329
2026-06-23T13:22:09.169795,510423,327
2026-06-23T13:22:09.169824,510424,328
2026-06-23T13:22:09.169852,510425,330
2026-06-23T13:22:09.169881,510426,329
2026-06-23T13:22:09.169909,510427,328
2026-06-23T13:22:09.169936,510428,323
2026-06-23T13:22:09.169964,510429,319
2026-06-23T13:22:09.180124,510430,318
2026-06-23T13:22:09.180289,510432,320
2026-06-23T13:22:09.180390,510433,324
2026-06-23T13:22:09.180487,510434,326
2026-06-23T13:22:09.180584,510435,340
2026-06-23T13:22:09.180680,510436,348
2026-06-23T13:22:09.180776,510437,345
2026-06-23T13:22:09.180871,510438,354
2026-06-23T13:22:09.180966,510439,360
2026-06-23T13:22:09.181061,510440,362
2026-06-23T13:22:09.190557,510441,358
2026-06-23T13:22:09.190621,510442,359
2026-06-23T13:22:09.190651,510443,358
2026-06-23T13:22:09.190680,510444,351
2026-06-23T13:22:09.190708,510445,345
2026-06-23T13:22:09.190736,510446,344
2026-06-23T13:22:09.190764,510447,343
2026-06-23T13:22:09.190792,510448,356
2026-06-23T13:22:09.190819,510449,355
2026-06-23T13:22:09.190847,510450,349
2026-06-23T13:22:09.200965,510451,342
2026-06-23T13:22:09.201015,510452,335
2026-06-23T13:22:09.201046,510453,331
2026-06-23T13:22:09.201075,510454,329
2026-06-23T13:22:09.201103,510456,323
2026-06-23T13:22:09.201131,510457,318
2026-06-23T13:22:09.201159,510458,315
2026-06-23T13:22:09.201186,510459,311
2026-06-23T13:22:09.201213,510460,305
2026-06-23T13:22:09.201240,510461,299
2026-06-23T13:22:09.211585,510462,297
2026-06-23T13:22:09.211652,510463,293
2026-06-23T13:22:09.211683,510464,291
2026-06-23T13:22:09.211713,510465,290
2026-06-23T13:22:09.211741,510466,289
2026-06-23T13:22:09.211770,510467,285
2026-06-23T13:22:09.211797,510468,279
2026-06-23T13:22:09.211826,510469,280
2026-06-23T13:22:09.211853,510470,281
2026-06-23T13:22:09.211881,510471,275
2026-06-23T13:22:09.221916,510472,271
2026-06-23T13:22:09.222066,510473,269
2026-06-23T13:22:09.222173,510474,275
2026-06-23T13:22:09.222248,510475,284
2026-06-23T13:22:09.222276,510476,286
2026-06-23T13:22:09.222304,510477,280
2026-06-23T13:22:09.222332,510478,276
2026-06-23T13:22:09.222359,510479,282
2026-06-23T13:22:09.222386,510481,289
2026-06-23T13:22:09.222413,510482,290
2026-06-23T13:22:09.232313,510483,302
2026-06-23T13:22:09.232464,510484,313
2026-06-23T13:22:09.232550,510485,316
2026-06-23T13:22:09.232633,510486,318
2026-06-23T13:22:09.232718,510487,316
2026-06-23T13:22:09.232800,510488,319
2026-06-23T13:22:09.232880,510489,317
2026-06-23T13:22:09.232962,510490,325
2026-06-23T13:22:09.233042,510491,332
2026-06-23T13:22:09.233123,510492,335
2026-06-23T13:22:09.242733,510493,333
2026-06-23T13:22:09.242879,510494,328
2026-06-23T13:22:09.242964,510495,323
2026-06-23T13:22:09.243044,510496,317
2026-06-23T13:22:09.243126,510497,313
2026-06-23T13:22:09.243204,510498,308
2026-06-23T13:22:09.243283,510499,303
2026-06-23T13:22:09.243362,510500,302
2026-06-23T13:22:09.243441,510501,302
2026-06-23T13:22:09.243519,510502,298
2026-06-23T13:22:09.253166,510503,297
2026-06-23T13:22:09.253227,510504,299
2026-06-23T13:22:09.253258,510506,306
2026-06-23T13:22:09.253287,510507,308
2026-06-23T13:22:09.253315,510508,306
2026-06-23T13:22:09.253343,510509,301
2026-06-23T13:22:09.253371,510510,299
2026-06-23T13:22:09.253398,510511,296
2026-06-23T13:22:09.253425,510512,298
2026-06-23T13:22:09.253452,510513,304
2026-06-23T13:22:09.263708,510514,301
2026-06-23T13:22:09.263875,510515,299
2026-06-23T13:22:09.263970,510516,295
2026-06-23T13:22:09.264055,510517,299
2026-06-23T13:22:09.264135,510518,304
2026-06-23T13:22:09.264216,510519,304
2026-06-23T13:22:09.264296,510520,300
2026-06-23T13:22:09.264375,510521,296
2026-06-23T13:22:09.264454,510522,294
2026-06-23T13:22:09.264534,510523,292
2026-06-23T13:22:09.274170,510524,287
2026-06-23T13:22:09.274289,510525,280
2026-06-23T13:22:09.274371,510526,275
2026-06-23T13:22:09.274450,510527,270
2026-06-23T13:22:09.274528,510528,267
2026-06-23T13:22:09.274607,510529,266
2026-06-23T13:22:09.274684,510531,263
2026-06-23T13:22:09.274760,510532,257
2026-06-23T13:22:09.274837,510533,254
2026-06-23T13:22:09.274915,510534,251
2026-06-23T13:22:09.284590,510535,248
2026-06-23T13:22:09.284728,510536,246
2026-06-23T13:22:09.284818,510537,242
2026-06-23T13:22:09.284898,510538,242
2026-06-23T13:22:09.284976,510539,247
2026-06-23T13:22:09.285062,510540,247
2026-06-23T13:22:09.285139,510541,247
2026-06-23T13:22:09.285216,510542,245
2026-06-23T13:22:09.285292,510543,254
2026-06-23T13:22:09.285368,510544,260
2026-06-23T13:22:09.295025,510545,260
2026-06-23T13:22:09.295149,510546,270
2026-06-23T13:22:09.295252,510547,287
2026-06-23T13:22:09.295351,510548,311
2026-06-23T13:22:09.295447,510549,312
2026-06-23T13:22:09.295545,510550,318
2026-06-23T13:22:09.295642,510551,324
2026-06-23T13:22:09.295739,510552,325
2026-06-23T13:22:09.295837,510553,323
2026-06-23T13:22:09.295934,510555,317
2026-06-23T13:22:09.305417,510556,312
2026-06-23T13:22:09.305533,510557,305
2026-06-23T13:22:09.305617,510558,300
2026-06-23T13:22:09.305697,510559,296
2026-06-23T13:22:09.305774,510560,292
2026-06-23T13:22:09.305852,510561,289
2026-06-23T13:22:09.305929,510562,286
2026-06-23T13:22:09.306006,510563,282
2026-06-23T13:22:09.306084,510564,282
2026-06-23T13:22:09.306160,510565,291
2026-06-23T13:22:09.315796,510566,289
2026-06-23T13:22:09.315899,510567,284
2026-06-23T13:22:09.315977,510568,280
2026-06-23T13:22:09.316055,510569,281
2026-06-23T13:22:09.316131,510570,287
2026-06-23T13:22:09.316207,510571,289
2026-06-23T13:22:09.316284,510572,285
2026-06-23T13:22:09.316360,510573,282
2026-06-23T13:22:09.316436,510574,282
2026-06-23T13:22:09.316512,510575,284
2026-06-23T13:22:09.326340,510576,284
2026-06-23T13:22:09.326450,510577,283
2026-06-23T13:22:09.326541,510578,283
2026-06-23T13:22:09.326621,510580,281
2026-06-23T13:22:09.326699,510581,275
2026-06-23T13:22:09.326793,510582,270
2026-06-23T13:22:09.326871,510583,264
2026-06-23T13:22:09.326947,510584,259
2026-06-23T13:22:09.327023,510585,255
2026-06-23T13:22:09.327099,510586,253
2026-06-23T13:22:09.336790,510587,249
2026-06-23T13:22:09.336905,510588,244
2026-06-23T13:22:09.336988,510589,241
2026-06-23T13:22:09.337068,510590,240
2026-06-23T13:22:09.337147,510591,235
2026-06-23T13:22:09.337226,510592,230
2026-06-23T13:22:09.337302,510593,229
2026-06-23T13:22:09.337381,510594,226
2026-06-23T13:22:09.337459,510595,224
2026-06-23T13:22:09.337543,510596,227
2026-06-23T13:22:09.347183,510597,229
2026-06-23T13:22:09.347276,510598,232
2026-06-23T13:22:09.347355,510599,231
2026-06-23T13:22:09.347433,510600,243
2026-06-23T13:22:09.347510,510601,257
2026-06-23T13:22:09.347587,510602,270
2026-06-23T13:22:09.347664,510603,270
2026-06-23T13:22:09.347740,510605,290
2026-06-23T13:22:09.347817,510606,302
2026-06-23T13:22:09.347894,510607,302
2026-06-23T13:22:09.357647,510608,301
2026-06-23T13:22:09.357763,510609,305
2026-06-23T13:22:09.357845,510610,303
2026-06-23T13:22:09.357924,510611,300
2026-06-23T13:22:09.358003,510612,299
2026-06-23T13:22:09.358082,510613,298
2026-06-23T13:22:09.358159,510614,295
2026-06-23T13:22:09.358236,510615,293
2026-06-23T13:22:09.358313,510616,291
2026-06-23T13:22:09.358390,510617,286
2026-06-23T13:22:09.368031,510618,283
2026-06-23T13:22:09.368132,510619,283
2026-06-23T13:22:09.368211,510620,279
2026-06-23T13:22:09.368289,510621,277
2026-06-23T13:22:09.368365,510622,280
2026-06-23T13:22:09.368442,510623,281
2026-06-23T13:22:09.368517,510624,278
2026-06-23T13:22:09.368593,510625,273
2026-06-23T13:22:09.368669,510626,269
2026-06-23T13:22:09.368744,510627,272
2026-06-23T13:22:09.378491,510628,276
2026-06-23T13:22:09.378596,510630,283
2026-06-23T13:22:09.378677,510631,290
2026-06-23T13:22:09.378756,510632,288
2026-06-23T13:22:09.378834,510633,287
2026-06-23T13:22:09.378910,510634,285
2026-06-23T13:22:09.378987,510635,285
2026-06-23T13:22:09.379063,510636,287
2026-06-23T13:22:09.379139,510637,285
2026-06-23T13:22:09.379216,510638,294
2026-06-23T13:22:09.389006,510639,295
2026-06-23T13:22:09.389117,510640,295
2026-06-23T13:22:09.389199,510641,297
2026-06-23T13:22:09.389277,510642,292
2026-06-23T13:22:09.389355,510643,292
2026-06-23T13:22:09.389432,510644,298
2026-06-23T13:22:09.389508,510645,309
2026-06-23T13:22:09.389584,510646,315
2026-06-23T13:22:09.389660,510647,310
2026-06-23T13:22:09.389735,510648,307
2026-06-23T13:22:09.399353,510649,302
2026-06-23T13:22:09.399474,510650,297
2026-06-23T13:22:09.399574,510651,298
2026-06-23T13:22:09.399667,510652,296
2026-06-23T13:22:09.399744,510654,291
2026-06-23T13:22:09.399821,510655,291
2026-06-23T13:22:09.399897,510656,288
2026-06-23T13:22:09.399973,510657,288
2026-06-23T13:22:09.400049,510658,290
2026-06-23T13:22:09.400124,510659,296
2026-06-23T13:22:09.409932,510660,294
2026-06-23T13:22:09.410042,510661,290
2026-06-23T13:22:09.410125,510662,293
2026-06-23T13:22:09.410206,510663,293
2026-06-23T13:22:09.410285,510664,291
2026-06-23T13:22:09.410365,510665,286
2026-06-23T13:22:09.410443,510666,281
2026-06-23T13:22:09.410520,510667,276
2026-06-23T13:22:09.410596,510668,275
2026-06-23T13:22:09.410673,510669,273
2026-06-23T13:22:09.420377,510670,271
2026-06-23T13:22:09.420497,510671,278
2026-06-23T13:22:09.420581,510672,277
2026-06-23T13:22:09.420659,510673,277
2026-06-23T13:22:09.420736,510674,280
2026-06-23T13:22:09.420813,510675,286
2026-06-23T13:22:09.420890,510676,289
2026-06-23T13:22:09.420967,510677,284
2026-06-23T13:22:09.421044,510679,283
2026-06-23T13:22:09.421119,510680,282
2026-06-23T13:22:09.430746,510681,280
2026-06-23T13:22:09.430838,510682,276
2026-06-23T13:22:09.430916,510683,275
2026-06-23T13:22:09.430993,510684,270
2026-06-23T13:22:09.431070,510685,266
2026-06-23T13:22:09.431146,510686,263
2026-06-23T13:22:09.431223,510687,259
2026-06-23T13:22:09.431299,510688,262
2026-06-23T13:22:09.431379,510689,264
2026-06-23T13:22:09.431526,510690,265
2026-06-23T13:22:09.441229,510691,272
2026-06-23T13:22:09.441342,510692,276
2026-06-23T13:22:09.441424,510693,281
2026-06-23T13:22:09.441503,510694,294
2026-06-23T13:22:09.441586,510695,295
2026-06-23T13:22:09.441664,510696,300
2026-06-23T13:22:09.441741,510697,310
2026-06-23T13:22:09.441817,510698,325
2026-06-23T13:22:09.441894,510699,334
2026-06-23T13:22:09.441970,510700,337
2026-06-23T13:22:09.451664,510701,329
2026-06-23T13:22:09.451786,510702,324
2026-06-23T13:22:09.451869,510704,318
2026-06-23T13:22:09.451948,510705,312
2026-06-23T13:22:09.452024,510706,305
2026-06-23T13:22:09.452101,510707,301
2026-06-23T13:22:09.452186,510708,298
2026-06-23T13:22:09.452263,510709,296
2026-06-23T13:22:09.452339,510710,292
2026-06-23T13:22:09.452416,510711,287
2026-06-23T13:22:09.462070,510712,283
2026-06-23T13:22:09.462164,510713,284
2026-06-23T13:22:09.462243,510714,283
2026-06-23T13:22:09.462321,510715,290
2026-06-23T13:22:09.462398,510716,293
2026-06-23T13:22:09.462477,510717,289
2026-06-23T13:22:09.462554,510718,290
2026-06-23T13:22:09.462630,510719,298
2026-06-23T13:22:09.462706,510720,301
2026-06-23T13:22:09.462782,510721,295
2026-06-23T13:22:09.472563,510722,294
2026-06-23T13:22:09.472680,510723,295
2026-06-23T13:22:09.472761,510724,293
2026-06-23T13:22:09.472839,510725,289
2026-06-23T13:22:09.472917,510726,291
2026-06-23T13:22:09.472993,510727,295
2026-06-23T13:22:09.473070,510729,293
2026-06-23T13:22:09.473146,510730,289
2026-06-23T13:22:09.473222,510731,287
2026-06-23T13:22:09.473298,510732,287
2026-06-23T13:22:09.482938,510733,289
2026-06-23T13:22:09.483039,510734,285
2026-06-23T13:22:09.483117,510735,283
2026-06-23T13:22:09.483194,510736,279
2026-06-23T13:22:09.483270,510737,280
2026-06-23T13:22:09.483347,510738,279
2026-06-23T13:22:09.483423,510739,284
2026-06-23T13:22:09.483499,510740,286
2026-06-23T13:22:09.483576,510741,284
2026-06-23T13:22:09.483651,510742,283
2026-06-23T13:22:09.493458,510743,291
2026-06-23T13:22:09.493566,510744,298
2026-06-23T13:22:09.493648,510745,298
2026-06-23T13:22:09.493726,510746,294
2026-06-23T13:22:09.493804,510747,294
2026-06-23T13:22:09.493882,510748,289
2026-06-23T13:22:09.493958,510749,285
2026-06-23T13:22:09.494035,510750,284
2026-06-23T13:22:09.494110,510751,281
2026-06-23T13:22:09.494188,510753,278
2026-06-23T13:22:09.503879,510754,273
2026-06-23T13:22:09.503999,510755,267
2026-06-23T13:22:09.504082,510756,263
2026-06-23T13:22:09.504161,510757,259
2026-06-23T13:22:09.504249,510758,256
2026-06-23T13:22:09.504326,510759,258
2026-06-23T13:22:09.504402,510760,264
2026-06-23T13:22:09.504478,510761,265
2026-06-23T13:22:09.504573,510762,263
2026-06-23T13:22:09.504651,510763,259
2026-06-23T13:22:09.514218,510764,255
2026-06-23T13:22:09.514335,510765,252
2026-06-23T13:22:09.514436,510766,249
2026-06-23T13:22:09.514538,510767,246
2026-06-23T13:22:09.514636,510768,244
2026-06-23T13:22:09.514778,510769,239
2026-06-23T13:22:09.514905,510770,238
2026-06-23T13:22:09.515013,510771,238
2026-06-23T13:22:09.515116,510772,240
2026-06-23T13:22:09.515216,510773,237
2026-06-23T13:22:09.524734,510774,233
2026-06-23T13:22:09.524847,510775,235
2026-06-23T13:22:09.524928,510776,236
2026-06-23T13:22:09.525006,510778,233
2026-06-23T13:22:09.525084,510779,231
2026-06-23T13:22:09.525161,510780,230
2026-06-23T13:22:09.525237,510781,226
2026-06-23T13:22:09.525314,510782,221
2026-06-23T13:22:09.525390,510783,223
2026-06-23T13:22:09.525467,510784,227
2026-06-23T13:22:09.535171,510785,225
2026-06-23T13:22:09.535281,510786,225
2026-06-23T13:22:09.535360,510787,222
2026-06-23T13:22:09.535437,510788,219
2026-06-23T13:22:09.535528,510789,216
2026-06-23T13:22:09.535605,510790,213
2026-06-23T13:22:09.535682,510791,211
2026-06-23T13:22:09.535758,510792,213
2026-06-23T13:22:09.535864,510793,219
2026-06-23T13:22:09.535942,510794,228
2026-06-23T13:22:09.545589,510795,229
2026-06-23T13:22:09.545689,510796,234
2026-06-23T13:22:09.545775,510797,241
2026-06-23T13:22:09.545863,510798,245
2026-06-23T13:22:09.545946,510799,248
2026-06-23T13:22:09.546025,510800,249
2026-06-23T13:22:09.546103,510801,246
2026-06-23T13:22:09.546179,510803,243
2026-06-23T13:22:09.546256,510804,243
2026-06-23T13:22:09.546333,510805,242
2026-06-23T13:22:09.556077,510806,238
2026-06-23T13:22:09.556196,510807,235
2026-06-23T13:22:09.556278,510808,236
2026-06-23T13:22:09.556366,510809,232
2026-06-23T13:22:09.556445,510810,229
2026-06-23T13:22:09.556523,510811,229
2026-06-23T13:22:09.556600,510812,231
2026-06-23T13:22:09.556677,510813,229
2026-06-23T13:22:09.556785,510814,229
2026-06-23T13:22:09.556874,510815,231
2026-06-23T13:22:09.566531,510816,230
2026-06-23T13:22:09.566648,510817,232
2026-06-23T13:22:09.566734,510818,234
2026-06-23T13:22:09.566813,510819,238
2026-06-23T13:22:09.566892,510820,238
2026-06-23T13:22:09.566971,510821,237
2026-06-23T13:22:09.567048,510822,240
2026-06-23T13:22:09.567124,510823,236
2026-06-23T13:22:09.567201,510824,240
2026-06-23T13:22:09.567278,510825,247
2026-06-23T13:22:09.576918,510826,254
2026-06-23T13:22:09.577016,510828,253
2026-06-23T13:22:09.577094,510829,248
2026-06-23T13:22:09.577172,510830,248
2026-06-23T13:22:09.577250,510831,246
2026-06-23T13:22:09.577328,510832,253
2026-06-23T13:22:09.577406,510833,255
2026-06-23T13:22:09.577482,510834,251
2026-06-23T13:22:09.577581,510835,251
2026-06-23T13:22:09.577657,510836,245
2026-06-23T13:22:09.587419,510837,247
2026-06-23T13:22:09.587550,510838,251
2026-06-23T13:22:09.587633,510839,255
2026-06-23T13:22:09.587712,510840,254
2026-06-23T13:22:09.587790,510841,250
2026-06-23T13:22:09.587885,510842,250
2026-06-23T13:22:09.587964,510843,248
2026-06-23T13:22:09.588041,510844,244
2026-06-23T13:22:09.588119,510845,239
2026-06-23T13:22:09.588195,510846,234
2026-06-23T13:22:09.597782,510847,233
2026-06-23T13:22:09.597877,510848,231
2026-06-23T13:22:09.597956,510849,228
2026-06-23T13:22:09.598034,510850,224
2026-06-23T13:22:09.598111,510852,226
2026-06-23T13:22:09.598187,510853,228
2026-06-23T13:22:09.598264,510854,235
2026-06-23T13:22:09.598340,510855,242
2026-06-23T13:22:09.598417,510856,241
2026-06-23T13:22:09.598493,510857,245
2026-06-23T13:22:09.608219,510858,248
2026-06-23T13:22:09.608329,510859,246
2026-06-23T13:22:09.608410,510860,242
2026-06-23T13:22:09.608489,510861,238
2026-06-23T13:22:09.608566,510862,237
2026-06-23T13:22:09.608644,510863,238
2026-06-23T13:22:09.608721,510864,241
2026-06-23T13:22:09.608799,510865,246
2026-06-23T13:22:09.608876,510866,251
2026-06-23T13:22:09.608953,510867,250
2026-06-23T13:22:09.618757,510868,255
2026-06-23T13:22:09.618874,510869,262
2026-06-23T13:22:09.618955,510870,272
2026-06-23T13:22:09.619033,510871,282
2026-06-23T13:22:09.619112,510872,285
2026-06-23T13:22:09.619190,510873,280
2026-06-23T13:22:09.619268,510874,278
2026-06-23T13:22:09.619345,510875,278
2026-06-23T13:22:09.619423,510877,277
2026-06-23T13:22:09.619499,510878,274
2026-06-23T13:22:09.629107,510879,271
2026-06-23T13:22:09.629225,510880,267
2026-06-23T13:22:09.629329,510881,262
2026-06-23T13:22:09.629426,510882,258
2026-06-23T13:22:09.629525,510883,254
2026-06-23T13:22:09.629623,510884,258
2026-06-23T13:22:09.629720,510885,271
2026-06-23T13:22:09.629817,510886,291
2026-06-23T13:22:09.629915,510887,315
2026-06-23T13:22:09.630013,510888,328
2026-06-23T13:22:09.639592,510889,334
2026-06-23T13:22:09.639779,510890,376
2026-06-23T13:22:09.639877,510891,396
2026-06-23T13:22:09.640004,510892,392
2026-06-23T13:22:09.640098,510893,387
2026-06-23T13:22:09.640181,510894,385
2026-06-23T13:22:09.640309,510895,381
2026-06-23T13:22:09.640400,510896,375
2026-06-23T13:22:09.640484,510897,372
2026-06-23T13:22:09.640563,510898,374
2026-06-23T13:22:09.650506,510899,374
2026-06-23T13:22:09.650688,510900,371
2026-06-23T13:22:09.650822,510902,366
2026-06-23T13:22:09.650900,510903,363
2026-06-23T13:22:09.650969,510904,357
2026-06-23T13:22:09.651038,510905,353
2026-06-23T13:22:09.651107,510906,347
2026-06-23T13:22:09.651173,510907,340
2026-06-23T13:22:09.651241,510908,335
2026-06-23T13:22:09.651307,510909,328
2026-06-23T13:22:09.660489,510910,323
2026-06-23T13:22:09.660598,510911,318
2026-06-23T13:22:09.660636,510912,314
2026-06-23T13:22:09.660673,510913,313
2026-06-23T13:22:09.660711,510914,316
2026-06-23T13:22:09.660746,510915,318
2026-06-23T13:22:09.660823,510916,315
2026-06-23T13:22:09.660873,510917,308
2026-06-23T13:22:09.660910,510918,305
2026-06-23T13:22:09.660948,510919,300
2026-06-23T13:22:09.670849,510920,295
2026-06-23T13:22:09.670954,510921,291
2026-06-23T13:22:09.670995,510922,286
2026-06-23T13:22:09.671033,510923,287
2026-06-23T13:22:09.671070,510924,285
2026-06-23T13:22:09.671106,510926,281
2026-06-23T13:22:09.671143,510927,277
2026-06-23T13:22:09.671178,510928,277
2026-06-23T13:22:09.671214,510929,275
2026-06-23T13:22:09.671249,510930,274
2026-06-23T13:22:09.681296,510931,267
2026-06-23T13:22:09.681402,510932,266
2026-06-23T13:22:09.681477,510933,267
2026-06-23T13:22:09.681524,510934,264
2026-06-23T13:22:09.681565,510935,260
2026-06-23T13:22:09.681622,510936,256
2026-06-23T13:22:09.681662,510937,252
2026-06-23T13:22:09.681718,510938,251
2026-06-23T13:22:09.681760,510939,248
2026-06-23T13:22:09.681798,510940,243
2026-06-23T13:22:09.691786,510941,243
2026-06-23T13:22:09.691978,510942,243
2026-06-23T13:22:09.692175,510943,242
2026-06-23T13:22:09.692310,510944,238
2026-06-23T13:22:09.692379,510945,234
2026-06-23T13:22:09.692441,510946,231
2026-06-23T13:22:09.692530,510947,229
2026-06-23T13:22:09.692615,510948,228
2026-06-23T13:22:09.692711,510949,225
2026-06-23T13:22:09.692796,510951,234
2026-06-23T13:22:09.702177,510952,243
2026-06-23T13:22:09.702280,510953,245
2026-06-23T13:22:09.702321,510954,244
2026-06-23T13:22:09.702357,510955,242
2026-06-23T13:22:09.702393,510956,255
2026-06-23T13:22:09.702428,510957,272
2026-06-23T13:22:09.702463,510958,272
2026-06-23T13:22:09.702498,510959,271
2026-06-23T13:22:09.702532,510960,275
2026-06-23T13:22:09.702567,510961,274
2026-06-23T13:22:09.712659,510962,272
2026-06-23T13:22:09.712746,510963,271
2026-06-23T13:22:09.712796,510964,273
2026-06-23T13:22:09.712844,510965,272
2026-06-23T13:22:09.712891,510966,277
2026-06-23T13:22:09.712938,510967,272
2026-06-23T13:22:09.712985,510968,267
2026-06-23T13:22:09.713032,510969,265
2026-06-23T13:22:09.713078,510970,264
2026-06-23T13:22:09.713125,510971,259
2026-06-23T13:22:09.723006,510972,254
2026-06-23T13:22:09.723085,510973,254
2026-06-23T13:22:09.723134,510974,260
2026-06-23T13:22:09.723182,510976,259
2026-06-23T13:22:09.723229,510977,256
2026-06-23T13:22:09.723276,510978,253
2026-06-23T13:22:09.723323,510979,254
2026-06-23T13:22:09.723371,510980,254
2026-06-23T13:22:09.723417,510981,255
2026-06-23T13:22:09.723466,510982,256
2026-06-23T13:22:09.733491,510983,255
2026-06-23T13:22:09.733601,510984,252
2026-06-23T13:22:09.733685,510985,249
2026-06-23T13:22:09.733763,510986,250
2026-06-23T13:22:09.733840,510987,250
2026-06-23T13:22:09.733916,510988,248
2026-06-23T13:22:09.733992,510989,245
2026-06-23T13:22:09.734067,510990,241
2026-06-23T13:22:09.734144,510991,238
2026-06-23T13:22:09.734220,510992,240
2026-06-23T13:22:09.743970,510993,251
2026-06-23T13:22:09.744053,510994,261
2026-06-23T13:22:09.744118,510995,264
2026-06-23T13:22:09.744181,510996,261
2026-06-23T13:22:09.744245,510997,266
2026-06-23T13:22:09.744307,510998,273
2026-06-23T13:22:09.744370,510999,275
2026-06-23T13:22:09.744434,511001,275
2026-06-23T13:22:09.744498,511002,273
2026-06-23T13:22:09.744562,511003,276
2026-06-23T13:22:09.754384,511004,280
2026-06-23T13:22:09.754525,511005,283
2026-06-23T13:22:09.754609,511006,284
2026-06-23T13:22:09.754691,511007,281
2026-06-23T13:22:09.754770,511008,279
2026-06-23T13:22:09.754848,511009,281
2026-06-23T13:22:09.754925,511010,283
2026-06-23T13:22:09.755002,511011,286
2026-06-23T13:22:09.755078,511012,290
2026-06-23T13:22:09.755155,511013,286
2026-06-23T13:22:09.764781,511014,280
2026-06-23T13:22:09.764920,511015,276
2026-06-23T13:22:09.765013,511016,273
2026-06-23T13:22:09.765095,511017,271
2026-06-23T13:22:09.765188,511018,273
2026-06-23T13:22:09.765266,511019,269
2026-06-23T13:22:09.765344,511020,266
2026-06-23T13:22:09.765422,511021,261
2026-06-23T13:22:09.765499,511022,258
2026-06-23T13:22:09.765576,511023,256
2026-06-23T13:22:09.775317,511025,251
2026-06-23T13:22:09.775432,511026,249
2026-06-23T13:22:09.775514,511027,247
2026-06-23T13:22:09.775593,511028,244
2026-06-23T13:22:09.775671,511029,243
2026-06-23T13:22:09.775749,511030,240
2026-06-23T13:22:09.775826,511031,236
2026-06-23T13:22:09.775902,511032,232
2026-06-23T13:22:09.775979,511033,239
2026-06-23T13:22:09.776055,511034,259
2026-06-23T13:22:09.785774,511035,284
2026-06-23T13:22:09.785893,511036,294
2026-06-23T13:22:09.785977,511037,289
2026-06-23T13:22:09.786056,511038,293
2026-06-23T13:22:09.786146,511039,300
2026-06-23T13:22:09.786223,511040,300
2026-06-23T13:22:09.786300,511041,297
2026-06-23T13:22:09.786376,511042,297
2026-06-23T13:22:09.786453,511043,299
2026-06-23T13:22:09.786531,511044,299
2026-06-23T13:22:09.796153,511045,296
2026-06-23T13:22:09.796249,511046,293
2026-06-23T13:22:09.796328,511047,290
2026-06-23T13:22:09.796405,511048,287
2026-06-23T13:22:09.796483,511050,285
2026-06-23T13:22:09.796559,511051,284
2026-06-23T13:22:09.796635,511052,285
2026-06-23T13:22:09.796711,511053,282
2026-06-23T13:22:09.796787,511054,280
2026-06-23T13:22:09.796863,511055,276
2026-06-23T13:22:09.806643,511056,273
2026-06-23T13:22:09.806781,511057,268
2026-06-23T13:22:09.806868,511058,263
2026-06-23T13:22:09.806948,511059,260
2026-06-23T13:22:09.807028,511060,260
2026-06-23T13:22:09.807107,511061,262
2026-06-23T13:22:09.807185,511062,263
2026-06-23T13:22:09.807262,511063,266
2026-06-23T13:22:09.807338,511064,269
2026-06-23T13:22:09.807415,511065,268
2026-06-23T13:22:09.816982,511066,266
2026-06-23T13:22:09.817078,511067,273
2026-06-23T13:22:09.817158,511068,274
2026-06-23T13:22:09.817235,511069,271
2026-06-23T13:22:09.817311,511070,268
2026-06-23T13:22:09.817389,511071,270
2026-06-23T13:22:09.817465,511072,270
2026-06-23T13:22:09.817545,511073,276
2026-06-23T13:22:09.817621,511075,281
2026-06-23T13:22:09.817697,511076,289
2026-06-23T13:22:09.827472,511077,297
2026-06-23T13:22:09.827563,511078,294
2026-06-23T13:22:09.827642,511079,307
2026-06-23T13:22:09.827719,511080,335
2026-06-23T13:22:09.827796,511081,352
2026-06-23T13:22:09.827872,511082,355
2026-06-23T13:22:09.827948,511083,349
2026-06-23T13:22:09.828024,511084,348
2026-06-23T13:22:09.828101,511085,348
2026-06-23T13:22:09.828178,511086,344
2026-06-23T13:22:09.837957,511087,340
2026-06-23T13:22:09.838055,511088,334
2026-06-23T13:22:09.838133,511089,330
2026-06-23T13:22:09.838210,511090,325
2026-06-23T13:22:09.838286,511091,323
2026-06-23T13:22:09.838362,511092,322
2026-06-23T13:22:09.838438,511093,325
2026-06-23T13:22:09.838514,511094,322
2026-06-23T13:22:09.838589,511095,324
2026-06-23T13:22:09.838665,511096,322
2026-06-23T13:22:09.848303,511097,322
2026-06-23T13:22:09.848396,511098,331
2026-06-23T13:22:09.848476,511100,345
2026-06-23T13:22:09.848555,511101,347
2026-06-23T13:22:09.848635,511102,346
2026-06-23T13:22:09.848716,511103,346
2026-06-23T13:22:09.848797,511104,340
2026-06-23T13:22:09.848879,511105,341
2026-06-23T13:22:09.848959,511106,351
2026-06-23T13:22:09.849039,511107,357
2026-06-23T13:22:09.858827,511108,353
2026-06-23T13:22:09.858918,511109,346
2026-06-23T13:22:09.858996,511110,342
2026-06-23T13:22:09.859073,511111,347
2026-06-23T13:22:09.859149,511112,360
2026-06-23T13:22:09.859225,511113,365
2026-06-23T13:22:09.859301,511114,361
2026-06-23T13:22:09.859380,511115,356
2026-06-23T13:22:09.859457,511116,360
2026-06-23T13:22:09.859533,511117,361
2026-06-23T13:22:09.869315,511118,355
2026-06-23T13:22:09.869427,511119,349
2026-06-23T13:22:09.869505,511120,346
2026-06-23T13:22:09.869584,511121,340
2026-06-23T13:22:09.869661,511122,342
2026-06-23T13:22:09.869737,511124,343
2026-06-23T13:22:09.869813,511125,341
2026-06-23T13:22:09.869889,511126,352
2026-06-23T13:22:09.869965,511127,352
2026-06-23T13:22:09.870041,511128,364
2026-06-23T13:22:09.879644,511129,373
2026-06-23T13:22:09.879733,511130,374
2026-06-23T13:22:09.879811,511131,376
2026-06-23T13:22:09.879887,511132,376
2026-06-23T13:22:09.879964,511133,369
2026-06-23T13:22:09.880039,511134,363
2026-06-23T13:22:09.880115,511135,358
2026-06-23T13:22:09.880191,511136,357
2026-06-23T13:22:09.880267,511137,354
2026-06-23T13:22:09.880342,511138,361
2026-06-23T13:22:09.890155,511139,366
2026-06-23T13:22:09.890255,511140,371
2026-06-23T13:22:09.890335,511141,375
2026-06-23T13:22:09.890438,511142,376
2026-06-23T13:22:09.890522,511143,375
2026-06-23T13:22:09.890599,511144,372
2026-06-23T13:22:09.890675,511145,378
2026-06-23T13:22:09.890751,511146,384
2026-06-23T13:22:09.890827,511147,382
2026-06-23T13:22:09.890903,511149,379
2026-06-23T13:22:09.900571,511150,377
2026-06-23T13:22:09.900674,511151,373
2026-06-23T13:22:09.900752,511152,372
2026-06-23T13:22:09.900829,511153,368
2026-06-23T13:22:09.900906,511154,364
2026-06-23T13:22:09.900984,511155,357
2026-06-23T13:22:09.901060,511156,350
2026-06-23T13:22:09.901135,511157,344
2026-06-23T13:22:09.901211,511158,338
2026-06-23T13:22:09.901287,511159,331
2026-06-23T13:22:09.911027,511160,326
2026-06-23T13:22:09.911115,511161,325
2026-06-23T13:22:09.911195,511162,320
2026-06-23T13:22:09.911291,511163,316
2026-06-23T13:22:09.911367,511164,320
2026-06-23T13:22:09.911443,511165,317
2026-06-23T13:22:09.911519,511166,319
2026-06-23T13:22:09.911594,511167,314
2026-06-23T13:22:09.911669,511168,313
2026-06-23T13:22:09.911745,511169,312
2026-06-23T13:22:09.921542,511170,311
2026-06-23T13:22:09.921644,511171,309
2026-06-23T13:22:09.921723,511172,309
2026-06-23T13:22:09.921800,511174,308
2026-06-23T13:22:09.921876,511175,318
2026-06-23T13:22:09.921952,511176,318
2026-06-23T13:22:09.922027,511177,317
2026-06-23T13:22:09.922103,511178,315
2026-06-23T13:22:09.922179,511179,310
2026-06-23T13:22:09.922255,511180,304
2026-06-23T13:22:09.931860,511181,302
2026-06-23T13:22:09.931954,511182,301
2026-06-23T13:22:09.932032,511183,301
2026-06-23T13:22:09.932108,511184,303
2026-06-23T13:22:09.932185,511185,309
2026-06-23T13:22:09.932261,511186,315
2026-06-23T13:22:09.932338,511187,314
2026-06-23T13:22:09.932414,511188,312
2026-06-23T13:22:09.932490,511189,318
2026-06-23T13:22:09.932566,511190,319
2026-06-23T13:22:09.942278,511191,313
2026-06-23T13:22:09.942399,511192,313
2026-06-23T13:22:09.942482,511193,321
2026-06-23T13:22:09.942563,511194,326
2026-06-23T13:22:09.942642,511195,324
2026-06-23T13:22:09.942720,511196,318
2026-06-23T13:22:09.942798,511197,312
2026-06-23T13:22:09.942875,511199,306
2026-06-23T13:22:09.942953,511200,301
2026-06-23T13:22:09.943031,511201,301
2026-06-23T13:22:09.952814,511202,301
2026-06-23T13:22:09.952937,511203,298
2026-06-23T13:22:09.953008,511204,293
2026-06-23T13:22:09.953074,511205,288
2026-06-23T13:22:09.953140,511206,282
2026-06-23T13:22:09.953204,511207,278
2026-06-23T13:22:09.953294,511208,273
2026-06-23T13:22:09.953360,511209,269
2026-06-23T13:22:09.953423,511210,268
2026-06-23T13:22:09.953486,511211,265
2026-06-23T13:22:09.963169,511212,262
2026-06-23T13:22:09.963257,511213,260
2026-06-23T13:22:09.963317,511214,266
2026-06-23T13:22:09.963374,511215,261
2026-06-23T13:22:09.963429,511216,258
2026-06-23T13:22:09.963487,511217,265
2026-06-23T13:22:09.963542,511218,264
2026-06-23T13:22:09.963597,511219,260
2026-06-23T13:22:09.963652,511220,259
2026-06-23T13:22:09.963706,511221,258
2026-06-23T13:22:09.973687,511223,258
2026-06-23T13:22:09.973786,511224,263
2026-06-23T13:22:09.973838,511225,263
2026-06-23T13:22:09.973887,511226,266
2026-06-23T13:22:09.973936,511227,261
2026-06-23T13:22:09.973984,511228,258
2026-06-23T13:22:09.974031,511229,258
2026-06-23T13:22:09.974078,511230,265
2026-06-23T13:22:09.974125,511231,271
2026-06-23T13:22:09.974172,511232,273
2026-06-23T13:22:09.984069,511233,275
2026-06-23T13:22:09.984168,511234,274
2026-06-23T13:22:09.984218,511235,276
2026-06-23T13:22:09.984262,511236,276
2026-06-23T13:22:09.984305,511237,272
2026-06-23T13:22:09.984348,511238,274
2026-06-23T13:22:09.984390,511239,274
2026-06-23T13:22:09.984431,511240,269
2026-06-23T13:22:09.984473,511241,267
2026-06-23T13:22:09.984515,511242,263
2026-06-23T13:22:09.994487,511243,262
2026-06-23T13:22:09.994557,511244,260
2026-06-23T13:22:09.994597,511245,255
2026-06-23T13:22:09.994640,511246,250
2026-06-23T13:22:09.994677,511248,250
2026-06-23T13:22:09.994715,511249,247
2026-06-23T13:22:09.994755,511250,247
2026-06-23T13:22:09.994795,511251,242
2026-06-23T13:22:09.994835,511252,239
2026-06-23T13:22:09.994873,511253,239
2026-06-23T13:22:10.004941,511254,239
2026-06-23T13:22:10.005023,511255,238
2026-06-23T13:22:10.005063,511256,244
2026-06-23T13:22:10.005099,511257,245
2026-06-23T13:22:10.005135,511258,240
2026-06-23T13:22:10.005170,511259,235
2026-06-23T13:22:10.005204,511260,232
2026-06-23T13:22:10.005238,511261,227
2026-06-23T13:22:10.005273,511262,225
2026-06-23T13:22:10.005307,511263,226
2026-06-23T13:22:10.015462,511264,227
2026-06-23T13:22:10.015519,511265,227
2026-06-23T13:22:10.015552,511266,234
2026-06-23T13:22:10.015582,511267,233
2026-06-23T13:22:10.015613,511268,233
2026-06-23T13:22:10.015642,511269,232
2026-06-23T13:22:10.015672,511270,230
2026-06-23T13:22:10.015701,511271,227
2026-06-23T13:22:10.015730,511273,232
2026-06-23T13:22:10.015760,511274,250
2026-06-23T13:22:10.025931,511275,280
2026-06-23T13:22:10.026002,511276,294
2026-06-23T13:22:10.026033,511277,293
2026-06-23T13:22:10.026063,511278,306
2026-06-23T13:22:10.026092,511279,314
2026-06-23T13:22:10.026119,511280,314
2026-06-23T13:22:10.026147,511281,315
2026-06-23T13:22:10.026175,511282,313
2026-06-23T13:22:10.026203,511283,320
2026-06-23T13:22:10.026232,511284,329
2026-06-23T13:22:10.036293,511285,335
2026-06-23T13:22:10.036444,511286,331
2026-06-23T13:22:10.036531,511287,338
2026-06-23T13:22:10.036612,511288,356
2026-06-23T13:22:10.036691,511289,372
2026-06-23T13:22:10.036770,511290,376
2026-06-23T13:22:10.036848,511291,371
2026-06-23T13:22:10.036927,511292,367
2026-06-23T13:22:10.037005,511293,360
2026-06-23T13:22:10.037083,511294,363
2026-06-23T13:22:10.046758,511295,366
2026-06-23T13:22:10.046956,511296,370
2026-06-23T13:22:10.047052,511298,373
2026-06-23T13:22:10.047136,511299,380
2026-06-23T13:22:10.047216,511300,383
2026-06-23T13:22:10.047296,511301,378
2026-06-23T13:22:10.047375,511302,371
2026-06-23T13:22:10.047454,511303,369
2026-06-23T13:22:10.047533,511304,377
2026-06-23T13:22:10.047611,511305,392
2026-06-23T13:22:10.057124,511306,405
2026-06-23T13:22:10.057195,511307,406
2026-06-23T13:22:10.057247,511308,399
2026-06-23T13:22:10.057286,511309,397
2026-06-23T13:22:10.057317,511310,403
2026-06-23T13:22:10.057348,511311,413
2026-06-23T13:22:10.057392,511312,423
2026-06-23T13:22:10.057431,511313,428
2026-06-23T13:22:10.057461,511314,422
2026-06-23T13:22:10.057491,511315,417
2026-06-23T13:22:10.067542,511316,415
2026-06-23T13:22:10.067589,511317,413
2026-06-23T13:22:10.067622,511318,412
2026-06-23T13:22:10.067651,511319,409
2026-06-23T13:22:10.067680,511320,404
2026-06-23T13:22:10.067708,511322,403
2026-06-23T13:22:10.067736,511323,402
2026-06-23T13:22:10.067764,511324,400
2026-06-23T13:22:10.067792,511325,391
2026-06-23T13:22:10.067820,511326,385
2026-06-23T13:22:10.078011,511327,378
2026-06-23T13:22:10.078163,511328,374
2026-06-23T13:22:10.078247,511329,373
2026-06-23T13:22:10.078329,511330,368
2026-06-23T13:22:10.078427,511331,372
2026-06-23T13:22:10.078524,511332,371
2026-06-23T13:22:10.078619,511333,364
2026-06-23T13:22:10.078715,511334,362
2026-06-23T13:22:10.078797,511335,356
2026-06-23T13:22:10.078876,511336,352
2026-06-23T13:22:10.088460,511337,349
2026-06-23T13:22:10.088537,511338,346
2026-06-23T13:22:10.088569,511339,343
2026-06-23T13:22:10.088599,511340,343
2026-06-23T13:22:10.088628,511341,339
2026-06-23T13:22:10.088656,511342,336
2026-06-23T13:22:10.088684,511343,336
2026-06-23T13:22:10.088712,511344,346
2026-06-23T13:22:10.088740,511345,348
2026-06-23T13:22:10.088768,511347,343
2026-06-23T13:22:10.098906,511348,338
2026-06-23T13:22:10.099069,511349,333
2026-06-23T13:22:10.099155,511350,329
2026-06-23T13:22:10.099236,511351,329
2026-06-23T13:22:10.099317,511352,335
2026-06-23T13:22:10.099412,511353,335
2026-06-23T13:22:10.099491,511354,333
2026-06-23T13:22:10.099571,511355,336
2026-06-23T13:22:10.099651,511356,331
2026-06-23T13:22:10.099730,511357,328
2026-06-23T13:22:10.109334,511358,324
2026-06-23T13:22:10.109408,511359,323
2026-06-23T13:22:10.109441,511360,321
2026-06-23T13:22:10.109488,511361,317
2026-06-23T13:22:10.109537,511362,312
2026-06-23T13:22:10.109568,511363,311
2026-06-23T13:22:10.109597,511364,313
2026-06-23T13:22:10.109626,511365,311
2026-06-23T13:22:10.109654,511366,307
2026-06-23T13:22:10.109682,511367,307
2026-06-23T13:22:10.119771,511368,302
2026-06-23T13:22:10.119846,511369,302
2026-06-23T13:22:10.119879,511370,300
2026-06-23T13:22:10.119909,511372,296
2026-06-23T13:22:10.119940,511373,297
2026-06-23T13:22:10.119968,511374,296
2026-06-23T13:22:10.120000,511375,293
2026-06-23T13:22:10.120028,511376,287
2026-06-23T13:22:10.120055,511377,283
2026-06-23T13:22:10.120082,511378,285
2026-06-23T13:22:10.130373,511379,292
2026-06-23T13:22:10.130549,511380,294
2026-06-23T13:22:10.130634,511381,289
2026-06-23T13:22:10.130714,511382,290
2026-06-23T13:22:10.130792,511383,292
2026-06-23T13:22:10.130932,511384,290
2026-06-23T13:22:10.131024,511385,285
2026-06-23T13:22:10.131106,511386,282
2026-06-23T13:22:10.131186,511387,278
2026-06-23T13:22:10.131266,511388,273
2026-06-23T13:22:10.140719,511389,268
2026-06-23T13:22:10.141002,511390,266
2026-06-23T13:22:10.141129,511391,265
2026-06-23T13:22:10.141227,511392,261
2026-06-23T13:22:10.141310,511393,267
2026-06-23T13:22:10.141391,511394,281
2026-06-23T13:22:10.141470,511395,292
2026-06-23T13:22:10.141555,511397,290
2026-06-23T13:22:10.141634,511398,290
2026-06-23T13:22:10.141712,511399,288
2026-06-23T13:22:10.151118,511400,287
2026-06-23T13:22:10.151207,511401,284
2026-06-23T13:22:10.151243,511402,285
2026-06-23T13:22:10.151272,511403,297
2026-06-23T13:22:10.151301,511404,320
2026-06-23T13:22:10.151328,511405,338
2026-06-23T13:22:10.151356,511406,343
2026-06-23T13:22:10.151384,511407,338
2026-06-23T13:22:10.151411,511408,334
2026-06-23T13:22:10.151439,511409,331
2026-06-23T13:22:10.161555,511410,328
2026-06-23T13:22:10.161787,511411,327
2026-06-23T13:22:10.161888,511412,333
2026-06-23T13:22:10.161984,511413,333
2026-06-23T13:22:10.162110,511414,338
2026-06-23T13:22:10.162223,511415,358
2026-06-23T13:22:10.162323,511416,380
2026-06-23T13:22:10.162421,511417,388
2026-06-23T13:22:10.162517,511418,427
2026-06-23T13:22:10.162617,511419,458
2026-06-23T13:22:10.172000,511421,467
2026-06-23T13:22:10.172155,511422,463
2026-06-23T13:22:10.172237,511423,457
2026-06-23T13:22:10.172317,511424,450
2026-06-23T13:22:10.172396,511425,442
2026-06-23T13:22:10.172475,511426,436
2026-06-23T13:22:10.172575,511427,432
2026-06-23T13:22:10.172796,511428,427
2026-06-23T13:22:10.172914,511429,428
2026-06-23T13:22:10.172998,511430,438
2026-06-23T13:22:10.182610,511431,450
2026-06-23T13:22:10.182796,511432,452
2026-06-23T13:22:10.182853,511433,448
2026-06-23T13:22:10.182885,511434,454
2026-06-23T13:22:10.182914,511435,462
2026-06-23T13:22:10.182942,511436,467
2026-06-23T13:22:10.182972,511437,462
2026-06-23T13:22:10.183001,511438,455
2026-06-23T13:22:10.183029,511439,444
2026-06-23T13:22:10.183095,511440,436
2026-06-23T13:22:10.192901,511441,427
2026-06-23T13:22:10.192991,511442,418
2026-06-23T13:22:10.193024,511443,413
2026-06-23T13:22:10.193053,511444,408
2026-06-23T13:22:10.193082,511446,406
2026-06-23T13:22:10.193110,511447,401
2026-06-23T13:22:10.193138,511448,395
2026-06-23T13:22:10.193165,511449,388
2026-06-23T13:22:10.193192,511450,385
2026-06-23T13:22:10.193219,511451,386
2026-06-23T13:22:10.203311,511452,384
2026-06-23T13:22:10.203404,511453,378
2026-06-23T13:22:10.203489,511454,371
2026-06-23T13:22:10.203566,511455,368
2026-06-23T13:22:10.203642,511456,376
2026-06-23T13:22:10.203719,511457,380
2026-06-23T13:22:10.203795,511458,381
2026-06-23T13:22:10.203871,511459,375
2026-06-23T13:22:10.203947,511460,377
2026-06-23T13:22:10.204023,511461,375
2026-06-23T13:22:10.213753,511462,379
2026-06-23T13:22:10.213853,511463,389
2026-06-23T13:22:10.213931,511464,391
2026-06-23T13:22:10.214008,511465,383
2026-06-23T13:22:10.214084,511466,378
2026-06-23T13:22:10.214175,511467,372
2026-06-23T13:22:10.214274,511468,367
2026-06-23T13:22:10.214373,511469,364
2026-06-23T13:22:10.214471,511471,370
2026-06-23T13:22:10.214569,511472,375
2026-06-23T13:22:10.224251,511473,369
2026-06-23T13:22:10.224396,511474,368
2026-06-23T13:22:10.224487,511475,364
2026-06-23T13:22:10.224572,511476,360
2026-06-23T13:22:10.224655,511477,355
2026-06-23T13:22:10.224734,511478,350
2026-06-23T13:22:10.224813,511479,344
2026-06-23T13:22:10.224891,511480,352
2026-06-23T13:22:10.224968,511481,367
2026-06-23T13:22:10.225046,511482,370
2026-06-23T13:22:10.234730,511483,364
2026-06-23T13:22:10.234802,511484,361
2026-06-23T13:22:10.234844,511485,364
2026-06-23T13:22:10.234884,511486,364
2026-06-23T13:22:10.234922,511487,362
2026-06-23T13:22:10.234972,511488,360
2026-06-23T13:22:10.235011,511489,357
2026-06-23T13:22:10.235049,511490,355
2026-06-23T13:22:10.235086,511491,350
2026-06-23T13:22:10.235124,511492,349
2026-06-23T13:22:10.245155,511493,351
2026-06-23T13:22:10.245288,511495,349
2026-06-23T13:22:10.245375,511496,354
2026-06-23T13:22:10.245454,511497,367
2026-06-23T13:22:10.245533,511498,375
2026-06-23T13:22:10.245611,511499,376
2026-06-23T13:22:10.245689,511500,376
2026-06-23T13:22:10.245765,511501,380
2026-06-23T13:22:10.245843,511502,375
2026-06-23T13:22:10.245922,511503,376
2026-06-23T13:22:10.255576,511504,379
2026-06-23T13:22:10.255693,511505,379
2026-06-23T13:22:10.255776,511506,382
2026-06-23T13:22:10.255855,511507,377
2026-06-23T13:22:10.255933,511508,369
2026-06-23T13:22:10.256010,511509,365
2026-06-23T13:22:10.256087,511510,364
2026-06-23T13:22:10.256168,511511,364
2026-06-23T13:22:10.256244,511512,360
2026-06-23T13:22:10.256359,511513,361
2026-06-23T13:22:10.265965,511514,359
2026-06-23T13:22:10.266090,511515,354
2026-06-23T13:22:10.266179,511516,352
2026-06-23T13:22:10.266261,511517,350
2026-06-23T13:22:10.266339,511518,343
2026-06-23T13:22:10.266417,511520,339
2026-06-23T13:22:10.266497,511521,343
2026-06-23T13:22:10.266574,511522,345
2026-06-23T13:22:10.266651,511523,342
2026-06-23T13:22:10.266733,511524,348
2026-06-23T13:22:10.276508,511525,346
2026-06-23T13:22:10.276619,511526,348
2026-06-23T13:22:10.276702,511527,343
2026-06-23T13:22:10.276792,511528,341
2026-06-23T13:22:10.276872,511529,337
2026-06-23T13:22:10.276950,511530,334
2026-06-23T13:22:10.277027,511531,330
2026-06-23T13:22:10.277104,511532,327
2026-06-23T13:22:10.277181,511533,332
2026-06-23T13:22:10.277257,511534,342
2026-06-23T13:22:10.286901,511535,349
2026-06-23T13:22:10.287016,511536,344
2026-06-23T13:22:10.287098,511537,340
2026-06-23T13:22:10.287178,511538,335
2026-06-23T13:22:10.287256,511539,330
2026-06-23T13:22:10.287333,511540,327
2026-06-23T13:22:10.287410,511541,323
2026-06-23T13:22:10.287486,511542,325
2026-06-23T13:22:10.287564,511543,334
2026-06-23T13:22:10.287640,511545,344
2026-06-23T13:22:10.297287,511546,346
2026-06-23T13:22:10.297383,511547,341
2026-06-23T13:22:10.297462,511548,337
2026-06-23T13:22:10.297541,511549,331
2026-06-23T13:22:10.297618,511550,328
2026-06-23T13:22:10.297696,511551,327
2026-06-23T13:22:10.297772,511552,324
2026-06-23T13:22:10.297849,511553,319
2026-06-23T13:22:10.297925,511554,318
2026-06-23T13:22:10.298002,511555,314
2026-06-23T13:22:10.307744,511556,310
2026-06-23T13:22:10.307850,511557,307
2026-06-23T13:22:10.307931,511558,317
2026-06-23T13:22:10.308011,511559,325
2026-06-23T13:22:10.308089,511560,324
2026-06-23T13:22:10.308168,511561,325
2026-06-23T13:22:10.308247,511562,319
2026-06-23T13:22:10.308325,511563,315
2026-06-23T13:22:10.308402,511564,316
2026-06-23T13:22:10.308480,511565,314
2026-06-23T13:22:10.318212,511566,310
2026-06-23T13:22:10.318329,511567,304
2026-06-23T13:22:10.318411,511568,301
2026-06-23T13:22:10.318489,511570,304
2026-06-23T13:22:10.318567,511571,310
2026-06-23T13:22:10.318644,511572,314
2026-06-23T13:22:10.318721,511573,310
2026-06-23T13:22:10.318798,511574,313
2026-06-23T13:22:10.318874,511575,312
2026-06-23T13:22:10.318951,511576,312
2026-06-23T13:22:10.328637,511577,310
2026-06-23T13:22:10.328761,511578,305
2026-06-23T13:22:10.328846,511579,307
2026-06-23T13:22:10.328927,511580,315
2026-06-23T13:22:10.329005,511581,315
2026-06-23T13:22:10.329084,511582,311
2026-06-23T13:22:10.329161,511583,305
2026-06-23T13:22:10.329240,511584,299
2026-06-23T13:22:10.329317,511585,294
2026-06-23T13:22:10.329394,511586,294
2026-06-23T13:22:10.339139,511587,292
2026-06-23T13:22:10.339258,511588,297
2026-06-23T13:22:10.339341,511589,308
2026-06-23T13:22:10.339421,511590,306
2026-06-23T13:22:10.339499,511591,310
2026-06-23T13:22:10.339576,511592,306
2026-06-23T13:22:10.339654,511594,311
2026-06-23T13:22:10.339731,511595,315
2026-06-23T13:22:10.339807,511596,314
2026-06-23T13:22:10.339885,511597,314
2026-06-23T13:22:10.349475,511598,322
2026-06-23T13:22:10.349572,511599,327
2026-06-23T13:22:10.349651,511600,331
2026-06-23T13:22:10.349728,511601,331
2026-06-23T13:22:10.349805,511602,329
2026-06-23T13:22:10.349881,511603,327
2026-06-23T13:22:10.349957,511604,327
2026-06-23T13:22:10.350034,511605,322
2026-06-23T13:22:10.350111,511606,317
2026-06-23T13:22:10.350188,511607,318
2026-06-23T13:22:10.360020,511608,320
2026-06-23T13:22:10.360123,511609,316
2026-06-23T13:22:10.360203,511610,315
2026-06-23T13:22:10.360282,511611,312
2026-06-23T13:22:10.360359,511612,310
2026-06-23T13:22:10.360461,511613,308
2026-06-23T13:22:10.360551,511614,302
2026-06-23T13:22:10.360629,511615,300
2026-06-23T13:22:10.360706,511616,299
2026-06-23T13:22:10.360782,511617,295
2026-06-23T13:22:10.370540,511619,297
2026-06-23T13:22:10.370650,511620,301
2026-06-23T13:22:10.370729,511621,299
2026-06-23T13:22:10.370807,511622,294
2026-06-23T13:22:10.370885,511623,296
2026-06-23T13:22:10.370963,511624,298
2026-06-23T13:22:10.371040,511625,295
2026-06-23T13:22:10.371119,511626,292
2026-06-23T13:22:10.371209,511627,288
2026-06-23T13:22:10.371285,511628,287
2026-06-23T13:22:10.380853,511629,282
2026-06-23T13:22:10.380947,511630,280
2026-06-23T13:22:10.381026,511631,276
2026-06-23T13:22:10.381104,511632,272
2026-06-23T13:22:10.381182,511633,277
2026-06-23T13:22:10.381259,511634,276
2026-06-23T13:22:10.381335,511635,275
2026-06-23T13:22:10.381412,511636,279
2026-06-23T13:22:10.381504,511637,279
2026-06-23T13:22:10.381630,511638,276
2026-06-23T13:22:10.391305,511639,274
2026-06-23T13:22:10.391404,511640,278
2026-06-23T13:22:10.391482,511641,282
2026-06-23T13:22:10.391559,511642,282
2026-06-23T13:22:10.391636,511644,283
2026-06-23T13:22:10.391713,511645,279
2026-06-23T13:22:10.391789,511646,278
2026-06-23T13:22:10.391865,511647,277
2026-06-23T13:22:10.391941,511648,277
2026-06-23T13:22:10.392017,511649,273
2026-06-23T13:22:10.401821,511650,268
2026-06-23T13:22:10.401939,511651,269
2026-06-23T13:22:10.402021,511652,272
2026-06-23T13:22:10.402100,511653,268
2026-06-23T13:22:10.402178,511654,271
2026-06-23T13:22:10.402255,511655,281
2026-06-23T13:22:10.402343,511656,287
2026-06-23T13:22:10.402419,511657,291
2026-06-23T13:22:10.402495,511658,289
2026-06-23T13:22:10.402571,511659,299
2026-06-23T13:22:10.412155,511660,305
2026-06-23T13:22:10.412254,511661,308
2026-06-23T13:22:10.412336,511662,311
2026-06-23T13:22:10.412415,511663,308
2026-06-23T13:22:10.412493,511664,312
2026-06-23T13:22:10.412584,511665,313
2026-06-23T13:22:10.412663,511666,314
2026-06-23T13:22:10.412740,511667,314
2026-06-23T13:22:10.412817,511669,308
2026-06-23T13:22:10.412894,511670,305
2026-06-23T13:22:10.422658,511671,308
2026-06-23T13:22:10.422765,511672,317
2026-06-23T13:22:10.422845,511673,323
2026-06-23T13:22:10.422926,511674,322
2026-06-23T13:22:10.423004,511675,321
2026-06-23T13:22:10.423080,511676,318
2026-06-23T13:22:10.423155,511677,312
2026-06-23T13:22:10.423237,511678,309
2026-06-23T13:22:10.423314,511679,305
2026-06-23T13:22:10.423392,511680,306
2026-06-23T13:22:10.433071,511681,303
2026-06-23T13:22:10.433173,511682,303
2026-06-23T13:22:10.433251,511683,305
2026-06-23T13:22:10.433338,511684,305
2026-06-23T13:22:10.433415,511685,301
2026-06-23T13:22:10.433491,511686,296
2026-06-23T13:22:10.433567,511687,300
2026-06-23T13:22:10.433643,511688,302
2026-06-23T13:22:10.433719,511689,298
2026-06-23T13:22:10.433795,511690,296
2026-06-23T13:22:10.443553,511691,300
2026-06-23T13:22:10.443648,511693,300
2026-06-23T13:22:10.443727,511694,294
2026-06-23T13:22:10.443804,511695,290
2026-06-23T13:22:10.443882,511696,292
2026-06-23T13:22:10.443959,511697,290
2026-06-23T13:22:10.444038,511698,289
2026-06-23T13:22:10.444114,511699,287
2026-06-23T13:22:10.444190,511700,284
2026-06-23T13:22:10.444308,511701,279
2026-06-23T13:22:10.454013,511702,277
2026-06-23T13:22:10.454118,511703,275
2026-06-23T13:22:10.454197,511704,276
2026-06-23T13:22:10.454273,511705,271
2026-06-23T13:22:10.454351,511706,271
2026-06-23T13:22:10.454427,511707,276
2026-06-23T13:22:10.454504,511708,274
2026-06-23T13:22:10.454596,511709,273
2026-06-23T13:22:10.454673,511710,276
2026-06-23T13:22:10.454749,511711,280
2026-06-23T13:22:10.464357,511712,281
2026-06-23T13:22:10.464455,511713,276
2026-06-23T13:22:10.464534,511714,271
2026-06-23T13:22:10.464610,511715,266
2026-06-23T13:22:10.464688,511716,263
2026-06-23T13:22:10.464783,511718,258
2026-06-23T13:22:10.464878,511719,254
2026-06-23T13:22:10.464956,511720,249
2026-06-23T13:22:10.465032,511721,246
2026-06-23T13:22:10.465108,511722,251
2026-06-23T13:22:10.474858,511723,261
2026-06-23T13:22:10.474945,511724,264
2026-06-23T13:22:10.475022,511725,260
2026-06-23T13:22:10.475098,511726,264
2026-06-23T13:22:10.475174,511727,271
2026-06-23T13:22:10.475250,511728,276
2026-06-23T13:22:10.475326,511729,280
2026-06-23T13:22:10.475401,511730,279
2026-06-23T13:22:10.475477,511731,275
2026-06-23T13:22:10.475553,511732,274
2026-06-23T13:22:10.485287,511733,271
2026-06-23T13:22:10.485392,511734,273
2026-06-23T13:22:10.485473,511735,275
2026-06-23T13:22:10.485551,511736,277
2026-06-23T13:22:10.485628,511737,278
2026-06-23T13:22:10.485704,511738,278
2026-06-23T13:22:10.485780,511739,274
2026-06-23T13:22:10.485856,511740,270
2026-06-23T13:22:10.485932,511741,269
2026-06-23T13:22:10.486008,511743,273
2026-06-23T13:22:10.495694,511744,277
2026-06-23T13:22:10.495792,511745,279
2026-06-23T13:22:10.495871,511746,278
2026-06-23T13:22:10.495952,511747,275
2026-06-23T13:22:10.496032,511748,270
2026-06-23T13:22:10.496108,511749,269
2026-06-23T13:22:10.496190,511750,267
2026-06-23T13:22:10.496266,511751,265
2026-06-23T13:22:10.496342,511752,265
2026-06-23T13:22:10.496423,511753,265
2026-06-23T13:22:10.506183,511754,261
2026-06-23T13:22:10.506281,511755,261
2026-06-23T13:22:10.506362,511756,264
2026-06-23T13:22:10.506438,511757,266
2026-06-23T13:22:10.506560,511758,263
2026-06-23T13:22:10.506682,511759,259
2026-06-23T13:22:10.506788,511760,260
2026-06-23T13:22:10.506872,511761,273
2026-06-23T13:22:10.506952,511762,288
2026-06-23T13:22:10.507031,511763,308
2026-06-23T13:22:10.516625,511764,331
2026-06-23T13:22:10.516726,511765,330
2026-06-23T13:22:10.516804,511766,332
2026-06-23T13:22:10.516881,511768,337
2026-06-23T13:22:10.516966,511769,362
2026-06-23T13:22:10.517043,511770,379
2026-06-23T13:22:10.517119,511771,382
2026-06-23T13:22:10.517195,511772,381
2026-06-23T13:22:10.517271,511773,378
2026-06-23T13:22:10.517346,511774,374
2026-06-23T13:22:10.527006,511775,367
2026-06-23T13:22:10.527101,511776,361
2026-06-23T13:22:10.527179,511777,355
2026-06-23T13:22:10.527255,511778,355
2026-06-23T13:22:10.527331,511779,365
2026-06-23T13:22:10.527407,511780,377
2026-06-23T13:22:10.527482,511781,387
2026-06-23T13:22:10.527559,511782,383
2026-06-23T13:22:10.527634,511783,384
2026-06-23T13:22:10.527710,511784,384
2026-06-23T13:22:10.537524,511785,381
2026-06-23T13:22:10.537623,511786,378
2026-06-23T13:22:10.537702,511787,377
2026-06-23T13:22:10.537782,511788,374
2026-06-23T13:22:10.537876,511789,366
2026-06-23T13:22:10.537953,511790,361
2026-06-23T13:22:10.538029,511792,361
2026-06-23T13:22:10.538114,511793,359
2026-06-23T13:22:10.538222,511794,352
2026-06-23T13:22:10.538299,511795,347
2026-06-23T13:22:10.547919,511796,343
2026-06-23T13:22:10.548031,511797,338
2026-06-23T13:22:10.548116,511798,337
2026-06-23T13:22:10.548207,511799,334
2026-06-23T13:22:10.548286,511800,333
2026-06-23T13:22:10.548365,511801,330
2026-06-23T13:22:10.548442,511802,325
2026-06-23T13:22:10.548520,511803,323
2026-06-23T13:22:10.548598,511804,319
2026-06-23T13:22:10.548675,511805,315
2026-06-23T13:22:10.558365,511806,319
2026-06-23T13:22:10.558465,511807,317
2026-06-23T13:22:10.558544,511808,315
2026-06-23T13:22:10.558620,511809,314
2026-06-23T13:22:10.558696,511810,310
2026-06-23T13:22:10.558773,511811,306
2026-06-23T13:22:10.558849,511812,309
2026-06-23T13:22:10.558925,511813,319
2026-06-23T13:22:10.559002,511814,332
2026-06-23T13:22:10.559078,511815,332
2026-06-23T13:22:10.568888,511817,336
2026-06-23T13:22:10.568998,511818,332
2026-06-23T13:22:10.569076,511819,325
2026-06-23T13:22:10.569153,511820,319
2026-06-23T13:22:10.569256,511821,313
2026-06-23T13:22:10.569332,511822,310
2026-06-23T13:22:10.569418,511823,306
2026-06-23T13:22:10.569497,511824,304
2026-06-23T13:22:10.569573,511825,301
2026-06-23T13:22:10.569649,511826,295
2026-06-23T13:22:10.579219,511827,290
2026-06-23T13:22:10.579309,511828,290
2026-06-23T13:22:10.579388,511829,301
2026-06-23T13:22:10.579468,511830,303
2026-06-23T13:22:10.579544,511831,305
2026-06-23T13:22:10.579619,511832,305
2026-06-23T13:22:10.579695,511833,306
2026-06-23T13:22:10.579771,511834,307
2026-06-23T13:22:10.579847,511835,302
2026-06-23T13:22:10.579922,511836,296
2026-06-23T13:22:10.589753,511837,290
2026-06-23T13:22:10.589850,511838,287
2026-06-23T13:22:10.589928,511839,284
2026-06-23T13:22:10.590006,511840,282
2026-06-23T13:22:10.590084,511842,278
2026-06-23T13:22:10.590161,511843,286
2026-06-23T13:22:10.590276,511844,295
2026-06-23T13:22:10.590364,511845,293
2026-06-23T13:22:10.590444,511846,299
2026-06-23T13:22:10.590565,511847,307
2026-06-23T13:22:10.600135,511848,306
2026-06-23T13:22:10.600235,511849,311
2026-06-23T13:22:10.600313,511850,307
2026-06-23T13:22:10.600390,511851,306
2026-06-23T13:22:10.600467,511852,312
2026-06-23T13:22:10.600546,511853,315
2026-06-23T13:22:10.600631,511854,313
2026-06-23T13:22:10.600708,511855,308
2026-06-23T13:22:10.600790,511856,306
2026-06-23T13:22:10.600865,511857,307
2026-06-23T13:22:10.610586,511858,303
2026-06-23T13:22:10.610678,511859,298
2026-06-23T13:22:10.610760,511860,294
2026-06-23T13:22:10.610838,511861,293
2026-06-23T13:22:10.610934,511862,286
2026-06-23T13:22:10.611012,511863,284
2026-06-23T13:22:10.611088,511864,284
2026-06-23T13:22:10.611164,511865,282
2026-06-23T13:22:10.611240,511867,279
2026-06-23T13:22:10.611316,511868,283
2026-06-23T13:22:10.621034,511869,288
2026-06-23T13:22:10.621137,511870,287
2026-06-23T13:22:10.621216,511871,284
2026-06-23T13:22:10.621293,511872,281
2026-06-23T13:22:10.621371,511873,277
2026-06-23T13:22:10.621447,511874,272
2026-06-23T13:22:10.621525,511875,272
2026-06-23T13:22:10.621601,511876,274
2026-06-23T13:22:10.621676,511877,274
2026-06-23T13:22:10.621752,511878,272
2026-06-23T13:22:10.631465,511879,270
2026-06-23T13:22:10.631559,511880,270
2026-06-23T13:22:10.631638,511881,270
2026-06-23T13:22:10.631716,511882,277
2026-06-23T13:22:10.631792,511883,287
2026-06-23T13:22:10.631868,511884,296
2026-06-23T13:22:10.631945,511885,305
2026-06-23T13:22:10.632020,511886,307
2026-06-23T13:22:10.632096,511887,313
2026-06-23T13:22:10.632171,511888,315
2026-06-23T13:22:10.641924,511889,315
2026-06-23T13:22:10.642015,511891,312
2026-06-23T13:22:10.642093,511892,317
2026-06-23T13:22:10.642169,511893,323
2026-06-23T13:22:10.642245,511894,333
2026-06-23T13:22:10.642322,511895,336
2026-06-23T13:22:10.642400,511896,363
2026-06-23T13:22:10.642477,511897,374
2026-06-23T13:22:10.642554,511898,370
2026-06-23T13:22:10.642630,511899,364
2026-06-23T13:22:10.652471,511900,361
2026-06-23T13:22:10.652579,511901,355
2026-06-23T13:22:10.652659,511902,352
2026-06-23T13:22:10.652736,511903,349
2026-06-23T13:22:10.652813,511904,346
2026-06-23T13:22:10.652889,511905,342
2026-06-23T13:22:10.652965,511906,339
2026-06-23T13:22:10.653040,511907,334
2026-06-23T13:22:10.653116,511908,328
2026-06-23T13:22:10.653191,511909,321
2026-06-23T13:22:10.662806,511910,316
2026-06-23T13:22:10.662896,511911,310
2026-06-23T13:22:10.662974,511912,305
2026-06-23T13:22:10.663051,511913,303
2026-06-23T13:22:10.663127,511914,303
2026-06-23T13:22:10.663203,511916,309
2026-06-23T13:22:10.663278,511917,316
2026-06-23T13:22:10.663354,511918,314
2026-06-23T13:22:10.663429,511919,311
2026-06-23T13:22:10.663505,511920,312
2026-06-23T13:22:10.673268,511921,309
2026-06-23T13:22:10.673405,511922,312
2026-06-23T13:22:10.673519,511923,313
2026-06-23T13:22:10.673606,511924,309
2026-06-23T13:22:10.673726,511925,312
2026-06-23T13:22:10.673826,511926,319
2026-06-23T13:22:10.673909,511927,320
2026-06-23T13:22:10.673991,511928,318
2026-06-23T13:22:10.674069,511929,312
2026-06-23T13:22:10.674148,511930,308
2026-06-23T13:22:10.683678,511931,308
2026-06-23T13:22:10.683797,511932,304
2026-06-23T13:22:10.683882,511933,301
2026-06-23T13:22:10.683959,511934,299
2026-06-23T13:22:10.684039,511935,295
2026-06-23T13:22:10.684116,511936,291
2026-06-23T13:22:10.684198,511937,291
2026-06-23T13:22:10.684274,511938,289
2026-06-23T13:22:10.684349,511939,283
2026-06-23T13:22:10.684425,511941,288
2026-06-23T13:22:10.694206,511942,294
2026-06-23T13:22:10.694295,511943,295
2026-06-23T13:22:10.694372,511944,292
2026-06-23T13:22:10.694449,511945,288
2026-06-23T13:22:10.694524,511946,288
2026-06-23T13:22:10.694599,511947,288
2026-06-23T13:22:10.694696,511948,285
2026-06-23T13:22:10.694773,511949,281
2026-06-23T13:22:10.694849,511950,284
2026-06-23T13:22:10.694924,511951,285
2026-06-23T13:22:10.704614,511952,283
2026-06-23T13:22:10.704738,511953,278
2026-06-23T13:22:10.704822,511954,273
2026-06-23T13:22:10.704900,511955,268
2026-06-23T13:22:10.704978,511956,265
2026-06-23T13:22:10.705057,511957,260
2026-06-23T13:22:10.705135,511958,256
2026-06-23T13:22:10.705212,511959,253
2026-06-23T13:22:10.705289,511960,250
2026-06-23T13:22:10.705366,511961,248
2026-06-23T13:22:10.714912,511962,249
2026-06-23T13:22:10.715011,511963,257
2026-06-23T13:22:10.715094,511964,272
2026-06-23T13:22:10.715174,511966,286
2026-06-23T13:22:10.715254,511967,296
2026-06-23T13:22:10.715334,511968,295
2026-06-23T13:22:10.715414,511969,296
2026-06-23T13:22:10.715493,511970,303
2026-06-23T13:22:10.715571,511971,314
2026-06-23T13:22:10.715650,511972,320
2026-06-23T13:22:10.725453,511973,318
2026-06-23T13:22:10.725568,511974,314
2026-06-23T13:22:10.725648,511975,312
2026-06-23T13:22:10.725725,511976,308
2026-06-23T13:22:10.725803,511977,303
2026-06-23T13:22:10.725880,511978,298
2026-06-23T13:22:10.725956,511979,292
2026-06-23T13:22:10.726032,511980,288
2026-06-23T13:22:10.726109,511981,289
2026-06-23T13:22:10.726184,511982,293
2026-06-23T13:22:10.735903,511983,290
2026-06-23T13:22:10.736135,511984,294
2026-06-23T13:22:10.736216,511985,294
2026-06-23T13:22:10.736286,511986,296
2026-06-23T13:22:10.736355,511987,292
2026-06-23T13:22:10.736422,511988,294
2026-06-23T13:22:10.736489,511990,300
2026-06-23T13:22:10.736555,511991,307
2026-06-23T13:22:10.736620,511992,316
2026-06-23T13:22:10.736686,511993,319
2026-06-23T13:22:10.746349,511994,315
2026-06-23T13:22:10.746459,511995,314
2026-06-23T13:22:10.746516,511996,312
2026-06-23T13:22:10.746573,511997,312
2026-06-23T13:22:10.746627,511998,312
2026-06-23T13:22:10.746681,511999,311
2026-06-23T13:22:10.746735,512000,306
2026-06-23T13:22:10.746789,512001,305
2026-06-23T13:22:10.746842,512002,302
2026-06-23T13:22:10.746895,512003,300
2026-06-23T13:22:10.756726,512004,296
2026-06-23T13:22:10.756827,512005,293
2026-06-23T13:22:10.756881,512006,289
2026-06-23T13:22:10.756931,512007,287
2026-06-23T13:22:10.756980,512008,283
2026-06-23T13:22:10.757028,512009,280
2026-06-23T13:22:10.757076,512010,282
2026-06-23T13:22:10.757124,512011,286
2026-06-23T13:22:10.757172,512012,287
2026-06-23T13:22:10.757220,512013,284
2026-06-23T13:22:10.767133,512015,278
2026-06-23T13:22:10.767236,512016,276
2026-06-23T13:22:10.767287,512017,272
2026-06-23T13:22:10.767331,512018,267
2026-06-23T13:22:10.767375,512019,265
2026-06-23T13:22:10.767418,512020,264
2026-06-23T13:22:10.767462,512021,260
2026-06-23T13:22:10.767506,512022,256
2026-06-23T13:22:10.767548,512023,252
2026-06-23T13:22:10.767590,512024,249
2026-06-23T13:22:10.777553,512025,249
2026-06-23T13:22:10.777623,512026,249
2026-06-23T13:22:10.777661,512027,247
2026-06-23T13:22:10.777697,512028,242
2026-06-23T13:22:10.777804,512029,239
2026-06-23T13:22:10.777850,512030,234
2026-06-23T13:22:10.777935,512031,230
2026-06-23T13:22:10.777983,512032,231
2026-06-23T13:22:10.778021,512033,238
2026-06-23T13:22:10.778057,512034,245
2026-06-23T13:22:10.790221,512035,246
2026-06-23T13:22:10.792065,512036,247
2026-06-23T13:22:10.792667,512037,245
2026-06-23T13:22:10.793852,512038,249
2026-06-23T13:22:10.793914,512040,250
2026-06-23T13:22:10.793951,512041,247
2026-06-23T13:22:10.794008,512042,248
2026-06-23T13:22:10.794053,512043,254
2026-06-23T13:22:10.794089,512044,255
2026-06-23T13:22:10.794123,512045,254
2026-06-23T13:22:10.798464,512046,251
2026-06-23T13:22:10.798540,512047,248
2026-06-23T13:22:10.798575,512048,247
2026-06-23T13:22:10.798607,512049,251
2026-06-23T13:22:10.798638,512050,271
2026-06-23T13:22:10.798669,512051,276
2026-06-23T13:22:10.798699,512052,273
2026-06-23T13:22:10.798730,512053,271
2026-06-23T13:22:10.798760,512054,267
2026-06-23T13:22:10.798791,512055,263
2026-06-23T13:22:10.808957,512056,259
2026-06-23T13:22:10.809129,512057,255
2026-06-23T13:22:10.809216,512058,254
2026-06-23T13:22:10.809298,512059,256
2026-06-23T13:22:10.809379,512060,258
2026-06-23T13:22:10.809459,512061,255
2026-06-23T13:22:10.809540,512062,260
2026-06-23T13:22:10.809623,512064,269
2026-06-23T13:22:10.809704,512065,275
2026-06-23T13:22:10.809784,512066,272
2026-06-23T13:22:10.819338,512067,272
2026-06-23T13:22:10.819421,512068,268
2026-06-23T13:22:10.819453,512069,265
2026-06-23T13:22:10.819482,512070,260
2026-06-23T13:22:10.819510,512071,257
2026-06-23T13:22:10.819537,512072,262
2026-06-23T13:22:10.819563,512073,263
2026-06-23T13:22:10.819590,512074,261
2026-06-23T13:22:10.819617,512075,259
2026-06-23T13:22:10.819644,512076,258
2026-06-23T13:22:10.829764,512077,255
2026-06-23T13:22:10.829957,512078,253
2026-06-23T13:22:10.830042,512079,252
2026-06-23T13:22:10.830121,512080,248
2026-06-23T13:22:10.830203,512081,246
2026-06-23T13:22:10.830286,512082,246
2026-06-23T13:22:10.830364,512083,249
2026-06-23T13:22:10.830442,512084,250
2026-06-23T13:22:10.830598,512085,248
2026-06-23T13:22:10.830724,512086,246
2026-06-23T13:22:10.840198,512087,243
2026-06-23T13:22:10.840264,512089,239
2026-06-23T13:22:10.840322,512090,235
2026-06-23T13:22:10.840364,512091,233
2026-06-23T13:22:10.840397,512092,231
2026-06-23T13:22:10.840428,512093,233
2026-06-23T13:22:10.840459,512094,231
2026-06-23T13:22:10.840490,512095,230
2026-06-23T13:22:10.840520,512096,232
2026-06-23T13:22:10.840553,512097,234
2026-06-23T13:22:10.850716,512098,237
2026-06-23T13:22:10.850792,512099,236
2026-06-23T13:22:10.850828,512100,234
2026-06-23T13:22:10.850862,512101,238
2026-06-23T13:22:10.850891,512102,243
2026-06-23T13:22:10.850921,512103,242
2026-06-23T13:22:10.850950,512104,238
2026-06-23T13:22:10.850980,512105,236
2026-06-23T13:22:10.851009,512106,241
2026-06-23T13:22:10.851038,512107,249
2026-06-23T13:22:10.861201,512108,254
2026-06-23T13:22:10.861395,512109,255
2026-06-23T13:22:10.861497,512110,251
2026-06-23T13:22:10.861609,512111,251
2026-06-23T13:22:10.861701,512112,249
2026-06-23T13:22:10.861783,512114,244
2026-06-23T13:22:10.861863,512115,240
2026-06-23T13:22:10.861942,512116,236
2026-06-23T13:22:10.862021,512117,232
2026-06-23T13:22:10.862099,512118,235
2026-06-23T13:22:10.871545,512119,232
2026-06-23T13:22:10.871620,512120,231
2026-06-23T13:22:10.871658,512121,232
2026-06-23T13:22:10.871697,512122,236
2026-06-23T13:22:10.871732,512123,239
2026-06-23T13:22:10.871766,512124,249
2026-06-23T13:22:10.871800,512125,250
2026-06-23T13:22:10.871834,512126,248
2026-06-23T13:22:10.871868,512127,247
2026-06-23T13:22:10.871902,512128,245
2026-06-23T13:22:10.882012,512129,243
2026-06-23T13:22:10.882158,512130,239
2026-06-23T13:22:10.882264,512131,237
2026-06-23T13:22:10.882364,512132,230
2026-06-23T13:22:10.882464,512133,229
2026-06-23T13:22:10.882563,512134,225
2026-06-23T13:22:10.882661,512135,222
2026-06-23T13:22:10.882760,512136,219
2026-06-23T13:22:10.882857,512137,215
2026-06-23T13:22:10.882954,512139,218
2026-06-23T13:22:10.892477,512140,217
2026-06-23T13:22:10.892541,512141,228
2026-06-23T13:22:10.892582,512142,229
2026-06-23T13:22:10.892621,512143,229
2026-06-23T13:22:10.892659,512144,230
2026-06-23T13:22:10.892697,512145,231
2026-06-23T13:22:10.892734,512146,233
2026-06-23T13:22:10.892772,512147,232
2026-06-23T13:22:10.892809,512148,233
2026-06-23T13:22:10.892846,512149,229
2026-06-23T13:22:10.902880,512150,227
2026-06-23T13:22:10.902966,512151,226
2026-06-23T13:22:10.903011,512152,226
2026-06-23T13:22:10.903054,512153,220
2026-06-23T13:22:10.903096,512154,220
2026-06-23T13:22:10.903137,512155,222
2026-06-23T13:22:10.903179,512156,220
2026-06-23T13:22:10.903220,512157,218
2026-06-23T13:22:10.903261,512158,214
2026-06-23T13:22:10.903302,512159,209
2026-06-23T13:22:10.913438,512160,207
2026-06-23T13:22:10.913787,512161,204
2026-06-23T13:22:10.913897,512163,202
2026-06-23T13:22:10.913994,512164,200
2026-06-23T13:22:10.914090,512165,199
2026-06-23T13:22:10.914186,512166,199
2026-06-23T13:22:10.914281,512167,201
2026-06-23T13:22:10.914376,512168,201
2026-06-23T13:22:10.914470,512169,198
2026-06-23T13:22:10.914564,512170,194
2026-06-23T13:22:10.923843,512171,195
2026-06-23T13:22:10.924000,512172,193
2026-06-23T13:22:10.924108,512173,197
2026-06-23T13:22:10.924210,512174,195
2026-06-23T13:22:10.924310,512175,191
2026-06-23T13:22:10.924410,512176,189
2026-06-23T13:22:10.924476,512177,189
2026-06-23T13:22:10.924525,512178,186
2026-06-23T13:22:10.924574,512179,184
2026-06-23T13:22:10.924621,512180,182
2026-06-23T13:22:10.934293,512181,184
2026-06-23T13:22:10.934430,512182,193
2026-06-23T13:22:10.934531,512183,196
2026-06-23T13:22:10.934632,512184,194
2026-06-23T13:22:10.934733,512185,195
2026-06-23T13:22:10.934830,512186,193
2026-06-23T13:22:10.934928,512188,196
2026-06-23T13:22:10.935024,512189,200
2026-06-23T13:22:10.935104,512190,200
2026-06-23T13:22:10.935180,512191,200
2026-06-23T13:22:10.944714,512192,198
2026-06-23T13:22:10.944798,512193,195
2026-06-23T13:22:10.944856,512194,193
2026-06-23T13:22:10.944913,512195,196
2026-06-23T13:22:10.944969,512196,199
2026-06-23T13:22:10.945024,512197,206
2026-06-23T13:22:10.945079,512198,207
2026-06-23T13:22:10.945136,512199,204
2026-06-23T13:22:10.945191,512200,203
2026-06-23T13:22:10.945245,512201,204
2026-06-23T13:22:10.955158,512202,201
2026-06-23T13:22:10.955268,512203,198
2026-06-23T13:22:10.955349,512204,201
2026-06-23T13:22:10.955428,512205,201
2026-06-23T13:22:10.955506,512206,204
2026-06-23T13:22:10.955583,512207,208
2026-06-23T13:22:10.955660,512208,206
2026-06-23T13:22:10.955737,512209,203
2026-06-23T13:22:10.955813,512210,208
2026-06-23T13:22:10.955890,512211,206
2026-06-23T13:22:10.965528,512213,203
2026-06-23T13:22:10.965636,512214,200
2026-06-23T13:22:10.965716,512215,198
2026-06-23T13:22:10.965795,512216,197
2026-06-23T13:22:10.965871,512217,197
2026-06-23T13:22:10.965947,512218,197
2026-06-23T13:22:10.966024,512219,196
2026-06-23T13:22:10.966101,512220,194
2026-06-23T13:22:10.966177,512221,194
2026-06-23T13:22:10.966253,512222,193
2026-06-23T13:22:10.976010,512223,199
2026-06-23T13:22:10.976124,512224,205
2026-06-23T13:22:10.976206,512225,206
2026-06-23T13:22:10.976304,512226,204
2026-06-23T13:22:10.976384,512227,204
2026-06-23T13:22:10.976462,512228,201
2026-06-23T13:22:10.976540,512229,199
2026-06-23T13:22:10.976617,512230,204
2026-06-23T13:22:10.976694,512231,220
2026-06-23T13:22:10.976770,512232,227
2026-06-23T13:22:10.986565,512233,226
2026-06-23T13:22:10.986684,512234,224
2026-06-23T13:22:10.986770,512235,228
2026-06-23T13:22:10.986850,512236,229
2026-06-23T13:22:10.986928,512238,229
2026-06-23T13:22:10.987007,512239,228
2026-06-23T13:22:10.987084,512240,225
2026-06-23T13:22:10.987161,512241,222
2026-06-23T13:22:10.987237,512242,220
2026-06-23T13:22:10.987314,512243,216
2026-06-23T13:22:10.996887,512244,213
2026-06-23T13:22:10.997006,512245,210
2026-06-23T13:22:10.997108,512246,207
2026-06-23T13:22:10.997207,512247,207
2026-06-23T13:22:10.997305,512248,206
2026-06-23T13:22:10.997403,512249,203
2026-06-23T13:22:10.997500,512250,203
2026-06-23T13:22:10.997598,512251,203
2026-06-23T13:22:10.997696,512252,200
2026-06-23T13:22:10.997887,512253,197
2026-06-23T13:22:11.007357,512254,198
2026-06-23T13:22:11.007459,512255,201
2026-06-23T13:22:11.007537,512256,203
2026-06-23T13:22:11.007614,512257,214
2026-06-23T13:22:11.007691,512258,230
2026-06-23T13:22:11.007768,512259,243
2026-06-23T13:22:11.007846,512260,249
2026-06-23T13:22:11.007922,512262,249
2026-06-23T13:22:11.008001,512263,250
2026-06-23T13:22:11.008077,512264,248
2026-06-23T13:22:11.017781,512265,247
2026-06-23T13:22:11.017882,512266,249
2026-06-23T13:22:11.017961,512267,259
2026-06-23T13:22:11.018038,512268,275
2026-06-23T13:22:11.018115,512269,289
2026-06-23T13:22:11.018192,512270,299
2026-06-23T13:22:11.018268,512271,296
2026-06-23T13:22:11.018344,512272,291
2026-06-23T13:22:11.018420,512273,292
2026-06-23T13:22:11.018498,512274,293
2026-06-23T13:22:11.028234,512275,290
2026-06-23T13:22:11.028323,512276,285
2026-06-23T13:22:11.028401,512277,282
2026-06-23T13:22:11.028480,512278,283
2026-06-23T13:22:11.028557,512279,282
2026-06-23T13:22:11.028634,512280,280
2026-06-23T13:22:11.028710,512281,276
2026-06-23T13:22:11.028787,512282,270
2026-06-23T13:22:11.028863,512283,265
2026-06-23T13:22:11.028943,512284,261
2026-06-23T13:22:11.038693,512285,258
2026-06-23T13:22:11.038795,512287,254
2026-06-23T13:22:11.038872,512288,250
2026-06-23T13:22:11.038949,512289,248
2026-06-23T13:22:11.039025,512290,244
2026-06-23T13:22:11.039102,512291,242
2026-06-23T13:22:11.039179,512292,238
2026-06-23T13:22:11.039255,512293,235
2026-06-23T13:22:11.039331,512294,232
2026-06-23T13:22:11.039407,512295,241
2026-06-23T13:22:11.049097,512296,249
2026-06-23T13:22:11.049198,512297,245
2026-06-23T13:22:11.049279,512298,244
2026-06-23T13:22:11.049355,512299,242
2026-06-23T13:22:11.049431,512300,240
2026-06-23T13:22:11.049507,512301,241
2026-06-23T13:22:11.049582,512302,240
2026-06-23T13:22:11.049658,512303,248
2026-06-23T13:22:11.049734,512304,251
2026-06-23T13:22:11.049811,512305,253
2026-06-23T13:22:11.059574,512306,259
2026-06-23T13:22:11.059668,512307,260
2026-06-23T13:22:11.059747,512308,259
2026-06-23T13:22:11.059825,512309,256
2026-06-23T13:22:11.059901,512310,253
2026-06-23T13:22:11.059978,512312,255
2026-06-23T13:22:11.060059,512313,257
2026-06-23T13:22:11.060136,512314,257
2026-06-23T13:22:11.060214,512315,255
2026-06-23T13:22:11.060290,512316,255
2026-06-23T13:22:11.070031,512317,258
2026-06-23T13:22:11.070134,512318,259
2026-06-23T13:22:11.070215,512319,257
2026-06-23T13:22:11.070293,512320,252
2026-06-23T13:22:11.070370,512321,256
2026-06-23T13:22:11.070446,512322,253
2026-06-23T13:22:11.070522,512323,254
2026-06-23T13:22:11.070615,512324,254
2026-06-23T13:22:11.070691,512325,251
2026-06-23T13:22:11.070766,512326,246
2026-06-23T13:22:11.080510,512327,243
2026-06-23T13:22:11.080607,512328,245
2026-06-23T13:22:11.080684,512329,243
2026-06-23T13:22:11.080761,512330,240
2026-06-23T13:22:11.080837,512331,237
2026-06-23T13:22:11.080913,512332,232
2026-06-23T13:22:11.080990,512333,231
2026-06-23T13:22:11.081066,512334,228
2026-06-23T13:22:11.081142,512335,226
2026-06-23T13:22:11.081228,512337,222
2026-06-23T13:22:11.090900,512338,219
2026-06-23T13:22:11.090995,512339,215
2026-06-23T13:22:11.091072,512340,211
2026-06-23T13:22:11.091149,512341,208
2026-06-23T13:22:11.091227,512342,207
2026-06-23T13:22:11.091304,512343,206
2026-06-23T13:22:11.091380,512344,203
2026-06-23T13:22:11.091456,512345,199
2026-06-23T13:22:11.091532,512346,196
2026-06-23T13:22:11.091608,512347,194
2026-06-23T13:22:11.101416,512348,191
2026-06-23T13:22:11.101522,512349,188
2026-06-23T13:22:11.101599,512350,186
2026-06-23T13:22:11.101676,512351,189
2026-06-23T13:22:11.101763,512352,186
2026-06-23T13:22:11.101838,512353,187
2026-06-23T13:22:11.101914,512354,185
2026-06-23T13:22:11.101990,512355,181
2026-06-23T13:22:11.102065,512356,178
2026-06-23T13:22:11.102140,512357,175
2026-06-23T13:22:11.111749,512358,172
2026-06-23T13:22:11.111862,512359,170
2026-06-23T13:22:11.111961,512361,166
2026-06-23T13:22:11.112059,512362,164
2026-06-23T13:22:11.112158,512363,162
2026-06-23T13:22:11.112256,512364,159
2026-06-23T13:22:11.112357,512365,158
2026-06-23T13:22:11.112454,512366,158
2026-06-23T13:22:11.112551,512367,162
2026-06-23T13:22:11.112649,512368,168
2026-06-23T13:22:11.122220,512369,170
2026-06-23T13:22:11.122319,512370,169
2026-06-23T13:22:11.122397,512371,176
2026-06-23T13:22:11.122473,512372,183
2026-06-23T13:22:11.122550,512373,187
2026-06-23T13:22:11.122625,512374,186
2026-06-23T13:22:11.122701,512375,184
2026-06-23T13:22:11.122778,512376,181
2026-06-23T13:22:11.122853,512377,178
2026-06-23T13:22:11.122928,512378,177
2026-06-23T13:22:11.132598,512379,179
2026-06-23T13:22:11.132695,512380,189
2026-06-23T13:22:11.132775,512381,201
2026-06-23T13:22:11.132851,512382,211
2026-06-23T13:22:11.132927,512383,219
2026-06-23T13:22:11.133003,512384,219
2026-06-23T13:22:11.133080,512386,227
2026-06-23T13:22:11.133156,512387,249
2026-06-23T13:22:11.133232,512388,259
2026-06-23T13:22:11.133308,512389,259
2026-06-23T13:22:11.143119,512390,257
2026-06-23T13:22:11.143233,512391,256
2026-06-23T13:22:11.143331,512392,257
2026-06-23T13:22:11.143446,512393,258
2026-06-23T13:22:11.143561,512394,255
2026-06-23T13:22:11.143660,512395,251
2026-06-23T13:22:11.143757,512396,251
2026-06-23T13:22:11.143855,512397,255
2026-06-23T13:22:11.143952,512398,263
2026-06-23T13:22:11.144061,512399,266
2026-06-23T13:22:11.153583,512400,273
2026-06-23T13:22:11.153690,512401,270
2026-06-23T13:22:11.153771,512402,264
2026-06-23T13:22:11.153847,512403,261
2026-06-23T13:22:11.153924,512404,257
2026-06-23T13:22:11.154001,512405,260
2026-06-23T13:22:11.154077,512406,262
2026-06-23T13:22:11.154153,512407,258
2026-06-23T13:22:11.154232,512408,255
2026-06-23T13:22:11.154309,512409,250
2026-06-23T13:22:11.163993,512411,247
2026-06-23T13:22:11.164109,512412,246
2026-06-23T13:22:11.164201,512413,243
2026-06-23T13:22:11.164278,512414,239
2026-06-23T13:22:11.164355,512415,238
2026-06-23T13:22:11.164431,512416,236
2026-06-23T13:22:11.164507,512417,233
2026-06-23T13:22:11.164582,512418,230
2026-06-23T13:22:11.164657,512419,225
2026-06-23T13:22:11.164733,512420,223
2026-06-23T13:22:11.174437,512421,221
2026-06-23T13:22:11.174533,512422,217
2026-06-23T13:22:11.174611,512423,213
2026-06-23T13:22:11.174688,512424,209
2026-06-23T13:22:11.174764,512425,205
2026-06-23T13:22:11.174840,512426,201
2026-06-23T13:22:11.174920,512427,200
2026-06-23T13:22:11.174997,512428,200
2026-06-23T13:22:11.175074,512429,198
2026-06-23T13:22:11.175149,512430,195
2026-06-23T13:22:11.184921,512431,192
2026-06-23T13:22:11.185024,512432,189
2026-06-23T13:22:11.185102,512433,186
2026-06-23T13:22:11.185179,512434,182
2026-06-23T13:22:11.185256,512436,178
2026-06-23T13:22:11.185332,512437,176
2026-06-23T13:22:11.185408,512438,173
2026-06-23T13:22:11.185483,512439,172
2026-06-23T13:22:11.185559,512440,170
2026-06-23T13:22:11.185634,512441,167
2026-06-23T13:22:11.195255,512442,163
2026-06-23T13:22:11.195401,512443,158
2026-06-23T13:22:11.195487,512444,159
2026-06-23T13:22:11.195568,512445,157
2026-06-23T13:22:11.195644,512446,154
2026-06-23T13:22:11.195720,512447,153
2026-06-23T13:22:11.195797,512448,153
2026-06-23T13:22:11.195874,512449,151
2026-06-23T13:22:11.195952,512450,149
2026-06-23T13:22:11.196027,512451,147
2026-06-23T13:22:11.205771,512452,144
2026-06-23T13:22:11.205875,512453,142
2026-06-23T13:22:11.205954,512454,140
2026-06-23T13:22:11.206031,512455,138
2026-06-23T13:22:11.206109,512456,136
2026-06-23T13:22:11.206187,512457,134
2026-06-23T13:22:11.206264,512458,132
2026-06-23T13:22:11.206341,512460,130
2026-06-23T13:22:11.206417,512461,128
2026-06-23T13:22:11.206494,512462,127
2026-06-23T13:22:11.216182,512463,124
2026-06-23T13:22:11.216286,512464,123
2026-06-23T13:22:11.216365,512465,122
2026-06-23T13:22:11.216443,512466,123
2026-06-23T13:22:11.216523,512467,123
2026-06-23T13:22:11.216602,512468,122
2026-06-23T13:22:11.216678,512469,122
2026-06-23T13:22:11.216755,512470,123
2026-06-23T13:22:11.216831,512471,120
2026-06-23T13:22:11.216908,512472,131
2026-06-23T13:22:11.226584,512473,145
2026-06-23T13:22:11.226681,512474,146
2026-06-23T13:22:11.226759,512475,147
2026-06-23T13:22:11.226837,512476,155
2026-06-23T13:22:11.226914,512477,163
2026-06-23T13:22:11.226990,512478,168
2026-06-23T13:22:11.227065,512479,170
2026-06-23T13:22:11.227141,512480,169
2026-06-23T13:22:11.227218,512481,167
2026-06-23T13:22:11.227295,512482,166
2026-06-23T13:22:11.237044,512483,165
2026-06-23T13:22:11.237147,512485,164
2026-06-23T13:22:11.237225,512486,162
2026-06-23T13:22:11.237306,512487,160
2026-06-23T13:22:11.237383,512488,159
2026-06-23T13:22:11.237462,512489,157
2026-06-23T13:22:11.237540,512490,154
2026-06-23T13:22:11.237618,512491,152
2026-06-23T13:22:11.237697,512492,149
2026-06-23T13:22:11.237775,512493,148
2026-06-23T13:22:11.247444,512494,146
2026-06-23T13:22:11.247538,512495,143
2026-06-23T13:22:11.247618,512496,140
2026-06-23T13:22:11.247695,512497,138
2026-06-23T13:22:11.247772,512498,136
2026-06-23T13:22:11.247849,512499,134
2026-06-23T13:22:11.247925,512500,133
2026-06-23T13:22:11.248001,512501,132
2026-06-23T13:22:11.248077,512502,129
2026-06-23T13:22:11.248154,512503,127
2026-06-23T13:22:11.257943,512504,125
2026-06-23T13:22:11.258041,512505,124
2026-06-23T13:22:11.258119,512506,123
2026-06-23T13:22:11.258197,512507,122
2026-06-23T13:22:11.258274,512508,120
2026-06-23T13:22:11.258350,512510,119
2026-06-23T13:22:11.258426,512511,117
2026-06-23T13:22:11.258501,512512,116
2026-06-23T13:22:11.258577,512513,115
2026-06-23T13:22:11.258653,512514,114
2026-06-23T13:22:11.268373,512515,114
2026-06-23T13:22:11.268477,512516,113
2026-06-23T13:22:11.268556,512517,111
2026-06-23T13:22:11.268633,512518,109
2026-06-23T13:22:11.268710,512519,108
2026-06-23T13:22:11.268787,512520,106
2026-06-23T13:22:11.268863,512521,105
2026-06-23T13:22:11.268942,512522,103
2026-06-23T13:22:11.269020,512523,103
2026-06-23T13:22:11.269096,512524,104
2026-06-23T13:22:11.278769,512525,105
2026-06-23T13:22:11.278944,512526,107
2026-06-23T13:22:11.279034,512527,106
2026-06-23T13:22:11.279115,512528,104
2026-06-23T13:22:11.279196,512529,105
2026-06-23T13:22:11.279276,512530,107
2026-06-23T13:22:11.279354,512531,106
2026-06-23T13:22:11.279431,512532,105
2026-06-23T13:22:11.279508,512533,104
2026-06-23T13:22:11.279585,512535,103
2026-06-23T13:22:11.289288,512536,101
2026-06-23T13:22:11.289417,512537,100
2026-06-23T13:22:11.289502,512538,101
2026-06-23T13:22:11.289582,512539,102
2026-06-23T13:22:11.289662,512540,104
2026-06-23T13:22:11.289782,512541,103
2026-06-23T13:22:11.289885,512542,108
2026-06-23T13:22:11.289970,512543,111
2026-06-23T13:22:11.290051,512544,110
2026-06-23T13:22:11.290130,512545,110
2026-06-23T13:22:11.299668,512546,110
2026-06-23T13:22:11.299765,512547,109
2026-06-23T13:22:11.299844,512548,110
2026-06-23T13:22:11.299922,512549,109
2026-06-23T13:22:11.299999,512550,108
2026-06-23T13:22:11.300077,512551,106
2026-06-23T13:22:11.300154,512552,105
2026-06-23T13:22:11.300231,512553,102
2026-06-23T13:22:11.300310,512554,101
2026-06-23T13:22:11.300387,512555,100
2026-06-23T13:22:11.300459,512556,99
2026-06-23T13:22:11.310125,512557,98
2026-06-23T13:22:11.310209,512558,96
2026-06-23T13:22:11.310289,512559,95
2026-06-23T13:22:11.310362,512560,95
2026-06-23T13:22:11.310434,512561,94
2026-06-23T13:22:11.310506,512562,93
2026-06-23T13:22:11.310578,512563,92
2026-06-23T13:22:11.310649,512564,91
2026-06-23T13:22:11.310720,512565,91
2026-06-23T13:22:11.310791,512566,90
2026-06-23T13:22:11.320636,512567,89
2026-06-23T13:22:11.320735,512568,89
2026-06-23T13:22:11.320809,512569,89
2026-06-23T13:22:11.320882,512570,89
2026-06-23T13:22:11.320954,512571,89
2026-06-23T13:22:11.321025,512572,89
2026-06-23T13:22:11.321095,512573,88
2026-06-23T13:22:11.321168,512574,88
2026-06-23T13:22:11.321242,512575,89
2026-06-23T13:22:11.321314,512576,91
2026-06-23T13:22:11.321389,512576,95
2026-06-23T13:22:11.330980,512577,94
2026-06-23T13:22:11.331073,512578,95
2026-06-23T13:22:11.331151,512579,97
2026-06-23T13:22:11.331225,512580,98
2026-06-23T13:22:11.331296,512581,99
2026-06-23T13:22:11.331369,512582,98
2026-06-23T13:22:11.331443,512583,96
2026-06-23T13:22:11.331516,512584,95
2026-06-23T13:22:11.331590,512585,94
2026-06-23T13:22:11.331682,512586,93
2026-06-23T13:22:11.331756,512587,92
2026-06-23T13:22:11.341500,512588,91
2026-06-23T13:22:11.341586,512589,89
2026-06-23T13:22:11.341658,512590,89
2026-06-23T13:22:11.341729,512591,88
2026-06-23T13:22:11.341801,512592,87
2026-06-23T13:22:11.341872,512593,86
2026-06-23T13:22:11.341943,512594,85
2026-06-23T13:22:11.342014,512595,85
2026-06-23T13:22:11.342085,512596,86
2026-06-23T13:22:11.342159,512597,85
2026-06-23T13:22:11.342234,512598,84
2026-06-23T13:22:11.351950,512598,82
2026-06-23T13:22:11.352044,512599,82
2026-06-23T13:22:11.352117,512600,80
2026-06-23T13:22:11.352189,512601,80
2026-06-23T13:22:11.352260,512602,79
2026-06-23T13:22:11.352331,512603,78
2026-06-23T13:22:11.352402,512604,78
2026-06-23T13:22:11.352474,512605,78
2026-06-23T13:22:11.352545,512606,78
2026-06-23T13:22:11.352616,512607,77
2026-06-23T13:22:11.352688,512608,77
2026-06-23T13:22:11.362337,512609,76
2026-06-23T13:22:11.362423,512610,76
2026-06-23T13:22:11.362496,512611,76
2026-06-23T13:22:11.362569,512612,77
2026-06-23T13:22:11.362641,512613,78
2026-06-23T13:22:11.362712,512614,85
2026-06-23T13:22:11.362783,512615,93
2026-06-23T13:22:11.362860,512616,100
2026-06-23T13:22:11.362937,512617,103
2026-06-23T13:22:11.363013,512618,102
2026-06-23T13:22:11.363089,512619,107
2026-06-23T13:22:11.372865,512620,112
2026-06-23T13:22:11.372965,512621,115
2026-06-23T13:22:11.373031,512622,118
2026-06-23T13:22:11.373095,512623,119
2026-06-23T13:22:11.373158,512624,119
2026-06-23T13:22:11.373221,512625,119
2026-06-23T13:22:11.373283,512626,120
2026-06-23T13:22:11.373346,512627,119
2026-06-23T13:22:11.373409,512628,118
2026-06-23T13:22:11.373471,512629,120
2026-06-23T13:22:11.383298,512630,122
2026-06-23T13:22:11.383416,512631,122
2026-06-23T13:22:11.383515,512632,120
2026-06-23T13:22:11.383612,512633,119
2026-06-23T13:22:11.383709,512634,119
2026-06-23T13:22:11.383806,512635,119
2026-06-23T13:22:11.383885,512636,118
2026-06-23T13:22:11.383961,512638,120
2026-06-23T13:22:11.384037,512639,121
2026-06-23T13:22:11.384112,512640,121
2026-06-23T13:22:11.393765,512641,120
2026-06-23T13:22:11.393881,512642,118
2026-06-23T13:22:11.393960,512643,116
2026-06-23T13:22:11.394041,512644,114
2026-06-23T13:22:11.394118,512645,112
2026-06-23T13:22:11.394194,512646,110
2026-06-23T13:22:11.394270,512647,109
2026-06-23T13:22:11.394346,512648,109
2026-06-23T13:22:11.394436,512649,111
2026-06-23T13:22:11.394512,512650,115
2026-06-23T13:22:11.404193,512651,118
2026-06-23T13:22:11.404292,512652,117
2026-06-23T13:22:11.404371,512653,116
2026-06-23T13:22:11.404447,512654,117
2026-06-23T13:22:11.404535,512655,116
2026-06-23T13:22:11.404613,512656,115
2026-06-23T13:22:11.404690,512657,114
2026-06-23T13:22:11.404767,512658,112
2026-06-23T13:22:11.404844,512659,112
2026-06-23T13:22:11.404919,512660,116
2026-06-23T13:22:11.414615,512662,120
2026-06-23T13:22:11.414728,512663,121
2026-06-23T13:22:11.414814,512664,121
2026-06-23T13:22:11.414896,512665,125
2026-06-23T13:22:11.414976,512666,133
2026-06-23T13:22:11.415054,512667,136
2026-06-23T13:22:11.415132,512668,138
2026-06-23T13:22:11.415208,512669,139
2026-06-23T13:22:11.415286,512670,140
2026-06-23T13:22:11.415363,512671,142
2026-06-23T13:22:11.425048,512672,144
2026-06-23T13:22:11.425140,512673,144
2026-06-23T13:22:11.425219,512674,142
2026-06-23T13:22:11.425296,512675,141
2026-06-23T13:22:11.425391,512676,139
2026-06-23T13:22:11.425487,512677,138
2026-06-23T13:22:11.425584,512678,137
2026-06-23T13:22:11.425681,512679,138
2026-06-23T13:22:11.425777,512680,142
2026-06-23T13:22:11.425874,512681,142
2026-06-23T13:22:11.435643,512682,142
2026-06-23T13:22:11.435743,512683,143
2026-06-23T13:22:11.435821,512684,145
2026-06-23T13:22:11.435897,512685,142
2026-06-23T13:22:11.435973,512687,140
2026-06-23T13:22:11.436049,512688,138
2026-06-23T13:22:11.436126,512689,136
2026-06-23T13:22:11.436203,512690,134
2026-06-23T13:22:11.436280,512691,132
2026-06-23T13:22:11.436356,512692,131
2026-06-23T13:22:11.445952,512693,128
2026-06-23T13:22:11.446062,512694,127
2026-06-23T13:22:11.446160,512695,124
2026-06-23T13:22:11.446258,512696,124
2026-06-23T13:22:11.446355,512697,122
2026-06-23T13:22:11.446452,512698,121
2026-06-23T13:22:11.446548,512699,120
2026-06-23T13:22:11.446644,512700,119
2026-06-23T13:22:11.446741,512701,119
2026-06-23T13:22:11.446836,512702,118
2026-06-23T13:22:11.456376,512703,117
2026-06-23T13:22:11.456468,512704,115
2026-06-23T13:22:11.456544,512705,112
2026-06-23T13:22:11.456620,512706,113
2026-06-23T13:22:11.456696,512707,111
2026-06-23T13:22:11.456778,512708,111
2026-06-23T13:22:11.456856,512709,110
2026-06-23T13:22:11.456933,512710,109
2026-06-23T13:22:11.457024,512712,109
2026-06-23T13:22:11.457102,512713,108
2026-06-23T13:22:11.466837,512714,108
2026-06-23T13:22:11.466927,512715,107
2026-06-23T13:22:11.467004,512716,105
2026-06-23T13:22:11.467084,512717,103
2026-06-23T13:22:11.467161,512718,104
2026-06-23T13:22:11.467239,512719,103
2026-06-23T13:22:11.467315,512720,103
2026-06-23T13:22:11.467391,512721,102
2026-06-23T13:22:11.467466,512722,101
2026-06-23T13:22:11.467538,512723,99
2026-06-23T13:22:11.477277,512724,98
2026-06-23T13:22:11.477363,512725,97
2026-06-23T13:22:11.477436,512726,96
2026-06-23T13:22:11.477507,512727,95
2026-06-23T13:22:11.477579,512728,94
2026-06-23T13:22:11.477650,512729,93
2026-06-23T13:22:11.477721,512730,92
2026-06-23T13:22:11.477792,512731,91
2026-06-23T13:22:11.477863,512732,90
2026-06-23T13:22:11.477934,512733,88
2026-06-23T13:22:11.478005,512733,87
2026-06-23T13:22:11.487750,512734,87
2026-06-23T13:22:11.487871,512735,87
2026-06-23T13:22:11.487945,512736,87
2026-06-23T13:22:11.488017,512737,87
2026-06-23T13:22:11.488090,512738,86
2026-06-23T13:22:11.488164,512739,85
2026-06-23T13:22:11.488235,512740,84
2026-06-23T13:22:11.488307,512741,83
2026-06-23T13:22:11.488378,512742,83
2026-06-23T13:22:11.488450,512743,84
2026-06-23T13:22:11.488521,512744,87
2026-06-23T13:22:11.498131,512745,87
2026-06-23T13:22:11.498240,512746,88
2026-06-23T13:22:11.498315,512747,89
2026-06-23T13:22:11.498391,512748,88
2026-06-23T13:22:11.498463,512749,87
2026-06-23T13:22:11.498535,512750,88
2026-06-23T13:22:11.498606,512751,87
2026-06-23T13:22:11.498676,512752,89
2026-06-23T13:22:11.498748,512753,89
2026-06-23T13:22:11.498819,512754,88
2026-06-23T13:22:11.508540,512755,89
2026-06-23T13:22:11.508625,512755,89
2026-06-23T13:22:11.508697,512756,88
2026-06-23T13:22:11.508768,512757,88
2026-06-23T13:22:11.508839,512758,90
2026-06-23T13:22:11.508910,512759,91
2026-06-23T13:22:11.508981,512760,91
2026-06-23T13:22:11.509051,512761,92
2026-06-23T13:22:11.509122,512762,94
2026-06-23T13:22:11.509193,512763,96
2026-06-23T13:22:11.509264,512764,95
2026-06-23T13:22:11.519064,512765,94
2026-06-23T13:22:11.519162,512766,93
2026-06-23T13:22:11.519234,512767,94
2026-06-23T13:22:11.519305,512768,96
2026-06-23T13:22:11.519393,512769,97
2026-06-23T13:22:11.519473,512770,96
2026-06-23T13:22:11.519544,512771,95
2026-06-23T13:22:11.519615,512772,94
2026-06-23T13:22:11.519686,512773,94
2026-06-23T13:22:11.519756,512774,94
2026-06-23T13:22:11.519827,512775,93
2026-06-23T13:22:11.529375,512776,92
2026-06-23T13:22:11.529483,512776,94
2026-06-23T13:22:11.529575,512777,95
2026-06-23T13:22:11.529666,512778,99
2026-06-23T13:22:11.529764,512779,103
2026-06-23T13:22:11.529861,512780,105
2026-06-23T13:22:11.529959,512781,106
2026-06-23T13:22:11.530059,512782,108
2026-06-23T13:22:11.530155,512784,107
2026-06-23T13:22:11.530252,512785,108
2026-06-23T13:22:11.530350,512786,107
2026-06-23T13:22:11.539974,512787,105
2026-06-23T13:22:11.540097,512788,105
2026-06-23T13:22:11.540191,512789,105
2026-06-23T13:22:11.540273,512790,104
2026-06-23T13:22:11.540416,512791,106
2026-06-23T13:22:11.540502,512792,107
2026-06-23T13:22:11.540579,512793,106
2026-06-23T13:22:11.540658,512794,104
2026-06-23T13:22:11.540734,512795,103
2026-06-23T13:22:11.540810,512796,101
2026-06-23T13:22:11.550360,512797,99
2026-06-23T13:22:11.550455,512798,98
2026-06-23T13:22:11.550543,512799,97
2026-06-23T13:22:11.550617,512800,95
2026-06-23T13:22:11.550688,512801,94
2026-06-23T13:22:11.550760,512802,93
2026-06-23T13:22:11.550830,512803,94
2026-06-23T13:22:11.550900,512804,93
2026-06-23T13:22:11.550990,512805,92
2026-06-23T13:22:11.551061,512806,91
2026-06-23T13:22:11.560796,512807,90
2026-06-23T13:22:11.560907,512808,90
2026-06-23T13:22:11.561011,512809,89
2026-06-23T13:22:11.561102,512809,88
2026-06-23T13:22:11.561192,512810,87
2026-06-23T13:22:11.561283,512811,86
2026-06-23T13:22:11.561373,512812,85
2026-06-23T13:22:11.561463,512813,85
2026-06-23T13:22:11.561571,512814,84
2026-06-23T13:22:11.561662,512815,83
2026-06-23T13:22:11.561751,512816,82
2026-06-23T13:22:11.571215,512817,81
2026-06-23T13:22:11.571320,512818,80
2026-06-23T13:22:11.571398,512819,79
2026-06-23T13:22:11.571477,512820,78
2026-06-23T13:22:11.571551,512821,77
2026-06-23T13:22:11.571624,512822,76
2026-06-23T13:22:11.571699,512823,77
2026-06-23T13:22:11.571772,512824,77
2026-06-23T13:22:11.571844,512825,76
2026-06-23T13:22:11.571915,512826,75
2026-06-23T13:22:11.571986,512827,74
2026-06-23T13:22:11.581593,512828,73
2026-06-23T13:22:11.581685,512829,73
2026-06-23T13:22:11.581763,512830,72
2026-06-23T13:22:11.581835,512831,72
2026-06-23T13:22:11.581907,512831,72
2026-06-23T13:22:11.581978,512832,72
2026-06-23T13:22:11.582049,512833,72
2026-06-23T13:22:11.582121,512834,71
2026-06-23T13:22:11.582192,512835,70
2026-06-23T13:22:11.582263,512836,70
2026-06-23T13:22:11.582334,512837,70
2026-06-23T13:22:11.592088,512838,71
2026-06-23T13:22:11.592175,512839,72
2026-06-23T13:22:11.592247,512840,72
2026-06-23T13:22:11.592319,512841,72
2026-06-23T13:22:11.592390,512842,73
2026-06-23T13:22:11.592461,512843,74
2026-06-23T13:22:11.592532,512844,75
2026-06-23T13:22:11.592604,512845,75
2026-06-23T13:22:11.592675,512846,75
2026-06-23T13:22:11.592746,512847,74
2026-06-23T13:22:11.592817,512848,73
2026-06-23T13:22:11.602593,512849,73
2026-06-23T13:22:11.602686,512850,73
2026-06-23T13:22:11.602760,512851,72
2026-06-23T13:22:11.602832,512852,73
2026-06-23T13:22:11.602903,512852,73
2026-06-23T13:22:11.602974,512853,73
2026-06-23T13:22:11.603045,512854,73
2026-06-23T13:22:11.603117,512855,73
2026-06-23T13:22:11.603189,512856,73
2026-06-23T13:22:11.603261,512857,73
2026-06-23T13:22:11.603332,512858,72
2026-06-23T13:22:11.612938,512859,72
2026-06-23T13:22:11.613022,512860,71
2026-06-23T13:22:11.613106,512861,70
2026-06-23T13:22:11.613197,512862,69
2026-06-23T13:22:11.613289,512863,68
2026-06-23T13:22:11.613380,512864,68
2026-06-23T13:22:11.613470,512865,68
2026-06-23T13:22:11.613560,512866,69
2026-06-23T13:22:11.613650,512867,69
2026-06-23T13:22:11.613741,512868,68
2026-06-23T13:22:11.613832,512869,68
2026-06-23T13:22:11.623509,512870,68
2026-06-23T13:22:11.623641,512871,67
2026-06-23T13:22:11.623724,512872,67
2026-06-23T13:22:11.623800,512873,66
2026-06-23T13:22:11.623876,512873,65
2026-06-23T13:22:11.623952,512874,65
2026-06-23T13:22:11.624025,512875,65
2026-06-23T13:22:11.624099,512876,64
2026-06-23T13:22:11.624171,512877,63
2026-06-23T13:22:11.624243,512878,63
2026-06-23T13:22:11.624315,512879,62
2026-06-23T13:22:11.633865,512880,62
2026-06-23T13:22:11.633968,512881,62
2026-06-23T13:22:11.634047,512882,62
2026-06-23T13:22:11.634122,512883,62
2026-06-23T13:22:11.634196,512884,62
2026-06-23T13:22:11.634269,512885,62
2026-06-23T13:22:11.634342,512886,62
2026-06-23T13:22:11.634414,512887,62
2026-06-23T13:22:11.634487,512888,63
2026-06-23T13:22:11.634559,512889,64
2026-06-23T13:22:11.634631,512890,67
2026-06-23T13:22:11.644380,512891,70
2026-06-23T13:22:11.644473,512892,69
2026-06-23T13:22:11.644546,512893,70
2026-06-23T13:22:11.644618,512894,73
2026-06-23T13:22:11.644713,512895,74
2026-06-23T13:22:11.644785,512895,74
2026-06-23T13:22:11.644857,512896,74
2026-06-23T13:22:11.644928,512897,74
2026-06-23T13:22:11.644999,512898,72
2026-06-23T13:22:11.645070,512899,71
2026-06-23T13:22:11.645140,512900,71
2026-06-23T13:22:11.654765,512901,70
2026-06-23T13:22:11.654856,512902,69
2026-06-23T13:22:11.654928,512903,69
2026-06-23T13:22:11.654999,512904,68
2026-06-23T13:22:11.655070,512905,68
2026-06-23T13:22:11.655142,512906,67
2026-06-23T13:22:11.655213,512907,67
2026-06-23T13:22:11.655284,512908,66
2026-06-23T13:22:11.655355,512909,65
2026-06-23T13:22:11.655426,512910,64
2026-06-23T13:22:11.655497,512911,64
2026-06-23T13:22:11.665191,512912,64
2026-06-23T13:22:11.665282,512913,64
2026-06-23T13:22:11.665355,512914,64
2026-06-23T13:22:11.665427,512915,64
2026-06-23T13:22:11.665499,512916,65
2026-06-23T13:22:11.665572,512916,66
2026-06-23T13:22:11.665644,512917,66
2026-06-23T13:22:11.665715,512918,65
2026-06-23T13:22:11.665786,512919,64
2026-06-23T13:22:11.665857,512920,63
2026-06-23T13:22:11.675606,512921,62
2026-06-23T13:22:11.675714,512922,62
2026-06-23T13:22:11.675806,512923,62
2026-06-23T13:22:11.675897,512924,62
2026-06-23T13:22:11.675987,512925,61
2026-06-23T13:22:11.676078,512926,62
2026-06-23T13:22:11.676169,512927,62
2026-06-23T13:22:11.676259,512928,63
2026-06-23T13:22:11.676349,512929,63
2026-06-23T13:22:11.676439,512930,62
2026-06-23T13:22:11.676529,512931,62
2026-06-23T13:22:11.686157,512932,61
2026-06-23T13:22:11.686252,512933,63
2026-06-23T13:22:11.686324,512934,63
2026-06-23T13:22:11.686399,512935,63
2026-06-23T13:22:11.686475,512936,63
2026-06-23T13:22:11.686546,512937,63
2026-06-23T13:22:11.686617,512937,62
2026-06-23T13:22:11.686688,512938,62
2026-06-23T13:22:11.686759,512939,64
2026-06-23T13:22:11.686831,512940,66
2026-06-23T13:22:11.686901,512941,68
2026-06-23T13:22:11.696518,512942,69
2026-06-23T13:22:11.696623,512943,69
2026-06-23T13:22:11.696715,512944,73
2026-06-23T13:22:11.696806,512945,79
2026-06-23T13:22:11.696897,512946,82
2026-06-23T13:22:11.696988,512947,84
2026-06-23T13:22:11.697078,512948,83
2026-06-23T13:22:11.697168,512949,83
2026-06-23T13:22:11.697259,512950,82
2026-06-23T13:22:11.697349,512951,81
2026-06-23T13:22:11.697439,512952,81
2026-06-23T13:22:11.706958,512953,81
2026-06-23T13:22:11.707049,512954,81
2026-06-23T13:22:11.707121,512955,82
2026-06-23T13:22:11.707193,512956,81
2026-06-23T13:22:11.707264,512957,81
2026-06-23T13:22:11.707336,512958,80
2026-06-23T13:22:11.707407,512959,79
2026-06-23T13:22:11.707479,512959,78
2026-06-23T13:22:11.707550,512960,77
2026-06-23T13:22:11.707621,512961,76
2026-06-23T13:22:11.707692,512962,76
2026-06-23T13:22:11.717360,512963,77
2026-06-23T13:22:11.717462,512964,78
2026-06-23T13:22:11.717534,512965,78
2026-06-23T13:22:11.717607,512966,76
2026-06-23T13:22:11.717678,512967,77
2026-06-23T13:22:11.717750,512968,77
2026-06-23T13:22:11.717821,512969,77
2026-06-23T13:22:11.717899,512970,77
2026-06-23T13:22:11.717970,512971,77
2026-06-23T13:22:11.718050,512972,77
2026-06-23T13:22:11.718120,512973,77
2026-06-23T13:22:11.727805,512974,76
2026-06-23T13:22:11.727885,512975,75
2026-06-23T13:22:11.727958,512976,74
2026-06-23T13:22:11.728032,512977,74
2026-06-23T13:22:11.728104,512978,74
2026-06-23T13:22:11.728181,512979,74
2026-06-23T13:22:11.728252,512980,73
2026-06-23T13:22:11.728324,512980,74
2026-06-23T13:22:11.728394,512981,73
2026-06-23T13:22:11.728465,512982,72
2026-06-23T13:22:11.728535,512983,71
2026-06-23T13:22:11.738293,512984,70
2026-06-23T13:22:11.738387,512985,69
2026-06-23T13:22:11.738459,512986,68
2026-06-23T13:22:11.738530,512987,67
2026-06-23T13:22:11.738602,512988,67
2026-06-23T13:22:11.738673,512989,66
2026-06-23T13:22:11.738745,512990,65
2026-06-23T13:22:11.738816,512991,65
2026-06-23T13:22:11.738887,512992,64
2026-06-23T13:22:11.738958,512993,63
2026-06-23T13:22:11.739030,512994,62
2026-06-23T13:22:11.748654,512995,62
2026-06-23T13:22:11.748744,512996,61
2026-06-23T13:22:11.748816,512997,61
2026-06-23T13:22:11.748887,512998,60
2026-06-23T13:22:11.748958,512999,60
2026-06-23T13:22:11.749029,513000,59
2026-06-23T13:22:11.749100,513001,58
2026-06-23T13:22:11.749171,513001,58
2026-06-23T13:22:11.749272,513002,58
2026-06-23T13:22:11.749360,513003,58
2026-06-23T13:22:11.749436,513004,57
2026-06-23T13:22:11.759183,513005,57
2026-06-23T13:22:11.759286,513006,56
2026-06-23T13:22:11.759382,513007,57
2026-06-23T13:22:11.759474,513008,57
2026-06-23T13:22:11.759564,513009,56
2026-06-23T13:22:11.759655,513010,55
2026-06-23T13:22:11.759745,513011,55
2026-06-23T13:22:11.759835,513012,55
2026-06-23T13:22:11.759926,513013,54
2026-06-23T13:22:11.760016,513014,55
2026-06-23T13:22:11.760107,513015,55
2026-06-23T13:22:11.769677,513016,54
2026-06-23T13:22:11.769772,513017,55
2026-06-23T13:22:11.769844,513018,54
2026-06-23T13:22:11.769916,513019,54
2026-06-23T13:22:11.769987,513020,53
2026-06-23T13:22:11.770058,513021,53
2026-06-23T13:22:11.770128,513022,53
2026-06-23T13:22:11.770200,513023,54
2026-06-23T13:22:11.770272,513023,53
2026-06-23T13:22:11.770343,513024,52
2026-06-23T13:22:11.770414,513025,52
2026-06-23T13:22:11.780046,513026,51
2026-06-23T13:22:11.780164,513027,51
2026-06-23T13:22:11.780259,513028,51
2026-06-23T13:22:11.780353,513029,50
2026-06-23T13:22:11.780446,513030,50
2026-06-23T13:22:11.780537,513031,50
2026-06-23T13:22:11.780628,513032,49
2026-06-23T13:22:11.780720,513033,49
2026-06-23T13:22:11.780811,513034,48
2026-06-23T13:22:11.780886,513035,48
2026-06-23T13:22:11.790509,513036,47
2026-06-23T13:22:11.790614,513037,43
2026-06-23T13:22:11.790691,513038,47
2026-06-23T13:22:11.790765,513039,46
2026-06-23T13:22:11.790838,513040,46
2026-06-23T13:22:11.790911,513041,46
2026-06-23T13:22:11.790983,513042,46
2026-06-23T13:22:11.791054,513043,45
2026-06-23T13:22:11.791126,513044,45
2026-06-23T13:22:11.791198,513044,45
2026-06-23T13:22:11.791270,513045,45
2026-06-23T13:22:11.800971,513046,45
2026-06-23T13:22:11.801067,513047,45
2026-06-23T13:22:11.801143,513048,45
2026-06-23T13:22:11.801215,513049,45
2026-06-23T13:22:11.801286,513050,45
2026-06-23T13:22:11.801358,513051,44
2026-06-23T13:22:11.801429,513052,44
2026-06-23T13:22:11.801504,513053,44
2026-06-23T13:22:11.801575,513054,43
2026-06-23T13:22:11.801645,513055,44
2026-06-23T13:22:11.801715,513056,43
2026-06-23T13:22:11.811342,513057,43
2026-06-23T13:22:11.811426,513058,43
2026-06-23T13:22:11.811498,513059,43
2026-06-23T13:22:11.811570,513060,43
2026-06-23T13:22:11.811641,513061,43
2026-06-23T13:22:11.811712,513062,43
2026-06-23T13:22:11.811784,513063,43
2026-06-23T13:22:11.811860,513064,44
2026-06-23T13:22:11.811931,513065,43
2026-06-23T13:22:11.812002,513066,43
2026-06-23T13:22:11.812073,513066,43
2026-06-23T13:22:11.821779,513067,42
2026-06-23T13:22:11.821868,513068,42
2026-06-23T13:22:11.821941,513069,42
2026-06-23T13:22:11.822015,513070,42
2026-06-23T13:22:11.822087,513071,42
2026-06-23T13:22:11.822157,513072,42
2026-06-23T13:22:11.822229,513073,43
2026-06-23T13:22:11.822299,513074,43
2026-06-23T13:22:11.822371,513075,43
2026-06-23T13:22:11.822441,513076,43
2026-06-23T13:22:11.822512,513077,42
2026-06-23T13:22:11.832181,513078,43
2026-06-23T13:22:11.832270,513079,43
2026-06-23T13:22:11.832343,513080,42
2026-06-23T13:22:11.832415,513081,43
2026-06-23T13:22:11.832489,513082,43
2026-06-23T13:22:11.832560,513083,44
2026-06-23T13:22:11.832631,513084,45
2026-06-23T13:22:11.832702,513085,45
2026-06-23T13:22:11.832773,513086,46
2026-06-23T13:22:11.832843,513087,45
2026-06-23T13:22:11.832913,513087,45
2026-06-23T13:22:11.842628,513088,45
2026-06-23T13:22:11.842712,513089,46
2026-06-23T13:22:11.842783,513090,46
2026-06-23T13:22:11.842855,513091,45
2026-06-23T13:22:11.842927,513092,45
2026-06-23T13:22:11.842998,513093,45
2026-06-23T13:22:11.843070,513094,45
2026-06-23T13:22:11.843141,513095,44
2026-06-23T13:22:11.843212,513096,44
2026-06-23T13:22:11.843300,513097,44
2026-06-23T13:22:11.843372,513098,44
2026-06-23T13:22:11.853223,513099,44
2026-06-23T13:22:11.853327,513100,43
2026-06-23T13:22:11.853403,513101,43
2026-06-23T13:22:11.853476,513102,43
2026-06-23T13:22:11.853549,513103,42
2026-06-23T13:22:11.853622,513104,42
2026-06-23T13:22:11.853694,513105,42
2026-06-23T13:22:11.853767,513106,42
2026-06-23T13:22:11.853838,513107,42
2026-06-23T13:22:11.853910,513108,42
2026-06-23T13:22:11.853982,513108,42
2026-06-23T13:22:11.863561,513109,42
2026-06-23T13:22:11.863647,513110,43
2026-06-23T13:22:11.863754,513111,42
2026-06-23T13:22:11.863841,513112,44
2026-06-23T13:22:11.863916,513113,45
2026-06-23T13:22:11.863990,513114,45
2026-06-23T13:22:11.864064,513115,46
2026-06-23T13:22:11.864138,513116,46
2026-06-23T13:22:11.864211,513117,49
2026-06-23T13:22:11.864282,513118,53
2026-06-23T13:22:11.864355,513119,54
2026-06-23T13:22:11.874053,513120,54
2026-06-23T13:22:11.874142,513121,53
2026-06-23T13:22:11.874219,513122,53
2026-06-23T13:22:11.874299,513123,54
2026-06-23T13:22:11.874375,513124,54
2026-06-23T13:22:11.874448,513125,54
2026-06-23T13:22:11.874519,513126,53
2026-06-23T13:22:11.874591,513127,53
2026-06-23T13:22:11.874662,513128,52
2026-06-23T13:22:11.874733,513129,52
2026-06-23T13:22:11.874804,513130,52
2026-06-23T13:22:11.884445,513130,51
2026-06-23T13:22:11.884539,513131,50
2026-06-23T13:22:11.884612,513132,50
2026-06-23T13:22:11.884684,513133,49
2026-06-23T13:22:11.884758,513134,49
2026-06-23T13:22:11.884833,513135,49
2026-06-23T13:22:11.884904,513136,49
2026-06-23T13:22:11.884975,513137,48
2026-06-23T13:22:11.885053,513138,48
2026-06-23T13:22:11.885125,513139,48
2026-06-23T13:22:11.885197,513140,48
2026-06-23T13:22:11.894868,513141,47
2026-06-23T13:22:11.894950,513142,47
2026-06-23T13:22:11.895021,513143,47
2026-06-23T13:22:11.895093,513144,46
2026-06-23T13:22:11.895164,513145,46
2026-06-23T13:22:11.895238,513146,45
2026-06-23T13:22:11.895310,513147,46
2026-06-23T13:22:11.895382,513148,46
2026-06-23T13:22:11.895452,513149,46
2026-06-23T13:22:11.895523,513150,45
2026-06-23T13:22:11.905326,513151,45
2026-06-23T13:22:11.905424,513151,45
2026-06-23T13:22:11.905496,513152,45
2026-06-23T13:22:11.905567,513153,45
2026-06-23T13:22:11.905638,513154,45
2026-06-23T13:22:11.905709,513155,45
2026-06-23T13:22:11.905781,513156,45
2026-06-23T13:22:11.905852,513157,45
2026-06-23T13:22:11.905922,513158,45
2026-06-23T13:22:11.905993,513159,45
2026-06-23T13:22:11.906064,513160,45
2026-06-23T13:22:11.915707,513161,45
2026-06-23T13:22:11.915798,513162,44
2026-06-23T13:22:11.915871,513163,44
2026-06-23T13:22:11.915943,513164,45
2026-06-23T13:22:11.916014,513165,46
2026-06-23T13:22:11.916085,513166,49
2026-06-23T13:22:11.916155,513167,50
2026-06-23T13:22:11.916226,513168,50
2026-06-23T13:22:11.916297,513169,50
2026-06-23T13:22:11.916367,513170,50
2026-06-23T13:22:11.916438,513171,51
2026-06-23T13:22:11.926190,513172,56
2026-06-23T13:22:11.926275,513172,62
2026-06-23T13:22:11.926347,513173,64
2026-06-23T13:22:11.926419,513174,65
2026-06-23T13:22:11.926492,513175,64
2026-06-23T13:22:11.926563,513176,64
2026-06-23T13:22:11.926635,513177,65
2026-06-23T13:22:11.926708,513178,64
2026-06-23T13:22:11.926779,513179,63
2026-06-23T13:22:11.926853,513180,63
2026-06-23T13:22:11.926925,513181,62
2026-06-23T13:22:11.936663,513182,62
2026-06-23T13:22:11.936759,513183,62
2026-06-23T13:22:11.936832,513184,61
2026-06-23T13:22:11.936904,513185,61
2026-06-23T13:22:11.936976,513186,61
2026-06-23T13:22:11.937047,513187,61
2026-06-23T13:22:11.937118,513188,60
2026-06-23T13:22:11.937188,513189,60
2026-06-23T13:22:11.937260,513190,60
2026-06-23T13:22:11.937331,513191,59
2026-06-23T13:22:11.937401,513192,59
2026-06-23T13:22:11.947037,513193,58
2026-06-23T13:22:11.947141,513194,57
2026-06-23T13:22:11.947233,513194,56
2026-06-23T13:22:11.947324,513195,57
2026-06-23T13:22:11.947415,513196,57
2026-06-23T13:22:11.947505,513197,57
2026-06-23T13:22:11.947677,513198,57
2026-06-23T13:22:11.947785,513199,57
2026-06-23T13:22:11.947882,513200,56
2026-06-23T13:22:11.947976,513201,56
2026-06-23T13:22:11.948069,513202,56
2026-06-23T13:22:11.957527,513203,55
2026-06-23T13:22:11.957610,513204,55
2026-06-23T13:22:11.957682,513205,54
2026-06-23T13:22:11.957753,513206,54
2026-06-23T13:22:11.957825,513207,54
2026-06-23T13:22:11.957897,513208,54
2026-06-23T13:22:11.957968,513209,53
2026-06-23T13:22:11.958039,513210,53
2026-06-23T13:22:11.958111,513211,52
2026-06-23T13:22:11.958182,513212,52
2026-06-23T13:22:11.958253,513213,52
2026-06-23T13:22:11.968020,513214,51
2026-06-23T13:22:11.968114,513215,51
2026-06-23T13:22:11.968185,513215,51
2026-06-23T13:22:11.968257,513216,51
2026-06-23T13:22:11.968328,513217,50
2026-06-23T13:22:11.968402,513218,51
2026-06-23T13:22:11.968474,513219,50
2026-06-23T13:22:11.968545,513220,50
2026-06-23T13:22:11.968619,513221,50
2026-06-23T13:22:11.968689,513222,50
2026-06-23T13:22:11.968759,513223,50
2026-06-23T13:22:11.978399,513224,49
2026-06-23T13:22:11.978480,513225,49
2026-06-23T13:22:11.978552,513226,49
2026-06-23T13:22:11.978625,513227,49
2026-06-23T13:22:11.978739,513228,48
2026-06-23T13:22:11.978840,513229,48
2026-06-23T13:22:11.978920,513230,48
2026-06-23T13:22:11.978997,513231,48
2026-06-23T13:22:11.979071,513232,48
2026-06-23T13:22:11.979151,513233,48
2026-06-23T13:22:11.979231,513234,47
2026-06-23T13:22:11.988883,513235,47
2026-06-23T13:22:11.988982,513236,47
2026-06-23T13:22:11.989057,513236,47
2026-06-23T13:22:11.989133,513237,46
2026-06-23T13:22:11.989206,513238,46
2026-06-23T13:22:11.989278,513239,45
2026-06-23T13:22:11.989349,513240,45
2026-06-23T13:22:11.989420,513241,46
2026-06-23T13:22:11.989491,513242,46
2026-06-23T13:22:11.989561,513243,47
2026-06-23T13:22:11.989633,513244,47
2026-06-23T13:22:11.999333,513245,47
2026-06-23T13:22:11.999429,513246,46
2026-06-23T13:22:11.999503,513247,46
2026-06-23T13:22:11.999576,513248,46
2026-06-23T13:22:11.999649,513249,46
2026-06-23T13:22:11.999721,513250,47
2026-06-23T13:22:11.999794,513251,48
2026-06-23T13:22:11.999866,513252,48
2026-06-23T13:22:11.999945,513253,47
2026-06-23T13:22:12.000046,513254,47
2026-06-23T13:22:12.000129,513255,46
2026-06-23T13:22:12.009749,513256,46
2026-06-23T13:22:12.009841,513257,46
2026-06-23T13:22:12.009917,513258,46
2026-06-23T13:22:12.009992,513258,46
2026-06-23T13:22:12.010067,513259,46
2026-06-23T13:22:12.010140,513260,46
2026-06-23T13:22:12.010213,513261,46
2026-06-23T13:22:12.010285,513262,46
2026-06-23T13:22:12.010358,513263,45
2026-06-23T13:22:12.010430,513264,45
2026-06-23T13:22:12.020225,513265,45
2026-06-23T13:22:12.020332,513266,45
2026-06-23T13:22:12.020416,513267,45
2026-06-23T13:22:12.020490,513268,43
2026-06-23T13:22:12.020563,513269,44
2026-06-23T13:22:12.020635,513270,44
2026-06-23T13:22:12.020706,513271,45
2026-06-23T13:22:12.020778,513272,44
2026-06-23T13:22:12.020849,513273,44
2026-06-23T13:22:12.020921,513274,44
2026-06-23T13:22:12.020992,513275,45
2026-06-23T13:22:12.030598,513276,45
2026-06-23T13:22:12.030684,513277,45
2026-06-23T13:22:12.030758,513278,45
2026-06-23T13:22:12.030831,513279,45
2026-06-23T13:22:12.030904,513279,45
2026-06-23T13:22:12.030977,513280,45
2026-06-23T13:22:12.031049,513281,45
2026-06-23T13:22:12.031121,513282,44
2026-06-23T13:22:12.031193,513283,44
2026-06-23T13:22:12.031264,513284,44
2026-06-23T13:22:12.031385,513285,44
2026-06-23T13:22:12.041124,513286,44
2026-06-23T13:22:12.041235,513287,43
2026-06-23T13:22:12.041311,513288,43
2026-06-23T13:22:12.041388,513289,43
2026-06-23T13:22:12.041463,513290,42
2026-06-23T13:22:12.041536,513291,42
2026-06-23T13:22:12.041608,513292,42
2026-06-23T13:22:12.041681,513293,41
2026-06-23T13:22:12.041752,513294,41
2026-06-23T13:22:12.041823,513295,41
2026-06-23T13:22:12.041895,513296,41
2026-06-23T13:22:12.051525,513297,40
2026-06-23T13:22:12.051624,513298,41
2026-06-23T13:22:12.051698,513299,41
2026-06-23T13:22:12.051771,513300,40
2026-06-23T13:22:12.051844,513301,41
2026-06-23T13:22:12.051917,513301,40
2026-06-23T13:22:12.051989,513302,40
2026-06-23T13:22:12.052060,513303,39
2026-06-23T13:22:12.052135,513304,39
2026-06-23T13:22:12.052207,513305,39
2026-06-23T13:22:12.052279,513306,39
2026-06-23T13:22:12.061921,513307,39
2026-06-23T13:22:12.062037,513308,39
2026-06-23T13:22:12.062133,513309,39
2026-06-23T13:22:12.062228,513310,41
2026-06-23T13:22:12.062322,513311,38
2026-06-23T13:22:12.062417,513312,41
2026-06-23T13:22:12.062509,513313,41
2026-06-23T13:22:12.062602,513314,41
2026-06-23T13:22:12.062695,513315,42
2026-06-23T13:22:12.062791,513316,42
2026-06-23T13:22:12.062882,513317,42
2026-06-23T13:22:12.072417,513318,41
2026-06-23T13:22:12.072520,513319,41
2026-06-23T13:22:12.072595,513320,42
2026-06-23T13:22:12.072668,513321,41
2026-06-23T13:22:12.072741,513322,41
2026-06-23T13:22:12.072814,513322,41
2026-06-23T13:22:12.072886,513323,40
2026-06-23T13:22:12.072958,513324,40
2026-06-23T13:22:12.073030,513325,40
2026-06-23T13:22:12.073102,513326,40
2026-06-23T13:22:12.073173,513327,40
2026-06-23T13:22:12.082812,513328,40
2026-06-23T13:22:12.082922,513329,40
2026-06-23T13:22:12.082997,513330,39
2026-06-23T13:22:12.083070,513331,39
2026-06-23T13:22:12.083143,513332,39
2026-06-23T13:22:12.083215,513333,39
2026-06-23T13:22:12.083286,513334,38
2026-06-23T13:22:12.083358,513335,39
2026-06-23T13:22:12.083429,513336,38
2026-06-23T13:22:12.083501,513337,38
2026-06-23T13:22:12.083572,513338,38
2026-06-23T13:22:12.093291,513339,38
2026-06-23T13:22:12.093385,513340,38
2026-06-23T13:22:12.093460,513341,38
2026-06-23T13:22:12.093534,513342,38
2026-06-23T13:22:12.093607,513343,38
2026-06-23T13:22:12.093680,513343,38
2026-06-23T13:22:12.093754,513344,38
2026-06-23T13:22:12.093827,513345,38
2026-06-23T13:22:12.093899,513346,38
2026-06-23T13:22:12.093971,513347,37
2026-06-23T13:22:12.094042,513348,38
2026-06-23T13:22:12.103818,513349,37
2026-06-23T13:22:12.103937,513350,37
2026-06-23T13:22:12.104014,513351,37
2026-06-23T13:22:12.104088,513352,36
2026-06-23T13:22:12.104160,513353,36
2026-06-23T13:22:12.104235,513354,36
2026-06-23T13:22:12.104308,513355,36
2026-06-23T13:22:12.104379,513356,36
2026-06-23T13:22:12.104452,513357,36
2026-06-23T13:22:12.104543,513358,36
2026-06-23T13:22:12.104616,513359,36
2026-06-23T13:22:12.114148,513360,36
2026-06-23T13:22:12.114241,513361,36
2026-06-23T13:22:12.114315,513362,36
2026-06-23T13:22:12.114388,513363,36
2026-06-23T13:22:12.114460,513364,36
2026-06-23T13:22:12.114532,513365,36
2026-06-23T13:22:12.114603,513365,36
2026-06-23T13:22:12.114674,513366,36
2026-06-23T13:22:12.114746,513367,35
2026-06-23T13:22:12.114818,513368,35
2026-06-23T13:22:12.114911,513369,39
2026-06-23T13:22:12.124623,513370,35
2026-06-23T13:22:12.124722,513371,35
2026-06-23T13:22:12.124798,513372,34
2026-06-23T13:22:12.124871,513373,34
2026-06-23T13:22:12.124944,513374,34
2026-06-23T13:22:12.125016,513375,34
2026-06-23T13:22:12.125088,513376,34
2026-06-23T13:22:12.125159,513377,34
2026-06-23T13:22:12.125231,513378,34
2026-06-23T13:22:12.125302,513379,34
2026-06-23T13:22:12.135027,513380,34
2026-06-23T13:22:12.135132,513381,34
2026-06-23T13:22:12.135209,513382,34
2026-06-23T13:22:12.135283,513383,34
2026-06-23T13:22:12.135359,513384,35
2026-06-23T13:22:12.135449,513385,35
2026-06-23T13:22:12.135534,513386,35
2026-06-23T13:22:12.135606,513386,36
2026-06-23T13:22:12.135677,513387,36
2026-06-23T13:22:12.135747,513388,35
2026-06-23T13:22:12.135818,513389,35
2026-06-23T13:22:12.145447,513390,35
2026-06-23T13:22:12.145543,513391,35
2026-06-23T13:22:12.145618,513392,35
2026-06-23T13:22:12.145692,513393,39
2026-06-23T13:22:12.145765,513394,35
2026-06-23T13:22:12.145837,513395,35
2026-06-23T13:22:12.145909,513396,35
2026-06-23T13:22:12.145981,513397,35
2026-06-23T13:22:12.146053,513398,35
2026-06-23T13:22:12.146124,513399,35
2026-06-23T13:22:12.146212,513400,35
2026-06-23T13:22:12.155928,513401,35
2026-06-23T13:22:12.156027,513402,35
2026-06-23T13:22:12.156102,513403,35
2026-06-23T13:22:12.156176,513404,34
2026-06-23T13:22:12.156249,513405,34
2026-06-23T13:22:12.156321,513406,34
2026-06-23T13:22:12.156393,513407,34
2026-06-23T13:22:12.156464,513407,35
2026-06-23T13:22:12.156536,513408,35
2026-06-23T13:22:12.156652,513409,35
2026-06-23T13:22:12.156739,513410,36
2026-06-23T13:22:12.166322,513411,37
2026-06-23T13:22:12.166414,513412,37
2026-06-23T13:22:12.166489,513413,37
2026-06-23T13:22:12.166561,513414,38
2026-06-23T13:22:12.166634,513415,38
2026-06-23T13:22:12.166706,513416,39
2026-06-23T13:22:12.166778,513417,40
2026-06-23T13:22:12.166851,513418,39
2026-06-23T13:22:12.166923,513419,41
2026-06-23T13:22:12.166993,513420,42
2026-06-23T13:22:12.167068,513421,43
2026-06-23T13:22:12.176789,513422,43
2026-06-23T13:22:12.176885,513423,43
2026-06-23T13:22:12.176961,513424,43
2026-06-23T13:22:12.177035,513425,43
2026-06-23T13:22:12.177109,513426,44
2026-06-23T13:22:12.177182,513427,44
2026-06-23T13:22:12.177257,513428,44
2026-06-23T13:22:12.177329,513429,44
2026-06-23T13:22:12.177401,513429,44
2026-06-23T13:22:12.177489,513430,44
2026-06-23T13:22:12.177575,513431,44
2026-06-23T13:22:12.187314,513432,43
2026-06-23T13:22:12.187422,513433,44
2026-06-23T13:22:12.187497,513434,44
2026-06-23T13:22:12.187571,513435,44
2026-06-23T13:22:12.187644,513436,44
2026-06-23T13:22:12.187720,513437,45
2026-06-23T13:22:12.187793,513438,47
2026-06-23T13:22:12.187884,513439,47
2026-06-23T13:22:12.187957,513440,48
2026-06-23T13:22:12.188029,513441,48
2026-06-23T13:22:12.188102,513442,49
2026-06-23T13:22:12.197667,513443,49
2026-06-23T13:22:12.197778,513444,51
2026-06-23T13:22:12.197872,513445,52
2026-06-23T13:22:12.197984,513446,53
2026-06-23T13:22:12.198078,513447,53
2026-06-23T13:22:12.198171,513448,53
2026-06-23T13:22:12.198266,513449,53
2026-06-23T13:22:12.198358,513450,53
2026-06-23T13:22:12.198448,513450,54
2026-06-23T13:22:12.198538,513451,53
2026-06-23T13:22:12.198628,513452,53
2026-06-23T13:22:12.208165,513453,53
2026-06-23T13:22:12.208267,513454,52
2026-06-23T13:22:12.208342,513455,52
2026-06-23T13:22:12.208416,513456,52
2026-06-23T13:22:12.208490,513457,52
2026-06-23T13:22:12.208563,513458,52
2026-06-23T13:22:12.208635,513459,53
2026-06-23T13:22:12.208708,513460,53
2026-06-23T13:22:12.208780,513461,53
2026-06-23T13:22:12.208851,513462,54
2026-06-23T13:22:12.208922,513463,54
2026-06-23T13:22:12.218680,513464,54
2026-06-23T13:22:12.218787,513465,54
2026-06-23T13:22:12.218862,513466,53
2026-06-23T13:22:12.218936,513467,53
2026-06-23T13:22:12.219008,513468,53
2026-06-23T13:22:12.219086,513469,53
2026-06-23T13:22:12.219157,513470,52
2026-06-23T13:22:12.219248,513471,52
2026-06-23T13:22:12.219332,513471,51
2026-06-23T13:22:12.219407,513472,51
2026-06-23T13:22:12.219481,513473,50
2026-06-23T13:22:12.228964,513474,50
2026-06-23T13:22:12.229047,513475,49
2026-06-23T13:22:12.229120,513476,50
2026-06-23T13:22:12.229192,513477,49
2026-06-23T13:22:12.229264,513478,50
2026-06-23T13:22:12.229335,513479,49
2026-06-23T13:22:12.229406,513480,49
2026-06-23T13:22:12.229478,513481,49
2026-06-23T13:22:12.229549,513482,49
2026-06-23T13:22:12.229620,513483,48
2026-06-23T13:22:12.229692,513484,48
2026-06-23T13:22:12.239433,513485,48
2026-06-23T13:22:12.239532,513486,48
2026-06-23T13:22:12.239607,513487,48
2026-06-23T13:22:12.239682,513488,47
2026-06-23T13:22:12.239757,513489,47
2026-06-23T13:22:12.239828,513490,50
2026-06-23T13:22:12.239899,513491,47
2026-06-23T13:22:12.239975,513492,47
2026-06-23T13:22:12.240047,513493,46
2026-06-23T13:22:12.240232,513493,46
2026-06-23T13:22:12.249829,513494,46
2026-06-23T13:22:12.249927,513495,45
2026-06-23T13:22:12.250002,513496,45
2026-06-23T13:22:12.250075,513497,45
2026-06-23T13:22:12.250148,513498,44
2026-06-23T13:22:12.250220,513499,44
2026-06-23T13:22:12.250291,513500,44
2026-06-23T13:22:12.250364,513501,44
2026-06-23T13:22:12.250437,513502,43
2026-06-23T13:22:12.250508,513503,43
2026-06-23T13:22:12.250579,513504,43
2026-06-23T13:22:12.260312,513505,42
2026-06-23T13:22:12.260410,513506,42
2026-06-23T13:22:12.260488,513507,42
2026-06-23T13:22:12.260562,513508,42
2026-06-23T13:22:12.260655,513509,41
2026-06-23T13:22:12.260728,513510,41
2026-06-23T13:22:12.260800,513511,41
2026-06-23T13:22:12.260871,513512,41
2026-06-23T13:22:12.260943,513513,41
2026-06-23T13:22:12.261014,513514,41
2026-06-23T13:22:12.261085,513514,40
2026-06-23T13:22:12.270825,513515,40
2026-06-23T13:22:12.270931,513516,40
2026-06-23T13:22:12.271027,513517,40
2026-06-23T13:22:12.271102,513518,40
2026-06-23T13:22:12.271189,513519,39
2026-06-23T13:22:12.271263,513520,39
2026-06-23T13:22:12.271336,513521,39
2026-06-23T13:22:12.271408,513522,40
2026-06-23T13:22:12.271480,513523,40
2026-06-23T13:22:12.271552,513524,40
2026-06-23T13:22:12.271623,513525,41
2026-06-23T13:22:12.281212,513526,42
2026-06-23T13:22:12.281321,513527,43
2026-06-23T13:22:12.281414,513528,44
2026-06-23T13:22:12.281507,513529,43
2026-06-23T13:22:12.281602,513530,43
2026-06-23T13:22:12.281694,513531,43
2026-06-23T13:22:12.281792,513532,43
2026-06-23T13:22:12.281895,513533,43
2026-06-23T13:22:12.281986,513534,42
2026-06-23T13:22:12.282082,513535,42
2026-06-23T13:22:12.282172,513536,42
2026-06-23T13:22:12.291642,513536,42
2026-06-23T13:22:12.291741,513537,41
2026-06-23T13:22:12.291817,513538,41
2026-06-23T13:22:12.291890,513539,41
2026-06-23T13:22:12.291963,513540,41
2026-06-23T13:22:12.292035,513541,41
2026-06-23T13:22:12.292107,513542,41
2026-06-23T13:22:12.292179,513543,40
2026-06-23T13:22:12.292251,513544,41
2026-06-23T13:22:12.292322,513545,41
2026-06-23T13:22:12.292393,513546,40
2026-06-23T13:22:12.302114,513547,40
2026-06-23T13:22:12.302229,513548,40
2026-06-23T13:22:12.302306,513549,39
2026-06-23T13:22:12.302383,513550,39
2026-06-23T13:22:12.302456,513551,39
2026-06-23T13:22:12.302530,513552,39
2026-06-23T13:22:12.302601,513553,39
2026-06-23T13:22:12.302695,513554,39
2026-06-23T13:22:12.302766,513555,40
2026-06-23T13:22:12.302840,513556,40
2026-06-23T13:22:12.302911,513557,40
2026-06-23T13:22:12.312520,513557,40
2026-06-23T13:22:12.312606,513558,40
2026-06-23T13:22:12.312680,513559,41
2026-06-23T13:22:12.312753,513560,42
2026-06-23T13:22:12.312827,513561,42
2026-06-23T13:22:12.312900,513562,41
2026-06-23T13:22:12.312971,513563,41
2026-06-23T13:22:12.313042,513564,41
2026-06-23T13:22:12.313113,513565,41
2026-06-23T13:22:12.313185,513566,41
2026-06-23T13:22:12.313256,513567,42
2026-06-23T13:22:12.322977,513568,43
2026-06-23T13:22:12.323075,513569,43
2026-06-23T13:22:12.323149,513570,43
2026-06-23T13:22:12.323252,513571,44
2026-06-23T13:22:12.323340,513572,43
2026-06-23T13:22:12.323416,513573,43
2026-06-23T13:22:12.323495,513574,43
2026-06-23T13:22:12.323570,513575,42
2026-06-23T13:22:12.323643,513576,42
2026-06-23T13:22:12.323715,513577,42
2026-06-23T13:22:12.323788,513578,41
2026-06-23T13:22:12.333455,513578,41
2026-06-23T13:22:12.333551,513579,41
2026-06-23T13:22:12.333623,513580,40
2026-06-23T13:22:12.333697,513581,40
2026-06-23T13:22:12.333769,513582,40
2026-06-23T13:22:12.333841,513583,40
2026-06-23T13:22:12.333913,513584,40
2026-06-23T13:22:12.333984,513585,40
2026-06-23T13:22:12.334056,513586,39
2026-06-23T13:22:12.334127,513587,39
2026-06-23T13:22:12.334199,513588,39
2026-06-23T13:22:12.343838,513589,39
2026-06-23T13:22:12.343932,513590,39
2026-06-23T13:22:12.344022,513591,39
2026-06-23T13:22:12.344097,513592,40
2026-06-23T13:22:12.344189,513593,40
2026-06-23T13:22:12.344262,513594,39
2026-06-23T13:22:12.344333,513595,39
2026-06-23T13:22:12.344405,513596,39
2026-06-23T13:22:12.344477,513597,42
2026-06-23T13:22:12.344548,513598,39
2026-06-23T13:22:12.344620,513599,39
2026-06-23T13:22:12.354330,513600,39
2026-06-23T13:22:12.354433,513600,38
2026-06-23T13:22:12.354528,513601,39
2026-06-23T13:22:12.354603,513602,38
2026-06-23T13:22:12.354677,513603,38
2026-06-23T13:22:12.354751,513604,38
2026-06-23T13:22:12.354824,513605,38
2026-06-23T13:22:12.354895,513606,38
2026-06-23T13:22:12.354967,513607,37
2026-06-23T13:22:12.355038,513608,37
2026-06-23T13:22:12.364643,513609,37
2026-06-23T13:22:12.364731,513610,37
2026-06-23T13:22:12.364805,513611,37
2026-06-23T13:22:12.364880,513612,36
2026-06-23T13:22:12.364952,513613,39
2026-06-23T13:22:12.365023,513614,39
2026-06-23T13:22:12.365094,513615,39
2026-06-23T13:22:12.365166,513616,41
2026-06-23T13:22:12.365240,513617,42
2026-06-23T13:22:12.365312,513618,42
2026-06-23T13:22:12.365382,513619,43
2026-06-23T13:22:12.375163,513620,43
2026-06-23T13:22:12.375267,513621,45
2026-06-23T13:22:12.375347,513621,45
2026-06-23T13:22:12.375422,513622,45
2026-06-23T13:22:12.375497,513623,45
2026-06-23T13:22:12.375570,513624,46
2026-06-23T13:22:12.375643,513625,46
2026-06-23T13:22:12.375719,513626,46
2026-06-23T13:22:12.375795,513627,46
2026-06-23T13:22:12.375872,513628,46
2026-06-23T13:22:12.375946,513629,47
2026-06-23T13:22:12.385654,513630,47
2026-06-23T13:22:12.385757,513631,46
2026-06-23T13:22:12.385832,513632,47
2026-06-23T13:22:12.385906,513633,47
2026-06-23T13:22:12.385979,513634,46
2026-06-23T13:22:12.386051,513635,46
2026-06-23T13:22:12.386123,513636,45
2026-06-23T13:22:12.386196,513637,45
2026-06-23T13:22:12.386268,513638,45
2026-06-23T13:22:12.386339,513639,45
2026-06-23T13:22:12.386410,513640,45
2026-06-23T13:22:12.395975,513641,45
2026-06-23T13:22:12.396058,513642,44
2026-06-23T13:22:12.396130,513642,44
2026-06-23T13:22:12.396202,513643,44
2026-06-23T13:22:12.396274,513644,44
2026-06-23T13:22:12.396345,513645,43
2026-06-23T13:22:12.396417,513646,43
2026-06-23T13:22:12.396487,513647,43
2026-06-23T13:22:12.396558,513648,43
2026-06-23T13:22:12.396630,513649,43
2026-06-23T13:22:12.396701,513650,42
2026-06-23T13:22:12.406499,513651,42
2026-06-23T13:22:12.406645,513652,41
2026-06-23T13:22:12.406730,513653,41
2026-06-23T13:22:12.406806,513654,41
2026-06-23T13:22:12.406882,513655,41
2026-06-23T13:22:12.406955,513656,40
2026-06-23T13:22:12.407028,513657,37
2026-06-23T13:22:12.407100,513658,40
2026-06-23T13:22:12.407173,513659,40
2026-06-23T13:22:12.407245,513660,40
2026-06-23T13:22:12.407316,513661,40
2026-06-23T13:22:12.416904,513662,39
2026-06-23T13:22:12.417002,513663,39
2026-06-23T13:22:12.417066,513664,39
2026-06-23T13:22:12.417128,513664,40
2026-06-23T13:22:12.417189,513665,40
2026-06-23T13:22:12.417249,513666,40
2026-06-23T13:22:12.417309,513667,40
2026-06-23T13:22:12.417369,513668,41
2026-06-23T13:22:12.417427,513669,41
2026-06-23T13:22:12.417486,513670,41
2026-06-23T13:22:12.417545,513671,41
2026-06-23T13:22:12.427461,513672,41
2026-06-23T13:22:12.427562,513673,42
2026-06-23T13:22:12.427638,513674,43
2026-06-23T13:22:12.427732,513675,42
2026-06-23T13:22:12.427807,513676,42
2026-06-23T13:22:12.427879,513677,42
2026-06-23T13:22:12.427951,513678,42
2026-06-23T13:22:12.428022,513679,44
2026-06-23T13:22:12.428093,513680,41
2026-06-23T13:22:12.428165,513681,41
2026-06-23T13:22:12.428236,513682,41
2026-06-23T13:22:12.437854,513683,40
2026-06-23T13:22:12.437948,513684,40
2026-06-23T13:22:12.438022,513685,40
2026-06-23T13:22:12.438094,513685,40
2026-06-23T13:22:12.438167,513686,40
2026-06-23T13:22:12.438239,513687,40
2026-06-23T13:22:12.438310,513688,39
2026-06-23T13:22:12.438382,513689,39
2026-06-23T13:22:12.438454,513690,39
2026-06-23T13:22:12.438525,513691,39
2026-06-23T13:22:12.438596,513692,38
2026-06-23T13:22:12.448249,513693,38
2026-06-23T13:22:12.448342,513694,38
2026-06-23T13:22:12.448415,513695,38
2026-06-23T13:22:12.448487,513696,38
2026-06-23T13:22:12.448559,513697,38
2026-06-23T13:22:12.448630,513698,38
2026-06-23T13:22:12.448702,513699,39
2026-06-23T13:22:12.448773,513700,39
2026-06-23T13:22:12.448844,513701,39
2026-06-23T13:22:12.448915,513702,39
2026-06-23T13:22:12.448985,513703,39
2026-06-23T13:22:12.458695,513704,38
2026-06-23T13:22:12.458780,513705,40
2026-06-23T13:22:12.458853,513706,40
2026-06-23T13:22:12.458924,513706,40
2026-06-23T13:22:12.458996,513707,40
2026-06-23T13:22:12.459066,513708,41
2026-06-23T13:22:12.459138,513709,41
2026-06-23T13:22:12.459209,513710,41
2026-06-23T13:22:12.459280,513711,42
2026-06-23T13:22:12.459351,513712,42
2026-06-23T13:22:12.459422,513713,43
2026-06-23T13:22:12.469203,513714,43
2026-06-23T13:22:12.469301,513715,43
2026-06-23T13:22:12.469373,513716,44
2026-06-23T13:22:12.469448,513717,45
2026-06-23T13:22:12.469519,513718,45
2026-06-23T13:22:12.469590,513719,46
2026-06-23T13:22:12.469661,513720,46
2026-06-23T13:22:12.469733,513721,45
2026-06-23T13:22:12.469804,513722,46
2026-06-23T13:22:12.469874,513723,47
2026-06-23T13:22:12.479593,513724,47
2026-06-23T13:22:12.479679,513725,47
2026-06-23T13:22:12.479751,513726,47
2026-06-23T13:22:12.479823,513727,47
2026-06-23T13:22:12.479895,513728,47
2026-06-23T13:22:12.479967,513728,47
2026-06-23T13:22:12.480038,513729,47
2026-06-23T13:22:12.480110,513730,46
2026-06-23T13:22:12.480182,513731,45
2026-06-23T13:22:12.480255,513732,46
2026-06-23T13:22:12.480327,513733,45
2026-06-23T13:22:12.490007,513734,45
2026-06-23T13:22:12.490121,513735,45
2026-06-23T13:22:12.490198,513736,44
2026-06-23T13:22:12.490273,513737,44
2026-06-23T13:22:12.490346,513738,44
2026-06-23T13:22:12.490419,513739,43
2026-06-23T13:22:12.490491,513740,43
2026-06-23T13:22:12.490563,513741,43
2026-06-23T13:22:12.490635,513742,43
2026-06-23T13:22:12.490706,513743,43
2026-06-23T13:22:12.490784,513744,43
2026-06-23T13:22:12.500538,513745,42
2026-06-23T13:22:12.500662,513746,42
2026-06-23T13:22:12.500743,513747,43
2026-06-23T13:22:12.500824,513748,42
2026-06-23T13:22:12.500898,513749,43
2026-06-23T13:22:12.500971,513749,42
2026-06-23T13:22:12.501045,513750,42
2026-06-23T13:22:12.501118,513751,42
2026-06-23T13:22:12.501189,513752,42
2026-06-23T13:22:12.501260,513753,41
2026-06-23T13:22:12.501338,513754,41
2026-06-23T13:22:12.510906,513755,40
2026-06-23T13:22:12.511025,513756,41
2026-06-23T13:22:12.511122,513757,40
2026-06-23T13:22:12.511216,513758,41
2026-06-23T13:22:12.511308,513759,40
2026-06-23T13:22:12.511400,513760,40
2026-06-23T13:22:12.511491,513761,40
2026-06-23T13:22:12.511582,513762,40
2026-06-23T13:22:12.511672,513763,40
2026-06-23T13:22:12.511765,513764,40
2026-06-23T13:22:12.511892,513765,40
2026-06-23T13:22:12.521394,513766,40
2026-06-23T13:22:12.521488,513767,39
2026-06-23T13:22:12.521562,513768,39
2026-06-23T13:22:12.521634,513769,39
2026-06-23T13:22:12.521705,513770,39
2026-06-23T13:22:12.521775,513770,39
2026-06-23T13:22:12.521846,513771,39
2026-06-23T13:22:12.521917,513772,38
2026-06-23T13:22:12.521988,513773,38
2026-06-23T13:22:12.522059,513774,38
2026-06-23T13:22:12.522130,513775,39
2026-06-23T13:22:12.531762,513776,39
2026-06-23T13:22:12.531854,513777,39
2026-06-23T13:22:12.531926,513778,39
2026-06-23T13:22:12.532002,513779,39
2026-06-23T13:22:12.532073,513780,38
2026-06-23T13:22:12.532144,513781,35
2026-06-23T13:22:12.532216,513782,38
2026-06-23T13:22:12.532286,513783,39
2026-06-23T13:22:12.532357,513784,38
2026-06-23T13:22:12.532428,513785,38
2026-06-23T13:22:12.532499,513786,38
2026-06-23T13:22:12.542223,513787,38
2026-06-23T13:22:12.542309,513788,38
2026-06-23T13:22:12.542382,513789,39
2026-06-23T13:22:12.542453,513790,39
2026-06-23T13:22:12.542525,513791,39
2026-06-23T13:22:12.542596,513792,39
2026-06-23T13:22:12.542667,513792,39
2026-06-23T13:22:12.542738,513793,39
2026-06-23T13:22:12.542809,513794,39
2026-06-23T13:22:12.542880,513795,39
2026-06-23T13:22:12.542951,513796,39
2026-06-23T13:22:12.552701,513797,39
2026-06-23T13:22:12.552800,513798,39
2026-06-23T13:22:12.552872,513799,39
2026-06-23T13:22:12.552943,513800,39
2026-06-23T13:22:12.553015,513801,39
2026-06-23T13:22:12.553086,513802,39
2026-06-23T13:22:12.553176,513803,39
2026-06-23T13:22:12.553248,513804,38
2026-06-23T13:22:12.553318,513805,38
2026-06-23T13:22:12.553390,513806,38
2026-06-23T13:22:12.553460,513807,38
2026-06-23T13:22:12.563088,513808,38
2026-06-23T13:22:12.563170,513809,38
2026-06-23T13:22:12.563245,513810,38
2026-06-23T13:22:12.563316,513811,38
2026-06-23T13:22:12.563387,513812,38
2026-06-23T13:22:12.563457,513813,39
2026-06-23T13:22:12.563528,513813,39
2026-06-23T13:22:12.563601,513814,40
2026-06-23T13:22:12.563673,513815,40
2026-06-23T13:22:12.563744,513816,40
2026-06-23T13:22:12.563816,513817,39
2026-06-23T13:22:12.573600,513818,40
2026-06-23T13:22:12.573731,513819,42
2026-06-23T13:22:12.573812,513820,42
2026-06-23T13:22:12.573888,513821,42
2026-06-23T13:22:12.573963,513822,42
2026-06-23T13:22:12.574036,513823,43
2026-06-23T13:22:12.574109,513824,43
2026-06-23T13:22:12.574181,513825,43
2026-06-23T13:22:12.574254,513826,42
2026-06-23T13:22:12.574325,513827,43
2026-06-23T13:22:12.574397,513828,42
2026-06-23T13:22:12.584031,513829,42
2026-06-23T13:22:12.584126,513830,42
2026-06-23T13:22:12.584199,513831,42
2026-06-23T13:22:12.584272,513832,42
2026-06-23T13:22:12.584344,513833,42
2026-06-23T13:22:12.584420,513834,41
2026-06-23T13:22:12.584491,513835,41
2026-06-23T13:22:12.584562,513835,41
2026-06-23T13:22:12.584633,513836,40
2026-06-23T13:22:12.584704,513837,40
2026-06-23T13:22:12.594404,513838,40
2026-06-23T13:22:12.594494,513839,40
2026-06-23T13:22:12.594570,513840,40
2026-06-23T13:22:12.594643,513841,40
2026-06-23T13:22:12.594714,513842,40
2026-06-23T13:22:12.594787,513843,40
2026-06-23T13:22:12.594859,513844,40
2026-06-23T13:22:12.594947,513845,40
2026-06-23T13:22:12.595019,513846,40
2026-06-23T13:22:12.595091,513847,40
2026-06-23T13:22:12.595161,513848,40
2026-06-23T13:22:12.604847,513849,39
2026-06-23T13:22:12.604952,513850,39
2026-06-23T13:22:12.605027,513851,39
2026-06-23T13:22:12.605101,513852,39
2026-06-23T13:22:12.605175,513853,39
2026-06-23T13:22:12.605247,513854,39
2026-06-23T13:22:12.605320,513855,39
2026-06-23T13:22:12.605391,513856,39
2026-06-23T13:22:12.605462,513856,39
2026-06-23T13:22:12.605534,513857,39
2026-06-23T13:22:12.605606,513858,38
2026-06-23T13:22:12.615305,513859,38
2026-06-23T13:22:12.615400,513860,38
2026-06-23T13:22:12.615473,513861,38
2026-06-23T13:22:12.615545,513862,38
2026-06-23T13:22:12.615617,513863,38
2026-06-23T13:22:12.615689,513864,38
2026-06-23T13:22:12.615760,513865,37
2026-06-23T13:22:12.615831,513866,37
2026-06-23T13:22:12.615902,513867,37
2026-06-23T13:22:12.615972,513868,37
2026-06-23T13:22:12.616043,513869,37
2026-06-23T13:22:12.625741,513870,37
2026-06-23T13:22:12.625824,513871,37
2026-06-23T13:22:12.625896,513872,37
2026-06-23T13:22:12.625968,513873,37
2026-06-23T13:22:12.626040,513874,37
2026-06-23T13:22:12.626111,513875,37
2026-06-23T13:22:12.626184,513876,37
2026-06-23T13:22:12.626255,513877,37
2026-06-23T13:22:12.626326,513877,37
2026-06-23T13:22:12.626398,513878,38
2026-06-23T13:22:12.626470,513879,38
2026-06-23T13:22:12.636257,513880,38
2026-06-23T13:22:12.636353,513881,39
2026-06-23T13:22:12.636424,513882,38
2026-06-23T13:22:12.636505,513883,38
2026-06-23T13:22:12.636577,513884,39
2026-06-23T13:22:12.636649,513885,39
2026-06-23T13:22:12.636719,513886,39
2026-06-23T13:22:12.636791,513887,39
2026-06-23T13:22:12.636862,513888,39
2026-06-23T13:22:12.636932,513889,39
2026-06-23T13:22:12.637007,513890,39
2026-06-23T13:22:12.646629,513891,40
2026-06-23T13:22:12.646738,513892,40
2026-06-23T13:22:12.646831,513893,40
2026-06-23T13:22:12.646922,513894,40
2026-06-23T13:22:12.647014,513895,39
2026-06-23T13:22:12.647106,513896,40
2026-06-23T13:22:12.647197,513897,40
2026-06-23T13:22:12.647287,513898,39
2026-06-23T13:22:12.647378,513899,39
2026-06-23T13:22:12.647468,513899,40
2026-06-23T13:22:12.647558,513900,41
2026-06-23T13:22:12.657128,513901,42
2026-06-23T13:22:12.657228,513902,42
2026-06-23T13:22:12.657302,513903,42
2026-06-23T13:22:12.657376,513904,42
2026-06-23T13:22:12.657449,513905,43
2026-06-23T13:22:12.657522,513906,43
2026-06-23T13:22:12.657596,513907,43
2026-06-23T13:22:12.657668,513908,43
2026-06-23T13:22:12.657740,513909,44
2026-06-23T13:22:12.657812,513910,44
2026-06-23T13:22:12.657883,513911,45
2026-06-23T13:22:12.667579,513912,44
2026-06-23T13:22:12.667676,513913,44
2026-06-23T13:22:12.667753,513914,44
2026-06-23T13:22:12.667825,513915,44
2026-06-23T13:22:12.667896,513916,44
2026-06-23T13:22:12.667968,513917,43
2026-06-23T13:22:12.668040,513918,43
2026-06-23T13:22:12.668113,513919,43
2026-06-23T13:22:12.668184,513920,43
2026-06-23T13:22:12.668255,513920,42
2026-06-23T13:22:12.668326,513921,42
2026-06-23T13:22:12.677969,513922,42
2026-06-23T13:22:12.678050,513923,43
2026-06-23T13:22:12.678123,513924,42
2026-06-23T13:22:12.678194,513925,42
2026-06-23T13:22:12.678264,513926,42
2026-06-23T13:22:12.678336,513927,43
2026-06-23T13:22:12.678408,513928,44
2026-06-23T13:22:12.678479,513929,44
2026-06-23T13:22:12.678550,513930,45
2026-06-23T13:22:12.678621,513931,45
2026-06-23T13:22:12.678695,513932,44
2026-06-23T13:22:12.688424,513933,44
2026-06-23T13:22:12.688528,513934,44
2026-06-23T13:22:12.688604,513935,45
2026-06-23T13:22:12.688676,513936,46
2026-06-23T13:22:12.688748,513937,47
2026-06-23T13:22:12.688820,513938,47
2026-06-23T13:22:12.688891,513939,48
2026-06-23T13:22:12.688963,513940,49
2026-06-23T13:22:12.689034,513941,49
2026-06-23T13:22:12.689106,513941,48
2026-06-23T13:22:12.689177,513942,48
2026-06-23T13:22:12.698806,513943,48
2026-06-23T13:22:12.698899,513944,48
2026-06-23T13:22:12.698972,513945,48
2026-06-23T13:22:12.699044,513946,47
2026-06-23T13:22:12.699115,513947,47
2026-06-23T13:22:12.699186,513948,47
2026-06-23T13:22:12.699258,513949,47
2026-06-23T13:22:12.699331,513950,46
2026-06-23T13:22:12.699402,513951,46
2026-06-23T13:22:12.699473,513952,46
2026-06-23T13:22:12.709240,513953,46
2026-06-23T13:22:12.709337,513954,46
2026-06-23T13:22:12.709413,513955,46
2026-06-23T13:22:12.709487,513956,45
2026-06-23T13:22:12.709560,513957,45
2026-06-23T13:22:12.709632,513958,44
2026-06-23T13:22:12.709705,513959,44
2026-06-23T13:22:12.709776,513960,44
2026-06-23T13:22:12.709847,513961,44
2026-06-23T13:22:12.709919,513962,44
2026-06-23T13:22:12.709990,513963,44
2026-06-23T13:22:12.719832,513963,43
2026-06-23T13:22:12.719931,513964,43
2026-06-23T13:22:12.720008,513965,38
2026-06-23T13:22:12.720079,513966,42
2026-06-23T13:22:12.720151,513967,42
2026-06-23T13:22:12.720222,513968,42
2026-06-23T13:22:12.720292,513969,41
2026-06-23T13:22:12.720363,513970,41
2026-06-23T13:22:12.720434,513971,41
2026-06-23T13:22:12.720505,513972,40
2026-06-23T13:22:12.720575,513973,40
2026-06-23T13:22:12.730168,513974,40
2026-06-23T13:22:12.730274,513975,40
2026-06-23T13:22:12.730367,513976,40
2026-06-23T13:22:12.730458,513977,40
2026-06-23T13:22:12.730550,513978,40
2026-06-23T13:22:12.730641,513979,40
2026-06-23T13:22:12.730731,513980,40
2026-06-23T13:22:12.730821,513981,40
2026-06-23T13:22:12.730911,513982,40
2026-06-23T13:22:12.731001,513983,40
2026-06-23T13:22:12.731091,513984,40
2026-06-23T13:22:12.740606,513984,40
2026-06-23T13:22:12.740705,513985,40
2026-06-23T13:22:12.740778,513986,39
2026-06-23T13:22:12.740849,513987,40
2026-06-23T13:22:12.740921,513988,39
2026-06-23T13:22:12.740992,513989,39
2026-06-23T13:22:12.741064,513990,39
2026-06-23T13:22:12.741136,513991,39
2026-06-23T13:22:12.741207,513992,39
2026-06-23T13:22:12.741281,513993,39
2026-06-23T13:22:12.741353,513994,39
2026-06-23T13:22:12.751104,513995,39
2026-06-23T13:22:12.751201,513996,38
2026-06-23T13:22:12.751274,513997,38
2026-06-23T13:22:12.751345,513998,38
2026-06-23T13:22:12.751417,513999,38
2026-06-23T13:22:12.751489,514000,37
2026-06-23T13:22:12.751561,514001,38
2026-06-23T13:22:12.751632,514002,38
2026-06-23T13:22:12.751704,514003,37
2026-06-23T13:22:12.751774,514004,37
2026-06-23T13:22:12.751845,514005,37
2026-06-23T13:22:12.761515,514005,37
2026-06-23T13:22:12.761596,514006,37
2026-06-23T13:22:12.761668,514007,36
2026-06-23T13:22:12.761741,514008,37
2026-06-23T13:22:12.761812,514009,37
2026-06-23T13:22:12.761884,514010,37
2026-06-23T13:22:12.761955,514011,36
2026-06-23T13:22:12.762029,514012,37
2026-06-23T13:22:12.762101,514013,37
2026-06-23T13:22:12.762192,514014,38
2026-06-23T13:22:12.762268,514015,38
2026-06-23T13:22:12.771947,514016,37
2026-06-23T13:22:12.772047,514017,38
2026-06-23T13:22:12.772122,514018,38
2026-06-23T13:22:12.772194,514019,37
2026-06-23T13:22:12.772266,514020,37
2026-06-23T13:22:12.772339,514021,37
2026-06-23T13:22:12.772411,514022,37
2026-06-23T13:22:12.772483,514023,37
2026-06-23T13:22:12.772554,514024,36
2026-06-23T13:22:12.772625,514025,36
2026-06-23T13:22:12.772696,514026,36
2026-06-23T13:22:12.782304,514027,36
2026-06-23T13:22:12.782399,514027,36
2026-06-23T13:22:12.782473,514028,37
2026-06-23T13:22:12.782546,514029,37
2026-06-23T13:22:12.782618,514030,37
2026-06-23T13:22:12.782689,514031,36
2026-06-23T13:22:12.782761,514032,36
2026-06-23T13:22:12.782837,514033,36
2026-06-23T13:22:12.782908,514034,36
2026-06-23T13:22:12.782979,514035,36
2026-06-23T13:22:12.783049,514036,36
2026-06-23T13:22:12.792871,514037,36
2026-06-23T13:22:12.792991,514038,36
2026-06-23T13:22:12.793087,514039,36
2026-06-23T13:22:12.793183,514040,36
2026-06-23T13:22:12.793276,514041,36
2026-06-23T13:22:12.793370,514042,36
2026-06-23T13:22:12.793462,514043,36
2026-06-23T13:22:12.793553,514044,36
2026-06-23T13:22:12.793644,514045,35
2026-06-23T13:22:12.793735,514046,35
2026-06-23T13:22:12.793826,514047,35
2026-06-23T13:22:12.803341,514048,35
2026-06-23T13:22:12.803440,514048,35
2026-06-23T13:22:12.803512,514049,35
2026-06-23T13:22:12.803584,514050,35
2026-06-23T13:22:12.803656,514051,35
2026-06-23T13:22:12.803727,514052,35
2026-06-23T13:22:12.803798,514053,35
2026-06-23T13:22:12.803868,514054,34
2026-06-23T13:22:12.803939,514055,35
2026-06-23T13:22:12.804010,514056,35
2026-06-23T13:22:12.804081,514057,35
2026-06-23T13:22:12.813721,514058,35
2026-06-23T13:22:12.813827,514059,35
2026-06-23T13:22:12.813919,514060,35
2026-06-23T13:22:12.814011,514061,35
2026-06-23T13:22:12.814102,514062,35
2026-06-23T13:22:12.814193,514063,36
2026-06-23T13:22:12.814284,514064,36
2026-06-23T13:22:12.814374,514065,36
2026-06-23T13:22:12.814464,514066,36
2026-06-23T13:22:12.814554,514067,36
2026-06-23T13:22:12.824083,514068,37
2026-06-23T13:22:12.824174,514069,37
2026-06-23T13:22:12.824247,514070,38
2026-06-23T13:22:12.824319,514070,38
2026-06-23T13:22:12.824391,514071,38
2026-06-23T13:22:12.824462,514072,38
2026-06-23T13:22:12.824534,514073,38
2026-06-23T13:22:12.824605,514074,38
2026-06-23T13:22:12.824676,514075,38
2026-06-23T13:22:12.824746,514076,38
2026-06-23T13:22:12.824819,514077,38
2026-06-23T13:22:12.834580,514078,38
2026-06-23T13:22:12.834695,514079,38
2026-06-23T13:22:12.834772,514080,37
2026-06-23T13:22:12.834846,514081,37
2026-06-23T13:22:12.834919,514082,37
2026-06-23T13:22:12.834992,514083,37
2026-06-23T13:22:12.835063,514084,37
2026-06-23T13:22:12.835135,514085,37
2026-06-23T13:22:12.835206,514086,38
2026-06-23T13:22:12.835277,514087,37
2026-06-23T13:22:12.835348,514088,37
2026-06-23T13:22:12.844978,514089,37
2026-06-23T13:22:12.845096,514090,37
2026-06-23T13:22:12.845193,514091,37
2026-06-23T13:22:12.845286,514091,37
2026-06-23T13:22:12.845379,514092,37
2026-06-23T13:22:12.845475,514093,37
2026-06-23T13:22:12.845568,514094,37
2026-06-23T13:22:12.845659,514095,37
2026-06-23T13:22:12.845754,514096,37
2026-06-23T13:22:12.845845,514097,37
2026-06-23T13:22:12.845937,514098,37
2026-06-23T13:22:12.855528,514099,36
2026-06-23T13:22:12.855627,514100,36
2026-06-23T13:22:12.855701,514101,36
2026-06-23T13:22:12.855774,514102,37
2026-06-23T13:22:12.855847,514103,38
2026-06-23T13:22:12.855918,514104,38
2026-06-23T13:22:12.855989,514105,38
2026-06-23T13:22:12.856061,514106,38
2026-06-23T13:22:12.856132,514107,39
2026-06-23T13:22:12.856203,514108,39
2026-06-23T13:22:12.856274,514109,39
2026-06-23T13:22:12.865862,514110,39
2026-06-23T13:22:12.865956,514111,39
2026-06-23T13:22:12.866030,514112,40
2026-06-23T13:22:12.866103,514112,39
2026-06-23T13:22:12.866177,514113,39
2026-06-23T13:22:12.866250,514114,39
2026-06-23T13:22:12.866322,514115,39
2026-06-23T13:22:12.866394,514116,39
2026-06-23T13:22:12.866465,514117,38
2026-06-23T13:22:12.866536,514118,38
2026-06-23T13:22:12.866608,514119,38
2026-06-23T13:22:12.876340,514120,38
2026-06-23T13:22:12.876434,514121,38
2026-06-23T13:22:12.876509,514122,38
2026-06-23T13:22:12.876583,514123,37
2026-06-23T13:22:12.876657,514124,37
2026-06-23T13:22:12.876729,514125,37
2026-06-23T13:22:12.876801,514126,37
2026-06-23T13:22:12.876888,514127,37
2026-06-23T13:22:12.876977,514128,37
2026-06-23T13:22:12.877049,514129,37
2026-06-23T13:22:12.877120,514130,37
2026-06-23T13:22:12.886827,514131,37
2026-06-23T13:22:12.886928,514132,36
2026-06-23T13:22:12.887002,514133,36
2026-06-23T13:22:12.887074,514134,36
2026-06-23T13:22:12.887148,514134,36
2026-06-23T13:22:12.887219,514135,37
2026-06-23T13:22:12.887291,514136,37
2026-06-23T13:22:12.887362,514137,37
2026-06-23T13:22:12.887433,514138,37
2026-06-23T13:22:12.887504,514139,37
2026-06-23T13:22:12.887576,514140,37
2026-06-23T13:22:12.897203,514141,37
2026-06-23T13:22:12.897287,514142,37
2026-06-23T13:22:12.897361,514143,37
2026-06-23T13:22:12.897433,514144,37
2026-06-23T13:22:12.897506,514145,36
2026-06-23T13:22:12.897638,514146,36
2026-06-23T13:22:12.897722,514147,36
2026-06-23T13:22:12.897798,514148,36
2026-06-23T13:22:12.897873,514149,36
2026-06-23T13:22:12.897946,514150,35
2026-06-23T13:22:12.898018,514151,35
2026-06-23T13:22:12.907697,514152,35
2026-06-23T13:22:12.907797,514153,35
2026-06-23T13:22:12.907872,514154,35
2026-06-23T13:22:12.907945,514155,36
2026-06-23T13:22:12.908017,514155,36
2026-06-23T13:22:12.908088,514156,36
2026-06-23T13:22:12.908160,514157,35
2026-06-23T13:22:12.908230,514158,36
2026-06-23T13:22:12.908302,514159,36
2026-06-23T13:22:12.908374,514160,36
2026-06-23T13:22:12.908444,514161,36
2026-06-23T13:22:12.918121,514162,36
2026-06-23T13:22:12.918231,514163,36
2026-06-23T13:22:12.918305,514164,36
2026-06-23T13:22:12.918382,514165,36
2026-06-23T13:22:12.918455,514166,35
2026-06-23T13:22:12.918527,514167,36
2026-06-23T13:22:12.918598,514168,36
2026-06-23T13:22:12.918669,514169,36
2026-06-23T13:22:12.918740,514170,35
2026-06-23T13:22:12.918811,514171,35
2026-06-23T13:22:12.918881,514172,35
2026-06-23T13:22:12.928569,514173,36
2026-06-23T13:22:12.928654,514174,36
2026-06-23T13:22:12.928736,514175,36
2026-06-23T13:22:12.928810,514176,36
2026-06-23T13:22:12.928883,514176,36
2026-06-23T13:22:12.928955,514177,36
2026-06-23T13:22:12.929027,514178,36
2026-06-23T13:22:12.929098,514179,36
2026-06-23T13:22:12.929174,514180,36
2026-06-23T13:22:12.929249,514181,36
2026-06-23T13:22:12.938969,514182,36
2026-06-23T13:22:12.939075,514183,36
2026-06-23T13:22:12.939150,514184,36
2026-06-23T13:22:12.939224,514185,36
2026-06-23T13:22:12.939296,514186,36
2026-06-23T13:22:12.939368,514187,36
2026-06-23T13:22:12.939440,514188,36
2026-06-23T13:22:12.939512,514189,36
2026-06-23T13:22:12.939583,514190,36
2026-06-23T13:22:12.939655,514191,35
2026-06-23T13:22:12.939726,514192,35
2026-06-23T13:22:12.949324,514193,35
2026-06-23T13:22:12.949415,514194,35
2026-06-23T13:22:12.949488,514195,35
2026-06-23T13:22:12.949564,514196,35
2026-06-23T13:22:12.949637,514197,35
2026-06-23T13:22:12.949709,514198,35
2026-06-23T13:22:12.949781,514198,35
2026-06-23T13:22:12.949852,514199,35
2026-06-23T13:22:12.949924,514200,35
2026-06-23T13:22:12.949995,514201,35
2026-06-23T13:22:12.950066,514202,35
2026-06-23T13:22:12.959880,514203,35
2026-06-23T13:22:12.959976,514204,35
2026-06-23T13:22:12.960053,514205,36
2026-06-23T13:22:12.960128,514206,35
2026-06-23T13:22:12.960201,514207,35
2026-06-23T13:22:12.960282,514208,35
2026-06-23T13:22:12.960376,514209,34
2026-06-23T13:22:12.960472,514210,35
2026-06-23T13:22:12.960563,514211,35
2026-06-23T13:22:12.960656,514212,35
2026-06-23T13:22:12.960748,514213,35
2026-06-23T13:22:12.970263,514214,35
2026-06-23T13:22:12.970363,514215,35
2026-06-23T13:22:12.970438,514216,34
2026-06-23T13:22:12.970510,514217,35
2026-06-23T13:22:12.970583,514218,35
2026-06-23T13:22:12.970655,514219,35
2026-06-23T13:22:12.970727,514219,35
2026-06-23T13:22:12.970801,514220,34
2026-06-23T13:22:12.970875,514221,35
2026-06-23T13:22:12.970947,514222,34
2026-06-23T13:22:12.971018,514223,34
2026-06-23T13:22:12.980722,514224,34
2026-06-23T13:22:12.980826,514225,33
2026-06-23T13:22:12.980910,514226,34
2026-06-23T13:22:12.980986,514227,34
2026-06-23T13:22:12.981061,514228,34
2026-06-23T13:22:12.981133,514229,35
2026-06-23T13:22:12.981213,514230,35
2026-06-23T13:22:12.981289,514231,34
2026-06-23T13:22:12.981363,514232,35
2026-06-23T13:22:12.981438,514233,35
2026-06-23T13:22:12.981511,514234,35
2026-06-23T13:22:12.991122,514235,35
2026-06-23T13:22:12.991259,514236,35
2026-06-23T13:22:12.991332,514237,34
2026-06-23T13:22:12.991419,514238,34
2026-06-23T13:22:12.991496,514239,34
2026-06-23T13:22:12.991579,514240,34
2026-06-23T13:22:12.991655,514240,34
2026-06-23T13:22:12.991721,514241,34
2026-06-23T13:22:12.991786,514242,34
2026-06-23T13:22:12.991896,514243,34
2026-06-23T13:22:12.991963,514244,34
2026-06-23T13:22:13.001597,514245,34
2026-06-23T13:22:13.001707,514246,35
2026-06-23T13:22:13.001759,514247,35
2026-06-23T13:22:13.001811,514248,35
2026-06-23T13:22:13.001866,514249,35
2026-06-23T13:22:13.001922,514250,34
2026-06-23T13:22:13.001977,514251,34
2026-06-23T13:22:13.002032,514252,34
2026-06-23T13:22:13.002087,514253,34
2026-06-23T13:22:13.002144,514254,34
2026-06-23T13:22:13.002198,514255,34
2026-06-23T13:22:13.012002,514256,34
2026-06-23T13:22:13.012094,514257,34
2026-06-23T13:22:13.012174,514258,34
2026-06-23T13:22:13.012260,514259,34
2026-06-23T13:22:13.012316,514260,34
2026-06-23T13:22:13.012402,514261,34
2026-06-23T13:22:13.012452,514262,35
2026-06-23T13:22:13.012501,514262,34
2026-06-23T13:22:13.012550,514263,35
2026-06-23T13:22:13.012597,514264,35
2026-06-23T13:22:13.012675,514265,35
2026-06-23T13:22:13.022498,514266,34
2026-06-23T13:22:13.022700,514267,35
2026-06-23T13:22:13.022774,514268,34
2026-06-23T13:22:13.022821,514269,34
2026-06-23T13:22:13.022863,514270,34
2026-06-23T13:22:13.022931,514271,34
2026-06-23T13:22:13.022974,514272,34
2026-06-23T13:22:13.023016,514273,34
2026-06-23T13:22:13.023057,514274,34
2026-06-23T13:22:13.023097,514275,34
2026-06-23T13:22:13.023165,514276,34
2026-06-23T13:22:13.032848,514277,34
2026-06-23T13:22:13.032927,514278,34
2026-06-23T13:22:13.032965,514279,34
2026-06-23T13:22:13.033005,514280,35
2026-06-23T13:22:13.033043,514281,35
2026-06-23T13:22:13.033078,514282,35
2026-06-23T13:22:13.033113,514283,34
2026-06-23T13:22:13.033148,514283,35
2026-06-23T13:22:13.033182,514284,34
2026-06-23T13:22:13.033216,514285,35
2026-06-23T13:22:13.033251,514286,35
2026-06-23T13:22:13.043287,514287,35
2026-06-23T13:22:13.043337,514288,34
2026-06-23T13:22:13.043377,514289,34
2026-06-23T13:22:13.043416,514290,34
2026-06-23T13:22:13.043454,514291,35
2026-06-23T13:22:13.043492,514292,35
2026-06-23T13:22:13.043531,514293,34
2026-06-23T13:22:13.043569,514294,34
2026-06-23T13:22:13.043608,514295,35
2026-06-23T13:22:13.043646,514296,35
2026-06-23T13:22:13.053783,514297,34
2026-06-23T13:22:13.053897,514298,35
2026-06-23T13:22:13.053991,514299,35
2026-06-23T13:22:13.054082,514300,35
2026-06-23T13:22:13.054179,514301,35
2026-06-23T13:22:13.054270,514302,35
2026-06-23T13:22:13.054361,514303,35
2026-06-23T13:22:13.054451,514304,34
2026-06-23T13:22:13.054542,514305,34
2026-06-23T13:22:13.054633,514305,35
2026-06-23T13:22:13.054728,514306,34
2026-06-23T13:22:13.064241,514307,35
2026-06-23T13:22:13.064377,514308,35
2026-06-23T13:22:13.064457,514309,35
2026-06-23T13:22:13.064534,514310,35
2026-06-23T13:22:13.064610,514311,35
2026-06-23T13:22:13.064685,514312,35
2026-06-23T13:22:13.064759,514313,35
2026-06-23T13:22:13.064834,514314,35
2026-06-23T13:22:13.064908,514315,35
2026-06-23T13:22:13.064986,514316,35
2026-06-23T13:22:13.065060,514317,35
2026-06-23T13:22:13.074673,514318,35
2026-06-23T13:22:13.074766,514319,34
2026-06-23T13:22:13.074841,514320,34
2026-06-23T13:22:13.074916,514321,35
2026-06-23T13:22:13.074997,514322,35
2026-06-23T13:22:13.075091,514323,34
2026-06-23T13:22:13.075185,514324,35
2026-06-23T13:22:13.075278,514325,35
2026-06-23T13:22:13.075371,514326,35
2026-06-23T13:22:13.075465,514326,34
2026-06-23T13:22:13.075558,514327,35
2026-06-23T13:22:13.085135,514328,35
2026-06-23T13:22:13.085233,514329,35
2026-06-23T13:22:13.085309,514330,35
2026-06-23T13:22:13.085381,514331,35
2026-06-23T13:22:13.085453,514332,35
2026-06-23T13:22:13.085525,514333,35
2026-06-23T13:22:13.085597,514334,35
2026-06-23T13:22:13.085676,514335,35
2026-06-23T13:22:13.085750,514336,35
2026-06-23T13:22:13.085821,514337,35
2026-06-23T13:22:13.085892,514338,35
2026-06-23T13:22:13.095614,514339,35
2026-06-23T13:22:13.095740,514340,35
2026-06-23T13:22:13.095838,514341,35
2026-06-23T13:22:13.095932,514342,35
2026-06-23T13:22:13.096024,514343,35
2026-06-23T13:22:13.096116,514344,35
2026-06-23T13:22:13.096207,514345,35
2026-06-23T13:22:13.096299,514346,35
2026-06-23T13:22:13.096390,514347,35
2026-06-23T13:22:13.096480,514347,35
2026-06-23T13:22:13.096572,514348,35
2026-06-23T13:22:13.105971,514349,35
2026-06-23T13:22:13.106064,514350,35
2026-06-23T13:22:13.106139,514351,35
2026-06-23T13:22:13.106212,514352,34
2026-06-23T13:22:13.106325,514353,35
2026-06-23T13:22:13.106468,514354,35
2026-06-23T13:22:13.106556,514355,34
2026-06-23T13:22:13.106633,514356,35
2026-06-23T13:22:13.106707,514357,35
2026-06-23T13:22:13.106780,514358,34
2026-06-23T13:22:13.106853,514359,34
2026-06-23T13:22:13.116490,514360,34
2026-06-23T13:22:13.116605,514361,34
2026-06-23T13:22:13.116686,514362,34
2026-06-23T13:22:13.116773,514363,35
2026-06-23T13:22:13.116849,514364,35
2026-06-23T13:22:13.116921,514365,35
2026-06-23T13:22:13.116992,514366,35
2026-06-23T13:22:13.117064,514367,34
2026-06-23T13:22:13.117142,514368,34
2026-06-23T13:22:13.117216,514369,35
2026-06-23T13:22:13.117293,514369,35
2026-06-23T13:22:13.126882,514370,35
2026-06-23T13:22:13.126988,514371,35
2026-06-23T13:22:13.127080,514372,35
2026-06-23T13:22:13.127171,514373,35
2026-06-23T13:22:13.127262,514374,36
2026-06-23T13:22:13.127352,514375,35
2026-06-23T13:22:13.127443,514376,35
2026-06-23T13:22:13.127535,514377,35
2026-06-23T13:22:13.127629,514378,35
2026-06-23T13:22:13.127720,514379,35
2026-06-23T13:22:13.127812,514380,35
2026-06-23T13:22:13.137375,514381,35
2026-06-23T13:22:13.137486,514382,35
2026-06-23T13:22:13.137563,514383,35
2026-06-23T13:22:13.137637,514384,35
2026-06-23T13:22:13.137710,514385,35
2026-06-23T13:22:13.137798,514386,35
2026-06-23T13:22:13.137872,514387,35
2026-06-23T13:22:13.137944,514388,34
2026-06-23T13:22:13.138016,514389,34
2026-06-23T13:22:13.138099,514390,34
2026-06-23T13:22:13.138172,514390,38
2026-06-23T13:22:13.147734,514391,35
2026-06-23T13:22:13.147845,514392,35
2026-06-23T13:22:13.147940,514393,35
2026-06-23T13:22:13.148032,514394,35
2026-06-23T13:22:13.148125,514395,35
2026-06-23T13:22:13.148217,514396,34
2026-06-23T13:22:13.148309,514397,35
2026-06-23T13:22:13.148400,514398,34
2026-06-23T13:22:13.148491,514399,34
2026-06-23T13:22:13.148581,514400,34
2026-06-23T13:22:13.148671,514401,33
2026-06-23T13:22:13.158249,514402,34
2026-06-23T13:22:13.158345,514403,34
2026-06-23T13:22:13.158420,514404,34
2026-06-23T13:22:13.158494,514405,34
2026-06-23T13:22:13.158566,514406,34
2026-06-23T13:22:13.158638,514407,34
2026-06-23T13:22:13.158709,514408,34
2026-06-23T13:22:13.158780,514409,34
2026-06-23T13:22:13.158852,514410,33
2026-06-23T13:22:13.158924,514411,33
2026-06-23T13:22:13.168669,514411,33
2026-06-23T13:22:13.168777,514412,34
2026-06-23T13:22:13.168852,514413,34
2026-06-23T13:22:13.168926,514414,34
2026-06-23T13:22:13.168999,514415,34
2026-06-23T13:22:13.169071,514416,33
2026-06-23T13:22:13.169143,514417,33
2026-06-23T13:22:13.169215,514418,34
2026-06-23T13:22:13.169289,514419,34
2026-06-23T13:22:13.169370,514420,34
2026-06-23T13:22:13.169441,514421,34
2026-06-23T13:22:13.179092,514422,34
2026-06-23T13:22:13.179176,514423,34
2026-06-23T13:22:13.179251,514424,34
2026-06-23T13:22:13.179323,514425,34
2026-06-23T13:22:13.179395,514426,34
2026-06-23T13:22:13.179466,514427,34
2026-06-23T13:22:13.179538,514428,34
2026-06-23T13:22:13.179609,514429,34
2026-06-23T13:22:13.179680,514430,34
2026-06-23T13:22:13.179751,514431,34
2026-06-23T13:22:13.179821,514432,35
2026-06-23T13:22:13.189558,514433,37
2026-06-23T13:22:13.189654,514433,37
2026-06-23T13:22:13.189729,514434,39
2026-06-23T13:22:13.189802,514435,38
2026-06-23T13:22:13.189875,514436,39
2026-06-23T13:22:13.189946,514437,40
2026-06-23T13:22:13.190057,514438,40
2026-06-23T13:22:13.190142,514439,40
2026-06-23T13:22:13.190263,514440,42
2026-06-23T13:22:13.190346,514441,45
2026-06-23T13:22:13.190422,514442,46
2026-06-23T13:22:13.199983,514443,47
2026-06-23T13:22:13.200080,514444,47
2026-06-23T13:22:13.200155,514445,47
2026-06-23T13:22:13.200241,514446,47
2026-06-23T13:22:13.200314,514447,46
2026-06-23T13:22:13.200385,514448,46
2026-06-23T13:22:13.200457,514449,45
2026-06-23T13:22:13.200529,514450,45
2026-06-23T13:22:13.200600,514451,45
2026-06-23T13:22:13.200672,514452,45
2026-06-23T13:22:13.200742,514453,44
2026-06-23T13:22:13.210450,514454,44
2026-06-23T13:22:13.210570,514454,44
2026-06-23T13:22:13.210647,514455,44
2026-06-23T13:22:13.210734,514456,44
2026-06-23T13:22:13.210808,514457,43
2026-06-23T13:22:13.210881,514458,44
2026-06-23T13:22:13.210953,514459,44
2026-06-23T13:22:13.211025,514460,44
2026-06-23T13:22:13.211097,514461,44
2026-06-23T13:22:13.211169,514462,45
2026-06-23T13:22:13.211255,514463,45
2026-06-23T13:22:13.220937,514464,45
2026-06-23T13:22:13.221051,514465,44
2026-06-23T13:22:13.221143,514466,44
2026-06-23T13:22:13.221218,514467,44
2026-06-23T13:22:13.221292,514468,45
2026-06-23T13:22:13.221364,514469,45
2026-06-23T13:22:13.221437,514470,45
2026-06-23T13:22:13.221509,514471,45
2026-06-23T13:22:13.221580,514472,45
2026-06-23T13:22:13.221651,514473,44
2026-06-23T13:22:13.221723,514474,44
2026-06-23T13:22:13.231304,514475,44
2026-06-23T13:22:13.231453,514475,44
2026-06-23T13:22:13.231530,514476,44
2026-06-23T13:22:13.231603,514477,44
2026-06-23T13:22:13.231678,514478,44
2026-06-23T13:22:13.231750,514479,44
2026-06-23T13:22:13.231821,514480,44
2026-06-23T13:22:13.231896,514481,44
2026-06-23T13:22:13.231970,514482,43
2026-06-23T13:22:13.232041,514483,43
2026-06-23T13:22:13.232112,514484,43
2026-06-23T13:22:13.241765,514485,42
2026-06-23T13:22:13.241861,514486,42
2026-06-23T13:22:13.241936,514487,42
2026-06-23T13:22:13.242009,514488,42
2026-06-23T13:22:13.242082,514489,41
2026-06-23T13:22:13.242154,514490,42
2026-06-23T13:22:13.242226,514491,42
2026-06-23T13:22:13.242298,514492,41
2026-06-23T13:22:13.242369,514493,42
2026-06-23T13:22:13.242440,514494,42
2026-06-23T13:22:13.242511,514495,42
2026-06-23T13:22:13.252267,514496,43
2026-06-23T13:22:13.252372,514497,43
2026-06-23T13:22:13.252448,514497,42
2026-06-23T13:22:13.252521,514498,42
2026-06-23T13:22:13.252599,514499,42
2026-06-23T13:22:13.252670,514500,42
2026-06-23T13:22:13.252742,514501,42
2026-06-23T13:22:13.252814,514502,42
2026-06-23T13:22:13.252885,514503,42
2026-06-23T13:22:13.252956,514504,42
2026-06-23T13:22:13.253027,514505,41
2026-06-23T13:22:13.262658,514506,41
2026-06-23T13:22:13.262769,514507,41
2026-06-23T13:22:13.262862,514508,41
2026-06-23T13:22:13.262953,514509,41
2026-06-23T13:22:13.263044,514510,40
2026-06-23T13:22:13.263135,514511,40
2026-06-23T13:22:13.263226,514512,40
2026-06-23T13:22:13.263316,514513,40
2026-06-23T13:22:13.263407,514514,40
2026-06-23T13:22:13.263497,514515,39
2026-06-23T13:22:13.263593,514516,39
2026-06-23T13:22:13.273139,514517,39
2026-06-23T13:22:13.273231,514518,38
2026-06-23T13:22:13.273304,514518,38
2026-06-23T13:22:13.273376,514519,38
2026-06-23T13:22:13.273452,514520,38
2026-06-23T13:22:13.273525,514521,38
2026-06-23T13:22:13.273596,514522,38
2026-06-23T13:22:13.273670,514523,38
2026-06-23T13:22:13.273750,514524,37
2026-06-23T13:22:13.273823,514525,37
2026-06-23T13:22:13.283518,514526,37
2026-06-23T13:22:13.283617,514527,37
2026-06-23T13:22:13.283689,514528,37
2026-06-23T13:22:13.283761,514529,37
2026-06-23T13:22:13.283833,514530,37
2026-06-23T13:22:13.283928,514531,37
2026-06-23T13:22:13.284002,514532,36
2026-06-23T13:22:13.284076,514533,37
2026-06-23T13:22:13.284148,514534,37
2026-06-23T13:22:13.284220,514535,37
2026-06-23T13:22:13.284292,514536,37
2026-06-23T13:22:13.293951,514537,37
2026-06-23T13:22:13.294037,514538,37
2026-06-23T13:22:13.294110,514539,37
2026-06-23T13:22:13.294185,514539,37
2026-06-23T13:22:13.294256,514540,37
2026-06-23T13:22:13.294346,514541,37
2026-06-23T13:22:13.294418,514542,37
2026-06-23T13:22:13.294489,514543,37
2026-06-23T13:22:13.294559,514544,37
2026-06-23T13:22:13.294630,514545,38
2026-06-23T13:22:13.294700,514546,38
2026-06-23T13:22:13.304386,514547,37
2026-06-23T13:22:13.304503,514548,38
2026-06-23T13:22:13.304576,514549,37
2026-06-23T13:22:13.304649,514550,38
2026-06-23T13:22:13.304727,514551,38
2026-06-23T13:22:13.304800,514552,38
2026-06-23T13:22:13.304871,514553,38
2026-06-23T13:22:13.304942,514554,39
2026-06-23T13:22:13.305013,514555,39
2026-06-23T13:22:13.305084,514556,39
2026-06-23T13:22:13.305155,514557,40
2026-06-23T13:22:13.314740,514558,40
2026-06-23T13:22:13.314829,514559,40
2026-06-23T13:22:13.314903,514560,40
2026-06-23T13:22:13.314974,514561,40
2026-06-23T13:22:13.315046,514561,40
2026-06-23T13:22:13.315119,514562,39
2026-06-23T13:22:13.315190,514563,39
2026-06-23T13:22:13.315261,514564,39
2026-06-23T13:22:13.315332,514565,39
2026-06-23T13:22:13.315403,514566,39
2026-06-23T13:22:13.315474,514567,38
2026-06-23T13:22:13.325212,514568,39
2026-06-23T13:22:13.325298,514569,39
2026-06-23T13:22:13.325373,514570,39
2026-06-23T13:22:13.325445,514571,39
2026-06-23T13:22:13.325531,514572,39
2026-06-23T13:22:13.325618,514573,39
2026-06-23T13:22:13.325689,514574,39
2026-06-23T13:22:13.325762,514575,39
2026-06-23T13:22:13.325836,514576,38
2026-06-23T13:22:13.325907,514577,38
2026-06-23T13:22:13.325978,514578,39
2026-06-23T13:22:13.335743,514579,39
2026-06-23T13:22:13.335840,514580,39
2026-06-23T13:22:13.335912,514581,40
2026-06-23T13:22:13.335983,514582,39
2026-06-23T13:22:13.336054,514582,40
2026-06-23T13:22:13.336125,514583,40
2026-06-23T13:22:13.336197,514584,40
2026-06-23T13:22:13.336267,514585,40
2026-06-23T13:22:13.336338,514586,39
2026-06-23T13:22:13.336409,514587,39
2026-06-23T13:22:13.336480,514588,39
2026-06-23T13:22:13.346120,514589,39
2026-06-23T13:22:13.346202,514590,38
2026-06-23T13:22:13.346274,514591,38
2026-06-23T13:22:13.346346,514592,34
2026-06-23T13:22:13.346417,514593,39
2026-06-23T13:22:13.346488,514594,38
2026-06-23T13:22:13.346558,514595,38
2026-06-23T13:22:13.346629,514596,38
2026-06-23T13:22:13.346701,514597,38
2026-06-23T13:22:13.346772,514598,38
2026-06-23T13:22:13.346843,514599,38
2026-06-23T13:22:13.356622,514600,37
2026-06-23T13:22:13.356727,514601,37
2026-06-23T13:22:13.356861,514602,37
2026-06-23T13:22:13.356972,514603,37
2026-06-23T13:22:13.357108,514604,37
2026-06-23T13:22:13.357194,514604,37
2026-06-23T13:22:13.357269,514605,37
2026-06-23T13:22:13.357343,514606,37
2026-06-23T13:22:13.357417,514607,36
2026-06-23T13:22:13.357490,514608,37
2026-06-23T13:22:13.357564,514609,37
2026-06-23T13:22:13.367040,514610,36
2026-06-23T13:22:13.367129,514611,36
2026-06-23T13:22:13.367203,514612,36
2026-06-23T13:22:13.367277,514613,37
2026-06-23T13:22:13.367350,514614,37
2026-06-23T13:22:13.367424,514615,37
2026-06-23T13:22:13.367496,514616,39
2026-06-23T13:22:13.367569,514617,41
2026-06-23T13:22:13.367642,514618,44
2026-06-23T13:22:13.367715,514619,46
2026-06-23T13:22:13.367787,514620,46
2026-06-23T13:22:13.377518,514621,46
2026-06-23T13:22:13.377602,514622,46
2026-06-23T13:22:13.377676,514623,46
2026-06-23T13:22:13.377749,514624,46
2026-06-23T13:22:13.377822,514625,46
2026-06-23T13:22:13.377914,514625,47
2026-06-23T13:22:13.377994,514626,48
2026-06-23T13:22:13.378086,514627,49
2026-06-23T13:22:13.378160,514628,50
2026-06-23T13:22:13.378233,514629,51
2026-06-23T13:22:13.378306,514630,51
2026-06-23T13:22:13.387978,514631,51
2026-06-23T13:22:13.388069,514632,51
2026-06-23T13:22:13.388144,514633,48
2026-06-23T13:22:13.388218,514634,51
2026-06-23T13:22:13.388291,514635,52
2026-06-23T13:22:13.388364,514636,52
2026-06-23T13:22:13.388437,514637,52
2026-06-23T13:22:13.388509,514638,52
2026-06-23T13:22:13.388582,514639,53
2026-06-23T13:22:13.388655,514640,54
2026-06-23T13:22:13.398276,514641,55
2026-06-23T13:22:13.398396,514642,57
2026-06-23T13:22:13.398483,514643,59
2026-06-23T13:22:13.398557,514644,60
2026-06-23T13:22:13.398631,514645,60
2026-06-23T13:22:13.398705,514646,60
2026-06-23T13:22:13.398779,514646,59
2026-06-23T13:22:13.398852,514647,59
2026-06-23T13:22:13.398925,514648,58
2026-06-23T13:22:13.398998,514649,58
2026-06-23T13:22:13.399071,514650,58
2026-06-23T13:22:13.408757,514651,57
2026-06-23T13:22:13.408841,514652,57
2026-06-23T13:22:13.408915,514653,60
2026-06-23T13:22:13.408989,514654,62
2026-06-23T13:22:13.409062,514655,65
2026-06-23T13:22:13.409135,514656,66
2026-06-23T13:22:13.409208,514657,67
2026-06-23T13:22:13.409282,514658,67
2026-06-23T13:22:13.409355,514659,66
2026-06-23T13:22:13.409429,514660,67
2026-06-23T13:22:13.409501,514661,67
2026-06-23T13:22:13.419288,514662,66
2026-06-23T13:22:13.419388,514663,66
2026-06-23T13:22:13.419465,514664,67
2026-06-23T13:22:13.419539,514665,68
2026-06-23T13:22:13.419612,514666,69
2026-06-23T13:22:13.419685,514667,69
2026-06-23T13:22:13.419768,514668,68
2026-06-23T13:22:13.419842,514668,70
2026-06-23T13:22:13.419919,514669,73
2026-06-23T13:22:13.419991,514670,77
2026-06-23T13:22:13.420064,514671,81
2026-06-23T13:22:13.429662,514672,81
2026-06-23T13:22:13.429747,514673,81
2026-06-23T13:22:13.429821,514674,82
2026-06-23T13:22:13.429894,514675,84
2026-06-23T13:22:13.429967,514676,87
2026-06-23T13:22:13.430041,514677,92
2026-06-23T13:22:13.430114,514678,95
2026-06-23T13:22:13.430187,514679,96
2026-06-23T13:22:13.430260,514680,96
2026-06-23T13:22:13.430334,514681,97
2026-06-23T13:22:13.430407,514682,97
2026-06-23T13:22:13.440123,514683,95
2026-06-23T13:22:13.440238,514684,95
2026-06-23T13:22:13.440317,514685,97
2026-06-23T13:22:13.440399,514686,104
2026-06-23T13:22:13.440479,514687,101
2026-06-23T13:22:13.440553,514688,99
2026-06-23T13:22:13.440626,514689,99
2026-06-23T13:22:13.440698,514690,98
2026-06-23T13:22:13.440771,514691,96
2026-06-23T13:22:13.440842,514692,96
2026-06-23T13:22:13.440914,514693,97
2026-06-23T13:22:13.450565,514693,96
2026-06-23T13:22:13.450657,514694,96
2026-06-23T13:22:13.450733,514695,97
2026-06-23T13:22:13.450807,514696,99
2026-06-23T13:22:13.450886,514697,100
2026-06-23T13:22:13.450961,514698,99
2026-06-23T13:22:13.451034,514699,98
2026-06-23T13:22:13.451107,514700,99
2026-06-23T13:22:13.451180,514701,98
2026-06-23T13:22:13.451253,514702,97
2026-06-23T13:22:13.451326,514703,98
2026-06-23T13:22:13.461031,514704,99
2026-06-23T13:22:13.461146,514705,101
2026-06-23T13:22:13.461251,514706,101
2026-06-23T13:22:13.461372,514707,101
2026-06-23T13:22:13.461473,514708,101
2026-06-23T13:22:13.461574,514709,100
2026-06-23T13:22:13.461669,514710,99
2026-06-23T13:22:13.461762,514711,97
2026-06-23T13:22:13.461856,514712,97
2026-06-23T13:22:13.461951,514713,96
2026-06-23T13:22:13.471588,514714,96
2026-06-23T13:22:13.471684,514715,99
2026-06-23T13:22:13.471759,514716,93
2026-06-23T13:22:13.471835,514717,92
2026-06-23T13:22:13.471911,514718,91
2026-06-23T13:22:13.471985,514719,90
2026-06-23T13:22:13.472058,514720,89
2026-06-23T13:22:13.472132,514721,89
2026-06-23T13:22:13.472206,514722,91
2026-06-23T13:22:13.472281,514723,91
2026-06-23T13:22:13.472355,514724,92
2026-06-23T13:22:13.481846,514725,92
2026-06-23T13:22:13.481930,514726,91
2026-06-23T13:22:13.482003,514726,90
2026-06-23T13:22:13.482076,514727,88
2026-06-23T13:22:13.482148,514728,88
2026-06-23T13:22:13.482220,514729,89
2026-06-23T13:22:13.482292,514730,90
2026-06-23T13:22:13.482363,514731,89
2026-06-23T13:22:13.482435,514732,88
2026-06-23T13:22:13.482506,514733,87
2026-06-23T13:22:13.482577,514734,86
2026-06-23T13:22:13.492291,514735,88
2026-06-23T13:22:13.492383,514736,87
2026-06-23T13:22:13.492456,514737,89
2026-06-23T13:22:13.492530,514738,92
2026-06-23T13:22:13.492602,514739,93
2026-06-23T13:22:13.492673,514740,92
2026-06-23T13:22:13.492744,514741,91
2026-06-23T13:22:13.492815,514742,90
2026-06-23T13:22:13.492887,514743,92
2026-06-23T13:22:13.492959,514744,94
2026-06-23T13:22:13.493030,514745,96
2026-06-23T13:22:13.502760,514746,98
2026-06-23T13:22:13.502873,514747,97
2026-06-23T13:22:13.502954,514747,97
2026-06-23T13:22:13.503032,514748,96
2026-06-23T13:22:13.503106,514749,99
2026-06-23T13:22:13.503184,514750,100
2026-06-23T13:22:13.503262,514751,101
2026-06-23T13:22:13.503340,514752,102
2026-06-23T13:22:13.503418,514753,101
2026-06-23T13:22:13.503495,514755,100
2026-06-23T13:22:13.513134,514756,99
2026-06-23T13:22:13.513219,514757,101
2026-06-23T13:22:13.513289,514758,104
2026-06-23T13:22:13.513356,514759,103
2026-06-23T13:22:13.513420,514760,103
2026-06-23T13:22:13.513484,514761,102
2026-06-23T13:22:13.513548,514762,101
2026-06-23T13:22:13.513612,514763,100
2026-06-23T13:22:13.513676,514764,100
2026-06-23T13:22:13.513740,514765,100
2026-06-23T13:22:13.523658,514766,99
2026-06-23T13:22:13.523818,514767,102
2026-06-23T13:22:13.523905,514768,108
2026-06-23T13:22:13.523987,514769,105
2026-06-23T13:22:13.524070,514770,107
2026-06-23T13:22:13.524149,514771,109
2026-06-23T13:22:13.524228,514772,111
2026-06-23T13:22:13.524306,514773,110
2026-06-23T13:22:13.524383,514774,109
2026-06-23T13:22:13.524461,514775,110
2026-06-23T13:22:13.534094,514776,111
2026-06-23T13:22:13.534197,514777,112
2026-06-23T13:22:13.534277,514778,111
2026-06-23T13:22:13.534356,514779,111
2026-06-23T13:22:13.534434,514780,110
2026-06-23T13:22:13.534513,514781,109
2026-06-23T13:22:13.534593,514782,107
2026-06-23T13:22:13.534670,514784,105
2026-06-23T13:22:13.534747,514785,105
2026-06-23T13:22:13.534823,514786,104
2026-06-23T13:22:13.544506,514787,104
2026-06-23T13:22:13.544599,514788,104
2026-06-23T13:22:13.544678,514789,103
2026-06-23T13:22:13.544756,514790,104
2026-06-23T13:22:13.544837,514791,107
2026-06-23T13:22:13.544918,514792,112
2026-06-23T13:22:13.544995,514793,107
2026-06-23T13:22:13.545072,514794,106
2026-06-23T13:22:13.545149,514795,104
2026-06-23T13:22:13.545225,514796,103
2026-06-23T13:22:13.554963,514797,102
2026-06-23T13:22:13.555062,514798,102
2026-06-23T13:22:13.555140,514799,104
2026-06-23T13:22:13.555218,514800,102
2026-06-23T13:22:13.555295,514801,101
2026-06-23T13:22:13.555371,514802,100
2026-06-23T13:22:13.555447,514803,100
2026-06-23T13:22:13.555523,514804,100
2026-06-23T13:22:13.555599,514805,100
2026-06-23T13:22:13.555671,514806,99
2026-06-23T13:22:13.555743,514807,99
2026-06-23T13:22:13.565378,514808,99
2026-06-23T13:22:13.565495,514809,100
2026-06-23T13:22:13.565590,514810,99
2026-06-23T13:22:13.565689,514811,100
2026-06-23T13:22:13.565787,514812,102
2026-06-23T13:22:13.565886,514813,102
2026-06-23T13:22:13.565984,514814,101
2026-06-23T13:22:13.566078,514815,99
2026-06-23T13:22:13.566169,514816,98
2026-06-23T13:22:13.566260,514817,99
2026-06-23T13:22:13.575862,514818,100
2026-06-23T13:22:13.575972,514819,101
2026-06-23T13:22:13.576070,514820,102
2026-06-23T13:22:13.576167,514821,101
2026-06-23T13:22:13.576264,514823,100
2026-06-23T13:22:13.576355,514824,99
2026-06-23T13:22:13.576447,514825,98
2026-06-23T13:22:13.576537,514825,98
2026-06-23T13:22:13.576629,514826,99
2026-06-23T13:22:13.576726,514827,100
2026-06-23T13:22:13.586393,514828,99
2026-06-23T13:22:13.586495,514829,98
2026-06-23T13:22:13.586571,514830,98
2026-06-23T13:22:13.586646,514831,98
2026-06-23T13:22:13.586721,514832,97
2026-06-23T13:22:13.586799,514833,97
2026-06-23T13:22:13.586870,514834,99
2026-06-23T13:22:13.586946,514835,102
2026-06-23T13:22:13.587023,514836,103
2026-06-23T13:22:13.587099,514837,102
2026-06-23T13:22:13.587174,514838,102
2026-06-23T13:22:13.596728,514839,100
2026-06-23T13:22:13.596847,514840,101
2026-06-23T13:22:13.596947,514841,101
2026-06-23T13:22:13.597044,514842,101
2026-06-23T13:22:13.597142,514843,101
2026-06-23T13:22:13.597239,514844,100
2026-06-23T13:22:13.597336,514846,101
2026-06-23T13:22:13.597433,514847,102
2026-06-23T13:22:13.597529,514848,104
2026-06-23T13:22:13.597626,514849,104
2026-06-23T13:22:13.607180,514850,104
2026-06-23T13:22:13.607276,514851,106
2026-06-23T13:22:13.607353,514852,106
2026-06-23T13:22:13.607430,514853,107
2026-06-23T13:22:13.607506,514854,106
2026-06-23T13:22:13.607583,514855,105
2026-06-23T13:22:13.607659,514856,104
2026-06-23T13:22:13.607736,514857,106
2026-06-23T13:22:13.607813,514858,108
2026-06-23T13:22:13.607891,514859,108
2026-06-23T13:22:13.617600,514860,108
2026-06-23T13:22:13.617704,514861,108
2026-06-23T13:22:13.617783,514862,111
2026-06-23T13:22:13.617863,514863,111
2026-06-23T13:22:13.617942,514864,109
2026-06-23T13:22:13.618021,514865,109
2026-06-23T13:22:13.618101,514866,109
2026-06-23T13:22:13.618179,514867,108
2026-06-23T13:22:13.618257,514868,108
2026-06-23T13:22:13.618336,514870,107
2026-06-23T13:22:13.628038,514871,108
2026-06-23T13:22:13.628126,514872,108
2026-06-23T13:22:13.628205,514873,107
2026-06-23T13:22:13.628283,514874,107
2026-06-23T13:22:13.628362,514875,105
2026-06-23T13:22:13.628441,514876,104
2026-06-23T13:22:13.628522,514877,103
2026-06-23T13:22:13.628602,514878,103
2026-06-23T13:22:13.628680,514879,102
2026-06-23T13:22:13.628759,514880,102
2026-06-23T13:22:13.638528,514881,105
2026-06-23T13:22:13.638624,514882,100
2026-06-23T13:22:13.638697,514883,99
2026-06-23T13:22:13.638768,514884,94
2026-06-23T13:22:13.638840,514885,97
2026-06-23T13:22:13.638912,514886,97
2026-06-23T13:22:13.638984,514887,97
2026-06-23T13:22:13.639056,514888,97
2026-06-23T13:22:13.639128,514889,95
2026-06-23T13:22:13.639200,514890,94
2026-06-23T13:22:13.639271,514891,93
2026-06-23T13:22:13.648864,514892,93
2026-06-23T13:22:13.648956,514893,92
2026-06-23T13:22:13.649028,514894,91
2026-06-23T13:22:13.649102,514895,91
2026-06-23T13:22:13.649177,514895,90
2026-06-23T13:22:13.649248,514896,88
2026-06-23T13:22:13.649319,514897,88
2026-06-23T13:22:13.649390,514898,89
2026-06-23T13:22:13.649461,514899,90
2026-06-23T13:22:13.649532,514900,91
2026-06-23T13:22:13.649603,514901,90
2026-06-23T13:22:13.659373,514902,89
2026-06-23T13:22:13.659472,514903,88
2026-06-23T13:22:13.659564,514904,88
2026-06-23T13:22:13.659655,514905,88
2026-06-23T13:22:13.659746,514906,88
2026-06-23T13:22:13.659837,514907,88
2026-06-23T13:22:13.659927,514908,88
2026-06-23T13:22:13.660019,514909,88
2026-06-23T13:22:13.660110,514910,89
2026-06-23T13:22:13.660215,514911,89
2026-06-23T13:22:13.669803,514912,88
2026-06-23T13:22:13.669898,514913,89
2026-06-23T13:22:13.669973,514914,91
2026-06-23T13:22:13.670044,514915,91
2026-06-23T13:22:13.670116,514916,90
2026-06-23T13:22:13.670192,514916,91
2026-06-23T13:22:13.670265,514917,91
2026-06-23T13:22:13.670337,514918,92
2026-06-23T13:22:13.670408,514919,94
2026-06-23T13:22:13.670479,514920,97
2026-06-23T13:22:13.670551,514921,99
2026-06-23T13:22:13.680180,514922,99
2026-06-23T13:22:13.680288,514923,98
2026-06-23T13:22:13.680381,514924,97
2026-06-23T13:22:13.680480,514925,101
2026-06-23T13:22:13.680571,514926,97
2026-06-23T13:22:13.680662,514927,96
2026-06-23T13:22:13.680753,514928,95
2026-06-23T13:22:13.680844,514929,94
2026-06-23T13:22:13.680933,514930,93
2026-06-23T13:22:13.681023,514931,92
2026-06-23T13:22:13.681114,514932,91
2026-06-23T13:22:13.690616,514933,90
2026-06-23T13:22:13.690714,514934,89
2026-06-23T13:22:13.690790,514935,89
2026-06-23T13:22:13.690865,514936,88
2026-06-23T13:22:13.690941,514937,87
2026-06-23T13:22:13.691016,514938,86
2026-06-23T13:22:13.691093,514939,85
2026-06-23T13:22:13.691168,514940,84
2026-06-23T13:22:13.691245,514940,82
2026-06-23T13:22:13.691323,514941,81
2026-06-23T13:22:13.691398,514942,80
2026-06-23T13:22:13.701119,514943,80
2026-06-23T13:22:13.701230,514944,79
2026-06-23T13:22:13.701305,514945,78
2026-06-23T13:22:13.701381,514946,79
2026-06-23T13:22:13.701454,514947,78
2026-06-23T13:22:13.701527,514948,77
2026-06-23T13:22:13.701600,514949,77
2026-06-23T13:22:13.701673,514950,78
2026-06-23T13:22:13.701745,514951,79
2026-06-23T13:22:13.701818,514952,79
2026-06-23T13:22:13.701890,514953,78
2026-06-23T13:22:13.711571,514954,78
2026-06-23T13:22:13.711659,514955,79
2026-06-23T13:22:13.711733,514956,78
2026-06-23T13:22:13.711812,514957,77
2026-06-23T13:22:13.711886,514958,76
2026-06-23T13:22:13.711959,514959,75
2026-06-23T13:22:13.712031,514960,75
2026-06-23T13:22:13.712109,514961,75
2026-06-23T13:22:13.712227,514961,74
2026-06-23T13:22:13.712328,514962,75
2026-06-23T13:22:13.712408,514963,74
2026-06-23T13:22:13.722061,514964,74
2026-06-23T13:22:13.722163,514965,73
2026-06-23T13:22:13.722236,514966,72
2026-06-23T13:22:13.722309,514967,71
2026-06-23T13:22:13.722382,514968,70
2026-06-23T13:22:13.722453,514969,70
2026-06-23T13:22:13.722525,514970,69
2026-06-23T13:22:13.722597,514971,68
2026-06-23T13:22:13.722669,514972,68
2026-06-23T13:22:13.722740,514973,68
2026-06-23T13:22:13.722810,514974,67
2026-06-23T13:22:13.732459,514975,67
2026-06-23T13:22:13.732546,514976,66
2026-06-23T13:22:13.732619,514977,66
2026-06-23T13:22:13.732691,514978,65
2026-06-23T13:22:13.732762,514979,64
2026-06-23T13:22:13.732833,514980,63
2026-06-23T13:22:13.732905,514981,64
2026-06-23T13:22:13.732977,514982,64
2026-06-23T13:22:13.733048,514982,65
2026-06-23T13:22:13.733119,514983,65
2026-06-23T13:22:13.733190,514984,64
2026-06-23T13:22:13.742923,514985,66
2026-06-23T13:22:13.743009,514986,67
2026-06-23T13:22:13.743082,514987,68
2026-06-23T13:22:13.743153,514988,71
2026-06-23T13:22:13.743225,514989,72
2026-06-23T13:22:13.743296,514990,73
2026-06-23T13:22:13.743367,514991,74
2026-06-23T13:22:13.743439,514992,74
2026-06-23T13:22:13.743511,514993,74
2026-06-23T13:22:13.743584,514994,74
2026-06-23T13:22:13.743655,514995,74
2026-06-23T13:22:13.753361,514996,73
2026-06-23T13:22:13.753487,514997,73
2026-06-23T13:22:13.753567,514998,72
2026-06-23T13:22:13.753644,514999,72
2026-06-23T13:22:13.753720,515000,72
2026-06-23T13:22:13.753796,515001,72
2026-06-23T13:22:13.753870,515002,71
2026-06-23T13:22:13.753942,515003,71
2026-06-23T13:22:13.754015,515004,72
2026-06-23T13:22:13.754086,515004,71
2026-06-23T13:22:13.754159,515005,71
2026-06-23T13:22:13.763815,515006,70
2026-06-23T13:22:13.763934,515007,70
2026-06-23T13:22:13.764015,515008,70
2026-06-23T13:22:13.764094,515009,69
2026-06-23T13:22:13.764241,515010,68
2026-06-23T13:22:13.764320,515011,68
2026-06-23T13:22:13.764395,515012,68
2026-06-23T13:22:13.764468,515013,67
2026-06-23T13:22:13.764542,515014,67
2026-06-23T13:22:13.764615,515015,66
2026-06-23T13:22:13.774179,515016,68
2026-06-23T13:22:13.774268,515017,67
2026-06-23T13:22:13.774331,515018,68
2026-06-23T13:22:13.774393,515019,70
2026-06-23T13:22:13.774454,515020,71
2026-06-23T13:22:13.774516,515021,70
2026-06-23T13:22:13.774575,515022,70
2026-06-23T13:22:13.774634,515023,70
2026-06-23T13:22:13.774692,515024,69
2026-06-23T13:22:13.774751,515025,69
2026-06-23T13:22:13.774809,515025,69
2026-06-23T13:22:13.784673,515026,68
2026-06-23T13:22:13.784769,515027,68
2026-06-23T13:22:13.784823,515028,67
2026-06-23T13:22:13.784875,515029,66
2026-06-23T13:22:13.784926,515030,65
2026-06-23T13:22:13.784980,515031,66
2026-06-23T13:22:13.785047,515032,68
2026-06-23T13:22:13.785098,515033,71
2026-06-23T13:22:13.785157,515034,73
2026-06-23T13:22:13.785207,515035,75
2026-06-23T13:22:13.785266,515036,76
2026-06-23T13:22:13.795088,515037,77
2026-06-23T13:22:13.795204,515038,77
2026-06-23T13:22:13.795302,515039,79
2026-06-23T13:22:13.795397,515040,83
2026-06-23T13:22:13.795494,515041,85
2026-06-23T13:22:13.795586,515042,86
2026-06-23T13:22:13.795679,515043,87
2026-06-23T13:22:13.795771,515044,87
2026-06-23T13:22:13.795881,515045,87
2026-06-23T13:22:13.795945,515046,87
2026-06-23T13:22:13.795996,515046,86
2026-06-23T13:22:13.805567,515047,86
2026-06-23T13:22:13.805705,515048,86
2026-06-23T13:22:13.805801,515049,86
2026-06-23T13:22:13.805894,515050,85
2026-06-23T13:22:13.805987,515051,83
2026-06-23T13:22:13.806079,515052,82
2026-06-23T13:22:13.806171,515053,81
2026-06-23T13:22:13.806262,515054,80
2026-06-23T13:22:13.806353,515055,81
2026-06-23T13:22:13.806444,515056,82
2026-06-23T13:22:13.806535,515057,81
2026-06-23T13:22:13.815968,515058,82
2026-06-23T13:22:13.816057,515059,87
2026-06-23T13:22:13.816118,515060,93
2026-06-23T13:22:13.816177,515061,98
2026-06-23T13:22:13.816240,515062,100
2026-06-23T13:22:13.816304,515063,102
2026-06-23T13:22:13.816368,515064,109
2026-06-23T13:22:13.816431,515065,118
2026-06-23T13:22:13.816494,515066,125
2026-06-23T13:22:13.816556,515067,128
2026-06-23T13:22:13.826407,515068,127
2026-06-23T13:22:13.826524,515069,127
2026-06-23T13:22:13.826624,515070,128
2026-06-23T13:22:13.826723,515071,127
2026-06-23T13:22:13.826823,515072,127
2026-06-23T13:22:13.826922,515073,125
2026-06-23T13:22:13.826991,515074,131
2026-06-23T13:22:13.827054,515075,133
2026-06-23T13:22:13.827117,515076,130
2026-06-23T13:22:13.827180,515077,132
2026-06-23T13:22:13.836891,515078,143
2026-06-23T13:22:13.837004,515079,156
2026-06-23T13:22:13.837082,515081,163
2026-06-23T13:22:13.837159,515082,162
2026-06-23T13:22:13.837236,515083,163
2026-06-23T13:22:13.837313,515084,166
2026-06-23T13:22:13.837395,515085,167
2026-06-23T13:22:13.837479,515086,167
2026-06-23T13:22:13.837561,515087,169
2026-06-23T13:22:13.837638,515088,173
2026-06-23T13:22:13.847305,515089,177
2026-06-23T13:22:13.847411,515090,178
2026-06-23T13:22:13.847488,515091,176
2026-06-23T13:22:13.847567,515092,177
2026-06-23T13:22:13.847644,515093,179
2026-06-23T13:22:13.847721,515094,178
2026-06-23T13:22:13.847797,515095,177
2026-06-23T13:22:13.847893,515096,179
2026-06-23T13:22:13.848021,515097,180
2026-06-23T13:22:13.848098,515098,179
2026-06-23T13:22:13.857701,515099,184
2026-06-23T13:22:13.857791,515100,194
2026-06-23T13:22:13.857869,515101,202
2026-06-23T13:22:13.857947,515102,203
2026-06-23T13:22:13.858023,515103,203
2026-06-23T13:22:13.858100,515105,207
2026-06-23T13:22:13.858178,515106,207
2026-06-23T13:22:13.858255,515107,203
2026-06-23T13:22:13.858332,515108,202
2026-06-23T13:22:13.858408,515109,205
2026-06-23T13:22:13.868175,515110,205
2026-06-23T13:22:13.868278,515111,202
2026-06-23T13:22:13.868356,515112,198
2026-06-23T13:22:13.868433,515113,201
2026-06-23T13:22:13.868510,515114,209
2026-06-23T13:22:13.868587,515115,224
2026-06-23T13:22:13.868663,515116,240
2026-06-23T13:22:13.868742,515117,251
2026-06-23T13:22:13.868823,515118,255
2026-06-23T13:22:13.868899,515119,253
2026-06-23T13:22:13.878589,515120,249
2026-06-23T13:22:13.878678,515121,249
2026-06-23T13:22:13.878758,515122,257
2026-06-23T13:22:13.878838,515123,273
2026-06-23T13:22:13.878917,515124,289
2026-06-23T13:22:13.878994,515125,299
2026-06-23T13:22:13.879070,515126,301
2026-06-23T13:22:13.879147,515127,297
2026-06-23T13:22:13.879223,515128,293
2026-06-23T13:22:13.879299,515130,291
2026-06-23T13:22:13.889049,515131,287
2026-06-23T13:22:13.889147,515132,287
2026-06-23T13:22:13.889225,515133,293
2026-06-23T13:22:13.889301,515134,300
2026-06-23T13:22:13.889377,515135,310
2026-06-23T13:22:13.889453,515136,325
2026-06-23T13:22:13.889529,515137,329
2026-06-23T13:22:13.889605,515138,324
2026-06-23T13:22:13.889681,515139,325
2026-06-23T13:22:13.889757,515140,327
2026-06-23T13:22:13.899494,515141,324
2026-06-23T13:22:13.899622,515142,319
2026-06-23T13:22:13.899708,515143,313
2026-06-23T13:22:13.899788,515144,310
2026-06-23T13:22:13.899867,515145,309
2026-06-23T13:22:13.899944,515146,309
2026-06-23T13:22:13.900021,515147,306
2026-06-23T13:22:13.900098,515148,301
2026-06-23T13:22:13.900176,515149,302
2026-06-23T13:22:13.900258,515150,299
2026-06-23T13:22:13.909929,515151,294
2026-06-23T13:22:13.910030,515152,289
2026-06-23T13:22:13.910112,515153,292
2026-06-23T13:22:13.910219,515155,303
2026-06-23T13:22:13.910298,515156,305
2026-06-23T13:22:13.910376,515157,309
2026-06-23T13:22:13.910453,515158,319
2026-06-23T13:22:13.910531,515159,324
2026-06-23T13:22:13.910607,515160,323
2026-06-23T13:22:13.910685,515161,318
2026-06-23T13:22:13.920417,515162,315
2026-06-23T13:22:13.920522,515163,310
2026-06-23T13:22:13.920600,515164,307
2026-06-23T13:22:13.920677,515165,302
2026-06-23T13:22:13.920761,515166,296
2026-06-23T13:22:13.920841,515167,291
2026-06-23T13:22:13.920918,515168,289
2026-06-23T13:22:13.920994,515169,291
2026-06-23T13:22:13.921070,515170,288
2026-06-23T13:22:13.921166,515171,289
2026-06-23T13:22:13.930807,515172,290
2026-06-23T13:22:13.930904,515173,298
2026-06-23T13:22:13.930983,515174,308
2026-06-23T13:22:13.931062,515175,309
2026-06-23T13:22:13.931140,515176,308
2026-06-23T13:22:13.931217,515177,315
2026-06-23T13:22:13.931294,515178,315
2026-06-23T13:22:13.931371,515180,310
2026-06-23T13:22:13.931448,515181,307
2026-06-23T13:22:13.931527,515182,306
2026-06-23T13:22:13.941216,515183,301
2026-06-23T13:22:13.941319,515184,301
2026-06-23T13:22:13.941401,515185,303
2026-06-23T13:22:13.941480,515186,311
2026-06-23T13:22:13.941558,515187,321
2026-06-23T13:22:13.941636,515188,323
2026-06-23T13:22:13.941713,515189,319
2026-06-23T13:22:13.941790,515190,322
2026-06-23T13:22:13.941866,515191,326
2026-06-23T13:22:13.941943,515192,327
2026-06-23T13:22:13.951771,515193,327
2026-06-23T13:22:13.951889,515194,327
2026-06-23T13:22:13.951969,515195,326
2026-06-23T13:22:13.952054,515196,320
2026-06-23T13:22:13.952134,515197,315
2026-06-23T13:22:13.952223,515198,313
2026-06-23T13:22:13.952299,515199,310
2026-06-23T13:22:13.952376,515200,304
2026-06-23T13:22:13.952452,515201,300
2026-06-23T13:22:13.952545,515202,295
2026-06-23T13:22:13.962152,515204,291
2026-06-23T13:22:13.962241,515205,293
2026-06-23T13:22:13.962320,515206,292
2026-06-23T13:22:13.962397,515207,292
2026-06-23T13:22:13.962475,515208,298
2026-06-23T13:22:13.962552,515209,307
2026-06-23T13:22:13.962628,515210,312
2026-06-23T13:22:13.962705,515211,309
2026-06-23T13:22:13.962782,515212,308
2026-06-23T13:22:13.962858,515213,303
2026-06-23T13:22:13.972624,515214,302
2026-06-23T13:22:13.972724,515215,302
2026-06-23T13:22:13.972801,515216,317
2026-06-23T13:22:13.972878,515217,329
2026-06-23T13:22:13.972954,515218,335
2026-06-23T13:22:13.973031,515219,336
2026-06-23T13:22:13.973107,515220,337
2026-06-23T13:22:13.973183,515221,340
2026-06-23T13:22:13.973260,515222,335
2026-06-23T13:22:13.973337,515223,335
2026-06-23T13:22:13.982926,515224,333
2026-06-23T13:22:13.983029,515225,327
2026-06-23T13:22:13.983110,515226,322
2026-06-23T13:22:13.983195,515227,318
2026-06-23T13:22:13.983271,515229,313
2026-06-23T13:22:13.983348,515230,314
2026-06-23T13:22:13.983427,515231,312
2026-06-23T13:22:13.983504,515232,317
2026-06-23T13:22:13.983580,515233,328
2026-06-23T13:22:13.983657,515234,331
2026-06-23T13:22:13.993533,515235,328
2026-06-23T13:22:13.993627,515236,329
2026-06-23T13:22:13.993705,515237,326
2026-06-23T13:22:13.993783,515238,319
2026-06-23T13:22:13.993861,515239,313
2026-06-23T13:22:13.993936,515240,314
2026-06-23T13:22:13.994012,515241,325
2026-06-23T13:22:13.994089,515242,330
2026-06-23T13:22:13.994165,515243,327
2026-06-23T13:22:13.994241,515244,332
2026-06-23T13:22:14.003972,515245,345
2026-06-23T13:22:14.004094,515246,357
2026-06-23T13:22:14.004175,515247,356
2026-06-23T13:22:14.004254,515248,350
2026-06-23T13:22:14.004332,515249,348
2026-06-23T13:22:14.004409,515250,343
2026-06-23T13:22:14.004506,515251,337
2026-06-23T13:22:14.004586,515252,331
2026-06-23T13:22:14.004663,515254,325
2026-06-23T13:22:14.004740,515255,320
2026-06-23T13:22:14.014300,515256,314
2026-06-23T13:22:14.014397,515257,315
2026-06-23T13:22:14.014475,515258,318
2026-06-23T13:22:14.014552,515259,318
2026-06-23T13:22:14.014628,515260,313
2026-06-23T13:22:14.014703,515261,308
2026-06-23T13:22:14.014780,515262,307
2026-06-23T13:22:14.014857,515263,304
2026-06-23T13:22:14.014932,515264,310
2026-06-23T13:22:14.015008,515265,312
2026-06-23T13:22:14.024753,515266,310
2026-06-23T13:22:14.024845,515267,305
2026-06-23T13:22:14.024924,515268,306
2026-06-23T13:22:14.025001,515269,311
2026-06-23T13:22:14.025077,515270,310
2026-06-23T13:22:14.025153,515271,306
2026-06-23T13:22:14.025229,515272,306
2026-06-23T13:22:14.025305,515273,310
2026-06-23T13:22:14.025380,515274,319
2026-06-23T13:22:14.025456,515275,321
2026-06-23T13:22:14.035271,515276,319
2026-06-23T13:22:14.035374,515277,328
2026-06-23T13:22:14.035451,515279,338
2026-06-23T13:22:14.035539,515280,337
2026-06-23T13:22:14.035630,515281,333
2026-06-23T13:22:14.035706,515282,326
2026-06-23T13:22:14.035782,515283,323
2026-06-23T13:22:14.035874,515284,322
2026-06-23T13:22:14.035950,515285,325
2026-06-23T13:22:14.036037,515286,321
2026-06-23T13:22:14.045659,515287,317
2026-06-23T13:22:14.045771,515288,315
2026-06-23T13:22:14.045870,515289,319
2026-06-23T13:22:14.045967,515290,318
2026-06-23T13:22:14.046065,515291,314
2026-06-23T13:22:14.046161,515292,307
2026-06-23T13:22:14.046258,515293,303
2026-06-23T13:22:14.046358,515294,297
2026-06-23T13:22:14.046457,515295,291
2026-06-23T13:22:14.046555,515296,290
2026-06-23T13:22:14.056089,515297,290
2026-06-23T13:22:14.056180,515298,287
2026-06-23T13:22:14.056258,515299,284
2026-06-23T13:22:14.056334,515300,287
2026-06-23T13:22:14.056412,515301,287
2026-06-23T13:22:14.056488,515303,283
2026-06-23T13:22:14.056564,515304,278
2026-06-23T13:22:14.056642,515305,278
2026-06-23T13:22:14.056718,515306,278
2026-06-23T13:22:14.056797,515307,275
2026-06-23T13:22:14.066469,515308,269
2026-06-23T13:22:14.066570,515309,265
2026-06-23T13:22:14.066648,515310,260
2026-06-23T13:22:14.066725,515311,255
2026-06-23T13:22:14.066804,515312,252
2026-06-23T13:22:14.066881,515313,252
2026-06-23T13:22:14.066959,515314,254
2026-06-23T13:22:14.067036,515315,257
2026-06-23T13:22:14.067112,515316,266
2026-06-23T13:22:14.067193,515317,279
2026-06-23T13:22:14.077001,515318,287
2026-06-23T13:22:14.077096,515319,283
2026-06-23T13:22:14.077174,515320,285
2026-06-23T13:22:14.077252,515321,284
2026-06-23T13:22:14.077329,515322,285
2026-06-23T13:22:14.077406,515323,287
2026-06-23T13:22:14.077482,515324,292
2026-06-23T13:22:14.077558,515325,292
2026-06-23T13:22:14.077637,515326,295
2026-06-23T13:22:14.077712,515328,296
2026-06-23T13:22:14.087548,515329,297
2026-06-23T13:22:14.087645,515330,300
2026-06-23T13:22:14.087723,515331,306
2026-06-23T13:22:14.087800,515332,308
2026-06-23T13:22:14.087877,515333,305
2026-06-23T13:22:14.087954,515334,299
2026-06-23T13:22:14.088035,515335,297
2026-06-23T13:22:14.088112,515336,299
2026-06-23T13:22:14.088189,515337,298
2026-06-23T13:22:14.088266,515338,297
2026-06-23T13:22:14.097845,515339,297
2026-06-23T13:22:14.097933,515340,293
2026-06-23T13:22:14.098009,515341,288
2026-06-23T13:22:14.098088,515342,283
2026-06-23T13:22:14.098166,515343,279
2026-06-23T13:22:14.098264,515344,274
2026-06-23T13:22:14.098342,515345,269
2026-06-23T13:22:14.098418,515346,263
2026-06-23T13:22:14.098494,515347,258
2026-06-23T13:22:14.098569,515348,253
2026-06-23T13:22:14.108283,515349,250
2026-06-23T13:22:14.108376,515350,249
2026-06-23T13:22:14.108453,515351,251
2026-06-23T13:22:14.108530,515353,251
2026-06-23T13:22:14.108605,515354,249
2026-06-23T13:22:14.108682,515355,249
2026-06-23T13:22:14.108757,515356,247
2026-06-23T13:22:14.108833,515357,245
2026-06-23T13:22:14.108909,515358,242
2026-06-23T13:22:14.108984,515359,239
2026-06-23T13:22:14.118794,515360,244
2026-06-23T13:22:14.118900,515361,244
2026-06-23T13:22:14.118980,515362,245
2026-06-23T13:22:14.119057,515363,247
2026-06-23T13:22:14.119133,515364,245
2026-06-23T13:22:14.119220,515365,246
2026-06-23T13:22:14.119299,515366,250
2026-06-23T13:22:14.119375,515367,251
2026-06-23T13:22:14.119462,515368,250
2026-06-23T13:22:14.119538,515369,248
2026-06-23T13:22:14.129172,515370,249
2026-06-23T13:22:14.129318,515371,261
2026-06-23T13:22:14.129431,515372,271
2026-06-23T13:22:14.129534,515373,273
2026-06-23T13:22:14.129635,515374,270
2026-06-23T13:22:14.129735,515375,268
2026-06-23T13:22:14.129834,515376,266
2026-06-23T13:22:14.129932,515378,264
2026-06-23T13:22:14.130030,515379,260
2026-06-23T13:22:14.130128,515380,258
2026-06-23T13:22:14.139655,515381,257
2026-06-23T13:22:14.139773,515382,254
2026-06-23T13:22:14.139857,515383,253
2026-06-23T13:22:14.139963,515384,253
2026-06-23T13:22:14.140053,515385,250
2026-06-23T13:22:14.140133,515386,245
2026-06-23T13:22:14.140225,515387,243
2026-06-23T13:22:14.140304,515388,245
2026-06-23T13:22:14.140382,515389,243
2026-06-23T13:22:14.140460,515390,241
2026-06-23T13:22:14.150083,515391,243
2026-06-23T13:22:14.150185,515392,241
2026-06-23T13:22:14.150265,515393,239
2026-06-23T13:22:14.150343,515394,239
2026-06-23T13:22:14.150422,515395,238
2026-06-23T13:22:14.150500,515396,242
2026-06-23T13:22:14.150577,515397,248
2026-06-23T13:22:14.150653,515398,250
2026-06-23T13:22:14.150731,515399,252
2026-06-23T13:22:14.150807,515400,255
2026-06-23T13:22:14.160574,515402,251
2026-06-23T13:22:14.160680,515403,248
2026-06-23T13:22:14.160762,515404,243
2026-06-23T13:22:14.160841,515405,240
2026-06-23T13:22:14.160920,515406,241
2026-06-23T13:22:14.160997,515407,245
2026-06-23T13:22:14.161092,515408,247
2026-06-23T13:22:14.161171,515409,245
2026-06-23T13:22:14.161247,515410,248
2026-06-23T13:22:14.161323,515411,247
2026-06-23T13:22:14.170967,515412,252
2026-06-23T13:22:14.171082,515413,257
2026-06-23T13:22:14.171180,515414,255
2026-06-23T13:22:14.171259,515415,256
2026-06-23T13:22:14.171337,515416,260
2026-06-23T13:22:14.171415,515417,263
2026-06-23T13:22:14.171492,515418,261
2026-06-23T13:22:14.171569,515419,262
2026-06-23T13:22:14.171646,515420,263
2026-06-23T13:22:14.171722,515421,262
2026-06-23T13:22:14.181414,515422,270
2026-06-23T13:22:14.181503,515423,278
2026-06-23T13:22:14.181581,515424,282
2026-06-23T13:22:14.181658,515425,280
2026-06-23T13:22:14.181735,515427,287
2026-06-23T13:22:14.181811,515428,295
2026-06-23T13:22:14.181887,515429,298
2026-06-23T13:22:14.181963,515430,295
2026-06-23T13:22:14.182039,515431,291
2026-06-23T13:22:14.182115,515432,294
2026-06-23T13:22:14.191809,515433,302
2026-06-23T13:22:14.191909,515434,312
2026-06-23T13:22:14.191990,515435,316
2026-06-23T13:22:14.192069,515436,313
2026-06-23T13:22:14.192147,515437,309
2026-06-23T13:22:14.192224,515438,304
2026-06-23T13:22:14.192304,515439,300
2026-06-23T13:22:14.192383,515440,310
2026-06-23T13:22:14.192459,515441,317
2026-06-23T13:22:14.192536,515442,317
2026-06-23T13:22:14.202339,515443,317
2026-06-23T13:22:14.202455,515444,314
2026-06-23T13:22:14.202538,515445,309
2026-06-23T13:22:14.202618,515446,306
2026-06-23T13:22:14.202704,515447,303
2026-06-23T13:22:14.202797,515448,298
2026-06-23T13:22:14.202876,515449,292
2026-06-23T13:22:14.202954,515450,290
2026-06-23T13:22:14.203031,515452,283
2026-06-23T13:22:14.203119,515453,278
2026-06-23T13:22:14.212713,515454,274
2026-06-23T13:22:14.212810,515455,269
2026-06-23T13:22:14.212888,515456,274
2026-06-23T13:22:14.212965,515457,273
2026-06-23T13:22:14.213041,515458,268
2026-06-23T13:22:14.213119,515459,263
2026-06-23T13:22:14.213195,515460,258
2026-06-23T13:22:14.213272,515461,254
2026-06-23T13:22:14.213348,515462,249
2026-06-23T13:22:14.213424,515463,246
2026-06-23T13:22:14.223158,515464,248
2026-06-23T13:22:14.223263,515465,257
2026-06-23T13:22:14.223387,515466,262
2026-06-23T13:22:14.223467,515467,264
2026-06-23T13:22:14.223588,515468,263
2026-06-23T13:22:14.223681,515469,259
2026-06-23T13:22:14.223761,515470,265
2026-06-23T13:22:14.223839,515471,276
2026-06-23T13:22:14.223915,515472,278
2026-06-23T13:22:14.223992,515473,274
2026-06-23T13:22:14.233580,515474,269
2026-06-23T13:22:14.233684,515476,272
2026-06-23T13:22:14.233768,515477,279
2026-06-23T13:22:14.233853,515478,288
2026-06-23T13:22:14.233931,515479,294
2026-06-23T13:22:14.234007,515480,294
2026-06-23T13:22:14.234084,515481,290
2026-06-23T13:22:14.234161,515482,286
2026-06-23T13:22:14.234250,515483,279
2026-06-23T13:22:14.234339,515484,274
2026-06-23T13:22:14.244054,515485,270
2026-06-23T13:22:14.244179,515486,267
2026-06-23T13:22:14.244260,515487,265
2026-06-23T13:22:14.244339,515488,262
2026-06-23T13:22:14.244416,515489,260
2026-06-23T13:22:14.244497,515490,263
2026-06-23T13:22:14.244574,515491,268
2026-06-23T13:22:14.244650,515492,274
2026-06-23T13:22:14.244727,515493,286
2026-06-23T13:22:14.244820,515494,299
2026-06-23T13:22:14.254529,515495,314
2026-06-23T13:22:14.254635,515496,327
2026-06-23T13:22:14.254716,515497,332
2026-06-23T13:22:14.254798,515498,358
2026-06-23T13:22:14.254877,515499,388
2026-06-23T13:22:14.254955,515501,411
2026-06-23T13:22:14.255032,515502,410
2026-06-23T13:22:14.255110,515503,407
2026-06-23T13:22:14.255187,515504,403
2026-06-23T13:22:14.255264,515505,398
2026-06-23T13:22:14.264877,515506,396
2026-06-23T13:22:14.264993,515507,397
2026-06-23T13:22:14.265093,515508,397
2026-06-23T13:22:14.265192,515509,389
2026-06-23T13:22:14.265291,515510,382
2026-06-23T13:22:14.265389,515511,376
2026-06-23T13:22:14.265488,515512,373
2026-06-23T13:22:14.265585,515513,372
2026-06-23T13:22:14.265682,515514,375
2026-06-23T13:22:14.265779,515515,369
2026-06-23T13:22:14.275318,515516,360
2026-06-23T13:22:14.275446,515517,356
2026-06-23T13:22:14.275536,515518,357
2026-06-23T13:22:14.275619,515519,361
2026-06-23T13:22:14.275702,515520,363
2026-06-23T13:22:14.275784,515521,358
2026-06-23T13:22:14.275865,515522,359
2026-06-23T13:22:14.275946,515523,360
2026-06-23T13:22:14.276028,515524,361
2026-06-23T13:22:14.276112,515526,360
2026-06-23T13:22:14.285794,515527,353
2026-06-23T13:22:14.285905,515528,353
2026-06-23T13:22:14.285990,515529,352
2026-06-23T13:22:14.286073,515530,352
2026-06-23T13:22:14.286155,515531,351
2026-06-23T13:22:14.286236,515532,346
2026-06-23T13:22:14.286318,515533,346
2026-06-23T13:22:14.286398,515534,344
2026-06-23T13:22:14.286478,515535,339
2026-06-23T13:22:14.286558,515536,335
2026-06-23T13:22:14.296198,515537,328
2026-06-23T13:22:14.296294,515538,322
2026-06-23T13:22:14.296376,515539,327
2026-06-23T13:22:14.296459,515540,340
2026-06-23T13:22:14.296539,515541,345
2026-06-23T13:22:14.296620,515542,358
2026-06-23T13:22:14.296701,515543,368
2026-06-23T13:22:14.296782,515544,370
2026-06-23T13:22:14.296865,515545,393
2026-06-23T13:22:14.296946,515546,410
2026-06-23T13:22:14.306678,515547,409
2026-06-23T13:22:14.306814,515548,407
2026-06-23T13:22:14.306906,515549,411
2026-06-23T13:22:14.306989,515551,410
2026-06-23T13:22:14.307071,515552,404
2026-06-23T13:22:14.307153,515553,404
2026-06-23T13:22:14.307234,515554,404
2026-06-23T13:22:14.307316,515555,407
2026-06-23T13:22:14.307397,515556,412
2026-06-23T13:22:14.307476,515557,414
2026-06-23T13:22:14.317030,515558,409
2026-06-23T13:22:14.317129,515559,410
2026-06-23T13:22:14.317210,515560,410
2026-06-23T13:22:14.317291,515561,410
2026-06-23T13:22:14.317371,515562,405
2026-06-23T13:22:14.317452,515563,402
2026-06-23T13:22:14.317532,515564,401
2026-06-23T13:22:14.317612,515565,396
2026-06-23T13:22:14.317691,515566,388
2026-06-23T13:22:14.317771,515567,383
2026-06-23T13:22:14.327466,515568,380
2026-06-23T13:22:14.327561,515569,378
2026-06-23T13:22:14.327645,515570,378
2026-06-23T13:22:14.327731,515571,376
2026-06-23T13:22:14.327813,515572,371
2026-06-23T13:22:14.327894,515573,365
2026-06-23T13:22:14.328044,515575,359
2026-06-23T13:22:14.328154,515576,356
2026-06-23T13:22:14.328290,515577,358
2026-06-23T13:22:14.328379,515578,359
2026-06-23T13:22:14.338016,515579,358
2026-06-23T13:22:14.338114,515580,361
2026-06-23T13:22:14.338183,515581,363
2026-06-23T13:22:14.338250,515582,375
2026-06-23T13:22:14.338317,515583,371
2026-06-23T13:22:14.338383,515584,365
2026-06-23T13:22:14.338448,515585,362
2026-06-23T13:22:14.338514,515586,370
2026-06-23T13:22:14.338579,515587,374
2026-06-23T13:22:14.338645,515588,373
2026-06-23T13:22:14.348404,515589,384
2026-06-23T13:22:14.348503,515590,385
2026-06-23T13:22:14.348585,515591,379
2026-06-23T13:22:14.348666,515592,373
2026-06-23T13:22:14.348746,515593,370
2026-06-23T13:22:14.348826,515594,372
2026-06-23T13:22:14.348905,515595,372
2026-06-23T13:22:14.348985,515596,365
2026-06-23T13:22:14.349065,515597,361
2026-06-23T13:22:14.349145,515598,360
2026-06-23T13:22:14.358858,515600,353
2026-06-23T13:22:14.358954,515601,351
2026-06-23T13:22:14.359035,515602,374
2026-06-23T13:22:14.359117,515603,403
2026-06-23T13:22:14.359197,515604,404
2026-06-23T13:22:14.359278,515605,416
2026-06-23T13:22:14.359359,515606,426
2026-06-23T13:22:14.359438,515607,430
2026-06-23T13:22:14.359518,515608,426
2026-06-23T13:22:14.359597,515609,421
2026-06-23T13:22:14.369294,515610,422
2026-06-23T13:22:14.369395,515611,420
2026-06-23T13:22:14.369476,515612,414
2026-06-23T13:22:14.369557,515613,415
2026-06-23T13:22:14.369637,515614,433
2026-06-23T13:22:14.369717,515615,458
2026-06-23T13:22:14.369797,515616,460
2026-06-23T13:22:14.369877,515617,481
2026-06-23T13:22:14.369957,515618,492
2026-06-23T13:22:14.370037,515619,496
2026-06-23T13:22:14.379725,515620,491
2026-06-23T13:22:14.379817,515621,485
2026-06-23T13:22:14.379898,515622,476
2026-06-23T13:22:14.379978,515623,467
2026-06-23T13:22:14.380058,515625,457
2026-06-23T13:22:14.380138,515626,454
2026-06-23T13:22:14.380217,515627,454
2026-06-23T13:22:14.380299,515628,452
2026-06-23T13:22:14.380379,515629,459
2026-06-23T13:22:14.380459,515630,460
2026-06-23T13:22:14.390162,515631,451
2026-06-23T13:22:14.390267,515632,466
2026-06-23T13:22:14.390349,515633,485
2026-06-23T13:22:14.390430,515634,486
2026-06-23T13:22:14.390510,515635,479
2026-06-23T13:22:14.390590,515636,478
2026-06-23T13:22:14.390670,515637,474
2026-06-23T13:22:14.390750,515638,468
2026-06-23T13:22:14.390829,515639,464
2026-06-23T13:22:14.390909,515640,460
2026-06-23T13:22:14.400544,515641,460
2026-06-23T13:22:14.400644,515642,456
2026-06-23T13:22:14.400726,515643,481
2026-06-23T13:22:14.400806,515644,506
2026-06-23T13:22:14.400887,515645,516
2026-06-23T13:22:14.400968,515646,543
2026-06-23T13:22:14.401048,515647,552
2026-06-23T13:22:14.401129,515648,545
2026-06-23T13:22:14.401210,515650,536
2026-06-23T13:22:14.401290,515651,532
2026-06-23T13:22:14.411048,515652,530
2026-06-23T13:22:14.411139,515653,522
2026-06-23T13:22:14.411220,515654,519
2026-06-23T13:22:14.411300,515655,514
2026-06-23T13:22:14.411380,515656,517
2026-06-23T13:22:14.411460,515657,516
2026-06-23T13:22:14.411540,515658,513
2026-06-23T13:22:14.411620,515659,510
2026-06-23T13:22:14.411700,515660,510
2026-06-23T13:22:14.411781,515661,504
2026-06-23T13:22:14.421560,515662,500
2026-06-23T13:22:14.421694,515663,497
2026-06-23T13:22:14.421788,515664,504
2026-06-23T13:22:14.421876,515665,531
2026-06-23T13:22:14.421960,515666,544
2026-06-23T13:22:14.422044,515667,534
2026-06-23T13:22:14.422130,515668,525
2026-06-23T13:22:14.422213,515669,515
2026-06-23T13:22:14.422296,515670,509
2026-06-23T13:22:14.422377,515671,513
2026-06-23T13:22:14.431849,515672,509
2026-06-23T13:22:14.431946,515674,502
2026-06-23T13:22:14.432028,515675,495
2026-06-23T13:22:14.432109,515676,485
2026-06-23T13:22:14.432189,515677,477
2026-06-23T13:22:14.432269,515678,472
2026-06-23T13:22:14.432350,515679,466
2026-06-23T13:22:14.432430,515680,460
2026-06-23T13:22:14.432510,515681,457
2026-06-23T13:22:14.432590,515682,455
2026-06-23T13:22:14.442391,515683,449
2026-06-23T13:22:14.442484,515684,444
2026-06-23T13:22:14.442565,515685,439
2026-06-23T13:22:14.442646,515686,433
2026-06-23T13:22:14.442727,515687,431
2026-06-23T13:22:14.442807,515688,428
2026-06-23T13:22:14.442887,515689,419
2026-06-23T13:22:14.442967,515690,420
2026-06-23T13:22:14.443047,515691,416
2026-06-23T13:22:14.443126,515692,416
2026-06-23T13:22:14.452834,515693,408
2026-06-23T13:22:14.452937,515694,399
2026-06-23T13:22:14.453019,515695,401
2026-06-23T13:22:14.453099,515696,419
2026-06-23T13:22:14.453181,515697,449
2026-06-23T13:22:14.453262,515699,469
2026-06-23T13:22:14.453342,515700,466
2026-06-23T13:22:14.453423,515701,481
2026-06-23T13:22:14.453504,515702,492
2026-06-23T13:22:14.453585,515703,495
2026-06-23T13:22:14.463217,515704,513
2026-06-23T13:22:14.472184,515705,523
2026-06-23T13:22:14.472911,515706,527
2026-06-23T13:22:14.472997,515707,522
2026-06-23T13:22:14.473083,515708,513
2026-06-23T13:22:14.473167,515709,511
2026-06-23T13:22:14.473426,515710,513
2026-06-23T13:22:14.473526,515711,511
2026-06-23T13:22:14.473618,515712,503
2026-06-23T13:22:14.473745,515713,494
2026-06-23T13:22:14.473859,515714,485
2026-06-23T13:22:14.473956,515715,474
2026-06-23T13:22:14.474044,515716,466
2026-06-23T13:22:14.474131,515717,462
2026-06-23T13:22:14.474216,515718,456
2026-06-23T13:22:14.474298,515719,450
2026-06-23T13:22:14.474384,515720,447
2026-06-23T13:22:14.474469,515721,441
2026-06-23T13:22:14.474552,515722,440
2026-06-23T13:22:14.474637,515724,438
2026-06-23T13:22:14.484136,515725,433
2026-06-23T13:22:14.484238,515726,427
2026-06-23T13:22:14.484321,515727,423
2026-06-23T13:22:14.484404,515728,422
2026-06-23T13:22:14.484485,515729,430
2026-06-23T13:22:14.484569,515730,431
2026-06-23T13:22:14.484651,515731,427
2026-06-23T13:22:14.484731,515732,419
2026-06-23T13:22:14.484812,515733,417
2026-06-23T13:22:14.484894,515734,419
2026-06-23T13:22:14.494573,515735,428
2026-06-23T13:22:14.494666,515736,441
2026-06-23T13:22:14.494765,515737,438
2026-06-23T13:22:14.494846,515738,439
2026-06-23T13:22:14.494925,515739,445
2026-06-23T13:22:14.495003,515740,461
2026-06-23T13:22:14.495082,515741,462
2026-06-23T13:22:14.495161,515742,456
2026-06-23T13:22:14.495239,515743,463
2026-06-23T13:22:14.495320,515744,463
2026-06-23T13:22:14.505022,515745,458
2026-06-23T13:22:14.505126,515746,454
2026-06-23T13:22:14.505206,515747,457
2026-06-23T13:22:14.505285,515749,451
2026-06-23T13:22:14.505365,515750,447
2026-06-23T13:22:14.505444,515751,441
2026-06-23T13:22:14.505523,515752,433
2026-06-23T13:22:14.505602,515753,425
2026-06-23T13:22:14.505681,515754,417
2026-06-23T13:22:14.505761,515755,416
2026-06-23T13:22:14.515422,515756,409
2026-06-23T13:22:14.515524,515757,406
2026-06-23T13:22:14.515605,515758,403
2026-06-23T13:22:14.515685,515759,402
2026-06-23T13:22:14.515765,515760,403
2026-06-23T13:22:14.515844,515761,401
2026-06-23T13:22:14.515923,515762,397
2026-06-23T13:22:14.516003,515763,401
2026-06-23T13:22:14.516082,515764,414
2026-06-23T13:22:14.516161,515765,425
2026-06-23T13:22:14.525928,515766,426
2026-06-23T13:22:14.526045,515767,419
2026-06-23T13:22:14.526147,515768,425
2026-06-23T13:22:14.526248,515769,429
2026-06-23T13:22:14.526349,515770,445
2026-06-23T13:22:14.526453,515771,446
2026-06-23T13:22:14.526555,515773,464
2026-06-23T13:22:14.526674,515774,467
2026-06-23T13:22:14.526796,515775,464
2026-06-23T13:22:14.526899,515776,463
2026-06-23T13:22:14.536427,515777,461
2026-06-23T13:22:14.536539,515778,463
2026-06-23T13:22:14.536618,515779,458
2026-06-23T13:22:14.536702,515780,457
2026-06-23T13:22:14.536784,515781,454
2026-06-23T13:22:14.536866,515782,449
2026-06-23T13:22:14.536944,515783,452
2026-06-23T13:22:14.537023,515784,455
2026-06-23T13:22:14.537101,515785,459
2026-06-23T13:22:14.537180,515786,458
2026-06-23T13:22:14.546791,515787,465
2026-06-23T13:22:14.546907,515788,471
2026-06-23T13:22:14.547010,515789,473
2026-06-23T13:22:14.547112,515790,473
2026-06-23T13:22:14.547214,515791,466
2026-06-23T13:22:14.547316,515792,457
2026-06-23T13:22:14.547460,515793,454
2026-06-23T13:22:14.547583,515794,446
2026-06-23T13:22:14.547692,515795,445
2026-06-23T13:22:14.547799,515796,452
2026-06-23T13:22:14.557254,515798,460
2026-06-23T13:22:14.557353,515799,470
2026-06-23T13:22:14.557434,515800,468
2026-06-23T13:22:14.557514,515801,473
2026-06-23T13:22:14.557594,515802,475
2026-06-23T13:22:14.557673,515803,481
2026-06-23T13:22:14.557753,515804,479
2026-06-23T13:22:14.557832,515805,470
2026-06-23T13:22:14.557911,515806,468
2026-06-23T13:22:14.557989,515807,480
2026-06-23T13:22:14.567769,515808,500
2026-06-23T13:22:14.567889,515809,516
2026-06-23T13:22:14.567972,515810,513
2026-06-23T13:22:14.568054,515811,504
2026-06-23T13:22:14.568142,515812,501
2026-06-23T13:22:14.568229,515813,502
2026-06-23T13:22:14.568309,515814,538
2026-06-23T13:22:14.568389,515815,557
2026-06-23T13:22:14.568481,515816,557
2026-06-23T13:22:14.568561,515817,561
2026-06-23T13:22:14.578115,515818,552
2026-06-23T13:22:14.578207,515819,552
2026-06-23T13:22:14.578290,515820,552
2026-06-23T13:22:14.578371,515821,553
2026-06-23T13:22:14.578451,515823,551
2026-06-23T13:22:14.578531,515824,546
2026-06-23T13:22:14.578611,515825,546
2026-06-23T13:22:14.578692,515826,545
2026-06-23T13:22:14.578777,515827,536
2026-06-23T13:22:14.578857,515828,525
2026-06-23T13:22:14.588599,515829,515
2026-06-23T13:22:14.588702,515830,506
2026-06-23T13:22:14.588783,515831,498
2026-06-23T13:22:14.588863,515832,489
2026-06-23T13:22:14.588943,515833,477
2026-06-23T13:22:14.589023,515834,467
2026-06-23T13:22:14.589104,515835,458
2026-06-23T13:22:14.589183,515836,448
2026-06-23T13:22:14.589263,515837,440
2026-06-23T13:22:14.589344,515838,432
2026-06-23T13:22:14.598970,515839,424
2026-06-23T13:22:14.599070,515840,415
2026-06-23T13:22:14.599151,515841,410
2026-06-23T13:22:14.599232,515842,405
2026-06-23T13:22:14.599322,515843,397
2026-06-23T13:22:14.599404,515844,391
2026-06-23T13:22:14.599485,515845,391
2026-06-23T13:22:14.599566,515846,397
2026-06-23T13:22:14.599646,515848,409
2026-06-23T13:22:14.599726,515849,415
2026-06-23T13:22:14.609425,515850,413
2026-06-23T13:22:14.609518,515851,409
2026-06-23T13:22:14.609598,515852,407
2026-06-23T13:22:14.609678,515853,404
2026-06-23T13:22:14.609757,515854,415
2026-06-23T13:22:14.609836,515855,417
2026-06-23T13:22:14.609915,515856,422
2026-06-23T13:22:14.609994,515857,425
2026-06-23T13:22:14.610073,515858,427
2026-06-23T13:22:14.610152,515859,425
2026-06-23T13:22:14.619839,515860,439
2026-06-23T13:22:14.619965,515861,458
2026-06-23T13:22:14.620048,515862,472
2026-06-23T13:22:14.620130,515863,475
2026-06-23T13:22:14.620211,515864,470
2026-06-23T13:22:14.620291,515865,462
2026-06-23T13:22:14.620372,515866,455
2026-06-23T13:22:14.620453,515867,447
2026-06-23T13:22:14.620532,515868,441
2026-06-23T13:22:14.620613,515869,436
2026-06-23T13:22:14.630288,515870,435
2026-06-23T13:22:14.630395,515872,436
2026-06-23T13:22:14.630470,515873,431
2026-06-23T13:22:14.630541,515874,424
2026-06-23T13:22:14.630609,515875,421
2026-06-23T13:22:14.630678,515876,414
2026-06-23T13:22:14.630788,515877,413
2026-06-23T13:22:14.630870,515878,410
2026-06-23T13:22:14.630942,515879,407
2026-06-23T13:22:14.631011,515880,397
2026-06-23T13:22:14.640809,515881,393
2026-06-23T13:22:14.640912,515882,392
2026-06-23T13:22:14.640984,515883,392
2026-06-23T13:22:14.641053,515884,409
2026-06-23T13:22:14.641122,515885,430
2026-06-23T13:22:14.641191,515886,449
2026-06-23T13:22:14.641260,515887,462
2026-06-23T13:22:14.641327,515888,475
2026-06-23T13:22:14.641394,515889,485
2026-06-23T13:22:14.641461,515890,481
2026-06-23T13:22:14.651233,515891,475
2026-06-23T13:22:14.651351,515892,472
2026-06-23T13:22:14.651462,515893,469
2026-06-23T13:22:14.651546,515894,469
2026-06-23T13:22:14.651628,515895,470
2026-06-23T13:22:14.651710,515897,472
2026-06-23T13:22:14.651791,515898,471
2026-06-23T13:22:14.651872,515899,464
2026-06-23T13:22:14.651953,515900,457
2026-06-23T13:22:14.652044,515901,461
2026-06-23T13:22:14.661656,515902,464
2026-06-23T13:22:14.661749,515903,458
2026-06-23T13:22:14.661833,515904,449
2026-06-23T13:22:14.661915,515905,441
2026-06-23T13:22:14.661996,515906,433
2026-06-23T13:22:14.662083,515907,426
2026-06-23T13:22:14.662181,515908,418
2026-06-23T13:22:14.662264,515909,410
2026-06-23T13:22:14.662344,515910,404
2026-06-23T13:22:14.662425,515911,402
2026-06-23T13:22:14.672094,515912,396
2026-06-23T13:22:14.672207,515913,388
2026-06-23T13:22:14.672293,515914,383
2026-06-23T13:22:14.672377,515915,377
2026-06-23T13:22:14.672460,515916,370
2026-06-23T13:22:14.672542,515917,376
2026-06-23T13:22:14.672624,515918,391
2026-06-23T13:22:14.672705,515919,397
2026-06-23T13:22:14.672792,515920,403
2026-06-23T13:22:14.672874,515922,407
2026-06-23T13:22:14.682529,515923,407
2026-06-23T13:22:14.682640,515924,425
2026-06-23T13:22:14.682726,515925,454
2026-06-23T13:22:14.682808,515926,475
2026-06-23T13:22:14.682890,515927,478
2026-06-23T13:22:14.682971,515928,503
2026-06-23T13:22:14.683053,515929,532
2026-06-23T13:22:14.683134,515930,552
2026-06-23T13:22:14.683215,515931,559
2026-06-23T13:22:14.683296,515932,561
2026-06-23T13:22:14.692959,515933,554
2026-06-23T13:22:14.693053,515934,542
2026-06-23T13:22:14.693137,515935,536
2026-06-23T13:22:14.693219,515936,536
2026-06-23T13:22:14.693301,515937,537
2026-06-23T13:22:14.693382,515938,535
2026-06-23T13:22:14.693466,515939,537
2026-06-23T13:22:14.693548,515940,535
2026-06-23T13:22:14.693631,515941,526
2026-06-23T13:22:14.693733,515942,528
2026-06-23T13:22:14.703563,515943,526
2026-06-23T13:22:14.703688,515944,516
2026-06-23T13:22:14.703774,515945,521
2026-06-23T13:22:14.703859,515947,533
2026-06-23T13:22:14.703951,515948,526
2026-06-23T13:22:14.704034,515949,520
2026-06-23T13:22:14.704129,515950,517
2026-06-23T13:22:14.704216,515951,527
2026-06-23T13:22:14.704300,515952,538
2026-06-23T13:22:14.704384,515953,534
2026-06-23T13:22:14.713851,515954,541
2026-06-23T13:22:14.713963,515955,539
2026-06-23T13:22:14.714050,515956,530
2026-06-23T13:22:14.714132,515957,548
2026-06-23T13:22:14.714213,515958,567
2026-06-23T13:22:14.714294,515959,566
2026-06-23T13:22:14.714375,515960,564
2026-06-23T13:22:14.714454,515961,573
2026-06-23T13:22:14.714534,515962,574
2026-06-23T13:22:14.714662,515963,587
2026-06-23T13:22:14.724283,515964,612
2026-06-23T13:22:14.724385,515965,617
2026-06-23T13:22:14.724471,515966,610
2026-06-23T13:22:14.724555,515967,617
2026-06-23T13:22:14.724638,515968,641
2026-06-23T13:22:14.724720,515969,659
2026-06-23T13:22:14.724802,515971,651
2026-06-23T13:22:14.724883,515972,642
2026-06-23T13:22:14.724964,515973,648
2026-06-23T13:22:14.725046,515974,654
2026-06-23T13:22:14.734789,515975,685
2026-06-23T13:22:14.734902,515976,685
2026-06-23T13:22:14.734988,515977,672
2026-06-23T13:22:14.735072,515978,669
2026-06-23T13:22:14.735155,515979,663
2026-06-23T13:22:14.735237,515980,653
2026-06-23T13:22:14.735319,515981,650
2026-06-23T13:22:14.735401,515982,651
2026-06-23T13:22:14.735483,515983,640
2026-06-23T13:22:14.735565,515984,628
2026-06-23T13:22:14.745160,515985,621
2026-06-23T13:22:14.745255,515986,618
2026-06-23T13:22:14.745339,515987,617
2026-06-23T13:22:14.745423,515988,618
2026-06-23T13:22:14.745515,515989,618
2026-06-23T13:22:14.745597,515990,611
2026-06-23T13:22:14.745678,515991,600
2026-06-23T13:22:14.745759,515992,607
2026-06-23T13:22:14.745841,515993,606
2026-06-23T13:22:14.745922,515994,594
2026-06-23T13:22:14.755645,515996,586
2026-06-23T13:22:14.755750,515997,577
2026-06-23T13:22:14.755833,515998,570
2026-06-23T13:22:14.755916,515999,557
2026-06-23T13:22:14.755997,516000,549
2026-06-23T13:22:14.756078,516001,541
2026-06-23T13:22:14.756159,516002,530
2026-06-23T13:22:14.756241,516003,522
2026-06-23T13:22:14.756322,516004,522
2026-06-23T13:22:14.756404,516005,515
2026-06-23T13:22:14.766078,516006,505
2026-06-23T13:22:14.766202,516007,495
2026-06-23T13:22:14.766290,516008,491
2026-06-23T13:22:14.766373,516009,493
2026-06-23T13:22:14.766454,516010,497
2026-06-23T13:22:14.766535,516011,497
2026-06-23T13:22:14.766616,516012,505
2026-06-23T13:22:14.766699,516013,505
2026-06-23T13:22:14.766780,516014,531
2026-06-23T13:22:14.766860,516015,564
2026-06-23T13:22:14.776503,516016,568
2026-06-23T13:22:14.776619,516017,587
2026-06-23T13:22:14.776728,516018,604
2026-06-23T13:22:14.776812,516019,606
2026-06-23T13:22:14.776912,516021,597
2026-06-23T13:22:14.776996,516022,587
2026-06-23T13:22:14.777079,516023,581
2026-06-23T13:22:14.777163,516024,592
2026-06-23T13:22:14.777245,516025,609
2026-06-23T13:22:14.777326,516026,619
2026-06-23T13:22:14.787009,516027,623
2026-06-23T13:22:14.787117,516028,621
2026-06-23T13:22:14.787203,516029,608
2026-06-23T13:22:14.787287,516030,595
2026-06-23T13:22:14.787369,516031,583
2026-06-23T13:22:14.787450,516032,572
2026-06-23T13:22:14.787535,516033,562
2026-06-23T13:22:14.787616,516034,556
2026-06-23T13:22:14.787697,516035,553
2026-06-23T13:22:14.787779,516036,547
2026-06-23T13:22:14.797347,516037,553
2026-06-23T13:22:14.797444,516038,563
2026-06-23T13:22:14.797528,516039,569
2026-06-23T13:22:14.797610,516040,568
2026-06-23T13:22:14.797691,516041,561
2026-06-23T13:22:14.797774,516042,574
2026-06-23T13:22:14.797857,516043,581
2026-06-23T13:22:14.797941,516045,578
2026-06-23T13:22:14.798022,516046,567
2026-06-23T13:22:14.798105,516047,559
2026-06-23T13:22:14.807858,516048,559
2026-06-23T13:22:14.807956,516049,560
2026-06-23T13:22:14.808039,516050,574
2026-06-23T13:22:14.808121,516051,568
2026-06-23T13:22:14.808202,516052,563
2026-06-23T13:22:14.808283,516053,556
2026-06-23T13:22:14.808364,516054,552
2026-06-23T13:22:14.808445,516055,543
2026-06-23T13:22:14.808526,516056,536
2026-06-23T13:22:14.808608,516057,534
2026-06-23T13:22:14.818364,516058,528
2026-06-23T13:22:14.818475,516059,521
2026-06-23T13:22:14.818557,516060,510
2026-06-23T13:22:14.818639,516061,506
2026-06-23T13:22:14.818721,516062,500
2026-06-23T13:22:14.818803,516063,498
2026-06-23T13:22:14.818884,516064,491
2026-06-23T13:22:14.818973,516065,484
2026-06-23T13:22:14.819054,516066,482
2026-06-23T13:22:14.819138,516067,475
2026-06-23T13:22:14.828727,516068,473
2026-06-23T13:22:14.828826,516070,468
2026-06-23T13:22:14.828908,516071,461
2026-06-23T13:22:14.828990,516072,458
2026-06-23T13:22:14.829071,516073,458
2026-06-23T13:22:14.829152,516074,468
2026-06-23T13:22:14.829233,516075,466
2026-06-23T13:22:14.829314,516076,470
2026-06-23T13:22:14.829397,516077,472
2026-06-23T13:22:14.829477,516078,487
2026-06-23T13:22:14.839174,516079,487
2026-06-23T13:22:14.839290,516080,481
2026-06-23T13:22:14.839376,516081,488
2026-06-23T13:22:14.839460,516082,498
2026-06-23T13:22:14.839543,516083,518
2026-06-23T13:22:14.839626,516084,523
2026-06-23T13:22:14.839710,516085,513
2026-06-23T13:22:14.839792,516086,528
2026-06-23T13:22:14.839873,516087,563
2026-06-23T13:22:14.839954,516088,563
2026-06-23T13:22:14.849601,516089,557
2026-06-23T13:22:14.849707,516090,551
2026-06-23T13:22:14.849789,516091,543
2026-06-23T13:22:14.849871,516092,537
2026-06-23T13:22:14.849953,516093,533
2026-06-23T13:22:14.850034,516095,524
2026-06-23T13:22:14.850115,516096,522
2026-06-23T13:22:14.850197,516097,516
2026-06-23T13:22:14.850278,516098,510
2026-06-23T13:22:14.850360,516099,509
2026-06-23T13:22:14.860024,516100,523
2026-06-23T13:22:14.860129,516101,532
2026-06-23T13:22:14.860212,516102,546
2026-06-23T13:22:14.860312,516103,571
2026-06-23T13:22:14.860411,516104,570
2026-06-23T13:22:14.860493,516105,567
2026-06-23T13:22:14.860574,516106,593
2026-06-23T13:22:14.860656,516107,613
2026-06-23T13:22:14.860738,516108,617
2026-06-23T13:22:14.860819,516109,616
2026-06-23T13:22:14.870524,516110,643
2026-06-23T13:22:14.870644,516111,661
2026-06-23T13:22:14.870731,516112,659
2026-06-23T13:22:14.870824,516113,652
2026-06-23T13:22:14.870907,516114,641
2026-06-23T13:22:14.870990,516115,630
2026-06-23T13:22:14.871071,516116,618
2026-06-23T13:22:14.871170,516117,610
2026-06-23T13:22:14.871253,516118,598
2026-06-23T13:22:14.871335,516120,593
2026-06-23T13:22:14.880917,516121,604
2026-06-23T13:22:14.881016,516122,629
2026-06-23T13:22:14.881102,516123,648
2026-06-23T13:22:14.881198,516124,665
2026-06-23T13:22:14.881283,516125,667
2026-06-23T13:22:14.881366,516126,665
2026-06-23T13:22:14.881449,516127,684
2026-06-23T13:22:14.881531,516128,711
2026-06-23T13:22:14.881613,516129,717
2026-06-23T13:22:14.881694,516130,707
2026-06-23T13:22:14.891405,516131,699
2026-06-23T13:22:14.891501,516132,693
2026-06-23T13:22:14.891584,516133,693
2026-06-23T13:22:14.891667,516134,691
2026-06-23T13:22:14.891749,516135,696
2026-06-23T13:22:14.891830,516136,689
2026-06-23T13:22:14.891911,516137,693
2026-06-23T13:22:14.891991,516138,698
2026-06-23T13:22:14.892072,516139,702
2026-06-23T13:22:14.892153,516140,699
2026-06-23T13:22:14.901864,516141,694
2026-06-23T13:22:14.901987,516142,696
2026-06-23T13:22:14.902073,516144,690
2026-06-23T13:22:14.902164,516145,684
2026-06-23T13:22:14.902246,516146,676
2026-06-23T13:22:14.902328,516147,695
2026-06-23T13:22:14.902410,516148,708
2026-06-23T13:22:14.902492,516149,698
2026-06-23T13:22:14.902585,516150,685
2026-06-23T13:22:14.902678,516151,674
2026-06-23T13:22:14.912226,516152,669
2026-06-23T13:22:14.912327,516153,675
2026-06-23T13:22:14.912410,516154,690
2026-06-23T13:22:14.912492,516155,699
2026-06-23T13:22:14.912575,516156,709
2026-06-23T13:22:14.912657,516157,733
2026-06-23T13:22:14.912739,516158,737
2026-06-23T13:22:14.912820,516159,727
2026-06-23T13:22:14.912901,516160,725
2026-06-23T13:22:14.912982,516161,718
2026-06-23T13:22:14.922682,516162,704
2026-06-23T13:22:14.922784,516163,692
2026-06-23T13:22:14.922867,516164,690
2026-06-23T13:22:14.922952,516165,680
2026-06-23T13:22:14.923036,516166,672
2026-06-23T13:22:14.923118,516167,659
2026-06-23T13:22:14.923200,516169,644
2026-06-23T13:22:14.923281,516170,639
2026-06-23T13:22:14.923365,516171,643
2026-06-23T13:22:14.923446,516172,652
2026-06-23T13:22:14.933140,516173,656
2026-06-23T13:22:14.933255,516174,649
2026-06-23T13:22:14.933341,516175,650
2026-06-23T13:22:14.933425,516176,651
2026-06-23T13:22:14.933507,516177,665
2026-06-23T13:22:14.933587,516178,683
2026-06-23T13:22:14.933668,516179,684
2026-06-23T13:22:14.933749,516180,674
2026-06-23T13:22:14.933833,516181,686
2026-06-23T13:22:14.933913,516182,714
2026-06-23T13:22:14.943617,516183,709
2026-06-23T13:22:14.943722,516184,698
2026-06-23T13:22:14.943808,516185,701
2026-06-23T13:22:14.943899,516186,710
2026-06-23T13:22:14.943982,516187,702
2026-06-23T13:22:14.944082,516188,707
2026-06-23T13:22:14.944164,516189,705
2026-06-23T13:22:14.944246,516190,694
2026-06-23T13:22:14.944328,516191,684
2026-06-23T13:22:14.944409,516192,686
2026-06-23T13:22:14.954067,516194,681
2026-06-23T13:22:14.954183,516195,679
2026-06-23T13:22:14.954274,516196,676
2026-06-23T13:22:14.954357,516197,668
2026-06-23T13:22:14.954441,516198,655
2026-06-23T13:22:14.954542,516199,645
2026-06-23T13:22:14.954625,516200,634
2026-06-23T13:22:14.954707,516201,625
2026-06-23T13:22:14.954790,516202,612
2026-06-23T13:22:14.954871,516203,601
2026-06-23T13:22:14.964417,516204,602
2026-06-23T13:22:14.964539,516205,617
2026-06-23T13:22:14.964647,516206,633
2026-06-23T13:22:14.964751,516207,633
2026-06-23T13:22:14.964854,516208,628
2026-06-23T13:22:14.964960,516209,648
2026-06-23T13:22:14.965062,516210,652
2026-06-23T13:22:14.965159,516211,640
2026-06-23T13:22:14.965239,516212,640
2026-06-23T13:22:14.965318,516213,645
2026-06-23T13:22:14.974913,516214,654
2026-06-23T13:22:14.975019,516215,663
2026-06-23T13:22:14.975106,516216,666
2026-06-23T13:22:14.975190,516217,662
2026-06-23T13:22:14.975272,516219,651
2026-06-23T13:22:14.975356,516220,646
2026-06-23T13:22:14.975437,516221,640
2026-06-23T13:22:14.975519,516222,629
2026-06-23T13:22:14.975599,516223,620
2026-06-23T13:22:14.975681,516224,616
2026-06-23T13:22:14.985425,516225,611
2026-06-23T13:22:14.985544,516226,597
2026-06-23T13:22:14.985630,516227,586
2026-06-23T13:22:14.985713,516228,574
2026-06-23T13:22:14.985795,516229,563
2026-06-23T13:22:14.985884,516230,560
2026-06-23T13:22:14.985965,516231,556
2026-06-23T13:22:14.986047,516232,556
2026-06-23T13:22:14.986140,516233,558
2026-06-23T13:22:14.986222,516234,554
2026-06-23T13:22:14.995780,516235,546
2026-06-23T13:22:14.995900,516236,543
2026-06-23T13:22:14.996007,516237,548
2026-06-23T13:22:14.996113,516238,550
2026-06-23T13:22:14.996216,516239,547
2026-06-23T13:22:14.996320,516240,538
2026-06-23T13:22:14.996424,516241,531
2026-06-23T13:22:14.996527,516243,524
2026-06-23T13:22:14.996631,516244,528
2026-06-23T13:22:14.996736,516245,531
2026-06-23T13:22:15.006209,516246,548
2026-06-23T13:22:15.006309,516247,560
2026-06-23T13:22:15.006394,516248,572
2026-06-23T13:22:15.006477,516249,581
2026-06-23T13:22:15.006594,516250,575
2026-06-23T13:22:15.006701,516251,578
2026-06-23T13:22:15.006802,516252,598
2026-06-23T13:22:15.006888,516253,613
2026-06-23T13:22:15.006970,516254,605
2026-06-23T13:22:15.007051,516255,594
2026-06-23T13:22:15.016669,516256,582
2026-06-23T13:22:15.016774,516257,578
2026-06-23T13:22:15.016857,516258,577
2026-06-23T13:22:15.016948,516259,581
2026-06-23T13:22:15.017034,516260,592
2026-06-23T13:22:15.017117,516261,596
2026-06-23T13:22:15.017199,516262,585
2026-06-23T13:22:15.017280,516263,573
2026-06-23T13:22:15.017362,516264,566
2026-06-23T13:22:15.017443,516265,568
2026-06-23T13:22:15.027111,516266,566
2026-06-23T13:22:15.027229,516268,556
2026-06-23T13:22:15.027313,516269,548
2026-06-23T13:22:15.027396,516270,550
2026-06-23T13:22:15.027478,516271,562
2026-06-23T13:22:15.027559,516272,577
2026-06-23T13:22:15.027640,516273,591
2026-06-23T13:22:15.027735,516274,587
2026-06-23T13:22:15.027818,516275,595
2026-06-23T13:22:15.027899,516276,596
2026-06-23T13:22:15.037582,516277,590
2026-06-23T13:22:15.037696,516278,576
2026-06-23T13:22:15.037797,516279,569
2026-06-23T13:22:15.037881,516280,558
2026-06-23T13:22:15.037963,516281,549
2026-06-23T13:22:15.038051,516282,547
2026-06-23T13:22:15.038135,516283,539
2026-06-23T13:22:15.038216,516284,532
2026-06-23T13:22:15.038298,516285,525
2026-06-23T13:22:15.038379,516286,519
2026-06-23T13:22:15.047982,516287,516
2026-06-23T13:22:15.048097,516288,516
2026-06-23T13:22:15.048187,516289,508
2026-06-23T13:22:15.048270,516290,500
2026-06-23T13:22:15.048352,516291,493
2026-06-23T13:22:15.048433,516293,490
2026-06-23T13:22:15.048516,516294,488
2026-06-23T13:22:15.048598,516295,486
2026-06-23T13:22:15.048678,516296,485
2026-06-23T13:22:15.048757,516297,491
2026-06-23T13:22:15.058482,516298,501
2026-06-23T13:22:15.058579,516299,499
2026-06-23T13:22:15.058662,516300,511
2026-06-23T13:22:15.058744,516301,515
2026-06-23T13:22:15.058826,516302,517
2026-06-23T13:22:15.058908,516303,518
2026-06-23T13:22:15.058989,516304,514
2026-06-23T13:22:15.059070,516305,510
2026-06-23T13:22:15.059151,516306,503
2026-06-23T13:22:15.059231,516307,493
2026-06-23T13:22:15.068921,516308,488
2026-06-23T13:22:15.069039,516309,478
2026-06-23T13:22:15.069124,516310,477
2026-06-23T13:22:15.069208,516311,478
2026-06-23T13:22:15.069291,516312,473
2026-06-23T13:22:15.069373,516313,466
2026-06-23T13:22:15.069455,516314,465
2026-06-23T13:22:15.069548,516315,458
2026-06-23T13:22:15.069630,516316,455
2026-06-23T13:22:15.069712,516318,452
2026-06-23T13:22:15.079310,516319,444
2026-06-23T13:22:15.079408,516320,443
2026-06-23T13:22:15.079491,516321,447
2026-06-23T13:22:15.079573,516322,445
2026-06-23T13:22:15.079654,516323,436
2026-06-23T13:22:15.079736,516324,436
2026-06-23T13:22:15.079817,516325,453
2026-06-23T13:22:15.079898,516326,464
2026-06-23T13:22:15.079978,516327,469
2026-06-23T13:22:15.080059,516328,462
2026-06-23T13:22:15.089799,516329,459
2026-06-23T13:22:15.089912,516330,490
2026-06-23T13:22:15.089996,516331,506
2026-06-23T13:22:15.090103,516332,513
2026-06-23T13:22:15.090194,516333,517
2026-06-23T13:22:15.090276,516334,513
2026-06-23T13:22:15.090371,516335,505
2026-06-23T13:22:15.090453,516336,494
2026-06-23T13:22:15.090533,516337,484
2026-06-23T13:22:15.090613,516338,480
2026-06-23T13:22:15.100186,516339,473
2026-06-23T13:22:15.100301,516340,469
2026-06-23T13:22:15.100383,516342,462
2026-06-23T13:22:15.100465,516343,460
2026-06-23T13:22:15.100554,516344,454
2026-06-23T13:22:15.100636,516345,448
2026-06-23T13:22:15.100716,516346,444
2026-06-23T13:22:15.100796,516347,443
2026-06-23T13:22:15.100875,516348,450
2026-06-23T13:22:15.100955,516349,454
2026-06-23T13:22:15.110658,516350,446
2026-06-23T13:22:15.110788,516351,440
2026-06-23T13:22:15.110901,516352,432
2026-06-23T13:22:15.111029,516353,426
2026-06-23T13:22:15.111136,516354,418
2026-06-23T13:22:15.111242,516355,410
2026-06-23T13:22:15.111346,516356,404
2026-06-23T13:22:15.111449,516357,399
2026-06-23T13:22:15.111559,516358,402
2026-06-23T13:22:15.111665,516359,408
2026-06-23T13:22:15.121066,516360,404
2026-06-23T13:22:15.121191,516361,399
2026-06-23T13:22:15.121275,516362,392
2026-06-23T13:22:15.121358,516363,386
2026-06-23T13:22:15.121444,516364,384
2026-06-23T13:22:15.121525,516365,388
2026-06-23T13:22:15.121607,516367,389
2026-06-23T13:22:15.121688,516368,404
2026-06-23T13:22:15.121770,516369,414
2026-06-23T13:22:15.121852,516370,415
2026-06-23T13:22:15.131439,516371,410
2026-06-23T13:22:15.131566,516372,404
2026-06-23T13:22:15.131671,516373,413
2026-06-23T13:22:15.131775,516374,420
2026-06-23T13:22:15.131878,516375,415
2026-06-23T13:22:15.131981,516376,415
2026-06-23T13:22:15.132085,516377,412
2026-06-23T13:22:15.132188,516378,406
2026-06-23T13:22:15.132294,516379,400
2026-06-23T13:22:15.132397,516380,397
2026-06-23T13:22:15.141952,516381,404
2026-06-23T13:22:15.142049,516382,420
2026-06-23T13:22:15.142132,516383,450
2026-06-23T13:22:15.142214,516384,473
2026-06-23T13:22:15.142296,516385,475
2026-06-23T13:22:15.142377,516386,497
2026-06-23T13:22:15.142458,516387,519
2026-06-23T13:22:15.142539,516388,531
2026-06-23T13:22:15.142620,516389,530
2026-06-23T13:22:15.142701,516390,528
2026-06-23T13:22:15.152448,516392,529
2026-06-23T13:22:15.152574,516393,530
2026-06-23T13:22:15.152660,516394,531
2026-06-23T13:22:15.152744,516395,528
2026-06-23T13:22:15.152828,516396,520
2026-06-23T13:22:15.152919,516397,515
2026-06-23T13:22:15.153014,516398,514
2026-06-23T13:22:15.153096,516399,510
2026-06-23T13:22:15.153177,516400,506
2026-06-23T13:22:15.153258,516401,497
2026-06-23T13:22:15.162828,516402,488
2026-06-23T13:22:15.162947,516403,488
2026-06-23T13:22:15.163053,516404,489
2026-06-23T13:22:15.163158,516405,490
2026-06-23T13:22:15.163262,516406,485
2026-06-23T13:22:15.163366,516407,476
2026-06-23T13:22:15.163470,516408,466
2026-06-23T13:22:15.163573,516409,460
2026-06-23T13:22:15.163680,516410,464
2026-06-23T13:22:15.163784,516411,467
2026-06-23T13:22:15.173271,516412,467
2026-06-23T13:22:15.173374,516413,483
2026-06-23T13:22:15.173458,516414,481
2026-06-23T13:22:15.173540,516415,476
2026-06-23T13:22:15.173681,516417,472
2026-06-23T13:22:15.173774,516418,470
2026-06-23T13:22:15.173858,516419,475
2026-06-23T13:22:15.173941,516420,474
2026-06-23T13:22:15.174022,516421,468
2026-06-23T13:22:15.174104,516422,467
2026-06-23T13:22:15.183705,516423,469
2026-06-23T13:22:15.183808,516424,482
2026-06-23T13:22:15.183891,516425,486
2026-06-23T13:22:15.183972,516426,490
2026-06-23T13:22:15.184053,516427,511
2026-06-23T13:22:15.184135,516428,517
2026-06-23T13:22:15.184216,516429,508
2026-06-23T13:22:15.184297,516430,503
2026-06-23T13:22:15.184379,516431,502
2026-06-23T13:22:15.184461,516432,501
2026-06-23T13:22:15.194149,516433,496
2026-06-23T13:22:15.194243,516434,491
2026-06-23T13:22:15.194326,516435,484
2026-06-23T13:22:15.194407,516436,491
2026-06-23T13:22:15.194489,516437,496
2026-06-23T13:22:15.194570,516438,496
2026-06-23T13:22:15.194652,516439,495
2026-06-23T13:22:15.194734,516441,487
2026-06-23T13:22:15.194815,516442,496
2026-06-23T13:22:15.194896,516443,508
2026-06-23T13:22:15.204657,516444,510
2026-06-23T13:22:15.204765,516445,504
2026-06-23T13:22:15.204848,516446,506
2026-06-23T13:22:15.204931,516447,506
2026-06-23T13:22:15.205013,516448,503
2026-06-23T13:22:15.205095,516449,496
2026-06-23T13:22:15.205176,516450,486
2026-06-23T13:22:15.205258,516451,476
2026-06-23T13:22:15.205340,516452,466
2026-06-23T13:22:15.205421,516453,462
2026-06-23T13:22:15.215030,516454,464
2026-06-23T13:22:15.215161,516455,481
2026-06-23T13:22:15.215249,516456,505
2026-06-23T13:22:15.215334,516457,531
2026-06-23T13:22:15.215416,516458,535
2026-06-23T13:22:15.215496,516459,562
2026-06-23T13:22:15.215577,516460,589
2026-06-23T13:22:15.215658,516461,596
2026-06-23T13:22:15.215738,516462,587
2026-06-23T13:22:15.215817,516463,580
2026-06-23T13:22:15.225478,516464,572
2026-06-23T13:22:15.225583,516466,561
2026-06-23T13:22:15.225670,516467,557
2026-06-23T13:22:15.225754,516468,572
2026-06-23T13:22:15.225840,516469,589
2026-06-23T13:22:15.225945,516470,584
2026-06-23T13:22:15.226049,516471,579
2026-06-23T13:22:15.226152,516472,575
2026-06-23T13:22:15.226256,516473,561
2026-06-23T13:22:15.226361,516474,561
2026-06-23T13:22:15.235930,516475,560
2026-06-23T13:22:15.236046,516476,563
2026-06-23T13:22:15.236131,516477,561
2026-06-23T13:22:15.236215,516478,557
2026-06-23T13:22:15.236297,516479,549
2026-06-23T13:22:15.236378,516480,548
2026-06-23T13:22:15.236463,516481,564
2026-06-23T13:22:15.236545,516482,576
2026-06-23T13:22:15.236626,516483,572
2026-06-23T13:22:15.236707,516484,564
2026-06-23T13:22:15.246383,516485,568
2026-06-23T13:22:15.246509,516486,573
2026-06-23T13:22:15.246615,516487,566
2026-06-23T13:22:15.246719,516488,560
2026-06-23T13:22:15.246824,516489,557
2026-06-23T13:22:15.246933,516491,546
2026-06-23T13:22:15.247038,516492,539
2026-06-23T13:22:15.247142,516493,531
2026-06-23T13:22:15.247245,516494,520
2026-06-23T13:22:15.247349,516495,521
2026-06-23T13:22:15.256812,516496,516
2026-06-23T13:22:15.256970,516497,508
2026-06-23T13:22:15.257073,516498,501
2026-06-23T13:22:15.257159,516499,496
2026-06-23T13:22:15.257241,516500,487
2026-06-23T13:22:15.257322,516501,479
2026-06-23T13:22:15.257403,516502,479
2026-06-23T13:22:15.257484,516503,486
2026-06-23T13:22:15.257564,516504,492
2026-06-23T13:22:15.257644,516505,501
2026-06-23T13:22:15.267230,516506,496
2026-06-23T13:22:15.267335,516507,490
2026-06-23T13:22:15.267418,516508,487
2026-06-23T13:22:15.267501,516509,492
2026-06-23T13:22:15.267585,516510,509
2026-06-23T13:22:15.267666,516511,525
2026-06-23T13:22:15.267747,516512,538
2026-06-23T13:22:15.267828,516513,539
2026-06-23T13:22:15.267910,516514,532
2026-06-23T13:22:15.267991,516516,522
2026-06-23T13:22:15.277656,516517,517
2026-06-23T13:22:15.277749,516518,524
2026-06-23T13:22:15.277832,516519,529
2026-06-23T13:22:15.277913,516520,523
2026-06-23T13:22:15.277994,516521,523
2026-06-23T13:22:15.278075,516522,516
2026-06-23T13:22:15.278156,516523,505
2026-06-23T13:22:15.278238,516524,497
2026-06-23T13:22:15.278320,516525,490
2026-06-23T13:22:15.278402,516526,483
2026-06-23T13:22:15.288143,516527,486
2026-06-23T13:22:15.288257,516528,491
2026-06-23T13:22:15.288340,516529,486
2026-06-23T13:22:15.288422,516530,479
2026-06-23T13:22:15.288503,516531,472
2026-06-23T13:22:15.288584,516532,467
2026-06-23T13:22:15.288664,516533,469
2026-06-23T13:22:15.288743,516534,474
2026-06-23T13:22:15.288823,516535,471
2026-06-23T13:22:15.288903,516536,489
2026-06-23T13:22:15.298483,516537,502
2026-06-23T13:22:15.298593,516538,497
2026-06-23T13:22:15.298675,516540,492
2026-06-23T13:22:15.298755,516541,488
2026-06-23T13:22:15.298835,516542,479
2026-06-23T13:22:15.298915,516543,469
2026-06-23T13:22:15.298995,516544,468
2026-06-23T13:22:15.299075,516545,476
2026-06-23T13:22:15.299154,516546,499
2026-06-23T13:22:15.299234,516547,534
2026-06-23T13:22:15.309002,516548,572
2026-06-23T13:22:15.309105,516549,578
2026-06-23T13:22:15.309191,516550,616
2026-06-23T13:22:15.309274,516551,642
2026-06-23T13:22:15.309357,516552,644
2026-06-23T13:22:15.309438,516553,640
2026-06-23T13:22:15.309519,516554,628
2026-06-23T13:22:15.309601,516555,617
2026-06-23T13:22:15.309683,516556,619
2026-06-23T13:22:15.309764,516557,614
2026-06-23T13:22:15.319550,516558,604
2026-06-23T13:22:15.319665,516559,593
2026-06-23T13:22:15.319748,516560,586
2026-06-23T13:22:15.319831,516561,575
2026-06-23T13:22:15.319913,516562,572
2026-06-23T13:22:15.319995,516563,566
2026-06-23T13:22:15.320076,516565,558
2026-06-23T13:22:15.320157,516566,546
2026-06-23T13:22:15.320239,516567,538
2026-06-23T13:22:15.320321,516568,531
2026-06-23T13:22:15.329877,516569,521
2026-06-23T13:22:15.329974,516570,513
2026-06-23T13:22:15.330056,516571,504
2026-06-23T13:22:15.330138,516572,494
2026-06-23T13:22:15.330220,516573,487
2026-06-23T13:22:15.330302,516574,480
2026-06-23T13:22:15.330383,516575,478
2026-06-23T13:22:15.330465,516576,473
2026-06-23T13:22:15.330546,516577,466
2026-06-23T13:22:15.330627,516578,472
2026-06-23T13:22:15.340318,516579,468
2026-06-23T13:22:15.340421,516580,472
2026-06-23T13:22:15.340505,516581,475
2026-06-23T13:22:15.340587,516582,478
2026-06-23T13:22:15.340668,516583,483
2026-06-23T13:22:15.340751,516584,481
2026-06-23T13:22:15.340833,516585,476
2026-06-23T13:22:15.340914,516586,470
2026-06-23T13:22:15.340995,516587,464
2026-06-23T13:22:15.341077,516588,466
2026-06-23T13:22:15.350767,516590,481
2026-06-23T13:22:15.350877,516591,510
2026-06-23T13:22:15.350959,516592,517
2026-06-23T13:22:15.351042,516593,522
2026-06-23T13:22:15.351124,516594,519
2026-06-23T13:22:15.351215,516595,523
2026-06-23T13:22:15.351296,516596,517
2026-06-23T13:22:15.351377,516597,525
2026-06-23T13:22:15.351460,516598,537
2026-06-23T13:22:15.351541,516599,536
2026-06-23T13:22:15.361207,516600,534
2026-06-23T13:22:15.361301,516601,526
2026-06-23T13:22:15.361384,516602,520
2026-06-23T13:22:15.361466,516603,513
2026-06-23T13:22:15.361548,516604,502
2026-06-23T13:22:15.361631,516605,494
2026-06-23T13:22:15.361714,516606,489
2026-06-23T13:22:15.361862,516607,480
2026-06-23T13:22:15.361956,516608,470
2026-06-23T13:22:15.362040,516609,462
2026-06-23T13:22:15.371656,516610,454
2026-06-23T13:22:15.371758,516611,448
2026-06-23T13:22:15.371838,516612,441
2026-06-23T13:22:15.371918,516613,438
2026-06-23T13:22:15.371998,516615,440
2026-06-23T13:22:15.372078,516616,458
2026-06-23T13:22:15.372157,516617,475
2026-06-23T13:22:15.372236,516618,474
2026-06-23T13:22:15.372315,516619,467
2026-06-23T13:22:15.372394,516620,475
2026-06-23T13:22:15.382018,516621,479
2026-06-23T13:22:15.382127,516622,477
2026-06-23T13:22:15.382207,516623,475
2026-06-23T13:22:15.382286,516624,470
2026-06-23T13:22:15.382365,516625,466
2026-06-23T13:22:15.382444,516626,466
2026-06-23T13:22:15.382523,516627,467
2026-06-23T13:22:15.382601,516628,453
2026-06-23T13:22:15.382679,516629,446
2026-06-23T13:22:15.382758,516630,448
2026-06-23T13:22:15.392555,516631,454
2026-06-23T13:22:15.392674,516632,452
2026-06-23T13:22:15.392776,516633,454
2026-06-23T13:22:15.392882,516634,448
2026-06-23T13:22:15.392983,516635,442
2026-06-23T13:22:15.393101,516636,436
2026-06-23T13:22:15.393203,516637,443
2026-06-23T13:22:15.393304,516639,445
2026-06-23T13:22:15.393404,516640,441
2026-06-23T13:22:15.393504,516641,445
2026-06-23T13:22:15.403041,516642,453
2026-06-23T13:22:15.403145,516643,450
2026-06-23T13:22:15.403225,516644,456
2026-06-23T13:22:15.403304,516645,458
2026-06-23T13:22:15.403384,516646,451
2026-06-23T13:22:15.403463,516647,445
2026-06-23T13:22:15.403542,516648,446
2026-06-23T13:22:15.403621,516649,452
2026-06-23T13:22:15.403700,516650,456
2026-06-23T13:22:15.403779,516651,449
2026-06-23T13:22:15.413469,516652,440
2026-06-23T13:22:15.413582,516653,432
2026-06-23T13:22:15.413684,516654,422
2026-06-23T13:22:15.413786,516655,414
2026-06-23T13:22:15.413889,516656,415
2026-06-23T13:22:15.413989,516657,420
2026-06-23T13:22:15.414090,516658,422
2026-06-23T13:22:15.414192,516659,421
2026-06-23T13:22:15.414293,516660,415
2026-06-23T13:22:15.414394,516661,411
2026-06-23T13:22:15.423860,516662,407
2026-06-23T13:22:15.423990,516664,406
2026-06-23T13:22:15.424074,516665,409
2026-06-23T13:22:15.424154,516666,413
2026-06-23T13:22:15.424233,516667,410
2026-06-23T13:22:15.424312,516668,403
2026-06-23T13:22:15.424392,516669,397
2026-06-23T13:22:15.424472,516670,393
2026-06-23T13:22:15.424552,516671,387
2026-06-23T13:22:15.424630,516672,389
2026-06-23T13:22:15.434297,516673,392
2026-06-23T13:22:15.434401,516674,392
2026-06-23T13:22:15.434481,516675,390
2026-06-23T13:22:15.434560,516676,386
2026-06-23T13:22:15.434638,516677,385
2026-06-23T13:22:15.434717,516678,380
2026-06-23T13:22:15.434796,516679,374
2026-06-23T13:22:15.434875,516680,373
2026-06-23T13:22:15.434954,516681,367
2026-06-23T13:22:15.435032,516682,360
2026-06-23T13:22:15.444725,516683,353
2026-06-23T13:22:15.444816,516684,356
2026-06-23T13:22:15.444898,516685,358
2026-06-23T13:22:15.444999,516686,371
2026-06-23T13:22:15.445080,516687,376
2026-06-23T13:22:15.445159,516689,374
2026-06-23T13:22:15.445267,516690,366
2026-06-23T13:22:15.445398,516691,359
2026-06-23T13:22:15.445503,516692,355
2026-06-23T13:22:15.445591,516693,357
2026-06-23T13:22:15.455191,516694,367
2026-06-23T13:22:15.455288,516695,374
2026-06-23T13:22:15.455369,516696,375
2026-06-23T13:22:15.455449,516697,378
2026-06-23T13:22:15.455528,516698,376
2026-06-23T13:22:15.455608,516699,377
2026-06-23T13:22:15.455687,516700,372
2026-06-23T13:22:15.455766,516701,367
2026-06-23T13:22:15.455845,516702,367
2026-06-23T13:22:15.455924,516703,369
2026-06-23T13:22:15.465602,516704,364
2026-06-23T13:22:15.465700,516705,362
2026-06-23T13:22:15.465780,516706,357
2026-06-23T13:22:15.465859,516707,356
2026-06-23T13:22:15.465939,516708,360
2026-06-23T13:22:15.466017,516709,355
2026-06-23T13:22:15.466096,516710,348
2026-06-23T13:22:15.466182,516711,345
2026-06-23T13:22:15.466260,516713,347
2026-06-23T13:22:15.466339,516714,344
2026-06-23T13:22:15.476040,516715,349
2026-06-23T13:22:15.476131,516716,351
2026-06-23T13:22:15.476210,516717,345
2026-06-23T13:22:15.476290,516718,352
2026-06-23T13:22:15.476369,516719,355
2026-06-23T13:22:15.476449,516720,348
2026-06-23T13:22:15.476530,516721,342
2026-06-23T13:22:15.476610,516722,336
2026-06-23T13:22:15.476702,516723,329
2026-06-23T13:22:15.476782,516724,324
2026-06-23T13:22:15.486527,516725,317
2026-06-23T13:22:15.486629,516726,314
2026-06-23T13:22:15.486709,516727,319
2026-06-23T13:22:15.486791,516728,321
2026-06-23T13:22:15.486870,516729,317
2026-06-23T13:22:15.486950,516730,311
2026-06-23T13:22:15.487029,516731,310
2026-06-23T13:22:15.487109,516732,309
2026-06-23T13:22:15.487187,516733,307
2026-06-23T13:22:15.487269,516734,306
2026-06-23T13:22:15.496968,516735,306
2026-06-23T13:22:15.497083,516736,307
2026-06-23T13:22:15.497185,516738,328
2026-06-23T13:22:15.497287,516739,337
2026-06-23T13:22:15.497388,516740,334
2026-06-23T13:22:15.497488,516741,332
2026-06-23T13:22:15.497588,516742,327
2026-06-23T13:22:15.497689,516743,327
2026-06-23T13:22:15.497790,516744,329
2026-06-23T13:22:15.497916,516745,328
2026-06-23T13:22:15.507400,516746,324
2026-06-23T13:22:15.507497,516747,318
2026-06-23T13:22:15.507578,516748,314
2026-06-23T13:22:15.507657,516749,310
2026-06-23T13:22:15.507737,516750,312
2026-06-23T13:22:15.507818,516751,310
2026-06-23T13:22:15.507898,516752,306
2026-06-23T13:22:15.507977,516753,301
2026-06-23T13:22:15.508056,516754,300
2026-06-23T13:22:15.508135,516755,308
2026-06-23T13:22:15.517879,516756,318
2026-06-23T13:22:15.517989,516757,326
2026-06-23T13:22:15.518069,516758,328
2026-06-23T13:22:15.518154,516759,323
2026-06-23T13:22:15.518243,516760,317
2026-06-23T13:22:15.518322,516761,313
2026-06-23T13:22:15.518404,516763,313
2026-06-23T13:22:15.518483,516764,309
2026-06-23T13:22:15.518562,516765,307
2026-06-23T13:22:15.518640,516766,307
2026-06-23T13:22:15.528217,516767,309
2026-06-23T13:22:15.528306,516768,307
2026-06-23T13:22:15.528406,516769,309
2026-06-23T13:22:15.528485,516770,311
2026-06-23T13:22:15.528565,516771,311
2026-06-23T13:22:15.528682,516772,312
2026-06-23T13:22:15.528787,516773,319
2026-06-23T13:22:15.528873,516774,320
2026-06-23T13:22:15.528957,516775,315
2026-06-23T13:22:15.529038,516776,312
2026-06-23T13:22:15.538731,516777,308
2026-06-23T13:22:15.538843,516778,312
2026-06-23T13:22:15.538926,516779,314
2026-06-23T13:22:15.539008,516780,316
2026-06-23T13:22:15.539089,516781,314
2026-06-23T13:22:15.539169,516782,326
2026-06-23T13:22:15.539249,516783,341
2026-06-23T13:22:15.539328,516784,343
2026-06-23T13:22:15.539408,516785,338
2026-06-23T13:22:15.539490,516786,332
2026-06-23T13:22:15.549137,516788,325
2026-06-23T13:22:15.549243,516789,322
2026-06-23T13:22:15.549324,516790,319
2026-06-23T13:22:15.549406,516791,315
2026-06-23T13:22:15.549485,516792,312
2026-06-23T13:22:15.549565,516793,312
2026-06-23T13:22:15.549648,516794,314
2026-06-23T13:22:15.549729,516795,311
2026-06-23T13:22:15.549815,516796,312
2026-06-23T13:22:15.549894,516797,309
2026-06-23T13:22:15.559578,516798,308
2026-06-23T13:22:15.559670,516799,306
2026-06-23T13:22:15.559750,516800,310
2026-06-23T13:22:15.559831,516801,315
2026-06-23T13:22:15.559911,516802,320
2026-06-23T13:22:15.559991,516803,331
2026-06-23T13:22:15.560072,516804,345
2026-06-23T13:22:15.560152,516805,346
2026-06-23T13:22:15.560232,516806,352
2026-06-23T13:22:15.560331,516807,359
2026-06-23T13:22:15.570073,516808,362
2026-06-23T13:22:15.570188,516809,358
2026-06-23T13:22:15.570271,516810,360
2026-06-23T13:22:15.570353,516812,368
2026-06-23T13:22:15.570434,516813,377
2026-06-23T13:22:15.570514,516814,379
2026-06-23T13:22:15.570593,516815,398
2026-06-23T13:22:15.570672,516816,413
2026-06-23T13:22:15.570770,516817,417
2026-06-23T13:22:15.570855,516818,411
2026-06-23T13:22:15.580481,516819,409
2026-06-23T13:22:15.580576,516820,410
2026-06-23T13:22:15.580658,516821,415
2026-06-23T13:22:15.580739,516822,431
2026-06-23T13:22:15.580820,516823,428
2026-06-23T13:22:15.580900,516824,428
2026-06-23T13:22:15.580980,516825,428
2026-06-23T13:22:15.581060,516826,430
2026-06-23T13:22:15.581141,516827,422
2026-06-23T13:22:15.581221,516828,425
2026-06-23T13:22:15.590907,516829,431
2026-06-23T13:22:15.591011,516830,427
2026-06-23T13:22:15.591095,516831,419
2026-06-23T13:22:15.591178,516832,413
2026-06-23T13:22:15.591260,516833,415
2026-06-23T13:22:15.591341,516834,417
2026-06-23T13:22:15.591421,516835,412
2026-06-23T13:22:15.591501,516837,421
2026-06-23T13:22:15.591583,516838,431
2026-06-23T13:22:15.591663,516839,429
2026-06-23T13:22:15.601411,516840,428
2026-06-23T13:22:15.601514,516841,430
2026-06-23T13:22:15.601595,516842,427
2026-06-23T13:22:15.601675,516843,424
2026-06-23T13:22:15.601755,516844,415
2026-06-23T13:22:15.601835,516845,411
2026-06-23T13:22:15.601914,516846,406
2026-06-23T13:22:15.601993,516847,402
2026-06-23T13:22:15.602072,516848,397
2026-06-23T13:22:15.602151,516849,391
2026-06-23T13:22:15.611820,516850,388
2026-06-23T13:22:15.611937,516851,399
2026-06-23T13:22:15.612041,516852,410
2026-06-23T13:22:15.612143,516853,418
2026-06-23T13:22:15.612246,516854,412
2026-06-23T13:22:15.612348,516855,407
2026-06-23T13:22:15.612449,516856,405
2026-06-23T13:22:15.612552,516857,398
2026-06-23T13:22:15.612654,516858,403
2026-06-23T13:22:15.612756,516859,408
2026-06-23T13:22:15.622266,516860,408
2026-06-23T13:22:15.622372,516862,418
2026-06-23T13:22:15.622453,516863,422
2026-06-23T13:22:15.622533,516864,416
2026-06-23T13:22:15.622613,516865,413
2026-06-23T13:22:15.622693,516866,412
2026-06-23T13:22:15.622772,516867,409
2026-06-23T13:22:15.622851,516868,405
2026-06-23T13:22:15.622930,516869,397
2026-06-23T13:22:15.623009,516870,390
2026-06-23T13:22:15.632602,516871,392
2026-06-23T13:22:15.632699,516872,392
2026-06-23T13:22:15.632780,516873,390
2026-06-23T13:22:15.632862,516874,386
2026-06-23T13:22:15.632946,516875,383
2026-06-23T13:22:15.633031,516876,378
2026-06-23T13:22:15.633115,516877,375
2026-06-23T13:22:15.633199,516878,379
2026-06-23T13:22:15.633278,516879,375
2026-06-23T13:22:15.633363,516880,368
2026-06-23T13:22:15.643130,516881,363
2026-06-23T13:22:15.643232,516882,355
2026-06-23T13:22:15.643313,516883,348
2026-06-23T13:22:15.643394,516884,342
2026-06-23T13:22:15.643473,516885,338
2026-06-23T13:22:15.643552,516887,333
2026-06-23T13:22:15.643632,516888,327
2026-06-23T13:22:15.643713,516889,320
2026-06-23T13:22:15.643792,516890,314
2026-06-23T13:22:15.643893,516891,309
2026-06-23T13:22:15.653554,516892,305
2026-06-23T13:22:15.653655,516893,309
2026-06-23T13:22:15.653736,516894,312
2026-06-23T13:22:15.653817,516895,312
2026-06-23T13:22:15.653898,516896,306
2026-06-23T13:22:15.653976,516897,300
2026-06-23T13:22:15.654056,516898,294
2026-06-23T13:22:15.654136,516899,289
2026-06-23T13:22:15.654215,516900,294
2026-06-23T13:22:15.654295,516901,297
2026-06-23T13:22:15.663934,516902,293
2026-06-23T13:22:15.664025,516903,288
2026-06-23T13:22:15.664106,516904,282
2026-06-23T13:22:15.664210,516905,277
2026-06-23T13:22:15.664305,516906,276
2026-06-23T13:22:15.664384,516907,275
2026-06-23T13:22:15.664462,516908,270
2026-06-23T13:22:15.664539,516909,264
2026-06-23T13:22:15.664615,516911,261
2026-06-23T13:22:15.664691,516912,258
2026-06-23T13:22:15.674395,516913,254
2026-06-23T13:22:15.674510,516914,261
2026-06-23T13:22:15.674594,516915,273
2026-06-23T13:22:15.674674,516916,282
2026-06-23T13:22:15.674753,516917,291
2026-06-23T13:22:15.674830,516918,293
2026-06-23T13:22:15.674908,516919,298
2026-06-23T13:22:15.674985,516920,295
2026-06-23T13:22:15.675064,516921,302
2026-06-23T13:22:15.675141,516922,309
2026-06-23T13:22:15.684923,516923,314
2026-06-23T13:22:15.685038,516924,313
2026-06-23T13:22:15.685117,516925,308
2026-06-23T13:22:15.685194,516926,310
2026-06-23T13:22:15.685272,516927,316
2026-06-23T13:22:15.685349,516928,318
2026-06-23T13:22:15.685427,516929,327
2026-06-23T13:22:15.685503,516930,335
2026-06-23T13:22:15.685579,516931,341
2026-06-23T13:22:15.685655,516932,344
2026-06-23T13:22:15.695323,516933,355
2026-06-23T13:22:15.695413,516934,366
2026-06-23T13:22:15.695482,516936,373
2026-06-23T13:22:15.695546,516937,379
2026-06-23T13:22:15.695609,516938,383
2026-06-23T13:22:15.695673,516939,385
2026-06-23T13:22:15.695736,516940,388
2026-06-23T13:22:15.695799,516941,387
2026-06-23T13:22:15.695863,516942,382
2026-06-23T13:22:15.695926,516943,375
2026-06-23T13:22:15.705788,516944,368
2026-06-23T13:22:15.705887,516945,363
2026-06-23T13:22:15.705964,516946,366
2026-06-23T13:22:15.706041,516947,365
2026-06-23T13:22:15.706118,516948,360
2026-06-23T13:22:15.706194,516949,359
2026-06-23T13:22:15.706271,516950,355
2026-06-23T13:22:15.706347,516951,349
2026-06-23T13:22:15.706423,516952,344
2026-06-23T13:22:15.706501,516953,339
2026-06-23T13:22:15.716155,516954,336
2026-06-23T13:22:15.716256,516955,333
2026-06-23T13:22:15.716334,516956,334
2026-06-23T13:22:15.716411,516957,332
2026-06-23T13:22:15.716488,516958,325
2026-06-23T13:22:15.716564,516959,321
2026-06-23T13:22:15.716640,516961,316
2026-06-23T13:22:15.716717,516962,316
2026-06-23T13:22:15.716793,516963,312
2026-06-23T13:22:15.716871,516964,308
2026-06-23T13:22:15.726681,516965,310
2026-06-23T13:22:15.726800,516966,314
2026-06-23T13:22:15.726879,516967,321
2026-06-23T13:22:15.726956,516968,320
2026-06-23T13:22:15.727051,516969,319
2026-06-23T13:22:15.727128,516970,315
2026-06-23T13:22:15.727204,516971,312
2026-06-23T13:22:15.727279,516972,321
2026-06-23T13:22:15.727355,516973,334
2026-06-23T13:22:15.727431,516974,333
2026-06-23T13:22:15.737137,516975,331
2026-06-23T13:22:15.737235,516976,330
2026-06-23T13:22:15.737312,516977,327
2026-06-23T13:22:15.737389,516978,332
2026-06-23T13:22:15.737466,516979,330
2026-06-23T13:22:15.737542,516980,328
2026-06-23T13:22:15.737618,516981,342
2026-06-23T13:22:15.737694,516982,354
2026-06-23T13:22:15.737770,516983,359
2026-06-23T13:22:15.737847,516984,364
2026-06-23T13:22:15.747538,516986,365
2026-06-23T13:22:15.747627,516987,361
2026-06-23T13:22:15.747704,516988,354
2026-06-23T13:22:15.747781,516989,344
2026-06-23T13:22:15.747858,516990,343
2026-06-23T13:22:15.748001,516991,336
2026-06-23T13:22:15.748120,516992,330
2026-06-23T13:22:15.748200,516993,327
2026-06-23T13:22:15.748277,516994,325
2026-06-23T13:22:15.748353,516995,321
2026-06-23T13:22:15.757914,516996,323
2026-06-23T13:22:15.758007,516997,327
2026-06-23T13:22:15.758084,516998,322
2026-06-23T13:22:15.758160,516999,314
2026-06-23T13:22:15.758236,517000,311
2026-06-23T13:22:15.758312,517001,305
2026-06-23T13:22:15.758388,517002,301
2026-06-23T13:22:15.758464,517003,309
2026-06-23T13:22:15.758540,517004,316
2026-06-23T13:22:15.758615,517005,320
2026-06-23T13:22:15.768526,517006,323
2026-06-23T13:22:15.768627,517007,320
2026-06-23T13:22:15.768704,517008,315
2026-06-23T13:22:15.768780,517010,320
2026-06-23T13:22:15.768869,517011,331
2026-06-23T13:22:15.768948,517012,340
2026-06-23T13:22:15.769028,517013,342
2026-06-23T13:22:15.769104,517014,343
2026-06-23T13:22:15.769200,517015,341
2026-06-23T13:22:15.769287,517016,337
2026-06-23T13:22:15.778805,517017,335
2026-06-23T13:22:15.778895,517018,335
2026-06-23T13:22:15.778971,517019,330
2026-06-23T13:22:15.779047,517020,334
2026-06-23T13:22:15.779124,517021,331
2026-06-23T13:22:15.779201,517022,326
2026-06-23T13:22:15.779278,517023,322
2026-06-23T13:22:15.779354,517024,321
2026-06-23T13:22:15.779430,517025,318
2026-06-23T13:22:15.779505,517026,314
2026-06-23T13:22:15.789289,517027,313
2026-06-23T13:22:15.789382,517028,311
2026-06-23T13:22:15.789462,517029,307
2026-06-23T13:22:15.789538,517030,307
2026-06-23T13:22:15.789614,517031,309
2026-06-23T13:22:15.789691,517032,312
2026-06-23T13:22:15.789771,517033,310
2026-06-23T13:22:15.789848,517035,310
2026-06-23T13:22:15.789925,517036,307
2026-06-23T13:22:15.790000,517037,312
2026-06-23T13:22:15.799695,517038,319
2026-06-23T13:22:15.799796,517039,323
2026-06-23T13:22:15.799873,517040,321
2026-06-23T13:22:15.799950,517041,317
2026-06-23T13:22:15.800026,517042,315
2026-06-23T13:22:15.800103,517043,312
2026-06-23T13:22:15.800179,517044,316
2026-06-23T13:22:15.800255,517045,320
2026-06-23T13:22:15.800331,517046,317
2026-06-23T13:22:15.800407,517047,313
2026-06-23T13:22:15.810195,517048,309
2026-06-23T13:22:15.810300,517049,308
2026-06-23T13:22:15.810378,517050,300
2026-06-23T13:22:15.810471,517051,295
2026-06-23T13:22:15.810568,517052,301
2026-06-23T13:22:15.810665,517053,314
2026-06-23T13:22:15.810762,517054,317
2026-06-23T13:22:15.810858,517055,315
2026-06-23T13:22:15.810976,517056,312
2026-06-23T13:22:15.811073,517057,325
2026-06-23T13:22:15.820698,517058,341
2026-06-23T13:22:15.820804,517060,348
2026-06-23T13:22:15.820881,517061,350
2026-06-23T13:22:15.820958,517062,348
2026-06-23T13:22:15.821035,517063,347
2026-06-23T13:22:15.821111,517064,346
2026-06-23T13:22:15.821202,517065,346
2026-06-23T13:22:15.821280,517066,340
2026-06-23T13:22:15.821357,517067,338
2026-06-23T13:22:15.821435,517068,338
2026-06-23T13:22:15.831101,517069,338
2026-06-23T13:22:15.831244,517070,337
2026-06-23T13:22:15.831353,517071,337
2026-06-23T13:22:15.831458,517072,332
2026-06-23T13:22:15.831628,517073,328
2026-06-23T13:22:15.831760,517074,331
2026-06-23T13:22:15.831869,517075,342
2026-06-23T13:22:15.831972,517076,357
2026-06-23T13:22:15.832073,517077,358
2026-06-23T13:22:15.832173,517078,371
2026-06-23T13:22:15.841501,517079,382
2026-06-23T13:22:15.841602,517080,383
2026-06-23T13:22:15.841683,517081,379
2026-06-23T13:22:15.841762,517082,371
2026-06-23T13:22:15.841840,517083,366
2026-06-23T13:22:15.841917,517085,371
2026-06-23T13:22:15.841994,517086,370
2026-06-23T13:22:15.842071,517087,364
2026-06-23T13:22:15.842148,517088,359
2026-06-23T13:22:15.842224,517089,354
2026-06-23T13:22:15.851987,517090,349
2026-06-23T13:22:15.852104,517091,348
2026-06-23T13:22:15.852185,517092,346
2026-06-23T13:22:15.852263,517093,350
2026-06-23T13:22:15.852340,517094,355
2026-06-23T13:22:15.852416,517095,351
2026-06-23T13:22:15.852493,517096,353
2026-06-23T13:22:15.852569,517097,349
2026-06-23T13:22:15.852653,517098,343
2026-06-23T13:22:15.852737,517099,340
2026-06-23T13:22:15.862443,517100,338
2026-06-23T13:22:15.862533,517101,334
2026-06-23T13:22:15.862611,517102,328
2026-06-23T13:22:15.862688,517103,328
2026-06-23T13:22:15.862764,517104,341
2026-06-23T13:22:15.862840,517105,359
2026-06-23T13:22:15.862916,517106,366
2026-06-23T13:22:15.862992,517107,371
2026-06-23T13:22:15.863068,517109,368
2026-06-23T13:22:15.863144,517110,365
2026-06-23T13:22:15.872841,517111,367
2026-06-23T13:22:15.872936,517112,368
2026-06-23T13:22:15.873014,517113,365
2026-06-23T13:22:15.873091,517114,362
2026-06-23T13:22:15.873166,517115,358
2026-06-23T13:22:15.873242,517116,355
2026-06-23T13:22:15.873318,517117,364
2026-06-23T13:22:15.873395,517118,371
2026-06-23T13:22:15.873504,517119,371
2026-06-23T13:22:15.873601,517120,365
2026-06-23T13:22:15.883232,517121,363
2026-06-23T13:22:15.883347,517122,354
2026-06-23T13:22:15.883429,517123,350
2026-06-23T13:22:15.883510,517124,355
2026-06-23T13:22:15.883589,517125,360
2026-06-23T13:22:15.883679,517126,361
2026-06-23T13:22:15.883791,517127,357
2026-06-23T13:22:15.883892,517128,362
2026-06-23T13:22:15.883975,517129,368
2026-06-23T13:22:15.884057,517130,367
2026-06-23T13:22:15.893708,517131,364
2026-06-23T13:22:15.893803,517132,359
2026-06-23T13:22:15.893883,517134,351
2026-06-23T13:22:15.893961,517135,346
2026-06-23T13:22:15.894059,517136,349
2026-06-23T13:22:15.894136,517137,357
2026-06-23T13:22:15.894212,517138,357
2026-06-23T13:22:15.894289,517139,351
2026-06-23T13:22:15.894365,517140,351
2026-06-23T13:22:15.894441,517141,360
2026-06-23T13:22:15.904137,517142,366
2026-06-23T13:22:15.904254,517143,361
2026-06-23T13:22:15.904337,517144,356
2026-06-23T13:22:15.904420,517145,351
2026-06-23T13:22:15.904520,517146,353
2026-06-23T13:22:15.904599,517147,355
2026-06-23T13:22:15.904678,517148,354
2026-06-23T13:22:15.904782,517149,352
2026-06-23T13:22:15.904870,517150,348
2026-06-23T13:22:15.904949,517151,344
2026-06-23T13:22:15.914637,517152,339
2026-06-23T13:22:15.914754,517153,337
2026-06-23T13:22:15.914855,517154,346
2026-06-23T13:22:15.914969,517155,355
2026-06-23T13:22:15.915070,517156,355
2026-06-23T13:22:15.915160,517157,349
2026-06-23T13:22:15.915236,517159,345
2026-06-23T13:22:15.915314,517160,340
2026-06-23T13:22:15.915389,517161,342
2026-06-23T13:22:15.915465,517162,348
2026-06-23T13:22:15.925036,517163,354
2026-06-23T13:22:15.925126,517164,360
2026-06-23T13:22:15.925204,517165,357
2026-06-23T13:22:15.925280,517166,349
2026-06-23T13:22:15.925356,517167,343
2026-06-23T13:22:15.925432,517168,339
2026-06-23T13:22:15.925508,517169,338
2026-06-23T13:22:15.925585,517170,334
2026-06-23T13:22:15.925660,517171,330
2026-06-23T13:22:15.925736,517172,328
2026-06-23T13:22:15.935528,517173,331
2026-06-23T13:22:15.935627,517174,330
2026-06-23T13:22:15.935704,517175,331
2026-06-23T13:22:15.935780,517176,335
2026-06-23T13:22:15.935857,517177,333
2026-06-23T13:22:15.935932,517178,340
2026-06-23T13:22:15.936008,517179,344
2026-06-23T13:22:15.936090,517180,343
2026-06-23T13:22:15.936168,517181,340
2026-06-23T13:22:15.936262,517182,335
2026-06-23T13:22:15.945903,517184,328
2026-06-23T13:22:15.945992,517185,326
2026-06-23T13:22:15.946069,517186,328
2026-06-23T13:22:15.946145,517187,335
2026-06-23T13:22:15.946220,517188,338
2026-06-23T13:22:15.946296,517189,334
2026-06-23T13:22:15.946372,517190,332
2026-06-23T13:22:15.946448,517191,327
2026-06-23T13:22:15.946523,517192,321
2026-06-23T13:22:15.946599,517193,320
2026-06-23T13:22:15.956318,517194,321
2026-06-23T13:22:15.956410,517195,322
2026-06-23T13:22:15.956487,517196,323
2026-06-23T13:22:15.956563,517197,330
2026-06-23T13:22:15.956639,517198,327
2026-06-23T13:22:15.956743,517199,328
2026-06-23T13:22:15.956830,517200,332
2026-06-23T13:22:15.956945,517201,327
2026-06-23T13:22:15.957028,517202,320
2026-06-23T13:22:15.957106,517203,318
2026-06-23T13:22:15.966807,517204,325
2026-06-23T13:22:15.966903,517205,327
2026-06-23T13:22:15.966981,517206,335
2026-06-23T13:22:15.967067,517208,338
2026-06-23T13:22:15.967144,517209,332
2026-06-23T13:22:15.967221,517210,332
2026-06-23T13:22:15.967298,517211,331
2026-06-23T13:22:15.967374,517212,330
2026-06-23T13:22:15.967451,517213,326
2026-06-23T13:22:15.967528,517214,321
2026-06-23T13:22:15.977227,517215,317
2026-06-23T13:22:15.977316,517216,313
2026-06-23T13:22:15.977393,517217,308
2026-06-23T13:22:15.977470,517218,310
2026-06-23T13:22:15.977567,517219,313
2026-06-23T13:22:15.977644,517220,310
2026-06-23T13:22:15.977720,517221,312
2026-06-23T13:22:15.977798,517222,320
2026-06-23T13:22:15.977874,517223,328
2026-06-23T13:22:15.977949,517224,336
2026-06-23T13:22:15.987693,517225,333
2026-06-23T13:22:15.987810,517226,332
2026-06-23T13:22:15.987888,517227,330
2026-06-23T13:22:15.987965,517228,326
2026-06-23T13:22:15.988048,517229,323
2026-06-23T13:22:15.988126,517230,320
2026-06-23T13:22:15.988201,517231,315
2026-06-23T13:22:15.988277,517233,312
2026-06-23T13:22:15.988360,517234,312
2026-06-23T13:22:15.988437,517235,313
2026-06-23T13:22:15.998107,517236,311
2026-06-23T13:22:15.998195,517237,310
2026-06-23T13:22:15.998273,517238,309
2026-06-23T13:22:15.998349,517239,306
2026-06-23T13:22:15.998425,517240,300
2026-06-23T13:22:15.998502,517241,298
2026-06-23T13:22:15.998578,517242,300
2026-06-23T13:22:15.998654,517243,298
2026-06-23T13:22:15.998729,517244,302
2026-06-23T13:22:15.998805,517245,310
2026-06-23T13:22:16.008565,517246,319
2026-06-23T13:22:16.008661,517247,330
2026-06-23T13:22:16.008740,517248,331
2026-06-23T13:22:16.008816,517249,344
2026-06-23T13:22:16.008892,517250,355
2026-06-23T13:22:16.008969,517251,363
2026-06-23T13:22:16.009045,517252,368
2026-06-23T13:22:16.009120,517253,372
2026-06-23T13:22:16.009196,517254,368
2026-06-23T13:22:16.009272,517255,364
2026-06-23T13:22:16.019063,517256,362
2026-06-23T13:22:16.019162,517258,356
2026-06-23T13:22:16.019239,517259,356
2026-06-23T13:22:16.019316,517260,352
2026-06-23T13:22:16.019393,517261,347
2026-06-23T13:22:16.019469,517262,341
2026-06-23T13:22:16.019546,517263,340
2026-06-23T13:22:16.019622,517264,340
2026-06-23T13:22:16.019735,517265,334
2026-06-23T13:22:16.019811,517266,330
2026-06-23T13:22:16.029459,517267,327
2026-06-23T13:22:16.029546,517268,321
2026-06-23T13:22:16.029623,517269,315
2026-06-23T13:22:16.029699,517270,311
2026-06-23T13:22:16.029775,517271,311
2026-06-23T13:22:16.029851,517272,312
2026-06-23T13:22:16.029928,517273,310
2026-06-23T13:22:16.030005,517274,303
2026-06-23T13:22:16.030102,517275,297
2026-06-23T13:22:16.030198,517276,293
2026-06-23T13:22:16.039915,517277,290
2026-06-23T13:22:16.040008,517278,289
2026-06-23T13:22:16.040085,517279,289
2026-06-23T13:22:16.040161,517280,291
2026-06-23T13:22:16.040237,517282,293
2026-06-23T13:22:16.040336,517283,291
2026-06-23T13:22:16.040423,517284,294
2026-06-23T13:22:16.040549,517285,297
2026-06-23T13:22:16.040652,517286,294
2026-06-23T13:22:16.040736,517287,296
2026-06-23T13:22:16.050329,517288,302
2026-06-23T13:22:16.050440,517289,303
2026-06-23T13:22:16.050522,517290,303
2026-06-23T13:22:16.050606,517291,297
2026-06-23T13:22:16.050689,517292,293
2026-06-23T13:22:16.050766,517293,288
2026-06-23T13:22:16.050844,517294,283
2026-06-23T13:22:16.050921,517295,277
2026-06-23T13:22:16.050997,517296,276
2026-06-23T13:22:16.051074,517297,278
2026-06-23T13:22:16.060845,517298,275
2026-06-23T13:22:16.060946,517299,271
2026-06-23T13:22:16.061027,517300,265
2026-06-23T13:22:16.061105,517301,266
2026-06-23T13:22:16.061183,517302,270
2026-06-23T13:22:16.061260,517303,270
2026-06-23T13:22:16.061335,517304,266
2026-06-23T13:22:16.061425,517305,260
2026-06-23T13:22:16.061503,517307,258
2026-06-23T13:22:16.061580,517308,256
2026-06-23T13:22:16.071272,517309,252
2026-06-23T13:22:16.071377,517310,251
2026-06-23T13:22:16.071458,517311,248
2026-06-23T13:22:16.071537,517312,247
2026-06-23T13:22:16.071614,517313,245
2026-06-23T13:22:16.071691,517314,245
2026-06-23T13:22:16.071768,517315,245
2026-06-23T13:22:16.071845,517316,244
2026-06-23T13:22:16.071921,517317,240
2026-06-23T13:22:16.071997,517318,237
2026-06-23T13:22:16.081669,517319,234
2026-06-23T13:22:16.081769,517320,244
2026-06-23T13:22:16.081852,517321,257
2026-06-23T13:22:16.081930,517322,263
2026-06-23T13:22:16.082008,517323,263
2026-06-23T13:22:16.082085,517324,258
2026-06-23T13:22:16.082162,517325,254
2026-06-23T13:22:16.082239,517326,252
2026-06-23T13:22:16.082316,517327,260
2026-06-23T13:22:16.082393,517328,280
2026-06-23T13:22:16.092094,517329,286
2026-06-23T13:22:16.092190,517330,291
2026-06-23T13:22:16.092270,517332,295
2026-06-23T13:22:16.092348,517333,300
2026-06-23T13:22:16.092426,517334,306
2026-06-23T13:22:16.092503,517335,312
2026-06-23T13:22:16.092580,517336,317
2026-06-23T13:22:16.092656,517337,318
2026-06-23T13:22:16.092731,517338,319
2026-06-23T13:22:16.092809,517339,320
2026-06-23T13:22:16.102556,517340,319
2026-06-23T13:22:16.102654,517341,322
2026-06-23T13:22:16.102732,517342,321
2026-06-23T13:22:16.102809,517343,317
2026-06-23T13:22:16.102886,517344,314
2026-06-23T13:22:16.102962,517345,310
2026-06-23T13:22:16.103037,517346,309
2026-06-23T13:22:16.103116,517347,314
2026-06-23T13:22:16.103193,517348,315
2026-06-23T13:22:16.103269,517349,322
2026-06-23T13:22:16.112961,517350,334
2026-06-23T13:22:16.113049,517351,341
2026-06-23T13:22:16.113127,517352,342
2026-06-23T13:22:16.113203,517353,340
2026-06-23T13:22:16.113279,517354,350
2026-06-23T13:22:16.113355,517355,353
2026-06-23T13:22:16.113431,517357,348
2026-06-23T13:22:16.113508,517358,343
2026-06-23T13:22:16.113585,517359,340
2026-06-23T13:22:16.113661,517360,336
2026-06-23T13:22:16.123485,517361,339
2026-06-23T13:22:16.123618,517362,338
2026-06-23T13:22:16.123744,517363,334
2026-06-23T13:22:16.123826,517364,327
2026-06-23T13:22:16.123904,517365,324
2026-06-23T13:22:16.123980,517366,330
2026-06-23T13:22:16.124056,517367,339
2026-06-23T13:22:16.124132,517368,346
2026-06-23T13:22:16.124209,517369,344
2026-06-23T13:22:16.124289,517370,363
2026-06-23T13:22:16.133886,517371,379
2026-06-23T13:22:16.133988,517372,377
2026-06-23T13:22:16.134066,517373,371
2026-06-23T13:22:16.134142,517374,364
2026-06-23T13:22:16.134218,517375,356
2026-06-23T13:22:16.134293,517376,352
2026-06-23T13:22:16.134369,517377,347
2026-06-23T13:22:16.134445,517378,340
2026-06-23T13:22:16.134521,517379,332
2026-06-23T13:22:16.134598,517381,325
2026-06-23T13:22:16.144281,517382,320
2026-06-23T13:22:16.144370,517383,322
2026-06-23T13:22:16.144448,517384,324
2026-06-23T13:22:16.144525,517385,328
2026-06-23T13:22:16.144601,517386,327
2026-06-23T13:22:16.144677,517387,331
2026-06-23T13:22:16.144754,517388,329
2026-06-23T13:22:16.144829,517389,326
2026-06-23T13:22:16.144905,517390,332
2026-06-23T13:22:16.144981,517391,337
2026-06-23T13:22:16.154799,517392,337
2026-06-23T13:22:16.154910,517393,331
2026-06-23T13:22:16.154990,517394,333
2026-06-23T13:22:16.155068,517395,336
2026-06-23T13:22:16.155148,517396,339
2026-06-23T13:22:16.155226,517397,339
2026-06-23T13:22:16.155303,517398,336
2026-06-23T13:22:16.155379,517399,329
2026-06-23T13:22:16.155455,517400,324
2026-06-23T13:22:16.155532,517401,320
2026-06-23T13:22:16.165175,517402,314
2026-06-23T13:22:16.165273,517403,307
2026-06-23T13:22:16.165352,517404,301
2026-06-23T13:22:16.165429,517406,295
2026-06-23T13:22:16.165505,517407,289
2026-06-23T13:22:16.165582,517408,285
2026-06-23T13:22:16.165658,517409,283
2026-06-23T13:22:16.165734,517410,280
2026-06-23T13:22:16.165810,517411,276
2026-06-23T13:22:16.165886,517412,272
2026-06-23T13:22:16.175636,517413,268
2026-06-23T13:22:16.175733,517414,267
2026-06-23T13:22:16.175814,517415,266
2026-06-23T13:22:16.175892,517416,265
2026-06-23T13:22:16.175970,517417,266
2026-06-23T13:22:16.176048,517418,265
2026-06-23T13:22:16.176128,517419,264
2026-06-23T13:22:16.176226,517420,260
2026-06-23T13:22:16.176323,517421,255
2026-06-23T13:22:16.176420,517422,251
2026-06-23T13:22:16.186128,517423,253
2026-06-23T13:22:16.186235,517424,258
2026-06-23T13:22:16.186312,517425,261
2026-06-23T13:22:16.186388,517426,260
2026-06-23T13:22:16.186476,517427,259
2026-06-23T13:22:16.186552,517428,254
2026-06-23T13:22:16.186627,517429,253
2026-06-23T13:22:16.186712,517431,254
2026-06-23T13:22:16.186791,517432,254
2026-06-23T13:22:16.186867,517433,251
2026-06-23T13:22:16.196446,517434,248
2026-06-23T13:22:16.196535,517435,253
2026-06-23T13:22:16.196614,517436,252
2026-06-23T13:22:16.196693,517437,249
2026-06-23T13:22:16.196771,517438,252
2026-06-23T13:22:16.196847,517439,252
2026-06-23T13:22:16.196925,517440,251
2026-06-23T13:22:16.197001,517441,249
2026-06-23T13:22:16.197078,517442,246
2026-06-23T13:22:16.197155,517443,241
2026-06-23T13:22:16.206953,517444,237
2026-06-23T13:22:16.207081,517445,235
2026-06-23T13:22:16.207209,517446,229
2026-06-23T13:22:16.207294,517447,226
2026-06-23T13:22:16.207374,517448,223
2026-06-23T13:22:16.207451,517449,223
2026-06-23T13:22:16.207527,517450,223
2026-06-23T13:22:16.207604,517451,220
2026-06-23T13:22:16.207681,517452,217
2026-06-23T13:22:16.207758,517453,216
2026-06-23T13:22:16.217486,517454,215
2026-06-23T13:22:16.217588,517456,212
2026-06-23T13:22:16.217665,517457,210
2026-06-23T13:22:16.217741,517458,206
2026-06-23T13:22:16.217828,517459,202
2026-06-23T13:22:16.217906,517460,202
2026-06-23T13:22:16.217983,517461,203
2026-06-23T13:22:16.218059,517462,202
2026-06-23T13:22:16.218136,517463,202
2026-06-23T13:22:16.218211,517464,200
2026-06-23T13:22:16.227814,517465,199
2026-06-23T13:22:16.227903,517466,201
2026-06-23T13:22:16.227980,517467,200
2026-06-23T13:22:16.228055,517468,197
2026-06-23T13:22:16.228131,517469,195
2026-06-23T13:22:16.228208,517470,193
2026-06-23T13:22:16.228283,517471,193
2026-06-23T13:22:16.228359,517472,198
2026-06-23T13:22:16.228435,517473,198
2026-06-23T13:22:16.228514,517474,197
2026-06-23T13:22:16.238271,517475,197
2026-06-23T13:22:16.238373,517476,195
2026-06-23T13:22:16.238452,517477,192
2026-06-23T13:22:16.238530,517478,190
2026-06-23T13:22:16.238608,517480,188
2026-06-23T13:22:16.238684,517481,185
2026-06-23T13:22:16.238761,517482,184
2026-06-23T13:22:16.238837,517483,188
2026-06-23T13:22:16.238913,517484,195
2026-06-23T13:22:16.238988,517485,199
2026-06-23T13:22:16.248656,517486,197
2026-06-23T13:22:16.248755,517487,194
2026-06-23T13:22:16.248832,517488,194
2026-06-23T13:22:16.248909,517489,206
2026-06-23T13:22:16.248986,517490,218
2026-06-23T13:22:16.249062,517491,224
2026-06-23T13:22:16.249139,517492,223
2026-06-23T13:22:16.249215,517493,223
2026-06-23T13:22:16.249291,517494,228
2026-06-23T13:22:16.249367,517495,229
2026-06-23T13:22:16.259150,517496,231
2026-06-23T13:22:16.259265,517497,233
2026-06-23T13:22:16.259365,517498,231
2026-06-23T13:22:16.259464,517499,229
2026-06-23T13:22:16.259562,517500,236
2026-06-23T13:22:16.259660,517501,250
2026-06-23T13:22:16.259756,517502,267
2026-06-23T13:22:16.259855,517503,284
2026-06-23T13:22:16.259954,517505,287
2026-06-23T13:22:16.260055,517506,287
2026-06-23T13:22:16.269634,517507,287
2026-06-23T13:22:16.269729,517508,302
2026-06-23T13:22:16.269807,517509,315
2026-06-23T13:22:16.269884,517510,320
2026-06-23T13:22:16.269960,517511,328
2026-06-23T13:22:16.270037,517512,336
2026-06-23T13:22:16.270115,517513,340
2026-06-23T13:22:16.270191,517514,336
2026-06-23T13:22:16.270267,517515,329
2026-06-23T13:22:16.270343,517516,324
2026-06-23T13:22:16.280057,517517,317
2026-06-23T13:22:16.280168,517518,312
2026-06-23T13:22:16.280267,517519,306
2026-06-23T13:22:16.280366,517520,300
2026-06-23T13:22:16.280467,517521,293
2026-06-23T13:22:16.280564,517522,288
2026-06-23T13:22:16.280661,517523,283
2026-06-23T13:22:16.280756,517524,277
2026-06-23T13:22:16.280835,517525,271
2026-06-23T13:22:16.280912,517526,266
2026-06-23T13:22:16.290487,517527,261
2026-06-23T13:22:16.290581,517528,257
2026-06-23T13:22:16.290659,517530,256
2026-06-23T13:22:16.290736,517531,255
2026-06-23T13:22:16.290813,517532,252
2026-06-23T13:22:16.290891,517533,248
2026-06-23T13:22:16.290969,517534,248
2026-06-23T13:22:16.291046,517535,249
2026-06-23T13:22:16.291123,517536,249
2026-06-23T13:22:16.291200,517537,246
2026-06-23T13:22:16.301004,517538,247
2026-06-23T13:22:16.301106,517539,245
2026-06-23T13:22:16.301183,517540,241
2026-06-23T13:22:16.301263,517541,236
2026-06-23T13:22:16.301339,517542,231
2026-06-23T13:22:16.301425,517543,227
2026-06-23T13:22:16.301500,517544,228
2026-06-23T13:22:16.301576,517545,229
2026-06-23T13:22:16.301662,517546,228
2026-06-23T13:22:16.301738,517547,224
2026-06-23T13:22:16.311361,517548,220
2026-06-23T13:22:16.311447,517549,216
2026-06-23T13:22:16.311522,517550,213
2026-06-23T13:22:16.311598,517551,213
2026-06-23T13:22:16.311675,517552,213
2026-06-23T13:22:16.311751,517553,209
2026-06-23T13:22:16.311827,517555,206
2026-06-23T13:22:16.311903,517556,204
2026-06-23T13:22:16.311979,517557,208
2026-06-23T13:22:16.312083,517558,211
2026-06-23T13:22:16.321847,517559,210
2026-06-23T13:22:16.321958,517560,207
2026-06-23T13:22:16.322040,517561,203
2026-06-23T13:22:16.322118,517562,200
2026-06-23T13:22:16.322196,517563,196
2026-06-23T13:22:16.322274,517564,193
2026-06-23T13:22:16.322352,517565,191
2026-06-23T13:22:16.322429,517566,190
2026-06-23T13:22:16.322506,517567,188
2026-06-23T13:22:16.322582,517568,188
2026-06-23T13:22:16.332203,517569,187
2026-06-23T13:22:16.332305,517570,185
2026-06-23T13:22:16.332384,517571,184
2026-06-23T13:22:16.332461,517572,183
2026-06-23T13:22:16.332539,517573,181
2026-06-23T13:22:16.332617,517574,179
2026-06-23T13:22:16.332694,517575,177
2026-06-23T13:22:16.332771,517576,174
2026-06-23T13:22:16.332853,517577,172
2026-06-23T13:22:16.332930,517579,169
2026-06-23T13:22:16.342672,517580,166
2026-06-23T13:22:16.342767,517581,163
2026-06-23T13:22:16.342847,517582,162
2026-06-23T13:22:16.342926,517583,157
2026-06-23T13:22:16.343003,517584,154
2026-06-23T13:22:16.343080,517585,152
2026-06-23T13:22:16.343158,517586,151
2026-06-23T13:22:16.343238,517587,151
2026-06-23T13:22:16.343340,517588,150
2026-06-23T13:22:16.343417,517589,147
2026-06-23T13:22:16.353180,517590,147
2026-06-23T13:22:16.353292,517591,145
2026-06-23T13:22:16.353372,517592,144
2026-06-23T13:22:16.353450,517593,142
2026-06-23T13:22:16.353527,517594,141
2026-06-23T13:22:16.353604,517595,141
2026-06-23T13:22:16.353681,517596,139
2026-06-23T13:22:16.353758,517597,137
2026-06-23T13:22:16.353837,517598,134
2026-06-23T13:22:16.353914,517599,133
2026-06-23T13:22:16.363545,517600,132
2026-06-23T13:22:16.363635,517601,130
2026-06-23T13:22:16.363713,517602,128
2026-06-23T13:22:16.363790,517604,126
2026-06-23T13:22:16.363867,517605,125
2026-06-23T13:22:16.363943,517606,124
2026-06-23T13:22:16.364020,517607,123
2026-06-23T13:22:16.364096,517608,123
2026-06-23T13:22:16.364172,517609,122
2026-06-23T13:22:16.364248,517610,121
2026-06-23T13:22:16.373991,517611,119
2026-06-23T13:22:16.374088,517612,118
2026-06-23T13:22:16.374166,517613,120
2026-06-23T13:22:16.374243,517614,121
2026-06-23T13:22:16.374319,517615,119
2026-06-23T13:22:16.374396,517616,119
2026-06-23T13:22:16.374473,517617,120
2026-06-23T13:22:16.374549,517618,120
2026-06-23T13:22:16.374626,517619,120
2026-06-23T13:22:16.374701,517620,119
2026-06-23T13:22:16.384500,517621,122
2026-06-23T13:22:16.384589,517622,121
2026-06-23T13:22:16.384655,517623,119
2026-06-23T13:22:16.384718,517624,118
2026-06-23T13:22:16.384788,517625,116
2026-06-23T13:22:16.384850,517626,115
2026-06-23T13:22:16.384913,517627,114
2026-06-23T13:22:16.384975,517629,114
2026-06-23T13:22:16.385038,517630,114
2026-06-23T13:22:16.385101,517631,112
2026-06-23T13:22:16.394876,517632,110
2026-06-23T13:22:16.394967,517633,108
2026-06-23T13:22:16.395049,517634,107
2026-06-23T13:22:16.395159,517635,105
2026-06-23T13:22:16.395239,517636,103
2026-06-23T13:22:16.395316,517637,102
2026-06-23T13:22:16.395392,517638,100
2026-06-23T13:22:16.395463,517639,99
2026-06-23T13:22:16.395536,517640,98
2026-06-23T13:22:16.395607,517641,97
2026-06-23T13:22:16.395679,517642,95
2026-06-23T13:22:16.405335,517643,94
2026-06-23T13:22:16.405426,517644,93
2026-06-23T13:22:16.405498,517645,92
2026-06-23T13:22:16.405570,517646,91
2026-06-23T13:22:16.405641,517647,90
2026-06-23T13:22:16.405713,517648,89
2026-06-23T13:22:16.405785,517649,88
2026-06-23T13:22:16.405858,517649,88
2026-06-23T13:22:16.405932,517650,86
2026-06-23T13:22:16.406005,517651,85
2026-06-23T13:22:16.406077,517652,84
2026-06-23T13:22:16.415794,517653,83
2026-06-23T13:22:16.415891,517654,82
2026-06-23T13:22:16.415965,517655,81
2026-06-23T13:22:16.416042,517656,80
2026-06-23T13:22:16.416114,517657,79
2026-06-23T13:22:16.416192,517658,80
2026-06-23T13:22:16.416264,517659,77
2026-06-23T13:22:16.416336,517660,76
2026-06-23T13:22:16.416407,517661,76
2026-06-23T13:22:16.416479,517662,77
2026-06-23T13:22:16.416551,517663,78
2026-06-23T13:22:16.426244,517664,78
2026-06-23T13:22:16.426330,517665,78
2026-06-23T13:22:16.426404,517666,77
2026-06-23T13:22:16.426477,517667,77
2026-06-23T13:22:16.426550,517668,79
2026-06-23T13:22:16.426623,517669,81
2026-06-23T13:22:16.426701,517670,82
2026-06-23T13:22:16.426774,517670,81
2026-06-23T13:22:16.426846,517671,80
2026-06-23T13:22:16.426917,517672,80
2026-06-23T13:22:16.436676,517673,79
2026-06-23T13:22:16.436786,517674,78
2026-06-23T13:22:16.436861,517675,76
2026-06-23T13:22:16.436935,517676,80
2026-06-23T13:22:16.437011,517677,75
2026-06-23T13:22:16.437084,517678,74
2026-06-23T13:22:16.437156,517679,74
2026-06-23T13:22:16.437243,517680,73
2026-06-23T13:22:16.437315,517681,72
2026-06-23T13:22:16.437393,517682,71
2026-06-23T13:22:16.437465,517683,71
2026-06-23T13:22:16.447073,517684,70
2026-06-23T13:22:16.447158,517685,69
2026-06-23T13:22:16.447231,517686,69
2026-06-23T13:22:16.447303,517687,69
2026-06-23T13:22:16.447374,517688,68
2026-06-23T13:22:16.447446,517689,67
2026-06-23T13:22:16.447518,517690,66
2026-06-23T13:22:16.447590,517691,67
2026-06-23T13:22:16.447663,517691,67
2026-06-23T13:22:16.447735,517692,67
2026-06-23T13:22:16.447821,517693,66
2026-06-23T13:22:16.457584,517694,66
2026-06-23T13:22:16.457671,517695,65
2026-06-23T13:22:16.457745,517696,64
2026-06-23T13:22:16.457821,517697,63
2026-06-23T13:22:16.457893,517698,63
2026-06-23T13:22:16.457965,517699,62
2026-06-23T13:22:16.458036,517700,62
2026-06-23T13:22:16.458107,517701,61
2026-06-23T13:22:16.458178,517702,61
2026-06-23T13:22:16.458249,517703,60
2026-06-23T13:22:16.458321,517704,60
2026-06-23T13:22:16.468039,517705,60
2026-06-23T13:22:16.468145,517706,60
2026-06-23T13:22:16.468219,517707,59
2026-06-23T13:22:16.468293,517708,58
2026-06-23T13:22:16.468371,517709,58
2026-06-23T13:22:16.468452,517710,58
2026-06-23T13:22:16.468525,517711,57
2026-06-23T13:22:16.468597,517712,57
2026-06-23T13:22:16.468668,517713,57
2026-06-23T13:22:16.468741,517713,56
2026-06-23T13:22:16.468812,517714,56
2026-06-23T13:22:16.478453,517715,55
2026-06-23T13:22:16.478539,517716,54
2026-06-23T13:22:16.478612,517717,54
2026-06-23T13:22:16.478686,517718,53
2026-06-23T13:22:16.478759,517719,53
2026-06-23T13:22:16.478830,517720,53
2026-06-23T13:22:16.478901,517721,53
2026-06-23T13:22:16.478976,517722,52
2026-06-23T13:22:16.479047,517723,52
2026-06-23T13:22:16.479119,517724,51
2026-06-23T13:22:16.479190,517725,51
2026-06-23T13:22:16.488886,517726,51
2026-06-23T13:22:16.488983,517727,51
2026-06-23T13:22:16.489058,517728,50
2026-06-23T13:22:16.489132,517729,51
2026-06-23T13:22:16.489204,517730,50
2026-06-23T13:22:16.489276,517731,50
2026-06-23T13:22:16.489347,517732,50
2026-06-23T13:22:16.489418,517733,49
2026-06-23T13:22:16.489490,517734,48
2026-06-23T13:22:16.489561,517734,48
2026-06-23T13:22:16.489632,517735,48
2026-06-23T13:22:16.499287,517736,48
2026-06-23T13:22:16.499378,517737,47
2026-06-23T13:22:16.499451,517738,47
2026-06-23T13:22:16.499522,517739,46
2026-06-23T13:22:16.499593,517740,47
2026-06-23T13:22:16.499664,517741,47
2026-06-23T13:22:16.499735,517742,46
2026-06-23T13:22:16.499806,517743,46
2026-06-23T13:22:16.499877,517744,46
2026-06-23T13:22:16.499949,517745,45
2026-06-23T13:22:16.500020,517746,45
2026-06-23T13:22:16.509769,517747,44
2026-06-23T13:22:16.509854,517748,44
2026-06-23T13:22:16.509927,517749,44
2026-06-23T13:22:16.509999,517750,45
2026-06-23T13:22:16.510071,517751,44
2026-06-23T13:22:16.510143,517752,44
2026-06-23T13:22:16.510218,517753,43
2026-06-23T13:22:16.510290,517754,43
2026-06-23T13:22:16.510362,517755,43
2026-06-23T13:22:16.510434,517755,43
2026-06-23T13:22:16.510505,517756,44
2026-06-23T13:22:16.520315,517757,44
2026-06-23T13:22:16.520415,517758,44
2026-06-23T13:22:16.520487,517759,44
2026-06-23T13:22:16.520563,517760,44
2026-06-23T13:22:16.520635,517761,44
2026-06-23T13:22:16.520706,517762,45
2026-06-23T13:22:16.520777,517763,45
2026-06-23T13:22:16.520853,517764,44
2026-06-23T13:22:16.520927,517765,44
2026-06-23T13:22:16.520999,517766,44
2026-06-23T13:22:16.521070,517767,44
2026-06-23T13:22:16.530646,517768,43
2026-06-23T13:22:16.530731,517769,43
2026-06-23T13:22:16.530803,517770,43
2026-06-23T13:22:16.530874,517771,43
2026-06-23T13:22:16.530946,517772,44
2026-06-23T13:22:16.531017,517773,44
2026-06-23T13:22:16.531090,517774,43
2026-06-23T13:22:16.531162,517775,43
2026-06-23T13:22:16.531234,517776,43
2026-06-23T13:22:16.531324,517777,43
2026-06-23T13:22:16.531456,517777,43
2026-06-23T13:22:16.541096,517778,43
2026-06-23T13:22:16.541180,517779,44
2026-06-23T13:22:16.541252,517780,45
2026-06-23T13:22:16.541324,517781,45
2026-06-23T13:22:16.541395,517782,45
2026-06-23T13:22:16.541467,517783,46
2026-06-23T13:22:16.541539,517784,45
2026-06-23T13:22:16.541610,517785,44
2026-06-23T13:22:16.541681,517786,45
2026-06-23T13:22:16.541751,517787,44
2026-06-23T13:22:16.551552,517788,44
2026-06-23T13:22:16.551651,517789,43
2026-06-23T13:22:16.551722,517790,44
2026-06-23T13:22:16.551794,517791,43
2026-06-23T13:22:16.551868,517792,44
2026-06-23T13:22:16.551940,517793,44
2026-06-23T13:22:16.552012,517794,44
2026-06-23T13:22:16.552084,517795,45
2026-06-23T13:22:16.552156,517796,45
2026-06-23T13:22:16.552227,517797,45
2026-06-23T13:22:16.552318,517798,44
2026-06-23T13:22:16.561952,517798,44
2026-06-23T13:22:16.562055,517799,45
2026-06-23T13:22:16.562149,517800,45
2026-06-23T13:22:16.562245,517801,44
2026-06-23T13:22:16.562337,517802,43
2026-06-23T13:22:16.562428,517803,43
2026-06-23T13:22:16.562519,517804,43
2026-06-23T13:22:16.562610,517805,43
2026-06-23T13:22:16.562701,517806,43
2026-06-23T13:22:16.562792,517807,43
2026-06-23T13:22:16.562882,517808,43
2026-06-23T13:22:16.572466,517809,43
2026-06-23T13:22:16.572553,517810,43
2026-06-23T13:22:16.572625,517811,43
2026-06-23T13:22:16.572696,517812,43
2026-06-23T13:22:16.572767,517813,43
2026-06-23T13:22:16.572838,517814,42
2026-06-23T13:22:16.572909,517815,42
2026-06-23T13:22:16.572981,517816,42
2026-06-23T13:22:16.573053,517817,41
2026-06-23T13:22:16.573124,517818,41
2026-06-23T13:22:16.573195,517819,41
2026-06-23T13:22:16.582812,517819,41
2026-06-23T13:22:16.582926,517820,41
2026-06-23T13:22:16.583011,517821,40
2026-06-23T13:22:16.583084,517822,41
2026-06-23T13:22:16.583155,517823,41
2026-06-23T13:22:16.583226,517824,41
2026-06-23T13:22:16.583297,517825,41
2026-06-23T13:22:16.583368,517826,40
2026-06-23T13:22:16.583438,517827,40
2026-06-23T13:22:16.583509,517828,40
2026-06-23T13:22:16.583590,517829,40
2026-06-23T13:22:16.593336,517830,39
2026-06-23T13:22:16.593429,517831,39
2026-06-23T13:22:16.593502,517832,39
2026-06-23T13:22:16.593574,517833,39
2026-06-23T13:22:16.593646,517834,38
2026-06-23T13:22:16.593741,517835,38
2026-06-23T13:22:16.593814,517836,38
2026-06-23T13:22:16.593886,517837,39
2026-06-23T13:22:16.593957,517838,39
2026-06-23T13:22:16.594028,517839,39
2026-06-23T13:22:16.594099,517840,39
2026-06-23T13:22:16.603783,517841,39
2026-06-23T13:22:16.603877,517841,39
2026-06-23T13:22:16.603950,517842,39
2026-06-23T13:22:16.604023,517843,39
2026-06-23T13:22:16.604105,517844,39
2026-06-23T13:22:16.604180,517845,39
2026-06-23T13:22:16.604254,517846,38
2026-06-23T13:22:16.604325,517847,39
2026-06-23T13:22:16.604396,517848,38
2026-06-23T13:22:16.604466,517849,39
2026-06-23T13:22:16.604538,517850,39
2026-06-23T13:22:16.614187,517851,39
2026-06-23T13:22:16.614271,517852,38
2026-06-23T13:22:16.614344,517853,38
2026-06-23T13:22:16.614415,517854,38
2026-06-23T13:22:16.614487,517855,38
2026-06-23T13:22:16.614560,517856,37
2026-06-23T13:22:16.614703,517857,37
2026-06-23T13:22:16.614779,517858,37
2026-06-23T13:22:16.614850,517859,37
2026-06-23T13:22:16.614924,517860,37
2026-06-23T13:22:16.614996,517861,37
2026-06-23T13:22:16.624614,517862,36
2026-06-23T13:22:16.624702,517862,36
2026-06-23T13:22:16.624774,517863,36
2026-06-23T13:22:16.624847,517864,37
2026-06-23T13:22:16.624918,517865,36
2026-06-23T13:22:16.624989,517866,36
2026-06-23T13:22:16.625062,517867,37
2026-06-23T13:22:16.625133,517868,37
2026-06-23T13:22:16.625204,517869,38
2026-06-23T13:22:16.625276,517870,39
2026-06-23T13:22:16.625347,517871,41
2026-06-23T13:22:16.635154,517872,41
2026-06-23T13:22:16.635258,517873,43
2026-06-23T13:22:16.635330,517874,45
2026-06-23T13:22:16.635401,517875,46
2026-06-23T13:22:16.635473,517876,46
2026-06-23T13:22:16.635548,517877,45
2026-06-23T13:22:16.635629,517878,46
2026-06-23T13:22:16.635718,517879,46
2026-06-23T13:22:16.635789,517880,45
2026-06-23T13:22:16.635867,517881,45
2026-06-23T13:22:16.635951,517882,45
2026-06-23T13:22:16.645532,517883,45
2026-06-23T13:22:16.645637,517884,45
2026-06-23T13:22:16.645716,517884,44
2026-06-23T13:22:16.645798,517885,44
2026-06-23T13:22:16.645882,517886,44
2026-06-23T13:22:16.645958,517887,44
2026-06-23T13:22:16.646031,517888,43
2026-06-23T13:22:16.646106,517889,44
2026-06-23T13:22:16.646179,517890,43
2026-06-23T13:22:16.646251,517891,43
2026-06-23T13:22:16.646323,517892,43
2026-06-23T13:22:16.655976,517893,43
2026-06-23T13:22:16.656066,517894,43
2026-06-23T13:22:16.656139,517895,42
2026-06-23T13:22:16.656210,517896,42
2026-06-23T13:22:16.656281,517897,41
2026-06-23T13:22:16.656353,517898,41
2026-06-23T13:22:16.656425,517899,41
2026-06-23T13:22:16.656496,517900,41
2026-06-23T13:22:16.656567,517901,40
2026-06-23T13:22:16.656638,517902,40
2026-06-23T13:22:16.666302,517903,40
2026-06-23T13:22:16.666393,517904,41
2026-06-23T13:22:16.666465,517905,39
2026-06-23T13:22:16.666537,517905,39
2026-06-23T13:22:16.666609,517906,39
2026-06-23T13:22:16.666680,517907,39
2026-06-23T13:22:16.666751,517908,39
2026-06-23T13:22:16.666822,517909,38
2026-06-23T13:22:16.666894,517910,38
2026-06-23T13:22:16.666965,517911,39
2026-06-23T13:22:16.667037,517912,38
2026-06-23T13:22:16.676772,517913,38
2026-06-23T13:22:16.676858,517914,39
2026-06-23T13:22:16.676930,517915,38
2026-06-23T13:22:16.677004,517916,38
2026-06-23T13:22:16.677074,517917,38
2026-06-23T13:22:16.677146,517918,38
2026-06-23T13:22:16.677217,517919,38
2026-06-23T13:22:16.677326,517920,38
2026-06-23T13:22:16.677399,517921,38
2026-06-23T13:22:16.677470,517922,39
2026-06-23T13:22:16.677540,517923,39
2026-06-23T13:22:16.687296,517924,40
2026-06-23T13:22:16.687401,517925,39
2026-06-23T13:22:16.687482,517926,38
2026-06-23T13:22:16.687557,517926,39
2026-06-23T13:22:16.687633,517927,38
2026-06-23T13:22:16.687708,517928,39
2026-06-23T13:22:16.687780,517929,38
2026-06-23T13:22:16.687855,517930,38
2026-06-23T13:22:16.687927,517931,38
2026-06-23T13:22:16.687999,517932,39
2026-06-23T13:22:16.688071,517933,39
2026-06-23T13:22:16.697715,517934,38
2026-06-23T13:22:16.697799,517935,39
2026-06-23T13:22:16.697872,517936,38
2026-06-23T13:22:16.697944,517937,38
2026-06-23T13:22:16.698016,517938,38
2026-06-23T13:22:16.698088,517939,39
2026-06-23T13:22:16.698160,517940,38
2026-06-23T13:22:16.698231,517941,38
2026-06-23T13:22:16.698302,517942,39
2026-06-23T13:22:16.698373,517943,39
2026-06-23T13:22:16.698444,517944,39
2026-06-23T13:22:16.708123,517945,38
2026-06-23T13:22:16.708212,517946,38
2026-06-23T13:22:16.708285,517947,38
2026-06-23T13:22:16.708357,517948,38
2026-06-23T13:22:16.708429,517948,38
2026-06-23T13:22:16.708501,517949,38
2026-06-23T13:22:16.708572,517950,38
2026-06-23T13:22:16.708644,517951,38
2026-06-23T13:22:16.708715,517952,37
2026-06-23T13:22:16.708786,517953,37
2026-06-23T13:22:16.708857,517954,37
2026-06-23T13:22:16.718612,517955,37
2026-06-23T13:22:16.718704,517956,37
2026-06-23T13:22:16.718776,517957,37
2026-06-23T13:22:16.718851,517958,37
2026-06-23T13:22:16.718925,517959,37
2026-06-23T13:22:16.718997,517960,37
2026-06-23T13:22:16.719068,517961,36
2026-06-23T13:22:16.719139,517962,36
2026-06-23T13:22:16.719210,517963,36
2026-06-23T13:22:16.719285,517964,36
2026-06-23T13:22:16.719357,517965,36
2026-06-23T13:22:16.728976,517966,36
2026-06-23T13:22:16.729090,517967,36
2026-06-23T13:22:16.729193,517968,36
2026-06-23T13:22:16.729288,517969,36
2026-06-23T13:22:16.729382,517969,36
2026-06-23T13:22:16.729474,517970,36
2026-06-23T13:22:16.729566,517971,35
2026-06-23T13:22:16.729658,517972,36
2026-06-23T13:22:16.729749,517973,37
2026-06-23T13:22:16.729839,517974,38
2026-06-23T13:22:16.729930,517975,36
2026-06-23T13:22:16.739458,517976,36
2026-06-23T13:22:16.739550,517977,36
2026-06-23T13:22:16.739627,517978,36
2026-06-23T13:22:16.739700,517979,36
2026-06-23T13:22:16.739819,517980,36
2026-06-23T13:22:16.739905,517981,36
2026-06-23T13:22:16.739980,517982,36
2026-06-23T13:22:16.740053,517983,35
2026-06-23T13:22:16.740126,517984,37
2026-06-23T13:22:16.740198,517985,37
2026-06-23T13:22:16.740270,517986,39
2026-06-23T13:22:16.749963,517987,39
2026-06-23T13:22:16.750093,517988,40
2026-06-23T13:22:16.750180,517989,41
2026-06-23T13:22:16.750255,517990,42
2026-06-23T13:22:16.750328,517990,42
2026-06-23T13:22:16.750402,517991,42
2026-06-23T13:22:16.750474,517992,43
2026-06-23T13:22:16.750546,517993,44
2026-06-23T13:22:16.750617,517994,44
2026-06-23T13:22:16.750687,517995,44
2026-06-23T13:22:16.750758,517996,44
2026-06-23T13:22:16.760366,517997,44
2026-06-23T13:22:16.760452,517998,44
2026-06-23T13:22:16.760513,517999,43
2026-06-23T13:22:16.760573,518000,44
2026-06-23T13:22:16.760632,518001,44
2026-06-23T13:22:16.760691,518002,45
2026-06-23T13:22:16.760750,518003,45
2026-06-23T13:22:16.760812,518004,45
2026-06-23T13:22:16.760872,518005,44
2026-06-23T13:22:16.760931,518006,44
2026-06-23T13:22:16.760991,518007,43
2026-06-23T13:22:16.770877,518008,43
2026-06-23T13:22:16.770977,518009,43
2026-06-23T13:22:16.771050,518010,43
2026-06-23T13:22:16.771144,518011,43
2026-06-23T13:22:16.771216,518012,43
2026-06-23T13:22:16.771288,518012,43
2026-06-23T13:22:16.771361,518013,42
2026-06-23T13:22:16.771433,518014,42
2026-06-23T13:22:16.771504,518015,42
2026-06-23T13:22:16.771575,518016,42
2026-06-23T13:22:16.781229,518017,43
2026-06-23T13:22:16.781317,518018,43
2026-06-23T13:22:16.781402,518019,43
2026-06-23T13:22:16.781488,518020,43
2026-06-23T13:22:16.781563,518021,43
2026-06-23T13:22:16.781638,518022,43
2026-06-23T13:22:16.781714,518023,43
2026-06-23T13:22:16.781785,518024,44
2026-06-23T13:22:16.781856,518025,44
2026-06-23T13:22:16.781926,518026,43
2026-06-23T13:22:16.781997,518027,43
2026-06-23T13:22:16.791649,518028,43
2026-06-23T13:22:16.791736,518029,43
2026-06-23T13:22:16.791808,518030,44
2026-06-23T13:22:16.791880,518031,43
2026-06-23T13:22:16.791951,518032,43
2026-06-23T13:22:16.792022,518033,44
2026-06-23T13:22:16.792094,518033,44
2026-06-23T13:22:16.792165,518034,43
2026-06-23T13:22:16.792235,518035,43
2026-06-23T13:22:16.792306,518036,43
2026-06-23T13:22:16.792377,518037,43
2026-06-23T13:22:16.802168,518038,43
2026-06-23T13:22:16.802272,518039,42
2026-06-23T13:22:16.802344,518040,42
2026-06-23T13:22:16.802415,518041,43
2026-06-23T13:22:16.802493,518042,42
2026-06-23T13:22:16.802564,518043,42
2026-06-23T13:22:16.802638,518044,42
2026-06-23T13:22:16.802723,518045,41
2026-06-23T13:22:16.802793,518046,41
2026-06-23T13:22:16.802865,518047,42
2026-06-23T13:22:16.802937,518048,43
2026-06-23T13:22:16.812564,518049,44
2026-06-23T13:22:16.812647,518050,44
2026-06-23T13:22:16.812719,518051,44
2026-06-23T13:22:16.812791,518052,44
2026-06-23T13:22:16.812862,518053,44
2026-06-23T13:22:16.812933,518054,44
2026-06-23T13:22:16.813004,518054,44
2026-06-23T13:22:16.813075,518055,44
2026-06-23T13:22:16.813146,518056,44
2026-06-23T13:22:16.813216,518057,44
2026-06-23T13:22:16.813287,518058,44
2026-06-23T13:22:16.823096,518059,43
2026-06-23T13:22:16.823189,518060,43
2026-06-23T13:22:16.823265,518061,43
2026-06-23T13:22:16.823363,518062,42
2026-06-23T13:22:16.823445,518063,42
2026-06-23T13:22:16.823519,518064,43
2026-06-23T13:22:16.823593,518065,43
2026-06-23T13:22:16.823665,518066,44
2026-06-23T13:22:16.823738,518067,45
2026-06-23T13:22:16.823811,518068,46
2026-06-23T13:22:16.823883,518069,47
2026-06-23T13:22:16.833527,518070,47
2026-06-23T13:22:16.833628,518071,47
2026-06-23T13:22:16.833704,518072,46
2026-06-23T13:22:16.833777,518073,46
2026-06-23T13:22:16.833853,518074,46
2026-06-23T13:22:16.833928,518075,46
2026-06-23T13:22:16.834002,518076,46
2026-06-23T13:22:16.834074,518076,46
2026-06-23T13:22:16.834145,518077,46
2026-06-23T13:22:16.834216,518078,46
2026-06-23T13:22:16.834288,518079,46
2026-06-23T13:22:16.843951,518080,45
2026-06-23T13:22:16.844069,518081,45
2026-06-23T13:22:16.844177,518082,45
2026-06-23T13:22:16.844293,518083,45
2026-06-23T13:22:16.844385,518084,44
2026-06-23T13:22:16.844476,518085,44
2026-06-23T13:22:16.844567,518086,45
2026-06-23T13:22:16.844657,518087,44
2026-06-23T13:22:16.844747,518088,44
2026-06-23T13:22:16.844855,518089,43
2026-06-23T13:22:16.844948,518090,43
2026-06-23T13:22:16.854419,518091,43
2026-06-23T13:22:16.854512,518092,43
2026-06-23T13:22:16.854584,518093,43
2026-06-23T13:22:16.854658,518094,42
2026-06-23T13:22:16.854731,518095,42
2026-06-23T13:22:16.854803,518096,42
2026-06-23T13:22:16.854874,518097,42
2026-06-23T13:22:16.854945,518097,42
2026-06-23T13:22:16.855016,518098,42
2026-06-23T13:22:16.855087,518099,41
2026-06-23T13:22:16.855157,518100,41
2026-06-23T13:22:16.864794,518101,41
2026-06-23T13:22:16.864937,518102,41
2026-06-23T13:22:16.865043,518103,41
2026-06-23T13:22:16.865142,518104,40
2026-06-23T13:22:16.865239,518105,40
2026-06-23T13:22:16.865328,518106,40
2026-06-23T13:22:16.865404,518107,40
2026-06-23T13:22:16.865478,518108,40
2026-06-23T13:22:16.865553,518109,41
2026-06-23T13:22:16.865626,518110,40
2026-06-23T13:22:16.865700,518111,41
2026-06-23T13:22:16.875250,518112,41
2026-06-23T13:22:16.875350,518113,41
2026-06-23T13:22:16.875425,518114,42
2026-06-23T13:22:16.875499,518115,42
2026-06-23T13:22:16.875572,518116,43
2026-06-23T13:22:16.875645,518117,44
2026-06-23T13:22:16.875717,518118,45
2026-06-23T13:22:16.875789,518119,44
2026-06-23T13:22:16.875860,518119,45
2026-06-23T13:22:16.875932,518120,45
2026-06-23T13:22:16.876003,518121,45
2026-06-23T13:22:16.885787,518122,45
2026-06-23T13:22:16.885890,518123,46
2026-06-23T13:22:16.885963,518124,46
2026-06-23T13:22:16.886037,518125,46
2026-06-23T13:22:16.886109,518126,45
2026-06-23T13:22:16.886180,518127,45
2026-06-23T13:22:16.886252,518128,45
2026-06-23T13:22:16.886325,518129,45
2026-06-23T13:22:16.886396,518130,45
2026-06-23T13:22:16.886468,518131,45
2026-06-23T13:22:16.896076,518132,45
2026-06-23T13:22:16.896188,518133,45
2026-06-23T13:22:16.896281,518134,45
2026-06-23T13:22:16.896373,518135,44
2026-06-23T13:22:16.896464,518136,44
2026-06-23T13:22:16.896555,518137,44
2026-06-23T13:22:16.896646,518138,44
2026-06-23T13:22:16.896737,518139,44
2026-06-23T13:22:16.896827,518140,44
2026-06-23T13:22:16.896920,518140,44
2026-06-23T13:22:16.897011,518141,45
2026-06-23T13:22:16.906551,518142,45
2026-06-23T13:22:16.906653,518143,45
2026-06-23T13:22:16.906743,518144,44
2026-06-23T13:22:16.906818,518145,44
2026-06-23T13:22:16.906891,518146,44
2026-06-23T13:22:16.906964,518147,44
2026-06-23T13:22:16.907037,518148,43
2026-06-23T13:22:16.907110,518149,43
2026-06-23T13:22:16.907182,518150,44
2026-06-23T13:22:16.907254,518151,45
2026-06-23T13:22:16.907326,518152,44
2026-06-23T13:22:16.917015,518153,45
2026-06-23T13:22:16.917137,518154,46
2026-06-23T13:22:16.917219,518155,46
2026-06-23T13:22:16.917296,518156,46
2026-06-23T13:22:16.917372,518157,46
2026-06-23T13:22:16.917450,518158,45
2026-06-23T13:22:16.917524,518159,45
2026-06-23T13:22:16.917599,518160,45
2026-06-23T13:22:16.917673,518161,44
2026-06-23T13:22:16.917746,518161,44
2026-06-23T13:22:16.917826,518162,44
2026-06-23T13:22:16.927460,518163,43
2026-06-23T13:22:16.927552,518164,43
2026-06-23T13:22:16.927629,518165,43
2026-06-23T13:22:16.927703,518166,42
2026-06-23T13:22:16.927776,518167,42
2026-06-23T13:22:16.927848,518168,43
2026-06-23T13:22:16.927919,518169,43
2026-06-23T13:22:16.927993,518170,44
2026-06-23T13:22:16.928065,518171,44
2026-06-23T13:22:16.928138,518172,44
2026-06-23T13:22:16.928209,518173,45
2026-06-23T13:22:16.937930,518174,45
2026-06-23T13:22:16.938033,518175,46
2026-06-23T13:22:16.938109,518176,45
2026-06-23T13:22:16.938183,518177,44
2026-06-23T13:22:16.938257,518178,45
2026-06-23T13:22:16.938330,518179,44
2026-06-23T13:22:16.938402,518180,44
2026-06-23T13:22:16.938473,518181,44
2026-06-23T13:22:16.938544,518182,44
2026-06-23T13:22:16.938616,518183,44
2026-06-23T13:22:16.938686,518183,44
2026-06-23T13:22:16.948268,518184,44
2026-06-23T13:22:16.948362,518185,44
2026-06-23T13:22:16.948438,518186,44
2026-06-23T13:22:16.948509,518187,44
2026-06-23T13:22:16.948582,518188,44
2026-06-23T13:22:16.948653,518189,44
2026-06-23T13:22:16.948724,518190,44
2026-06-23T13:22:16.948796,518191,44
2026-06-23T13:22:16.948867,518192,44
2026-06-23T13:22:16.948938,518193,43
2026-06-23T13:22:16.949009,518194,44
2026-06-23T13:22:16.958757,518195,44
2026-06-23T13:22:16.958843,518196,44
2026-06-23T13:22:16.958915,518197,43
2026-06-23T13:22:16.958987,518198,43
2026-06-23T13:22:16.959059,518199,43
2026-06-23T13:22:16.959131,518200,42
2026-06-23T13:22:16.959202,518201,42
2026-06-23T13:22:16.959273,518202,42
2026-06-23T13:22:16.959345,518203,43
2026-06-23T13:22:16.959416,518204,43
2026-06-23T13:22:16.959487,518204,42
2026-06-23T13:22:16.969260,518205,41
2026-06-23T13:22:16.969357,518206,42
2026-06-23T13:22:16.969429,518207,41
2026-06-23T13:22:16.969501,518208,41
2026-06-23T13:22:16.969575,518209,41
2026-06-23T13:22:16.969649,518210,41
2026-06-23T13:22:16.969720,518211,41
2026-06-23T13:22:16.969792,518212,41
2026-06-23T13:22:16.969864,518213,41
2026-06-23T13:22:16.969936,518214,42
2026-06-23T13:22:16.970007,518215,43
2026-06-23T13:22:16.979646,518216,43
2026-06-23T13:22:16.979732,518217,43
2026-06-23T13:22:16.979804,518218,43
2026-06-23T13:22:16.979884,518219,42
2026-06-23T13:22:16.979976,518220,42
2026-06-23T13:22:16.980066,518221,42
2026-06-23T13:22:16.980157,518222,42
2026-06-23T13:22:16.980250,518223,43
2026-06-23T13:22:16.980341,518224,42
2026-06-23T13:22:16.980432,518225,43
2026-06-23T13:22:16.980523,518225,43
2026-06-23T13:22:16.990136,518226,44
2026-06-23T13:22:16.990250,518227,44
2026-06-23T13:22:16.990331,518228,44
2026-06-23T13:22:16.990408,518229,44
2026-06-23T13:22:16.990484,518230,44
2026-06-23T13:22:16.990560,518231,44
2026-06-23T13:22:16.990634,518232,44
2026-06-23T13:22:16.990708,518233,43
2026-06-23T13:22:16.990783,518234,43
2026-06-23T13:22:16.990856,518235,43
2026-06-23T13:22:16.990930,518236,43
2026-06-23T13:22:17.000587,518237,43
2026-06-23T13:22:17.000687,518238,43
2026-06-23T13:22:17.000761,518239,43
2026-06-23T13:22:17.000838,518240,43
2026-06-23T13:22:17.000911,518241,42
2026-06-23T13:22:17.000986,518242,42
2026-06-23T13:22:17.001060,518243,42
2026-06-23T13:22:17.001132,518244,42
2026-06-23T13:22:17.001212,518245,43
2026-06-23T13:22:17.001311,518246,43
2026-06-23T13:22:17.010916,518247,43
2026-06-23T13:22:17.011023,518247,43
2026-06-23T13:22:17.011122,518248,43
2026-06-23T13:22:17.011216,518249,44
2026-06-23T13:22:17.011308,518250,44
2026-06-23T13:22:17.011400,518251,45
2026-06-23T13:22:17.011492,518252,45
2026-06-23T13:22:17.011584,518253,45
2026-06-23T13:22:17.011677,518254,46
2026-06-23T13:22:17.011768,518255,47
2026-06-23T13:22:17.011867,518256,47
2026-06-23T13:22:17.021495,518257,47
2026-06-23T13:22:17.021588,518258,47
2026-06-23T13:22:17.021661,518259,47
2026-06-23T13:22:17.021734,518260,47
2026-06-23T13:22:17.021805,518261,47
2026-06-23T13:22:17.021876,518262,47
2026-06-23T13:22:17.021948,518263,47
2026-06-23T13:22:17.022020,518264,46
2026-06-23T13:22:17.022092,518265,46
2026-06-23T13:22:17.022164,518266,46
2026-06-23T13:22:17.022235,518267,46
2026-06-23T13:22:17.031763,518268,45
2026-06-23T13:22:17.031871,518268,45
2026-06-23T13:22:17.031965,518269,44
2026-06-23T13:22:17.032059,518270,44
2026-06-23T13:22:17.032151,518271,44
2026-06-23T13:22:17.032243,518272,44
2026-06-23T13:22:17.032335,518273,43
2026-06-23T13:22:17.032426,518274,44
2026-06-23T13:22:17.032517,518275,43
2026-06-23T13:22:17.032610,518276,42
2026-06-23T13:22:17.032701,518277,42
2026-06-23T13:22:17.042220,518278,42
2026-06-23T13:22:17.042320,518279,42
2026-06-23T13:22:17.042394,518280,41
2026-06-23T13:22:17.042468,518281,41
2026-06-23T13:22:17.042541,518282,41
2026-06-23T13:22:17.042612,518283,41
2026-06-23T13:22:17.042684,518284,41
2026-06-23T13:22:17.042756,518285,41
2026-06-23T13:22:17.042828,518286,41
2026-06-23T13:22:17.042900,518287,40
2026-06-23T13:22:17.042972,518288,41
2026-06-23T13:22:17.052706,518289,40
2026-06-23T13:22:17.052804,518289,40
2026-06-23T13:22:17.052877,518290,41
2026-06-23T13:22:17.052951,518291,41
2026-06-23T13:22:17.053024,518292,40
2026-06-23T13:22:17.053099,518293,41
2026-06-23T13:22:17.053170,518294,41
2026-06-23T13:22:17.053241,518295,41
2026-06-23T13:22:17.053312,518296,41
2026-06-23T13:22:17.053383,518297,40
2026-06-23T13:22:17.053455,518298,41
2026-06-23T13:22:17.063144,518299,40
2026-06-23T13:22:17.063227,518300,45
2026-06-23T13:22:17.063300,518301,40
2026-06-23T13:22:17.063372,518302,40
2026-06-23T13:22:17.063444,518303,40
2026-06-23T13:22:17.063518,518304,40
2026-06-23T13:22:17.063589,518305,39
2026-06-23T13:22:17.063660,518306,39
2026-06-23T13:22:17.063779,518307,39
2026-06-23T13:22:17.063853,518308,39
2026-06-23T13:22:17.063925,518309,38
2026-06-23T13:22:17.073578,518310,39
2026-06-23T13:22:17.073674,518311,39
2026-06-23T13:22:17.073747,518311,39
2026-06-23T13:22:17.073819,518312,39
2026-06-23T13:22:17.073891,518313,39
2026-06-23T13:22:17.073964,518314,39
2026-06-23T13:22:17.074036,518315,39
2026-06-23T13:22:17.074108,518316,39
2026-06-23T13:22:17.074179,518317,40
2026-06-23T13:22:17.074250,518318,39
2026-06-23T13:22:17.074322,518319,39
2026-06-23T13:22:17.084044,518320,39
2026-06-23T13:22:17.084181,518321,39
2026-06-23T13:22:17.084265,518322,39
2026-06-23T13:22:17.084341,518323,39
2026-06-23T13:22:17.084416,518324,39
2026-06-23T13:22:17.084492,518325,38
2026-06-23T13:22:17.084566,518326,38
2026-06-23T13:22:17.084641,518327,38
2026-06-23T13:22:17.084715,518328,38
2026-06-23T13:22:17.084788,518329,37
2026-06-23T13:22:17.084861,518330,38
2026-06-23T13:22:17.094429,518331,38
2026-06-23T13:22:17.094520,518332,38
2026-06-23T13:22:17.094583,518332,38
2026-06-23T13:22:17.094645,518333,37
2026-06-23T13:22:17.094705,518334,38
2026-06-23T13:22:17.094768,518335,37
2026-06-23T13:22:17.094840,518336,37
2026-06-23T13:22:17.094902,518337,37
2026-06-23T13:22:17.094962,518338,37
2026-06-23T13:22:17.095024,518339,37
2026-06-23T13:22:17.095083,518340,37
2026-06-23T13:22:17.104951,518341,37
2026-06-23T13:22:17.105072,518342,37
2026-06-23T13:22:17.105129,518343,38
2026-06-23T13:22:17.105184,518344,37
2026-06-23T13:22:17.105239,518345,38
2026-06-23T13:22:17.105292,518346,38
2026-06-23T13:22:17.105347,518347,38
2026-06-23T13:22:17.105401,518348,38
2026-06-23T13:22:17.105453,518349,38
2026-06-23T13:22:17.105505,518350,38
2026-06-23T13:22:17.105560,518351,38
2026-06-23T13:22:17.115311,518352,38
2026-06-23T13:22:17.115405,518353,37
2026-06-23T13:22:17.115456,518353,38
2026-06-23T13:22:17.115504,518354,38
2026-06-23T13:22:17.115551,518355,38
2026-06-23T13:22:17.115596,518356,37
2026-06-23T13:22:17.115642,518357,37
2026-06-23T13:22:17.115690,518358,37
2026-06-23T13:22:17.115737,518359,37
2026-06-23T13:22:17.115783,518360,37
2026-06-23T13:22:17.125730,518361,37
2026-06-23T13:22:17.125810,518362,37
2026-06-23T13:22:17.125853,518363,38
2026-06-23T13:22:17.125894,518364,38
2026-06-23T13:22:17.125934,518365,38
2026-06-23T13:22:17.125973,518366,38
2026-06-23T13:22:17.126012,518367,39
2026-06-23T13:22:17.126051,518368,38
2026-06-23T13:22:17.126090,518369,39
2026-06-23T13:22:17.126129,518370,39
2026-06-23T13:22:17.126167,518371,39
2026-06-23T13:22:17.136260,518372,40
2026-06-23T13:22:17.136356,518373,38
2026-06-23T13:22:17.136432,518374,38
2026-06-23T13:22:17.136507,518375,38
2026-06-23T13:22:17.136579,518375,38
2026-06-23T13:22:17.136651,518376,37
2026-06-23T13:22:17.136721,518377,38
2026-06-23T13:22:17.136793,518378,39
2026-06-23T13:22:17.136865,518379,40
2026-06-23T13:22:17.136937,518380,40
2026-06-23T13:22:17.137008,518381,40
2026-06-23T13:22:17.146704,518382,40
2026-06-23T13:22:17.146829,518383,39
2026-06-23T13:22:17.146924,518384,39
2026-06-23T13:22:17.147040,518385,39
2026-06-23T13:22:17.147134,518386,39
2026-06-23T13:22:17.147227,518387,39
2026-06-23T13:22:17.147318,518388,39
2026-06-23T13:22:17.147409,518389,38
2026-06-23T13:22:17.147500,518390,38
2026-06-23T13:22:17.147591,518391,38
2026-06-23T13:22:17.147682,518392,38
2026-06-23T13:22:17.157143,518393,38
2026-06-23T13:22:17.157211,518394,38
2026-06-23T13:22:17.157262,518395,38
2026-06-23T13:22:17.157313,518396,38
2026-06-23T13:22:17.157364,518396,38
2026-06-23T13:22:17.157414,518397,37
2026-06-23T13:22:17.157464,518398,37
2026-06-23T13:22:17.157514,518399,37
2026-06-23T13:22:17.157564,518400,36
2026-06-23T13:22:17.157614,518401,37
2026-06-23T13:22:17.157664,518402,37
2026-06-23T13:22:17.167528,518403,37
2026-06-23T13:22:17.167640,518404,37
2026-06-23T13:22:17.167721,518405,37
2026-06-23T13:22:17.167797,518406,37
2026-06-23T13:22:17.167872,518407,37
2026-06-23T13:22:17.167945,518408,37
2026-06-23T13:22:17.168021,518409,37
2026-06-23T13:22:17.168093,518410,37
2026-06-23T13:22:17.168167,518411,36
2026-06-23T13:22:17.168239,518412,37
2026-06-23T13:22:17.168311,518413,37
2026-06-23T13:22:17.178020,518414,37
2026-06-23T13:22:17.178128,518415,40
2026-06-23T13:22:17.178206,518416,36
2026-06-23T13:22:17.178272,518417,36
2026-06-23T13:22:17.178336,518418,37
2026-06-23T13:22:17.178396,518418,36
2026-06-23T13:22:17.178455,518419,36
2026-06-23T13:22:17.178515,518420,37
2026-06-23T13:22:17.178574,518421,37
2026-06-23T13:22:17.178636,518422,37
2026-06-23T13:22:17.178696,518423,37
2026-06-23T13:22:17.188471,518424,37
2026-06-23T13:22:17.188561,518425,37
2026-06-23T13:22:17.188634,518426,37
2026-06-23T13:22:17.188708,518427,37
2026-06-23T13:22:17.188780,518428,37
2026-06-23T13:22:17.188852,518429,37
2026-06-23T13:22:17.188924,518430,38
2026-06-23T13:22:17.188997,518431,37
2026-06-23T13:22:17.189060,518432,38
2026-06-23T13:22:17.189119,518433,37
2026-06-23T13:22:17.189178,518434,37
2026-06-23T13:22:17.198874,518435,37
2026-06-23T13:22:17.198963,518436,38
2026-06-23T13:22:17.199036,518437,39
2026-06-23T13:22:17.199109,518438,39
2026-06-23T13:22:17.199182,518439,39
2026-06-23T13:22:17.199256,518439,39
2026-06-23T13:22:17.199329,518440,39
2026-06-23T13:22:17.199402,518441,40
2026-06-23T13:22:17.199473,518442,41
2026-06-23T13:22:17.199544,518443,42
2026-06-23T13:22:17.199615,518444,42
2026-06-23T13:22:17.209383,518445,42
2026-06-23T13:22:17.209473,518446,42
2026-06-23T13:22:17.209548,518447,42
2026-06-23T13:22:17.209621,518448,42
2026-06-23T13:22:17.209695,518449,42
2026-06-23T13:22:17.209766,518450,42
2026-06-23T13:22:17.209839,518451,42
2026-06-23T13:22:17.209911,518452,43
2026-06-23T13:22:17.209983,518453,44
2026-06-23T13:22:17.210055,518454,43
2026-06-23T13:22:17.210127,518455,45
2026-06-23T13:22:17.219839,518456,45
2026-06-23T13:22:17.219941,518457,45
2026-06-23T13:22:17.220014,518458,45
2026-06-23T13:22:17.220086,518459,45
2026-06-23T13:22:17.220158,518460,45
2026-06-23T13:22:17.220231,518460,44
2026-06-23T13:22:17.220303,518461,44
2026-06-23T13:22:17.220374,518462,44
2026-06-23T13:22:17.220448,518463,43
2026-06-23T13:22:17.220519,518464,43
2026-06-23T13:22:17.220590,518465,43
2026-06-23T13:22:17.230318,518466,43
2026-06-23T13:22:17.230424,518467,43
2026-06-23T13:22:17.230517,518468,44
2026-06-23T13:22:17.230609,518469,44
2026-06-23T13:22:17.230745,518470,43
2026-06-23T13:22:17.230860,518471,43
2026-06-23T13:22:17.230957,518472,43
2026-06-23T13:22:17.231053,518473,42
2026-06-23T13:22:17.231146,518474,42
2026-06-23T13:22:17.231238,518475,42
2026-06-23T13:22:17.240660,518476,42
2026-06-23T13:22:17.240757,518477,42
2026-06-23T13:22:17.240830,518478,42
2026-06-23T13:22:17.240903,518479,41
2026-06-23T13:22:17.240975,518480,41
2026-06-23T13:22:17.241047,518481,41
2026-06-23T13:22:17.241119,518482,40
2026-06-23T13:22:17.241194,518482,40
2026-06-23T13:22:17.241265,518483,42
2026-06-23T13:22:17.241337,518484,40
2026-06-23T13:22:17.241409,518485,40
2026-06-23T13:22:17.251097,518486,40
2026-06-23T13:22:17.251184,518487,40
2026-06-23T13:22:17.251257,518488,39
2026-06-23T13:22:17.251329,518489,37
2026-06-23T13:22:17.251400,518490,39
2026-06-23T13:22:17.251472,518491,39
2026-06-23T13:22:17.251542,518492,39
2026-06-23T13:22:17.251623,518493,39
2026-06-23T13:22:17.251694,518494,39
2026-06-23T13:22:17.251765,518495,40
2026-06-23T13:22:17.251836,518496,40
2026-06-23T13:22:17.261555,518497,40
2026-06-23T13:22:17.261659,518498,40
2026-06-23T13:22:17.261751,518499,39
2026-06-23T13:22:17.261842,518500,40
2026-06-23T13:22:17.261933,518501,40
2026-06-23T13:22:17.262026,518502,40
2026-06-23T13:22:17.262139,518503,40
2026-06-23T13:22:17.262230,518503,40
2026-06-23T13:22:17.262321,518504,40
2026-06-23T13:22:17.262414,518505,40
2026-06-23T13:22:17.262506,518506,40
2026-06-23T13:22:17.272010,518507,39
2026-06-23T13:22:17.272104,518508,39
2026-06-23T13:22:17.272177,518509,39
2026-06-23T13:22:17.272251,518510,39
2026-06-23T13:22:17.272323,518511,40
2026-06-23T13:22:17.272395,518512,39
2026-06-23T13:22:17.272471,518513,39
2026-06-23T13:22:17.272544,518514,39
2026-06-23T13:22:17.272615,518515,39
2026-06-23T13:22:17.272687,518516,39
2026-06-23T13:22:17.272759,518517,39
2026-06-23T13:22:17.282493,518518,39
2026-06-23T13:22:17.282607,518519,40
2026-06-23T13:22:17.282699,518520,40
2026-06-23T13:22:17.282794,518521,40
2026-06-23T13:22:17.282902,518522,40
2026-06-23T13:22:17.282995,518523,41
2026-06-23T13:22:17.283087,518524,41
2026-06-23T13:22:17.283177,518524,41
2026-06-23T13:22:17.283269,518525,41
2026-06-23T13:22:17.283360,518526,42
2026-06-23T13:22:17.283452,518527,41
2026-06-23T13:22:17.292890,518528,42
2026-06-23T13:22:17.292996,518529,42
2026-06-23T13:22:17.293088,518530,43
2026-06-23T13:22:17.293181,518531,42
2026-06-23T13:22:17.293273,518532,42
2026-06-23T13:22:17.293364,518533,42
2026-06-23T13:22:17.293454,518534,43
2026-06-23T13:22:17.293545,518535,42
2026-06-23T13:22:17.293636,518536,42
2026-06-23T13:22:17.293727,518537,42
2026-06-23T13:22:17.293818,518538,42
2026-06-23T13:22:17.303373,518539,42
2026-06-23T13:22:17.303466,518540,41
2026-06-23T13:22:17.303539,518541,42
2026-06-23T13:22:17.303611,518542,42
2026-06-23T13:22:17.303682,518543,41
2026-06-23T13:22:17.303754,518544,41
2026-06-23T13:22:17.303826,518545,41
2026-06-23T13:22:17.303897,518546,41
2026-06-23T13:22:17.303986,518546,41
2026-06-23T13:22:17.304058,518547,41
2026-06-23T13:22:17.304130,518548,41
2026-06-23T13:22:17.313789,518549,41
2026-06-23T13:22:17.313892,518550,41
2026-06-23T13:22:17.313985,518551,40
2026-06-23T13:22:17.314078,518552,41
2026-06-23T13:22:17.314169,518553,40
2026-06-23T13:22:17.314261,518554,40
2026-06-23T13:22:17.314353,518555,40
2026-06-23T13:22:17.314462,518556,40
2026-06-23T13:22:17.314556,518557,40
2026-06-23T13:22:17.314648,518558,39
2026-06-23T13:22:17.314739,518559,40
2026-06-23T13:22:17.324205,518560,40
2026-06-23T13:22:17.324261,518561,40
2026-06-23T13:22:17.324297,518562,40
2026-06-23T13:22:17.324332,518563,40
2026-06-23T13:22:17.324367,518564,40
2026-06-23T13:22:17.324402,518565,40
2026-06-23T13:22:17.324437,518566,40
2026-06-23T13:22:17.324472,518567,40
2026-06-23T13:22:17.324507,518567,39
2026-06-23T13:22:17.324542,518568,40
2026-06-23T13:22:17.324577,518569,41
2026-06-23T13:22:17.334680,518570,40
2026-06-23T13:22:17.334788,518571,40
2026-06-23T13:22:17.334862,518572,40
2026-06-23T13:22:17.334938,518573,39
2026-06-23T13:22:17.335010,518574,39
2026-06-23T13:22:17.335082,518575,39
2026-06-23T13:22:17.335153,518576,39
2026-06-23T13:22:17.335224,518577,39
2026-06-23T13:22:17.335296,518578,39
2026-06-23T13:22:17.335367,518579,38
2026-06-23T13:22:17.335437,518580,39
2026-06-23T13:22:17.345131,518581,39
2026-06-23T13:22:17.345218,518582,40
2026-06-23T13:22:17.345292,518583,40
2026-06-23T13:22:17.345365,518584,41
2026-06-23T13:22:17.345438,518585,41
2026-06-23T13:22:17.345509,518586,40
2026-06-23T13:22:17.345580,518587,41
2026-06-23T13:22:17.345652,518588,41
2026-06-23T13:22:17.345723,518588,41
2026-06-23T13:22:17.345794,518589,41
2026-06-23T13:22:17.355552,518590,41
2026-06-23T13:22:17.355649,518591,42
2026-06-23T13:22:17.355724,518592,42
2026-06-23T13:22:17.355797,518593,42
2026-06-23T13:22:17.355870,518594,42
2026-06-23T13:22:17.355940,518595,42
2026-06-23T13:22:17.356043,518596,42
2026-06-23T13:22:17.356117,518597,42
2026-06-23T13:22:17.356189,518598,42
2026-06-23T13:22:17.356261,518599,42
2026-06-23T13:22:17.356333,518600,43
2026-06-23T13:22:17.365956,518601,43
2026-06-23T13:22:17.366046,518602,43
2026-06-23T13:22:17.366120,518603,44
2026-06-23T13:22:17.366193,518604,44
2026-06-23T13:22:17.366265,518605,44
2026-06-23T13:22:17.366337,518606,44
2026-06-23T13:22:17.366408,518607,44
2026-06-23T13:22:17.366480,518608,43
2026-06-23T13:22:17.366567,518609,44
2026-06-23T13:22:17.366642,518610,45
2026-06-23T13:22:17.366714,518610,45
2026-06-23T13:22:17.376438,518611,45
2026-06-23T13:22:17.376528,518612,44
2026-06-23T13:22:17.376601,518613,44
2026-06-23T13:22:17.376673,518614,44
2026-06-23T13:22:17.376748,518615,44
2026-06-23T13:22:17.376822,518616,44
2026-06-23T13:22:17.376911,518617,44
2026-06-23T13:22:17.377001,518618,43
2026-06-23T13:22:17.377073,518619,43
2026-06-23T13:22:17.377145,518620,44
2026-06-23T13:22:17.377220,518621,43
2026-06-23T13:22:17.386889,518622,42
2026-06-23T13:22:17.386995,518623,43
2026-06-23T13:22:17.387070,518624,42
2026-06-23T13:22:17.387142,518625,42
2026-06-23T13:22:17.387214,518626,43
2026-06-23T13:22:17.387299,518627,43
2026-06-23T13:22:17.387371,518628,43
2026-06-23T13:22:17.387449,518629,44
2026-06-23T13:22:17.387521,518630,43
2026-06-23T13:22:17.387593,518631,43
2026-06-23T13:22:17.387664,518631,43
2026-06-23T13:22:17.397254,518632,43
2026-06-23T13:22:17.397338,518633,43
2026-06-23T13:22:17.397411,518634,43
2026-06-23T13:22:17.397538,518635,43
2026-06-23T13:22:17.397626,518636,43
2026-06-23T13:22:17.397702,518637,43
2026-06-23T13:22:17.397776,518638,43
2026-06-23T13:22:17.397850,518639,43
2026-06-23T13:22:17.397926,518640,43
2026-06-23T13:22:17.397998,518641,43
2026-06-23T13:22:17.398070,518642,42
2026-06-23T13:22:17.407743,518643,42
2026-06-23T13:22:17.407834,518644,42
2026-06-23T13:22:17.407907,518645,42
2026-06-23T13:22:17.407979,518646,41
2026-06-23T13:22:17.408050,518647,41
2026-06-23T13:22:17.408122,518648,41
2026-06-23T13:22:17.408195,518649,41
2026-06-23T13:22:17.408266,518650,41
2026-06-23T13:22:17.408337,518651,41
2026-06-23T13:22:17.408408,518652,41
2026-06-23T13:22:17.408480,518653,41
2026-06-23T13:22:17.418189,518653,41
2026-06-23T13:22:17.418283,518654,41
2026-06-23T13:22:17.418355,518655,40
2026-06-23T13:22:17.418446,518656,41
2026-06-23T13:22:17.418519,518657,41
2026-06-23T13:22:17.418590,518658,40
2026-06-23T13:22:17.418663,518659,40
2026-06-23T13:22:17.418734,518660,40
2026-06-23T13:22:17.418805,518661,40
2026-06-23T13:22:17.418876,518662,39
2026-06-23T13:22:17.418947,518663,40
2026-06-23T13:22:17.428637,518664,40
2026-06-23T13:22:17.428717,518665,40
2026-06-23T13:22:17.428792,518666,39
2026-06-23T13:22:17.428864,518667,40
2026-06-23T13:22:17.428935,518668,40
2026-06-23T13:22:17.429006,518669,41
2026-06-23T13:22:17.429077,518670,41
2026-06-23T13:22:17.429149,518671,41
2026-06-23T13:22:17.429221,518672,41
2026-06-23T13:22:17.429292,518673,41
2026-06-23T13:22:17.429363,518674,41
2026-06-23T13:22:17.439107,518674,41
2026-06-23T13:22:17.439203,518675,40
2026-06-23T13:22:17.439277,518676,41
2026-06-23T13:22:17.439349,518677,41
2026-06-23T13:22:17.439421,518678,41
2026-06-23T13:22:17.439493,518679,41
2026-06-23T13:22:17.439565,518680,41
2026-06-23T13:22:17.439636,518681,40
2026-06-23T13:22:17.439709,518682,40
2026-06-23T13:22:17.439831,518683,40
2026-06-23T13:22:17.439955,518684,40
2026-06-23T13:22:17.449560,518685,39
2026-06-23T13:22:17.449653,518686,39
2026-06-23T13:22:17.449728,518687,39
2026-06-23T13:22:17.449803,518688,39
2026-06-23T13:22:17.449878,518689,39
2026-06-23T13:22:17.449951,518690,38
2026-06-23T13:22:17.450025,518691,38
2026-06-23T13:22:17.450112,518692,38
2026-06-23T13:22:17.450190,518693,37
2026-06-23T13:22:17.450267,518694,38
2026-06-23T13:22:17.450343,518695,38
2026-06-23T13:22:17.459973,518695,38
2026-06-23T13:22:17.460060,518696,37
2026-06-23T13:22:17.460138,518697,37
2026-06-23T13:22:17.460213,518698,37
2026-06-23T13:22:17.460286,518699,37
2026-06-23T13:22:17.460378,518700,37
2026-06-23T13:22:17.460452,518701,37
2026-06-23T13:22:17.460529,518702,37
2026-06-23T13:22:17.460603,518703,36
2026-06-23T13:22:17.460677,518704,36
2026-06-23T13:22:17.470488,518705,36
2026-06-23T13:22:17.470610,518706,36
2026-06-23T13:22:17.470686,518707,36
2026-06-23T13:22:17.470760,518708,36
2026-06-23T13:22:17.470834,518709,36
2026-06-23T13:22:17.470907,518710,35
2026-06-23T13:22:17.470980,518711,36
2026-06-23T13:22:17.471053,518712,35
2026-06-23T13:22:17.471141,518713,35
2026-06-23T13:22:17.471215,518714,35
2026-06-23T13:22:17.471289,518715,35
2026-06-23T13:22:17.480817,518716,35
2026-06-23T13:22:17.480907,518717,36
2026-06-23T13:22:17.480982,518717,36
2026-06-23T13:22:17.481071,518718,35
2026-06-23T13:22:17.481164,518719,35
2026-06-23T13:22:17.481240,518720,35
2026-06-23T13:22:17.481336,518721,35
2026-06-23T13:22:17.481430,518722,35
2026-06-23T13:22:17.481523,518723,36
2026-06-23T13:22:17.481616,518724,37
2026-06-23T13:22:17.481709,518725,37
2026-06-23T13:22:17.491276,518726,37
2026-06-23T13:22:17.491368,518727,37
2026-06-23T13:22:17.491442,518728,37
2026-06-23T13:22:17.491516,518729,36
2026-06-23T13:22:17.491590,518730,36
2026-06-23T13:22:17.491663,518731,36
2026-06-23T13:22:17.491736,518732,36
2026-06-23T13:22:17.491809,518733,36
2026-06-23T13:22:17.491882,518734,36
2026-06-23T13:22:17.491954,518735,36
2026-06-23T13:22:17.492027,518736,36
2026-06-23T13:22:17.501709,518737,36
2026-06-23T13:22:17.501805,518738,36
2026-06-23T13:22:17.501879,518738,36
2026-06-23T13:22:17.501952,518739,37
2026-06-23T13:22:17.502026,518740,38
2026-06-23T13:22:17.502099,518741,37
2026-06-23T13:22:17.502185,518742,37
2026-06-23T13:22:17.502260,518743,37
2026-06-23T13:22:17.502333,518744,38
2026-06-23T13:22:17.502406,518745,38
2026-06-23T13:22:17.502480,518746,39
2026-06-23T13:22:17.512144,518747,39
2026-06-23T13:22:17.512227,518748,39
2026-06-23T13:22:17.512302,518749,39
2026-06-23T13:22:17.512375,518750,39
2026-06-23T13:22:17.512449,518751,39
2026-06-23T13:22:17.512523,518752,40
2026-06-23T13:22:17.512596,518753,40
2026-06-23T13:22:17.512670,518754,39
2026-06-23T13:22:17.512745,518755,39
2026-06-23T13:22:17.512818,518756,39
2026-06-23T13:22:17.512892,518757,39
2026-06-23T13:22:17.522675,518758,39
2026-06-23T13:22:17.522772,518759,39
2026-06-23T13:22:17.522847,518759,39
2026-06-23T13:22:17.522922,518760,40
2026-06-23T13:22:17.522997,518761,40
2026-06-23T13:22:17.523072,518762,40
2026-06-23T13:22:17.523147,518763,40
2026-06-23T13:22:17.523221,518764,40
2026-06-23T13:22:17.523298,518765,40
2026-06-23T13:22:17.523373,518766,40
2026-06-23T13:22:17.523448,518767,41
2026-06-23T13:22:17.533030,518768,41
2026-06-23T13:22:17.533116,518769,40
2026-06-23T13:22:17.533188,518770,42
2026-06-23T13:22:17.533261,518771,42
2026-06-23T13:22:17.533334,518772,42
2026-06-23T13:22:17.533405,518773,41
2026-06-23T13:22:17.533477,518774,41
2026-06-23T13:22:17.533549,518775,41
2026-06-23T13:22:17.533620,518776,41
2026-06-23T13:22:17.533691,518777,41
2026-06-23T13:22:17.533763,518778,41
2026-06-23T13:22:17.543519,518779,40
2026-06-23T13:22:17.543621,518780,40
2026-06-23T13:22:17.543694,518781,40
2026-06-23T13:22:17.543769,518781,40
2026-06-23T13:22:17.543841,518782,40
2026-06-23T13:22:17.543931,518783,40
2026-06-23T13:22:17.544025,518784,40
2026-06-23T13:22:17.544097,518785,40
2026-06-23T13:22:17.544168,518786,40
2026-06-23T13:22:17.544239,518787,39
2026-06-23T13:22:17.544310,518788,39
2026-06-23T13:22:17.553983,518789,39
2026-06-23T13:22:17.554077,518790,40
2026-06-23T13:22:17.554151,518791,41
2026-06-23T13:22:17.554224,518792,42
2026-06-23T13:22:17.554297,518793,43
2026-06-23T13:22:17.554369,518794,43
2026-06-23T13:22:17.554442,518795,43
2026-06-23T13:22:17.554515,518796,43
2026-06-23T13:22:17.554588,518797,43
2026-06-23T13:22:17.554660,518798,44
2026-06-23T13:22:17.554736,518799,45
2026-06-23T13:22:17.564544,518800,45
2026-06-23T13:22:17.564655,518801,44
2026-06-23T13:22:17.564749,518802,45
2026-06-23T13:22:17.564841,518802,45
2026-06-23T13:22:17.564934,518803,45
2026-06-23T13:22:17.565028,518804,45
2026-06-23T13:22:17.565120,518805,45
2026-06-23T13:22:17.565211,518806,44
2026-06-23T13:22:17.565305,518807,44
2026-06-23T13:22:17.565402,518808,44
2026-06-23T13:22:17.565495,518809,43
2026-06-23T13:22:17.574835,518810,43
2026-06-23T13:22:17.574920,518811,42
2026-06-23T13:22:17.574993,518812,42
2026-06-23T13:22:17.575065,518813,42
2026-06-23T13:22:17.575139,518814,43
2026-06-23T13:22:17.575212,518815,42
2026-06-23T13:22:17.575284,518816,43
2026-06-23T13:22:17.575356,518817,42
2026-06-23T13:22:17.575427,518818,42
2026-06-23T13:22:17.575498,518819,42
2026-06-23T13:22:17.585319,518820,41
2026-06-23T13:22:17.585422,518821,43
2026-06-23T13:22:17.585495,518822,43
2026-06-23T13:22:17.585566,518823,43
2026-06-23T13:22:17.585638,518823,43
2026-06-23T13:22:17.585713,518824,44
2026-06-23T13:22:17.585784,518825,44
2026-06-23T13:22:17.585856,518826,44
2026-06-23T13:22:17.585927,518827,45
2026-06-23T13:22:17.585999,518828,46
2026-06-23T13:22:17.586071,518829,46
2026-06-23T13:22:17.595690,518830,46
2026-06-23T13:22:17.595796,518831,45
2026-06-23T13:22:17.595890,518832,45
2026-06-23T13:22:17.595985,518833,46
2026-06-23T13:22:17.596078,518834,45
2026-06-23T13:22:17.596172,518835,46
2026-06-23T13:22:17.596265,518836,46
2026-06-23T13:22:17.596358,518837,47
2026-06-23T13:22:17.596451,518838,46
2026-06-23T13:22:17.596543,518839,47
2026-06-23T13:22:17.596636,518840,46
2026-06-23T13:22:17.606172,518841,47
2026-06-23T13:22:17.606262,518842,47
2026-06-23T13:22:17.606337,518843,47
2026-06-23T13:22:17.606411,518844,48
2026-06-23T13:22:17.606488,518845,48
2026-06-23T13:22:17.606602,518845,48
2026-06-23T13:22:17.606758,518846,48
2026-06-23T13:22:17.606842,518847,48
2026-06-23T13:22:17.606915,518848,49
2026-06-23T13:22:17.606988,518849,49
2026-06-23T13:22:17.607059,518850,49
2026-06-23T13:22:17.616572,518851,50
2026-06-23T13:22:17.616660,518852,50
2026-06-23T13:22:17.616732,518853,49
2026-06-23T13:22:17.616803,518854,49
2026-06-23T13:22:17.616874,518855,49
2026-06-23T13:22:17.616946,518856,48
2026-06-23T13:22:17.617018,518857,48
2026-06-23T13:22:17.617090,518858,48
2026-06-23T13:22:17.617163,518859,49
2026-06-23T13:22:17.617234,518860,50
2026-06-23T13:22:17.617305,518861,50
2026-06-23T13:22:17.627079,518862,50
2026-06-23T13:22:17.627163,518863,49
2026-06-23T13:22:17.627255,518864,50
2026-06-23T13:22:17.627328,518865,52
2026-06-23T13:22:17.627415,518866,52
2026-06-23T13:22:17.627487,518866,52
2026-06-23T13:22:17.627558,518867,52
2026-06-23T13:22:17.627632,518868,52
2026-06-23T13:22:17.627703,518869,52
2026-06-23T13:22:17.627774,518870,52
2026-06-23T13:22:17.627844,518871,51
2026-06-23T13:22:17.637513,518872,52
2026-06-23T13:22:17.637606,518873,52
2026-06-23T13:22:17.637678,518874,52
2026-06-23T13:22:17.637749,518875,52
2026-06-23T13:22:17.637838,518876,52
2026-06-23T13:22:17.637910,518877,52
2026-06-23T13:22:17.637982,518878,52
2026-06-23T13:22:17.638055,518879,53
2026-06-23T13:22:17.638126,518880,54
2026-06-23T13:22:17.638197,518881,56
2026-06-23T13:22:17.638267,518882,56
2026-06-23T13:22:17.647920,518883,55
2026-06-23T13:22:17.648029,518884,55
2026-06-23T13:22:17.648121,518885,55
2026-06-23T13:22:17.648213,518886,55
2026-06-23T13:22:17.648305,518887,55
2026-06-23T13:22:17.648396,518888,54
2026-06-23T13:22:17.648488,518888,53
2026-06-23T13:22:17.648580,518889,53
2026-06-23T13:22:17.648671,518890,53
2026-06-23T13:22:17.648761,518891,52
2026-06-23T13:22:17.648852,518892,52
2026-06-23T13:22:17.658347,518893,53
2026-06-23T13:22:17.658432,518894,53
2026-06-23T13:22:17.658504,518895,53
2026-06-23T13:22:17.658576,518896,53
2026-06-23T13:22:17.658647,518897,53
2026-06-23T13:22:17.658718,518898,53
2026-06-23T13:22:17.658789,518899,53
2026-06-23T13:22:17.658860,518900,54
2026-06-23T13:22:17.658931,518901,54
2026-06-23T13:22:17.659001,518902,54
2026-06-23T13:22:17.659073,518903,54
2026-06-23T13:22:17.668892,518904,54
2026-06-23T13:22:17.668990,518905,54
2026-06-23T13:22:17.669062,518906,54
2026-06-23T13:22:17.669135,518907,55
2026-06-23T13:22:17.669207,518908,54
2026-06-23T13:22:17.669278,518909,54
2026-06-23T13:22:17.669349,518909,53
2026-06-23T13:22:17.669420,518910,53
2026-06-23T13:22:17.669491,518911,52
2026-06-23T13:22:17.669562,518912,52
2026-06-23T13:22:17.669632,518913,52
2026-06-23T13:22:17.679276,518914,52
2026-06-23T13:22:17.679385,518915,51
2026-06-23T13:22:17.679476,518916,51
2026-06-23T13:22:17.679567,518917,51
2026-06-23T13:22:17.679661,518918,51
2026-06-23T13:22:17.679751,518919,51
2026-06-23T13:22:17.679842,518920,51
2026-06-23T13:22:17.679933,518921,54
2026-06-23T13:22:17.680023,518922,51
2026-06-23T13:22:17.680113,518923,52
2026-06-23T13:22:17.680203,518924,53
2026-06-23T13:22:17.689742,518925,54
2026-06-23T13:22:17.689905,518926,54
2026-06-23T13:22:17.690003,518927,54
2026-06-23T13:22:17.690082,518928,53
2026-06-23T13:22:17.690160,518929,54
2026-06-23T13:22:17.690235,518930,55
2026-06-23T13:22:17.690309,518930,57
2026-06-23T13:22:17.690383,518931,58
2026-06-23T13:22:17.690455,518932,58
2026-06-23T13:22:17.690527,518933,58
2026-06-23T13:22:17.700073,518934,58
2026-06-23T13:22:17.700198,518935,58
2026-06-23T13:22:17.700292,518936,57
2026-06-23T13:22:17.700383,518937,57
2026-06-23T13:22:17.700474,518938,56
2026-06-23T13:22:17.700564,518939,57
2026-06-23T13:22:17.700655,518940,56
2026-06-23T13:22:17.700731,518941,56
2026-06-23T13:22:17.700802,518942,56
2026-06-23T13:22:17.700873,518943,56
2026-06-23T13:22:17.700943,518944,55
2026-06-23T13:22:17.710577,518945,54
2026-06-23T13:22:17.710708,518946,54
2026-06-23T13:22:17.710800,518947,53
2026-06-23T13:22:17.710891,518948,53
2026-06-23T13:22:17.710983,518949,53
2026-06-23T13:22:17.711074,518950,52
2026-06-23T13:22:17.711164,518951,52
2026-06-23T13:22:17.711274,518952,51
2026-06-23T13:22:17.711367,518952,51
2026-06-23T13:22:17.711458,518953,51
2026-06-23T13:22:17.711548,518954,51
2026-06-23T13:22:17.721017,518955,51
2026-06-23T13:22:17.721154,518956,50
2026-06-23T13:22:17.721234,518957,50
2026-06-23T13:22:17.721309,518958,50
2026-06-23T13:22:17.721383,518959,50
2026-06-23T13:22:17.721456,518960,51
2026-06-23T13:22:17.721528,518961,51
2026-06-23T13:22:17.721606,518962,51
2026-06-23T13:22:17.721681,518963,51
2026-06-23T13:22:17.721753,518964,51
2026-06-23T13:22:17.721826,518965,51
2026-06-23T13:22:17.731417,518966,51
2026-06-23T13:22:17.731526,518967,51
2026-06-23T13:22:17.731619,518968,52
2026-06-23T13:22:17.731712,518969,52
2026-06-23T13:22:17.731805,518970,52
2026-06-23T13:22:17.731896,518971,51
2026-06-23T13:22:17.731988,518972,51
2026-06-23T13:22:17.732079,518973,51
2026-06-23T13:22:17.732170,518973,51
2026-06-23T13:22:17.732259,518974,51
2026-06-23T13:22:17.732331,518975,50
2026-06-23T13:22:17.741902,518976,49
2026-06-23T13:22:17.741993,518977,49
2026-06-23T13:22:17.742068,518978,49
2026-06-23T13:22:17.742140,518979,49
2026-06-23T13:22:17.742213,518980,48
2026-06-23T13:22:17.742285,518981,48
2026-06-23T13:22:17.742357,518982,47
2026-06-23T13:22:17.742429,518983,47
2026-06-23T13:22:17.742501,518984,47
2026-06-23T13:22:17.742573,518985,47
2026-06-23T13:22:17.742644,518986,47
2026-06-23T13:22:17.752402,518987,48
2026-06-23T13:22:17.752501,518988,49
2026-06-23T13:22:17.752573,518989,50
2026-06-23T13:22:17.752646,518990,49
2026-06-23T13:22:17.752717,518991,50
2026-06-23T13:22:17.752789,518992,52
2026-06-23T13:22:17.752860,518993,54
2026-06-23T13:22:17.752932,518994,55
2026-06-23T13:22:17.753003,518994,56
2026-06-23T13:22:17.753074,518995,56
2026-06-23T13:22:17.753145,518996,56
2026-06-23T13:22:17.762799,518997,56
2026-06-23T13:22:17.762903,518998,55
2026-06-23T13:22:17.762998,518999,55
2026-06-23T13:22:17.763089,519000,55
2026-06-23T13:22:17.763180,519001,55
2026-06-23T13:22:17.763271,519002,54
2026-06-23T13:22:17.763361,519003,54
2026-06-23T13:22:17.763451,519004,54
2026-06-23T13:22:17.763542,519005,54
2026-06-23T13:22:17.763635,519006,53
2026-06-23T13:22:17.763727,519007,54
2026-06-23T13:22:17.773305,519008,54
2026-06-23T13:22:17.773511,519009,56
2026-06-23T13:22:17.773594,519010,56
2026-06-23T13:22:17.773668,519011,56
2026-06-23T13:22:17.773740,519012,56
2026-06-23T13:22:17.773811,519013,56
2026-06-23T13:22:17.773882,519014,57
2026-06-23T13:22:17.773954,519015,57
2026-06-23T13:22:17.774025,519016,58
2026-06-23T13:22:17.774096,519016,58
2026-06-23T13:22:17.774166,519017,56
2026-06-23T13:22:17.783690,519018,56
2026-06-23T13:22:17.783781,519019,56
2026-06-23T13:22:17.783852,519020,56
2026-06-23T13:22:17.783923,519021,56
2026-06-23T13:22:17.783995,519022,56
2026-06-23T13:22:17.784067,519023,55
2026-06-23T13:22:17.784138,519024,55
2026-06-23T13:22:17.784208,519025,54
2026-06-23T13:22:17.784279,519026,54
2026-06-23T13:22:17.784350,519027,55
2026-06-23T13:22:17.784421,519028,55
2026-06-23T13:22:17.794134,519029,56
2026-06-23T13:22:17.794238,519030,56
2026-06-23T13:22:17.794310,519031,56
2026-06-23T13:22:17.794382,519032,55
2026-06-23T13:22:17.794460,519033,56
2026-06-23T13:22:17.794534,519034,56
2026-06-23T13:22:17.794606,519035,56
2026-06-23T13:22:17.794678,519036,55
2026-06-23T13:22:17.794766,519037,55
2026-06-23T13:22:17.794839,519037,55
2026-06-23T13:22:17.794912,519038,56
2026-06-23T13:22:17.804595,519039,56
2026-06-23T13:22:17.804682,519040,57
2026-06-23T13:22:17.804755,519041,57
2026-06-23T13:22:17.804827,519042,56
2026-06-23T13:22:17.804898,519043,56
2026-06-23T13:22:17.804969,519044,56
2026-06-23T13:22:17.805040,519045,57
2026-06-23T13:22:17.805111,519046,58
2026-06-23T13:22:17.805182,519047,57
2026-06-23T13:22:17.805253,519048,57
2026-06-23T13:22:17.814908,519049,57
2026-06-23T13:22:17.814999,519050,57
2026-06-23T13:22:17.815072,519051,57
2026-06-23T13:22:17.815144,519052,58
2026-06-23T13:22:17.815215,519053,59
2026-06-23T13:22:17.815287,519054,60
2026-06-23T13:22:17.815358,519055,60
2026-06-23T13:22:17.815428,519056,60
2026-06-23T13:22:17.815501,519057,60
2026-06-23T13:22:17.815573,519058,59
2026-06-23T13:22:17.815643,519058,59
2026-06-23T13:22:17.825443,519059,61
2026-06-23T13:22:17.825551,519060,60
2026-06-23T13:22:17.825646,519061,60
2026-06-23T13:22:17.825741,519062,60
2026-06-23T13:22:17.825833,519063,60
2026-06-23T13:22:17.825926,519064,59
2026-06-23T13:22:17.826019,519065,59
2026-06-23T13:22:17.826120,519066,59
2026-06-23T13:22:17.826216,519067,59
2026-06-23T13:22:17.826310,519068,59
2026-06-23T13:22:17.826403,519069,60
2026-06-23T13:22:17.835865,519070,59
2026-06-23T13:22:17.835951,519071,58
2026-06-23T13:22:17.836023,519072,61
2026-06-23T13:22:17.836094,519073,56
2026-06-23T13:22:17.836166,519074,56
2026-06-23T13:22:17.836240,519075,57
2026-06-23T13:22:17.836313,519076,58
2026-06-23T13:22:17.836383,519077,58
2026-06-23T13:22:17.836454,519078,58
2026-06-23T13:22:17.836525,519079,57
2026-06-23T13:22:17.836596,519080,57
2026-06-23T13:22:17.846304,519080,59
2026-06-23T13:22:17.846436,519081,60
2026-06-23T13:22:17.846540,519082,60
2026-06-23T13:22:17.846640,519083,61
2026-06-23T13:22:17.846736,519084,61
2026-06-23T13:22:17.846878,519085,61
2026-06-23T13:22:17.847006,519086,62
2026-06-23T13:22:17.847108,519087,61
2026-06-23T13:22:17.847206,519088,61
2026-06-23T13:22:17.847301,519089,62
2026-06-23T13:22:17.847394,519090,63
2026-06-23T13:22:17.856797,519091,63
2026-06-23T13:22:17.856972,519092,63
2026-06-23T13:22:17.857064,519093,62
2026-06-23T13:22:17.857141,519094,61
2026-06-23T13:22:17.857215,519095,61
2026-06-23T13:22:17.857288,519096,60
2026-06-23T13:22:17.857360,519097,59
2026-06-23T13:22:17.857432,519098,59
2026-06-23T13:22:17.857504,519099,58
2026-06-23T13:22:17.857576,519100,58
2026-06-23T13:22:17.857647,519101,57
2026-06-23T13:22:17.867222,519101,57
2026-06-23T13:22:17.867318,519102,56
2026-06-23T13:22:17.867379,519103,56
2026-06-23T13:22:17.867439,519104,56
2026-06-23T13:22:17.867498,519105,56
2026-06-23T13:22:17.867561,519106,56
2026-06-23T13:22:17.867619,519107,57
2026-06-23T13:22:17.867678,519108,57
2026-06-23T13:22:17.867736,519109,58
2026-06-23T13:22:17.867794,519110,59
2026-06-23T13:22:17.867853,519111,60
2026-06-23T13:22:17.877643,519112,61
2026-06-23T13:22:17.877727,519113,61
2026-06-23T13:22:17.877801,519114,60
2026-06-23T13:22:17.877873,519115,61
2026-06-23T13:22:17.877944,519116,62
2026-06-23T13:22:17.878035,519117,64
2026-06-23T13:22:17.878108,519118,65
2026-06-23T13:22:17.878179,519119,65
2026-06-23T13:22:17.878252,519120,65
2026-06-23T13:22:17.878324,519121,65
2026-06-23T13:22:17.878395,519122,64
2026-06-23T13:22:17.888149,519122,65
2026-06-23T13:22:17.888247,519123,65
2026-06-23T13:22:17.888324,519124,64
2026-06-23T13:22:17.888396,519125,63
2026-06-23T13:22:17.888467,519126,63
2026-06-23T13:22:17.888539,519127,62
2026-06-23T13:22:17.888610,519128,61
2026-06-23T13:22:17.888682,519129,61
2026-06-23T13:22:17.888754,519130,60
2026-06-23T13:22:17.888826,519131,60
2026-06-23T13:22:17.888898,519132,59
2026-06-23T13:22:17.898551,519133,58
2026-06-23T13:22:17.898642,519134,58
2026-06-23T13:22:17.898714,519135,58
2026-06-23T13:22:17.898786,519136,57
2026-06-23T13:22:17.898858,519137,57
2026-06-23T13:22:17.898931,519138,57
2026-06-23T13:22:17.899003,519139,56
2026-06-23T13:22:17.899074,519140,56
2026-06-23T13:22:17.899145,519141,55
2026-06-23T13:22:17.899216,519142,56
2026-06-23T13:22:17.899287,519143,57
2026-06-23T13:22:17.909006,519144,58
2026-06-23T13:22:17.909092,519144,58
2026-06-23T13:22:17.909164,519145,59
2026-06-23T13:22:17.909236,519146,59
2026-06-23T13:22:17.909307,519147,59
2026-06-23T13:22:17.909379,519148,59
2026-06-23T13:22:17.909451,519149,59
2026-06-23T13:22:17.909523,519150,59
2026-06-23T13:22:17.909594,519151,59
2026-06-23T13:22:17.909665,519152,59
2026-06-23T13:22:17.909736,519153,59
2026-06-23T13:22:17.919548,519154,58
2026-06-23T13:22:17.919642,519155,58
2026-06-23T13:22:17.919718,519156,57
2026-06-23T13:22:17.919790,519157,57
2026-06-23T13:22:17.919866,519158,57
2026-06-23T13:22:17.919941,519159,57
2026-06-23T13:22:17.920013,519160,57
2026-06-23T13:22:17.920084,519161,57
2026-06-23T13:22:17.920155,519162,56
2026-06-23T13:22:17.920226,519163,57
2026-06-23T13:22:17.929821,519164,58
2026-06-23T13:22:17.929906,519165,58
2026-06-23T13:22:17.929978,519165,59
2026-06-23T13:22:17.930050,519166,58
2026-06-23T13:22:17.930122,519167,58
2026-06-23T13:22:17.930193,519168,59
2026-06-23T13:22:17.930264,519169,58
2026-06-23T13:22:17.930335,519170,57
2026-06-23T13:22:17.930406,519171,57
2026-06-23T13:22:17.930477,519172,57
2026-06-23T13:22:17.930549,519173,57
2026-06-23T13:22:17.940310,519174,57
2026-06-23T13:22:17.940427,519175,57
2026-06-23T13:22:17.940506,519176,56
2026-06-23T13:22:17.940582,519177,56
2026-06-23T13:22:17.940655,519178,55
2026-06-23T13:22:17.940728,519179,55
2026-06-23T13:22:17.940801,519180,54
2026-06-23T13:22:17.940873,519181,54
2026-06-23T13:22:17.940945,519182,53
2026-06-23T13:22:17.941016,519183,53
2026-06-23T13:22:17.941088,519184,53
2026-06-23T13:22:17.950735,519185,52
2026-06-23T13:22:17.950830,519186,53
2026-06-23T13:22:17.950904,519187,53
2026-06-23T13:22:17.950976,519187,53
2026-06-23T13:22:17.951048,519188,52
2026-06-23T13:22:17.951119,519189,53
2026-06-23T13:22:17.951191,519190,52
2026-06-23T13:22:17.951263,519191,52
2026-06-23T13:22:17.951336,519192,52
2026-06-23T13:22:17.951408,519193,52
2026-06-23T13:22:17.951480,519194,51
2026-06-23T13:22:17.961128,519195,51
2026-06-23T13:22:17.961210,519196,51
2026-06-23T13:22:17.961283,519197,50
2026-06-23T13:22:17.961356,519198,50
2026-06-23T13:22:17.961429,519199,50
2026-06-23T13:22:17.961501,519200,51
2026-06-23T13:22:17.961572,519201,50
2026-06-23T13:22:17.961643,519202,50
2026-06-23T13:22:17.961714,519203,50
2026-06-23T13:22:17.961785,519204,50
2026-06-23T13:22:17.961857,519205,49
2026-06-23T13:22:17.971651,519206,49
2026-06-23T13:22:17.971742,519207,49
2026-06-23T13:22:17.971815,519208,49
2026-06-23T13:22:17.971888,519208,49
2026-06-23T13:22:17.971959,519209,51
2026-06-23T13:22:17.972030,519210,50
2026-06-23T13:22:17.972102,519211,50
2026-06-23T13:22:17.972174,519212,49
2026-06-23T13:22:17.972245,519213,50
2026-06-23T13:22:17.972317,519214,52
2026-06-23T13:22:17.972389,519215,52
2026-06-23T13:22:17.982046,519216,54
2026-06-23T13:22:17.982158,519217,54
2026-06-23T13:22:17.982249,519218,54
2026-06-23T13:22:17.982340,519219,54
2026-06-23T13:22:17.982431,519220,54
2026-06-23T13:22:17.982522,519221,53
2026-06-23T13:22:17.982612,519222,54
2026-06-23T13:22:17.982703,519223,53
2026-06-23T13:22:17.982796,519224,53
2026-06-23T13:22:17.982888,519225,53
2026-06-23T13:22:17.982959,519226,52
2026-06-23T13:22:17.992506,519227,52
2026-06-23T13:22:17.992591,519228,52
2026-06-23T13:22:17.992663,519229,51
2026-06-23T13:22:17.992735,519229,51
2026-06-23T13:22:17.992806,519230,52
2026-06-23T13:22:17.992878,519231,52
2026-06-23T13:22:17.992949,519232,52
2026-06-23T13:22:17.993021,519233,52
2026-06-23T13:22:17.993093,519234,51
2026-06-23T13:22:17.993164,519235,51
2026-06-23T13:22:17.993236,519236,52
2026-06-23T13:22:18.003026,519237,52
2026-06-23T13:22:18.003120,519238,52
2026-06-23T13:22:18.003193,519239,52
2026-06-23T13:22:18.003264,519240,52
2026-06-23T13:22:18.003337,519241,52
2026-06-23T13:22:18.003408,519242,52
2026-06-23T13:22:18.003479,519243,52
2026-06-23T13:22:18.003549,519244,52
2026-06-23T13:22:18.003620,519245,52
2026-06-23T13:22:18.003691,519246,52
2026-06-23T13:22:18.003762,519247,51
2026-06-23T13:22:18.013475,519248,50
2026-06-23T13:22:18.013556,519249,50
2026-06-23T13:22:18.013628,519250,50
2026-06-23T13:22:18.013701,519251,50
2026-06-23T13:22:18.013773,519251,50
2026-06-23T13:22:18.013844,519252,51
2026-06-23T13:22:18.013915,519253,51
2026-06-23T13:22:18.013986,519254,52
2026-06-23T13:22:18.014057,519255,51
2026-06-23T13:22:18.014128,519256,51
2026-06-23T13:22:18.014199,519257,52
2026-06-23T13:22:18.023858,519258,52
2026-06-23T13:22:18.023946,519259,52
2026-06-23T13:22:18.024018,519260,52
2026-06-23T13:22:18.024090,519261,52
2026-06-23T13:22:18.024161,519262,52
2026-06-23T13:22:18.024233,519263,52
2026-06-23T13:22:18.024303,519264,51
2026-06-23T13:22:18.024375,519265,52
2026-06-23T13:22:18.024446,519266,53
2026-06-23T13:22:18.024518,519267,53
2026-06-23T13:22:18.024589,519268,52
2026-06-23T13:22:18.034282,519269,52
2026-06-23T13:22:18.034372,519270,52
2026-06-23T13:22:18.034446,519271,51
2026-06-23T13:22:18.034518,519272,51
2026-06-23T13:22:18.034589,519272,50
2026-06-23T13:22:18.034663,519273,51
2026-06-23T13:22:18.034736,519274,51
2026-06-23T13:22:18.034809,519275,51
2026-06-23T13:22:18.034881,519276,51
2026-06-23T13:22:18.034953,519277,51
2026-06-23T13:22:18.044669,519278,51
2026-06-23T13:22:18.044796,519279,51
2026-06-23T13:22:18.044890,519280,51
2026-06-23T13:22:18.044982,519281,51
2026-06-23T13:22:18.045074,519282,50
2026-06-23T13:22:18.045170,519283,50
2026-06-23T13:22:18.045261,519284,49
2026-06-23T13:22:18.045354,519285,50
2026-06-23T13:22:18.045446,519286,50
2026-06-23T13:22:18.045538,519287,51
2026-06-23T13:22:18.045631,519288,50
