datetime,arduino_millis,voltage
2026-06-23T13:21:39.076121,480386,45
2026-06-23T13:21:39.076212,480387,45
2026-06-23T13:21:39.076255,480388,44
2026-06-23T13:21:39.076313,480389,44
2026-06-23T13:21:39.076352,480390,43
2026-06-23T13:21:39.076388,480391,44
2026-06-23T13:21:39.076422,480392,44
2026-06-23T13:21:39.076456,480393,44
2026-06-23T13:21:39.076490,480394,44
2026-06-23T13:21:39.076525,480394,45
2026-06-23T13:21:39.086581,480395,43
2026-06-23T13:21:39.086655,480396,43
2026-06-23T13:21:39.086696,480397,43
2026-06-23T13:21:39.086735,480398,43
2026-06-23T13:21:39.086773,480399,43
2026-06-23T13:21:39.086810,480400,42
2026-06-23T13:21:39.086847,480401,42
2026-06-23T13:21:39.086884,480402,42
2026-06-23T13:21:39.086920,480403,42
2026-06-23T13:21:39.086957,480404,42
2026-06-23T13:21:39.086993,480405,42
2026-06-23T13:21:39.097045,480406,42
2026-06-23T13:21:39.097104,480407,41
2026-06-23T13:21:39.097155,480408,41
2026-06-23T13:21:39.097195,480409,41
2026-06-23T13:21:39.097237,480410,41
2026-06-23T13:21:39.097277,480411,40
2026-06-23T13:21:39.097315,480412,40
2026-06-23T13:21:39.097351,480413,40
2026-06-23T13:21:39.097388,480414,40
2026-06-23T13:21:39.097426,480415,40
2026-06-23T13:21:39.097462,480416,40
2026-06-23T13:21:39.107436,480416,40
2026-06-23T13:21:39.107492,480417,40
2026-06-23T13:21:39.107562,480418,39
2026-06-23T13:21:39.107620,480419,39
2026-06-23T13:21:39.107663,480420,39
2026-06-23T13:21:39.107702,480421,39
2026-06-23T13:21:39.107741,480422,39
2026-06-23T13:21:39.107778,480423,39
2026-06-23T13:21:39.107815,480424,38
2026-06-23T13:21:39.107855,480425,38
2026-06-23T13:21:39.107893,480426,38
2026-06-23T13:21:39.117946,480427,38
2026-06-23T13:21:39.118009,480428,38
2026-06-23T13:21:39.118063,480429,38
2026-06-23T13:21:39.118106,480430,38
2026-06-23T13:21:39.118148,480431,38
2026-06-23T13:21:39.118188,480432,37
2026-06-23T13:21:39.118229,480433,37
2026-06-23T13:21:39.118270,480434,37
2026-06-23T13:21:39.118313,480435,37
2026-06-23T13:21:39.118354,480436,37
2026-06-23T13:21:39.118394,480437,37
2026-06-23T13:21:39.128381,480437,37
2026-06-23T13:21:39.128433,480438,35
2026-06-23T13:21:39.128500,480439,37
2026-06-23T13:21:39.128558,480440,36
2026-06-23T13:21:39.128607,480441,36
2026-06-23T13:21:39.128652,480442,36
2026-06-23T13:21:39.128702,480443,36
2026-06-23T13:21:39.128753,480444,36
2026-06-23T13:21:39.128796,480445,36
2026-06-23T13:21:39.128837,480446,36
2026-06-23T13:21:39.128878,480447,35
2026-06-23T13:21:39.138757,480448,36
2026-06-23T13:21:39.138811,480449,36
2026-06-23T13:21:39.138853,480450,36
2026-06-23T13:21:39.138894,480451,36
2026-06-23T13:21:39.138936,480452,36
2026-06-23T13:21:39.138977,480453,36
2026-06-23T13:21:39.139020,480454,36
2026-06-23T13:21:39.139060,480455,36
2026-06-23T13:21:39.139100,480456,36
2026-06-23T13:21:39.139140,480457,36
2026-06-23T13:21:39.139180,480458,36
2026-06-23T13:21:39.149269,480458,36
2026-06-23T13:21:39.149361,480459,36
2026-06-23T13:21:39.149404,480460,35
2026-06-23T13:21:39.149444,480461,35
2026-06-23T13:21:39.149486,480462,35
2026-06-23T13:21:39.149527,480463,35
2026-06-23T13:21:39.149567,480464,35
2026-06-23T13:21:39.149607,480465,35
2026-06-23T13:21:39.149648,480466,35
2026-06-23T13:21:39.149688,480467,35
2026-06-23T13:21:39.149729,480468,35
2026-06-23T13:21:39.159725,480469,35
2026-06-23T13:21:39.159784,480470,35
2026-06-23T13:21:39.159832,480471,35
2026-06-23T13:21:39.159878,480472,35
2026-06-23T13:21:39.159926,480473,35
2026-06-23T13:21:39.159972,480474,35
2026-06-23T13:21:39.160030,480475,35
2026-06-23T13:21:39.160089,480476,35
2026-06-23T13:21:39.160135,480477,35
2026-06-23T13:21:39.160181,480478,35
2026-06-23T13:21:39.160226,480479,34
2026-06-23T13:21:39.170206,480480,34
2026-06-23T13:21:39.170268,480480,34
2026-06-23T13:21:39.170318,480481,35
2026-06-23T13:21:39.170363,480482,35
2026-06-23T13:21:39.170409,480483,31
2026-06-23T13:21:39.170455,480484,35
2026-06-23T13:21:39.170500,480485,34
2026-06-23T13:21:39.170546,480486,35
2026-06-23T13:21:39.170591,480487,34
2026-06-23T13:21:39.170652,480488,35
2026-06-23T13:21:39.180546,480489,35
2026-06-23T13:21:39.180603,480490,35
2026-06-23T13:21:39.180649,480491,35
2026-06-23T13:21:39.180694,480492,35
2026-06-23T13:21:39.180738,480493,35
2026-06-23T13:21:39.180784,480494,35
2026-06-23T13:21:39.180828,480495,35
2026-06-23T13:21:39.180874,480496,35
2026-06-23T13:21:39.180950,480497,35
2026-06-23T13:21:39.180995,480498,34
2026-06-23T13:21:39.181039,480499,34
2026-06-23T13:21:39.191040,480500,35
2026-06-23T13:21:39.191098,480501,35
2026-06-23T13:21:39.191143,480501,35
2026-06-23T13:21:39.191187,480502,35
2026-06-23T13:21:39.191231,480503,35
2026-06-23T13:21:39.191274,480504,35
2026-06-23T13:21:39.191318,480505,35
2026-06-23T13:21:39.191362,480506,35
2026-06-23T13:21:39.191406,480507,34
2026-06-23T13:21:39.191449,480508,34
2026-06-23T13:21:39.191493,480509,34
2026-06-23T13:21:39.201583,480510,34
2026-06-23T13:21:39.201647,480511,34
2026-06-23T13:21:39.201694,480512,34
2026-06-23T13:21:39.201739,480513,34
2026-06-23T13:21:39.201790,480514,34
2026-06-23T13:21:39.201834,480515,34
2026-06-23T13:21:39.201877,480516,34
2026-06-23T13:21:39.201920,480517,34
2026-06-23T13:21:39.201965,480518,34
2026-06-23T13:21:39.202009,480519,34
2026-06-23T13:21:39.202052,480520,33
2026-06-23T13:21:39.211942,480521,34
2026-06-23T13:21:39.212000,480522,34
2026-06-23T13:21:39.212053,480522,34
2026-06-23T13:21:39.212105,480523,34
2026-06-23T13:21:39.212156,480524,34
2026-06-23T13:21:39.212207,480525,33
2026-06-23T13:21:39.212258,480526,33
2026-06-23T13:21:39.212309,480527,33
2026-06-23T13:21:39.212360,480528,33
2026-06-23T13:21:39.212448,480529,33
2026-06-23T13:21:39.212528,480530,33
2026-06-23T13:21:39.222441,480531,32
2026-06-23T13:21:39.222514,480532,33
2026-06-23T13:21:39.222565,480533,33
2026-06-23T13:21:39.222616,480534,33
2026-06-23T13:21:39.222667,480535,33
2026-06-23T13:21:39.222717,480536,35
2026-06-23T13:21:39.222768,480537,34
2026-06-23T13:21:39.222818,480538,34
2026-06-23T13:21:39.222867,480539,34
2026-06-23T13:21:39.222918,480540,34
2026-06-23T13:21:39.222968,480541,34
2026-06-23T13:21:39.232793,480542,34
2026-06-23T13:21:39.232862,480543,34
2026-06-23T13:21:39.232914,480544,33
2026-06-23T13:21:39.232964,480544,33
2026-06-23T13:21:39.233017,480545,33
2026-06-23T13:21:39.233068,480546,33
2026-06-23T13:21:39.233118,480547,34
2026-06-23T13:21:39.233168,480548,34
2026-06-23T13:21:39.233219,480549,34
2026-06-23T13:21:39.233269,480550,34
2026-06-23T13:21:39.233319,480551,34
2026-06-23T13:21:39.243288,480552,34
2026-06-23T13:21:39.243358,480553,34
2026-06-23T13:21:39.243418,480554,34
2026-06-23T13:21:39.243477,480555,34
2026-06-23T13:21:39.243537,480556,34
2026-06-23T13:21:39.243596,480557,34
2026-06-23T13:21:39.243655,480558,34
2026-06-23T13:21:39.243715,480559,34
2026-06-23T13:21:39.243774,480560,34
2026-06-23T13:21:39.243834,480561,34
2026-06-23T13:21:39.243894,480562,34
2026-06-23T13:21:39.253796,480563,34
2026-06-23T13:21:39.253878,480564,34
2026-06-23T13:21:39.253942,480565,31
2026-06-23T13:21:39.254002,480565,34
2026-06-23T13:21:39.254061,480566,34
2026-06-23T13:21:39.254119,480567,34
2026-06-23T13:21:39.254178,480568,34
2026-06-23T13:21:39.254236,480569,34
2026-06-23T13:21:39.254294,480570,34
2026-06-23T13:21:39.254352,480571,35
2026-06-23T13:21:39.254411,480572,34
2026-06-23T13:21:39.264177,480573,35
2026-06-23T13:21:39.264248,480574,34
2026-06-23T13:21:39.264307,480575,34
2026-06-23T13:21:39.264366,480576,33
2026-06-23T13:21:39.264425,480577,34
2026-06-23T13:21:39.264483,480578,34
2026-06-23T13:21:39.264541,480579,34
2026-06-23T13:21:39.264600,480580,34
2026-06-23T13:21:39.264659,480581,34
2026-06-23T13:21:39.264718,480582,33
2026-06-23T13:21:39.264777,480583,34
2026-06-23T13:21:39.274651,480584,34
2026-06-23T13:21:39.274727,480585,34
2026-06-23T13:21:39.274787,480586,33
2026-06-23T13:21:39.274849,480586,33
2026-06-23T13:21:39.274909,480587,33
2026-06-23T13:21:39.274968,480588,33
2026-06-23T13:21:39.275027,480589,33
2026-06-23T13:21:39.275085,480590,33
2026-06-23T13:21:39.275166,480591,33
2026-06-23T13:21:39.275225,480592,33
2026-06-23T13:21:39.275286,480593,33
2026-06-23T13:21:39.285175,480594,33
2026-06-23T13:21:39.285263,480595,33
2026-06-23T13:21:39.285323,480596,33
2026-06-23T13:21:39.285382,480597,33
2026-06-23T13:21:39.285442,480598,33
2026-06-23T13:21:39.285502,480599,34
2026-06-23T13:21:39.285561,480600,33
2026-06-23T13:21:39.285620,480601,33
2026-06-23T13:21:39.285679,480602,34
2026-06-23T13:21:39.285738,480603,33
2026-06-23T13:21:39.295516,480604,34
2026-06-23T13:21:39.295587,480605,33
2026-06-23T13:21:39.295647,480606,34
2026-06-23T13:21:39.295708,480607,34
2026-06-23T13:21:39.295772,480608,34
2026-06-23T13:21:39.295832,480608,34
2026-06-23T13:21:39.295891,480609,33
2026-06-23T13:21:39.295950,480610,34
2026-06-23T13:21:39.296008,480611,33
2026-06-23T13:21:39.296067,480612,33
2026-06-23T13:21:39.296125,480613,33
2026-06-23T13:21:39.305973,480614,33
2026-06-23T13:21:39.306048,480615,33
2026-06-23T13:21:39.306108,480616,32
2026-06-23T13:21:39.306167,480617,33
2026-06-23T13:21:39.306225,480618,33
2026-06-23T13:21:39.306284,480619,33
2026-06-23T13:21:39.306343,480620,33
2026-06-23T13:21:39.306403,480621,33
2026-06-23T13:21:39.306462,480622,33
2026-06-23T13:21:39.306521,480623,33
2026-06-23T13:21:39.306580,480624,33
2026-06-23T13:21:39.316395,480625,33
2026-06-23T13:21:39.316494,480626,33
2026-06-23T13:21:39.316567,480627,34
2026-06-23T13:21:39.316639,480628,34
2026-06-23T13:21:39.316710,480629,34
2026-06-23T13:21:39.316785,480629,34
2026-06-23T13:21:39.316857,480630,33
2026-06-23T13:21:39.316930,480631,33
2026-06-23T13:21:39.317001,480632,33
2026-06-23T13:21:39.317060,480633,34
2026-06-23T13:21:39.317118,480634,34
2026-06-23T13:21:39.326838,480635,34
2026-06-23T13:21:39.326925,480636,34
2026-06-23T13:21:39.326999,480637,34
2026-06-23T13:21:39.327072,480638,34
2026-06-23T13:21:39.327144,480639,34
2026-06-23T13:21:39.327233,480640,34
2026-06-23T13:21:39.327306,480641,34
2026-06-23T13:21:39.327397,480642,34
2026-06-23T13:21:39.327469,480643,34
2026-06-23T13:21:39.327540,480644,34
2026-06-23T13:21:39.327612,480645,34
2026-06-23T13:21:39.337316,480646,34
2026-06-23T13:21:39.337395,480647,34
2026-06-23T13:21:39.337454,480648,34
2026-06-23T13:21:39.337514,480649,35
2026-06-23T13:21:39.337573,480650,35
2026-06-23T13:21:39.337636,480650,34
2026-06-23T13:21:39.337697,480651,35
2026-06-23T13:21:39.337765,480652,34
2026-06-23T13:21:39.337823,480653,35
2026-06-23T13:21:39.337882,480654,34
2026-06-23T13:21:39.337941,480655,34
2026-06-23T13:21:39.347713,480656,34
2026-06-23T13:21:39.347798,480657,34
2026-06-23T13:21:39.347873,480658,34
2026-06-23T13:21:39.347945,480659,34
2026-06-23T13:21:39.348017,480660,34
2026-06-23T13:21:39.348089,480661,34
2026-06-23T13:21:39.348161,480662,34
2026-06-23T13:21:39.348233,480663,34
2026-06-23T13:21:39.348320,480664,33
2026-06-23T13:21:39.348393,480665,33
2026-06-23T13:21:39.348514,480666,34
2026-06-23T13:21:39.358188,480667,34
2026-06-23T13:21:39.358277,480668,34
2026-06-23T13:21:39.358351,480669,34
2026-06-23T13:21:39.358424,480670,34
2026-06-23T13:21:39.358497,480671,34
2026-06-23T13:21:39.358570,480672,35
2026-06-23T13:21:39.358642,480672,35
2026-06-23T13:21:39.358714,480673,34
2026-06-23T13:21:39.358785,480674,34
2026-06-23T13:21:39.358858,480675,34
2026-06-23T13:21:39.358929,480676,34
2026-06-23T13:21:39.368732,480677,34
2026-06-23T13:21:39.368830,480678,34
2026-06-23T13:21:39.368903,480679,34
2026-06-23T13:21:39.368974,480680,35
2026-06-23T13:21:39.369046,480681,35
2026-06-23T13:21:39.369127,480682,34
2026-06-23T13:21:39.369198,480683,34
2026-06-23T13:21:39.369271,480684,34
2026-06-23T13:21:39.369361,480685,34
2026-06-23T13:21:39.369431,480686,34
2026-06-23T13:21:39.369502,480687,34
2026-06-23T13:21:39.379089,480688,34
2026-06-23T13:21:39.379199,480689,34
2026-06-23T13:21:39.379281,480690,34
2026-06-23T13:21:39.379359,480691,34
2026-06-23T13:21:39.379434,480692,34
2026-06-23T13:21:39.379508,480693,34
2026-06-23T13:21:39.379588,480693,34
2026-06-23T13:21:39.379687,480694,34
2026-06-23T13:21:39.379762,480695,34
2026-06-23T13:21:39.379836,480696,34
2026-06-23T13:21:39.379909,480697,34
2026-06-23T13:21:39.389557,480698,35
2026-06-23T13:21:39.389651,480699,34
2026-06-23T13:21:39.389725,480700,34
2026-06-23T13:21:39.389797,480701,34
2026-06-23T13:21:39.389870,480702,34
2026-06-23T13:21:39.389941,480703,34
2026-06-23T13:21:39.390013,480704,34
2026-06-23T13:21:39.390084,480705,34
2026-06-23T13:21:39.390156,480706,34
2026-06-23T13:21:39.390228,480707,34
2026-06-23T13:21:39.390299,480708,34
2026-06-23T13:21:39.400014,480709,34
2026-06-23T13:21:39.400115,480710,33
2026-06-23T13:21:39.400188,480711,33
2026-06-23T13:21:39.400260,480712,33
2026-06-23T13:21:39.400332,480713,37
2026-06-23T13:21:39.400404,480714,33
2026-06-23T13:21:39.400475,480715,33
2026-06-23T13:21:39.400546,480715,37
2026-06-23T13:21:39.400617,480716,33
2026-06-23T13:21:39.400688,480717,33
2026-06-23T13:21:39.410316,480718,33
2026-06-23T13:21:39.410459,480719,33
2026-06-23T13:21:39.410542,480720,33
2026-06-23T13:21:39.410675,480721,34
2026-06-23T13:21:39.410757,480722,34
2026-06-23T13:21:39.410838,480723,33
2026-06-23T13:21:39.410916,480724,33
2026-06-23T13:21:39.410998,480725,33
2026-06-23T13:21:39.411078,480726,33
2026-06-23T13:21:39.411161,480727,33
2026-06-23T13:21:39.411240,480728,33
2026-06-23T13:21:39.420784,480729,34
2026-06-23T13:21:39.420915,480730,33
2026-06-23T13:21:39.420983,480731,33
2026-06-23T13:21:39.421047,480732,33
2026-06-23T13:21:39.421109,480733,34
2026-06-23T13:21:39.421171,480734,34
2026-06-23T13:21:39.421231,480735,34
2026-06-23T13:21:39.421292,480736,34
2026-06-23T13:21:39.421352,480736,34
2026-06-23T13:21:39.421411,480737,34
2026-06-23T13:21:39.421470,480738,34
2026-06-23T13:21:39.431192,480739,34
2026-06-23T13:21:39.431283,480740,33
2026-06-23T13:21:39.431337,480741,34
2026-06-23T13:21:39.431388,480742,33
2026-06-23T13:21:39.431439,480743,33
2026-06-23T13:21:39.431491,480744,33
2026-06-23T13:21:39.431542,480745,34
2026-06-23T13:21:39.431593,480746,33
2026-06-23T13:21:39.431644,480747,33
2026-06-23T13:21:39.431695,480748,33
2026-06-23T13:21:39.431745,480749,34
2026-06-23T13:21:39.441653,480750,34
2026-06-23T13:21:39.441735,480751,34
2026-06-23T13:21:39.441788,480752,34
2026-06-23T13:21:39.441843,480753,34
2026-06-23T13:21:39.441896,480754,34
2026-06-23T13:21:39.441946,480755,34
2026-06-23T13:21:39.441998,480756,34
2026-06-23T13:21:39.442082,480757,35
2026-06-23T13:21:39.442157,480757,35
2026-06-23T13:21:39.442215,480758,35
2026-06-23T13:21:39.442273,480759,35
2026-06-23T13:21:39.452074,480760,35
2026-06-23T13:21:39.452164,480761,35
2026-06-23T13:21:39.452213,480762,35
2026-06-23T13:21:39.452261,480763,35
2026-06-23T13:21:39.452310,480764,35
2026-06-23T13:21:39.452355,480765,35
2026-06-23T13:21:39.452399,480766,34
2026-06-23T13:21:39.452444,480767,35
2026-06-23T13:21:39.452489,480768,35
2026-06-23T13:21:39.452533,480769,34
2026-06-23T13:21:39.452577,480770,35
2026-06-23T13:21:39.462526,480771,35
2026-06-23T13:21:39.462605,480772,35
2026-06-23T13:21:39.462649,480773,34
2026-06-23T13:21:39.462690,480774,34
2026-06-23T13:21:39.462731,480775,34
2026-06-23T13:21:39.462771,480776,34
2026-06-23T13:21:39.462810,480777,34
2026-06-23T13:21:39.462849,480778,34
2026-06-23T13:21:39.462888,480779,34
2026-06-23T13:21:39.462930,480779,34
2026-06-23T13:21:39.462965,480780,34
2026-06-23T13:21:39.472963,480781,33
2026-06-23T13:21:39.473029,480782,33
2026-06-23T13:21:39.473064,480783,33
2026-06-23T13:21:39.473098,480784,34
2026-06-23T13:21:39.473131,480785,34
2026-06-23T13:21:39.473163,480786,34
2026-06-23T13:21:39.473195,480787,34
2026-06-23T13:21:39.473227,480788,34
2026-06-23T13:21:39.473259,480789,34
2026-06-23T13:21:39.473291,480790,34
2026-06-23T13:21:39.473322,480791,34
2026-06-23T13:21:39.483428,480792,34
2026-06-23T13:21:39.483501,480793,34
2026-06-23T13:21:39.483537,480794,34
2026-06-23T13:21:39.483573,480795,34
2026-06-23T13:21:39.483606,480796,34
2026-06-23T13:21:39.483638,480797,34
2026-06-23T13:21:39.483690,480798,34
2026-06-23T13:21:39.483723,480799,34
2026-06-23T13:21:39.483755,480800,34
2026-06-23T13:21:39.483787,480800,34
2026-06-23T13:21:39.483819,480801,34
2026-06-23T13:21:39.493965,480802,34
2026-06-23T13:21:39.494012,480803,34
2026-06-23T13:21:39.494047,480804,34
2026-06-23T13:21:39.494080,480805,34
2026-06-23T13:21:39.494112,480806,34
2026-06-23T13:21:39.494144,480807,34
2026-06-23T13:21:39.494176,480808,33
2026-06-23T13:21:39.494208,480809,33
2026-06-23T13:21:39.494240,480810,34
2026-06-23T13:21:39.494271,480811,34
2026-06-23T13:21:39.494303,480812,33
2026-06-23T13:21:39.504340,480813,34
2026-06-23T13:21:39.504393,480814,33
2026-06-23T13:21:39.504425,480815,34
2026-06-23T13:21:39.504457,480816,33
2026-06-23T13:21:39.504489,480817,33
2026-06-23T13:21:39.504521,480818,33
2026-06-23T13:21:39.504552,480819,34
2026-06-23T13:21:39.504584,480820,33
2026-06-23T13:21:39.504616,480821,33
2026-06-23T13:21:39.504648,480821,33
2026-06-23T13:21:39.504679,480822,33
2026-06-23T13:21:39.514721,480823,32
2026-06-23T13:21:39.514787,480824,33
2026-06-23T13:21:39.514824,480825,33
2026-06-23T13:21:39.514858,480826,34
2026-06-23T13:21:39.514891,480827,33
2026-06-23T13:21:39.514924,480828,33
2026-06-23T13:21:39.514956,480829,33
2026-06-23T13:21:39.514988,480830,33
2026-06-23T13:21:39.515020,480831,33
2026-06-23T13:21:39.515052,480832,33
2026-06-23T13:21:39.525159,480833,33
2026-06-23T13:21:39.525229,480834,33
2026-06-23T13:21:39.525263,480835,34
2026-06-23T13:21:39.525294,480836,34
2026-06-23T13:21:39.525324,480837,33
2026-06-23T13:21:39.525354,480838,33
2026-06-23T13:21:39.525384,480839,33
2026-06-23T13:21:39.525413,480840,33
2026-06-23T13:21:39.525443,480841,33
2026-06-23T13:21:39.525472,480842,33
2026-06-23T13:21:39.525516,480843,33
2026-06-23T13:21:39.535679,480843,33
2026-06-23T13:21:39.535730,480844,33
2026-06-23T13:21:39.535761,480845,33
2026-06-23T13:21:39.535790,480846,33
2026-06-23T13:21:39.535820,480847,33
2026-06-23T13:21:39.535850,480848,33
2026-06-23T13:21:39.535879,480849,33
2026-06-23T13:21:39.535908,480850,33
2026-06-23T13:21:39.535940,480851,33
2026-06-23T13:21:39.535969,480852,33
2026-06-23T13:21:39.535998,480853,33
2026-06-23T13:21:39.546105,480854,33
2026-06-23T13:21:39.546144,480855,33
2026-06-23T13:21:39.546177,480856,33
2026-06-23T13:21:39.546209,480857,34
2026-06-23T13:21:39.546242,480858,33
2026-06-23T13:21:39.546274,480859,33
2026-06-23T13:21:39.546306,480860,33
2026-06-23T13:21:39.546338,480861,33
2026-06-23T13:21:39.546370,480862,33
2026-06-23T13:21:39.546402,480863,33
2026-06-23T13:21:39.546433,480864,32
2026-06-23T13:21:39.556519,480864,32
2026-06-23T13:21:39.556584,480865,33
2026-06-23T13:21:39.556621,480866,33
2026-06-23T13:21:39.556655,480867,33
2026-06-23T13:21:39.556689,480868,32
2026-06-23T13:21:39.556722,480869,32
2026-06-23T13:21:39.556755,480870,33
2026-06-23T13:21:39.556787,480871,33
2026-06-23T13:21:39.556819,480872,33
2026-06-23T13:21:39.556851,480873,33
2026-06-23T13:21:39.556883,480874,32
2026-06-23T13:21:39.566926,480875,32
2026-06-23T13:21:39.566981,480876,32
2026-06-23T13:21:39.567018,480877,32
2026-06-23T13:21:39.567054,480878,32
2026-06-23T13:21:39.567089,480879,32
2026-06-23T13:21:39.567125,480880,32
2026-06-23T13:21:39.567160,480881,32
2026-06-23T13:21:39.567196,480882,32
2026-06-23T13:21:39.567231,480883,33
2026-06-23T13:21:39.567266,480884,33
2026-06-23T13:21:39.567302,480885,33
2026-06-23T13:21:39.577351,480885,33
2026-06-23T13:21:39.577408,480886,33
2026-06-23T13:21:39.577446,480887,34
2026-06-23T13:21:39.577485,480888,34
2026-06-23T13:21:39.577521,480889,34
2026-06-23T13:21:39.577559,480890,34
2026-06-23T13:21:39.577596,480891,33
2026-06-23T13:21:39.577632,480892,34
2026-06-23T13:21:39.577667,480893,34
2026-06-23T13:21:39.577701,480894,34
2026-06-23T13:21:39.577736,480895,34
2026-06-23T13:21:39.587986,480896,34
2026-06-23T13:21:39.588064,480897,34
2026-06-23T13:21:39.588117,480898,34
2026-06-23T13:21:39.588155,480899,34
2026-06-23T13:21:39.588192,480900,34
2026-06-23T13:21:39.588241,480901,34
2026-06-23T13:21:39.588277,480902,34
2026-06-23T13:21:39.588314,480903,34
2026-06-23T13:21:39.588349,480904,33
2026-06-23T13:21:39.588386,480905,34
2026-06-23T13:21:39.588424,480906,32
2026-06-23T13:21:39.598281,480907,33
2026-06-23T13:21:39.598370,480907,33
2026-06-23T13:21:39.598415,480908,33
2026-06-23T13:21:39.598456,480909,33
2026-06-23T13:21:39.598496,480910,33
2026-06-23T13:21:39.598535,480911,33
2026-06-23T13:21:39.598574,480912,33
2026-06-23T13:21:39.598613,480913,32
2026-06-23T13:21:39.598652,480914,33
2026-06-23T13:21:39.598691,480915,33
2026-06-23T13:21:39.598729,480916,33
2026-06-23T13:21:39.608724,480917,33
2026-06-23T13:21:39.608788,480918,33
2026-06-23T13:21:39.608829,480919,33
2026-06-23T13:21:39.608869,480920,33
2026-06-23T13:21:39.608921,480921,33
2026-06-23T13:21:39.608973,480922,33
2026-06-23T13:21:39.609013,480923,33
2026-06-23T13:21:39.609052,480924,33
2026-06-23T13:21:39.609091,480925,33
2026-06-23T13:21:39.609130,480926,33
2026-06-23T13:21:39.609168,480927,33
2026-06-23T13:21:39.619230,480928,33
2026-06-23T13:21:39.619303,480928,33
2026-06-23T13:21:39.619346,480929,33
2026-06-23T13:21:39.619386,480930,33
2026-06-23T13:21:39.619425,480931,33
2026-06-23T13:21:39.619466,480932,33
2026-06-23T13:21:39.619504,480933,33
2026-06-23T13:21:39.619543,480934,34
2026-06-23T13:21:39.619582,480935,34
2026-06-23T13:21:39.619621,480936,35
2026-06-23T13:21:39.619660,480937,34
2026-06-23T13:21:39.629682,480938,34
2026-06-23T13:21:39.629733,480939,34
2026-06-23T13:21:39.629773,480940,34
2026-06-23T13:21:39.629812,480941,34
2026-06-23T13:21:39.629851,480942,34
2026-06-23T13:21:39.629890,480943,34
2026-06-23T13:21:39.629929,480944,34
2026-06-23T13:21:39.629968,480945,34
2026-06-23T13:21:39.630006,480946,34
2026-06-23T13:21:39.630045,480947,34
2026-06-23T13:21:39.640052,480948,34
2026-06-23T13:21:39.640140,480949,34
2026-06-23T13:21:39.640185,480950,34
2026-06-23T13:21:39.640226,480950,34
2026-06-23T13:21:39.640267,480951,34
2026-06-23T13:21:39.640307,480952,35
2026-06-23T13:21:39.640347,480953,34
2026-06-23T13:21:39.640386,480954,34
2026-06-23T13:21:39.640425,480955,34
2026-06-23T13:21:39.640464,480956,33
2026-06-23T13:21:39.640503,480957,34
2026-06-23T13:21:39.650533,480958,34
2026-06-23T13:21:39.650603,480959,35
2026-06-23T13:21:39.650649,480960,34
2026-06-23T13:21:39.650694,480961,34
2026-06-23T13:21:39.650741,480962,34
2026-06-23T13:21:39.650786,480963,34
2026-06-23T13:21:39.650830,480964,33
2026-06-23T13:21:39.650874,480965,33
2026-06-23T13:21:39.650918,480966,34
2026-06-23T13:21:39.650962,480967,34
2026-06-23T13:21:39.651005,480968,34
2026-06-23T13:21:39.660912,480969,34
2026-06-23T13:21:39.660967,480970,34
2026-06-23T13:21:39.661012,480971,34
2026-06-23T13:21:39.661056,480971,34
2026-06-23T13:21:39.661100,480972,34
2026-06-23T13:21:39.661155,480973,34
2026-06-23T13:21:39.661199,480974,34
2026-06-23T13:21:39.661243,480975,34
2026-06-23T13:21:39.661287,480976,33
2026-06-23T13:21:39.661331,480977,33
2026-06-23T13:21:39.661375,480978,33
2026-06-23T13:21:39.671434,480979,33
2026-06-23T13:21:39.671519,480980,33
2026-06-23T13:21:39.671565,480981,33
2026-06-23T13:21:39.671610,480982,33
2026-06-23T13:21:39.671654,480983,33
2026-06-23T13:21:39.671698,480984,34
2026-06-23T13:21:39.671743,480985,33
2026-06-23T13:21:39.671787,480986,33
2026-06-23T13:21:39.671831,480987,33
2026-06-23T13:21:39.671874,480988,33
2026-06-23T13:21:39.671918,480989,33
2026-06-23T13:21:39.681788,480990,33
2026-06-23T13:21:39.681845,480991,33
2026-06-23T13:21:39.681890,480992,33
2026-06-23T13:21:39.681934,480992,32
2026-06-23T13:21:39.681979,480993,33
2026-06-23T13:21:39.682023,480994,32
2026-06-23T13:21:39.682067,480995,32
2026-06-23T13:21:39.682111,480996,32
2026-06-23T13:21:39.682155,480997,32
2026-06-23T13:21:39.682199,480998,33
2026-06-23T13:21:39.682243,480999,33
2026-06-23T13:21:39.692324,481000,33
2026-06-23T13:21:39.692387,481001,33
2026-06-23T13:21:39.692438,481002,33
2026-06-23T13:21:39.692508,481003,33
2026-06-23T13:21:39.692559,481004,33
2026-06-23T13:21:39.692610,481005,33
2026-06-23T13:21:39.692660,481006,33
2026-06-23T13:21:39.692710,481007,32
2026-06-23T13:21:39.692761,481008,32
2026-06-23T13:21:39.692812,481009,32
2026-06-23T13:21:39.692862,481010,33
2026-06-23T13:21:39.702843,481011,33
2026-06-23T13:21:39.702920,481012,33
2026-06-23T13:21:39.702976,481013,33
2026-06-23T13:21:39.703026,481014,33
2026-06-23T13:21:39.703080,481014,33
2026-06-23T13:21:39.703131,481015,33
2026-06-23T13:21:39.703181,481016,32
2026-06-23T13:21:39.703232,481017,33
2026-06-23T13:21:39.703282,481018,33
2026-06-23T13:21:39.703362,481019,33
2026-06-23T13:21:39.703413,481020,33
2026-06-23T13:21:39.713153,481021,32
2026-06-23T13:21:39.713212,481022,33
2026-06-23T13:21:39.713264,481023,32
2026-06-23T13:21:39.713315,481024,32
2026-06-23T13:21:39.713365,481025,32
2026-06-23T13:21:39.713416,481026,32
2026-06-23T13:21:39.713466,481027,32
2026-06-23T13:21:39.713516,481028,32
2026-06-23T13:21:39.713566,481029,32
2026-06-23T13:21:39.713621,481030,32
2026-06-23T13:21:39.713671,481031,32
2026-06-23T13:21:39.723676,481032,32
2026-06-23T13:21:39.723791,481033,32
2026-06-23T13:21:39.723848,481034,32
2026-06-23T13:21:39.723922,481035,33
2026-06-23T13:21:39.723985,481035,33
2026-06-23T13:21:39.724040,481036,32
2026-06-23T13:21:39.724093,481037,33
2026-06-23T13:21:39.724145,481038,33
2026-06-23T13:21:39.724197,481039,33
2026-06-23T13:21:39.724248,481040,33
2026-06-23T13:21:39.724299,481041,33
2026-06-23T13:21:39.734133,481042,33
2026-06-23T13:21:39.734228,481043,33
2026-06-23T13:21:39.734287,481044,33
2026-06-23T13:21:39.734343,481045,32
2026-06-23T13:21:39.734397,481046,32
2026-06-23T13:21:39.734450,481047,32
2026-06-23T13:21:39.734503,481048,32
2026-06-23T13:21:39.734555,481049,32
2026-06-23T13:21:39.734608,481050,32
2026-06-23T13:21:39.734659,481051,32
2026-06-23T13:21:39.734711,481052,32
2026-06-23T13:21:39.744491,481053,32
2026-06-23T13:21:39.744581,481054,32
2026-06-23T13:21:39.744638,481055,32
2026-06-23T13:21:39.744694,481056,32
2026-06-23T13:21:39.744747,481056,32
2026-06-23T13:21:39.744799,481057,32
2026-06-23T13:21:39.744850,481058,32
2026-06-23T13:21:39.744902,481059,32
2026-06-23T13:21:39.744952,481060,32
2026-06-23T13:21:39.745004,481061,32
2026-06-23T13:21:39.754931,481062,33
2026-06-23T13:21:39.755064,481063,33
2026-06-23T13:21:39.755133,481064,32
2026-06-23T13:21:39.755185,481065,32
2026-06-23T13:21:39.755233,481066,33
2026-06-23T13:21:39.755279,481067,33
2026-06-23T13:21:39.755325,481068,34
2026-06-23T13:21:39.755370,481069,33
2026-06-23T13:21:39.755414,481070,33
2026-06-23T13:21:39.755458,481071,33
2026-06-23T13:21:39.755501,481072,33
2026-06-23T13:21:39.765352,481073,33
2026-06-23T13:21:39.765420,481074,33
2026-06-23T13:21:39.765464,481075,33
2026-06-23T13:21:39.765505,481076,33
2026-06-23T13:21:39.765548,481077,33
2026-06-23T13:21:39.765590,481078,33
2026-06-23T13:21:39.765635,481078,33
2026-06-23T13:21:39.765675,481079,33
2026-06-23T13:21:39.765714,481080,33
2026-06-23T13:21:39.765754,481081,33
2026-06-23T13:21:39.765793,481082,33
2026-06-23T13:21:39.775785,481083,33
2026-06-23T13:21:39.775870,481084,33
2026-06-23T13:21:39.775908,481085,34
2026-06-23T13:21:39.775945,481086,34
2026-06-23T13:21:39.775980,481087,34
2026-06-23T13:21:39.776016,481088,34
2026-06-23T13:21:39.776050,481089,34
2026-06-23T13:21:39.776085,481090,34
2026-06-23T13:21:39.776120,481091,34
2026-06-23T13:21:39.776155,481092,34
2026-06-23T13:21:39.776190,481093,33
2026-06-23T13:21:39.786256,481094,30
2026-06-23T13:21:39.786323,481095,33
2026-06-23T13:21:39.786360,481096,34
2026-06-23T13:21:39.786394,481097,34
2026-06-23T13:21:39.786427,481098,34
2026-06-23T13:21:39.786460,481099,34
2026-06-23T13:21:39.786492,481099,34
2026-06-23T13:21:39.786525,481100,34
2026-06-23T13:21:39.786558,481101,34
2026-06-23T13:21:39.786590,481102,34
2026-06-23T13:21:39.786619,481103,34
2026-06-23T13:21:39.796720,481104,34
2026-06-23T13:21:39.796770,481105,34
2026-06-23T13:21:39.796817,481106,34
2026-06-23T13:21:39.796848,481107,34
2026-06-23T13:21:39.796883,481108,34
2026-06-23T13:21:39.796912,481109,33
2026-06-23T13:21:39.796941,481110,33
2026-06-23T13:21:39.796970,481111,33
2026-06-23T13:21:39.796997,481112,33
2026-06-23T13:21:39.797024,481113,33
2026-06-23T13:21:39.797053,481114,33
2026-06-23T13:21:39.807129,481115,33
2026-06-23T13:21:39.807203,481116,33
2026-06-23T13:21:39.807240,481117,32
2026-06-23T13:21:39.807278,481118,33
2026-06-23T13:21:39.807309,481119,33
2026-06-23T13:21:39.807338,481120,33
2026-06-23T13:21:39.807365,481120,33
2026-06-23T13:21:39.807392,481121,33
2026-06-23T13:21:39.807418,481122,32
2026-06-23T13:21:39.807445,481123,32
2026-06-23T13:21:39.807471,481124,32
2026-06-23T13:21:39.817545,481125,32
2026-06-23T13:21:39.817606,481126,32
2026-06-23T13:21:39.817638,481127,32
2026-06-23T13:21:39.817666,481128,32
2026-06-23T13:21:39.817693,481129,32
2026-06-23T13:21:39.817719,481130,32
2026-06-23T13:21:39.817745,481131,32
2026-06-23T13:21:39.817772,481132,32
2026-06-23T13:21:39.817797,481133,33
2026-06-23T13:21:39.817823,481134,32
2026-06-23T13:21:39.817849,481135,32
2026-06-23T13:21:39.827998,481136,32
2026-06-23T13:21:39.828050,481137,32
2026-06-23T13:21:39.828080,481138,32
2026-06-23T13:21:39.828106,481139,32
2026-06-23T13:21:39.828134,481140,32
2026-06-23T13:21:39.828161,481141,32
2026-06-23T13:21:39.828187,481142,32
2026-06-23T13:21:39.828213,481142,32
2026-06-23T13:21:39.828239,481143,33
2026-06-23T13:21:39.828265,481144,33
2026-06-23T13:21:39.828291,481145,33
2026-06-23T13:21:39.838424,481146,33
2026-06-23T13:21:39.838477,481147,33
2026-06-23T13:21:39.838506,481148,34
2026-06-23T13:21:39.838533,481149,33
2026-06-23T13:21:39.838559,481150,33
2026-06-23T13:21:39.838585,481151,34
2026-06-23T13:21:39.838611,481152,34
2026-06-23T13:21:39.838637,481153,34
2026-06-23T13:21:39.838663,481154,34
2026-06-23T13:21:39.838689,481155,34
2026-06-23T13:21:39.838714,481156,34
2026-06-23T13:21:39.848992,481157,33
2026-06-23T13:21:39.849133,481158,33
2026-06-23T13:21:39.849212,481159,33
2026-06-23T13:21:39.849288,481160,33
2026-06-23T13:21:39.849363,481161,34
2026-06-23T13:21:39.849438,481162,33
2026-06-23T13:21:39.849513,481163,33
2026-06-23T13:21:39.849585,481163,33
2026-06-23T13:21:39.849633,481164,33
2026-06-23T13:21:39.849662,481165,34
2026-06-23T13:21:39.849690,481166,34
2026-06-23T13:21:39.859307,481167,34
2026-06-23T13:21:39.859372,481168,34
2026-06-23T13:21:39.859402,481169,34
2026-06-23T13:21:39.859431,481170,34
2026-06-23T13:21:39.859459,481171,34
2026-06-23T13:21:39.859486,481172,30
2026-06-23T13:21:39.859514,481173,34
2026-06-23T13:21:39.859541,481174,33
2026-06-23T13:21:39.859568,481175,33
2026-06-23T13:21:39.859595,481176,33
2026-06-23T13:21:39.869766,481177,33
2026-06-23T13:21:39.869839,481178,33
2026-06-23T13:21:39.869868,481179,33
2026-06-23T13:21:39.869895,481180,33
2026-06-23T13:21:39.869923,481181,33
2026-06-23T13:21:39.869949,481182,34
2026-06-23T13:21:39.869975,481183,33
2026-06-23T13:21:39.870001,481184,33
2026-06-23T13:21:39.870026,481185,33
2026-06-23T13:21:39.870052,481185,32
2026-06-23T13:21:39.870078,481186,32
2026-06-23T13:21:39.880271,481187,33
2026-06-23T13:21:39.880421,481188,33
2026-06-23T13:21:39.880502,481189,33
2026-06-23T13:21:39.880579,481190,33
2026-06-23T13:21:39.880699,481191,33
2026-06-23T13:21:39.880781,481192,32
2026-06-23T13:21:39.880858,481193,33
2026-06-23T13:21:39.880934,481194,32
2026-06-23T13:21:39.881011,481195,33
2026-06-23T13:21:39.881086,481196,33
2026-06-23T13:21:39.881188,481197,33
2026-06-23T13:21:39.892631,481198,33
2026-06-23T13:21:39.892739,481199,33
2026-06-23T13:21:39.892773,481200,33
2026-06-23T13:21:39.892801,481201,34
2026-06-23T13:21:39.892827,481202,33
2026-06-23T13:21:39.892853,481203,33
2026-06-23T13:21:39.892879,481204,33
2026-06-23T13:21:39.892917,481205,33
2026-06-23T13:21:39.892962,481206,33
2026-06-23T13:21:39.892993,481206,33
2026-06-23T13:21:39.893021,481207,33
2026-06-23T13:21:39.901118,481208,33
2026-06-23T13:21:39.901290,481209,33
2026-06-23T13:21:39.901370,481210,33
2026-06-23T13:21:39.901446,481211,32
2026-06-23T13:21:39.901522,481212,32
2026-06-23T13:21:39.901596,481213,32
2026-06-23T13:21:39.901670,481214,32
2026-06-23T13:21:39.901745,481215,32
2026-06-23T13:21:39.901820,481216,32
2026-06-23T13:21:39.901895,481217,32
2026-06-23T13:21:39.901970,481218,33
2026-06-23T13:21:39.911630,481219,33
2026-06-23T13:21:39.911920,481220,33
2026-06-23T13:21:39.912011,481221,33
2026-06-23T13:21:39.912091,481222,33
2026-06-23T13:21:39.912167,481223,33
2026-06-23T13:21:39.912243,481224,33
2026-06-23T13:21:39.912318,481225,33
2026-06-23T13:21:39.912395,481226,33
2026-06-23T13:21:39.912470,481227,32
2026-06-23T13:21:39.912544,481227,33
2026-06-23T13:21:39.912619,481228,32
2026-06-23T13:21:39.921987,481229,32
2026-06-23T13:21:39.922059,481230,32
2026-06-23T13:21:39.922089,481231,33
2026-06-23T13:21:39.922117,481232,33
2026-06-23T13:21:39.922144,481233,33
2026-06-23T13:21:39.922171,481234,34
2026-06-23T13:21:39.922197,481235,33
2026-06-23T13:21:39.922224,481236,34
2026-06-23T13:21:39.922249,481237,33
2026-06-23T13:21:39.922275,481238,33
2026-06-23T13:21:39.922302,481239,33
2026-06-23T13:21:39.932464,481240,33
2026-06-23T13:21:39.932550,481241,33
2026-06-23T13:21:39.932580,481242,33
2026-06-23T13:21:39.932608,481243,33
2026-06-23T13:21:39.932635,481244,33
2026-06-23T13:21:39.932661,481245,33
2026-06-23T13:21:39.932688,481246,33
2026-06-23T13:21:39.932735,481247,33
2026-06-23T13:21:39.932775,481248,32
2026-06-23T13:21:39.932805,481249,33
2026-06-23T13:21:39.932833,481249,32
2026-06-23T13:21:39.942924,481250,33
2026-06-23T13:21:39.943084,481251,33
2026-06-23T13:21:39.943163,481252,33
2026-06-23T13:21:39.943240,481253,33
2026-06-23T13:21:39.943316,481254,32
2026-06-23T13:21:39.943391,481255,32
2026-06-23T13:21:39.943466,481256,32
2026-06-23T13:21:39.943541,481257,32
2026-06-23T13:21:39.943621,481258,32
2026-06-23T13:21:39.943722,481259,32
2026-06-23T13:21:39.943804,481260,32
2026-06-23T13:21:39.953309,481261,32
2026-06-23T13:21:39.953382,481262,32
2026-06-23T13:21:39.953412,481263,32
2026-06-23T13:21:39.953440,481264,32
2026-06-23T13:21:39.953467,481265,33
2026-06-23T13:21:39.953493,481266,33
2026-06-23T13:21:39.953519,481267,32
2026-06-23T13:21:39.953544,481268,32
2026-06-23T13:21:39.953570,481269,33
2026-06-23T13:21:39.953595,481270,32
2026-06-23T13:21:39.953621,481270,33
2026-06-23T13:21:39.963959,481271,33
2026-06-23T13:21:39.964141,481272,33
2026-06-23T13:21:39.964225,481273,33
2026-06-23T13:21:39.964304,481274,33
2026-06-23T13:21:39.964378,481275,32
2026-06-23T13:21:39.964451,481276,32
2026-06-23T13:21:39.964525,481277,32
2026-06-23T13:21:39.964649,481278,33
2026-06-23T13:21:39.964729,481279,33
2026-06-23T13:21:39.964806,481280,32
2026-06-23T13:21:39.964886,481281,32
2026-06-23T13:21:39.974282,481282,32
2026-06-23T13:21:39.974407,481283,32
2026-06-23T13:21:39.974519,481284,32
2026-06-23T13:21:39.974633,481285,32
2026-06-23T13:21:39.974825,481286,32
2026-06-23T13:21:39.974917,481287,32
2026-06-23T13:21:39.974993,481288,32
2026-06-23T13:21:39.975073,481289,33
2026-06-23T13:21:39.975151,481290,32
2026-06-23T13:21:39.975227,481291,32
2026-06-23T13:21:39.984664,481291,36
2026-06-23T13:21:39.984815,481292,32
2026-06-23T13:21:39.984900,481293,32
2026-06-23T13:21:39.984978,481294,32
2026-06-23T13:21:39.985057,481295,32
2026-06-23T13:21:39.985131,481296,32
2026-06-23T13:21:39.985205,481297,32
2026-06-23T13:21:39.985279,481298,32
2026-06-23T13:21:39.985352,481299,32
2026-06-23T13:21:39.985424,481300,32
2026-06-23T13:21:39.985497,481301,33
2026-06-23T13:21:39.995159,481302,33
2026-06-23T13:21:39.995312,481303,33
2026-06-23T13:21:39.995419,481304,33
2026-06-23T13:21:39.995517,481305,33
2026-06-23T13:21:39.995614,481306,32
2026-06-23T13:21:39.995708,481307,33
2026-06-23T13:21:39.995801,481308,33
2026-06-23T13:21:39.995894,481309,31
2026-06-23T13:21:39.995986,481310,32
2026-06-23T13:21:39.996078,481311,32
2026-06-23T13:21:39.996171,481312,32
2026-06-23T13:21:40.005566,481313,32
2026-06-23T13:21:40.005669,481313,32
2026-06-23T13:21:40.005747,481314,32
2026-06-23T13:21:40.005821,481315,32
2026-06-23T13:21:40.005895,481316,32
2026-06-23T13:21:40.005968,481317,32
2026-06-23T13:21:40.006040,481318,32
2026-06-23T13:21:40.006112,481319,33
2026-06-23T13:21:40.006184,481320,32
2026-06-23T13:21:40.006256,481321,32
2026-06-23T13:21:40.006327,481322,32
2026-06-23T13:21:40.015984,481323,32
2026-06-23T13:21:40.016118,481324,32
2026-06-23T13:21:40.016173,481325,32
2026-06-23T13:21:40.016214,481326,32
2026-06-23T13:21:40.016252,481327,31
2026-06-23T13:21:40.016299,481328,32
2026-06-23T13:21:40.016338,481329,32
2026-06-23T13:21:40.016378,481330,32
2026-06-23T13:21:40.016419,481331,32
2026-06-23T13:21:40.016459,481332,32
2026-06-23T13:21:40.016555,481333,32
2026-06-23T13:21:40.026466,481334,32
2026-06-23T13:21:40.026613,481334,32
2026-06-23T13:21:40.026713,481335,33
2026-06-23T13:21:40.026808,481336,33
2026-06-23T13:21:40.026902,481337,33
2026-06-23T13:21:40.026996,481338,33
2026-06-23T13:21:40.027088,481339,32
2026-06-23T13:21:40.027181,481340,32
2026-06-23T13:21:40.027275,481341,32
2026-06-23T13:21:40.027367,481342,33
2026-06-23T13:21:40.027458,481343,32
2026-06-23T13:21:40.036910,481344,32
2026-06-23T13:21:40.037012,481345,32
2026-06-23T13:21:40.037089,481346,33
2026-06-23T13:21:40.037164,481347,33
2026-06-23T13:21:40.037237,481348,33
2026-06-23T13:21:40.037309,481349,32
2026-06-23T13:21:40.037382,481350,33
2026-06-23T13:21:40.037454,481351,34
2026-06-23T13:21:40.037526,481352,33
2026-06-23T13:21:40.037599,481353,34
2026-06-23T13:21:40.037671,481354,34
2026-06-23T13:21:40.047308,481355,34
2026-06-23T13:21:40.047403,481355,33
2026-06-23T13:21:40.047480,481356,33
2026-06-23T13:21:40.047555,481357,34
2026-06-23T13:21:40.047631,481358,34
2026-06-23T13:21:40.047705,481359,34
2026-06-23T13:21:40.047780,481360,33
2026-06-23T13:21:40.047855,481361,34
2026-06-23T13:21:40.047930,481362,34
2026-06-23T13:21:40.048002,481363,33
2026-06-23T13:21:40.048075,481364,34
2026-06-23T13:21:40.057781,481365,34
2026-06-23T13:21:40.057859,481366,34
2026-06-23T13:21:40.057906,481367,34
2026-06-23T13:21:40.057952,481368,34
2026-06-23T13:21:40.057996,481369,35
2026-06-23T13:21:40.058040,481370,34
2026-06-23T13:21:40.058084,481371,34
2026-06-23T13:21:40.058131,481372,34
2026-06-23T13:21:40.058177,481373,34
2026-06-23T13:21:40.058223,481374,34
2026-06-23T13:21:40.058268,481375,34
2026-06-23T13:21:40.068299,481376,34
2026-06-23T13:21:40.068399,481377,33
2026-06-23T13:21:40.068473,481377,33
2026-06-23T13:21:40.068545,481378,33
2026-06-23T13:21:40.068619,481379,33
2026-06-23T13:21:40.068691,481380,33
2026-06-23T13:21:40.068767,481381,33
2026-06-23T13:21:40.068845,481382,33
2026-06-23T13:21:40.068917,481383,34
2026-06-23T13:21:40.068988,481384,33
2026-06-23T13:21:40.069059,481385,33
2026-06-23T13:21:40.078732,481386,33
2026-06-23T13:21:40.078870,481387,33
2026-06-23T13:21:40.078973,481388,33
2026-06-23T13:21:40.079069,481389,33
2026-06-23T13:21:40.079165,481390,34
2026-06-23T13:21:40.079260,481391,34
2026-06-23T13:21:40.079353,481392,33
2026-06-23T13:21:40.079446,481393,33
2026-06-23T13:21:40.079539,481394,33
2026-06-23T13:21:40.079647,481395,33
2026-06-23T13:21:40.079739,481396,34
2026-06-23T13:21:40.089129,481397,33
2026-06-23T13:21:40.089233,481398,34
2026-06-23T13:21:40.089310,481398,34
2026-06-23T13:21:40.089384,481399,34
2026-06-23T13:21:40.089458,481400,34
2026-06-23T13:21:40.089531,481401,34
2026-06-23T13:21:40.089603,481402,34
2026-06-23T13:21:40.089675,481403,34
2026-06-23T13:21:40.089747,481404,34
2026-06-23T13:21:40.089820,481405,34
2026-06-23T13:21:40.099535,481406,34
2026-06-23T13:21:40.099650,481407,34
2026-06-23T13:21:40.099729,481408,34
2026-06-23T13:21:40.099806,481409,34
2026-06-23T13:21:40.099880,481410,34
2026-06-23T13:21:40.099954,481411,34
2026-06-23T13:21:40.100027,481412,34
2026-06-23T13:21:40.100100,481413,34
2026-06-23T13:21:40.100172,481414,34
2026-06-23T13:21:40.100244,481415,34
2026-06-23T13:21:40.100342,481416,35
2026-06-23T13:21:40.110031,481417,35
2026-06-23T13:21:40.110134,481418,35
2026-06-23T13:21:40.110213,481419,35
2026-06-23T13:21:40.110291,481419,35
2026-06-23T13:21:40.110368,481420,35
2026-06-23T13:21:40.110444,481421,34
2026-06-23T13:21:40.110519,481422,35
2026-06-23T13:21:40.110593,481423,35
2026-06-23T13:21:40.110668,481424,35
2026-06-23T13:21:40.110742,481425,35
2026-06-23T13:21:40.110819,481426,34
2026-06-23T13:21:40.120425,481427,35
2026-06-23T13:21:40.120534,481428,34
2026-06-23T13:21:40.120614,481429,35
2026-06-23T13:21:40.120690,481430,36
2026-06-23T13:21:40.120766,481431,35
2026-06-23T13:21:40.120841,481432,35
2026-06-23T13:21:40.120917,481433,35
2026-06-23T13:21:40.120991,481434,35
2026-06-23T13:21:40.121069,481435,35
2026-06-23T13:21:40.121144,481436,35
2026-06-23T13:21:40.121218,481437,35
2026-06-23T13:21:40.130925,481438,35
2026-06-23T13:21:40.131042,481439,35
2026-06-23T13:21:40.131144,481440,35
2026-06-23T13:21:40.131243,481441,35
2026-06-23T13:21:40.131340,481441,35
2026-06-23T13:21:40.131437,481442,34
2026-06-23T13:21:40.131535,481443,34
2026-06-23T13:21:40.131633,481444,34
2026-06-23T13:21:40.131728,481445,34
2026-06-23T13:21:40.131845,481446,34
2026-06-23T13:21:40.131943,481447,34
2026-06-23T13:21:40.141325,481448,34
2026-06-23T13:21:40.141426,481449,34
2026-06-23T13:21:40.141503,481450,34
2026-06-23T13:21:40.141582,481451,35
2026-06-23T13:21:40.141657,481452,35
2026-06-23T13:21:40.141731,481453,35
2026-06-23T13:21:40.141804,481454,35
2026-06-23T13:21:40.141878,481455,34
2026-06-23T13:21:40.141951,481456,34
2026-06-23T13:21:40.142024,481457,34
2026-06-23T13:21:40.142098,481458,34
2026-06-23T13:21:40.151744,481459,34
2026-06-23T13:21:40.151843,481460,34
2026-06-23T13:21:40.151921,481461,34
2026-06-23T13:21:40.151997,481462,34
2026-06-23T13:21:40.152073,481462,34
2026-06-23T13:21:40.152146,481463,34
2026-06-23T13:21:40.152219,481464,34
2026-06-23T13:21:40.152291,481465,34
2026-06-23T13:21:40.152364,481466,35
2026-06-23T13:21:40.152436,481467,35
2026-06-23T13:21:40.152508,481468,35
2026-06-23T13:21:40.162197,481469,35
2026-06-23T13:21:40.162316,481470,34
2026-06-23T13:21:40.162408,481471,34
2026-06-23T13:21:40.162485,481472,34
2026-06-23T13:21:40.162559,481473,34
2026-06-23T13:21:40.162632,481474,34
2026-06-23T13:21:40.162706,481475,34
2026-06-23T13:21:40.162781,481476,34
2026-06-23T13:21:40.162855,481477,34
2026-06-23T13:21:40.162928,481478,33
2026-06-23T13:21:40.163004,481479,33
2026-06-23T13:21:40.172716,481480,33
2026-06-23T13:21:40.172821,481481,34
2026-06-23T13:21:40.172900,481482,34
2026-06-23T13:21:40.172975,481483,34
2026-06-23T13:21:40.173050,481484,34
2026-06-23T13:21:40.173127,481484,33
2026-06-23T13:21:40.173202,481485,33
2026-06-23T13:21:40.173280,481486,33
2026-06-23T13:21:40.173390,481487,33
2026-06-23T13:21:40.173501,481488,33
2026-06-23T13:21:40.173622,481489,33
2026-06-23T13:21:40.183066,481490,33
2026-06-23T13:21:40.183160,481491,33
2026-06-23T13:21:40.183237,481492,33
2026-06-23T13:21:40.183314,481493,33
2026-06-23T13:21:40.183388,481494,33
2026-06-23T13:21:40.183463,481495,32
2026-06-23T13:21:40.183537,481496,33
2026-06-23T13:21:40.183611,481497,34
2026-06-23T13:21:40.183686,481498,34
2026-06-23T13:21:40.183762,481499,33
2026-06-23T13:21:40.183839,481500,33
2026-06-23T13:21:40.193551,481501,33
2026-06-23T13:21:40.193648,481502,33
2026-06-23T13:21:40.193726,481503,33
2026-06-23T13:21:40.193803,481504,33
2026-06-23T13:21:40.193878,481505,33
2026-06-23T13:21:40.193953,481505,33
2026-06-23T13:21:40.194026,481506,33
2026-06-23T13:21:40.194100,481507,33
2026-06-23T13:21:40.194172,481508,33
2026-06-23T13:21:40.194244,481509,33
2026-06-23T13:21:40.194318,481510,33
2026-06-23T13:21:40.204074,481511,33
2026-06-23T13:21:40.204177,481512,33
2026-06-23T13:21:40.204255,481513,33
2026-06-23T13:21:40.204329,481514,33
2026-06-23T13:21:40.204403,481515,32
2026-06-23T13:21:40.204476,481516,33
2026-06-23T13:21:40.204549,481517,33
2026-06-23T13:21:40.204669,481518,33
2026-06-23T13:21:40.204742,481519,33
2026-06-23T13:21:40.204814,481520,33
2026-06-23T13:21:40.214411,481521,33
2026-06-23T13:21:40.214500,481522,33
2026-06-23T13:21:40.214580,481523,33
2026-06-23T13:21:40.214654,481524,33
2026-06-23T13:21:40.214727,481525,33
2026-06-23T13:21:40.214800,481526,33
2026-06-23T13:21:40.214873,481526,33
2026-06-23T13:21:40.214948,481527,33
2026-06-23T13:21:40.215079,481528,33
2026-06-23T13:21:40.215154,481529,33
2026-06-23T13:21:40.215227,481530,28
2026-06-23T13:21:40.224891,481531,33
2026-06-23T13:21:40.224993,481532,34
2026-06-23T13:21:40.225073,481533,34
2026-06-23T13:21:40.225148,481534,34
2026-06-23T13:21:40.225221,481535,34
2026-06-23T13:21:40.225295,481536,34
2026-06-23T13:21:40.225368,481537,34
2026-06-23T13:21:40.225444,481538,33
2026-06-23T13:21:40.225517,481539,33
2026-06-23T13:21:40.225589,481540,33
2026-06-23T13:21:40.225662,481541,33
2026-06-23T13:21:40.235311,481542,34
2026-06-23T13:21:40.235407,481543,34
2026-06-23T13:21:40.235483,481544,33
2026-06-23T13:21:40.235559,481545,34
2026-06-23T13:21:40.235635,481546,34
2026-06-23T13:21:40.235711,481547,34
2026-06-23T13:21:40.235785,481548,34
2026-06-23T13:21:40.235859,481548,34
2026-06-23T13:21:40.235930,481549,34
2026-06-23T13:21:40.236005,481550,34
2026-06-23T13:21:40.236080,481551,34
2026-06-23T13:21:40.245740,481552,34
2026-06-23T13:21:40.245833,481553,34
2026-06-23T13:21:40.245909,481554,34
2026-06-23T13:21:40.245984,481555,34
2026-06-23T13:21:40.246061,481556,34
2026-06-23T13:21:40.246161,481557,33
2026-06-23T13:21:40.246248,481558,34
2026-06-23T13:21:40.246327,481559,34
2026-06-23T13:21:40.246403,481560,34
2026-06-23T13:21:40.246477,481561,34
2026-06-23T13:21:40.246551,481562,34
2026-06-23T13:21:40.256240,481563,34
2026-06-23T13:21:40.256344,481564,34
2026-06-23T13:21:40.256420,481565,34
2026-06-23T13:21:40.256493,481566,34
2026-06-23T13:21:40.256567,481567,34
2026-06-23T13:21:40.256640,481568,34
2026-06-23T13:21:40.256713,481569,34
2026-06-23T13:21:40.256786,481569,34
2026-06-23T13:21:40.256858,481570,33
2026-06-23T13:21:40.256930,481571,33
2026-06-23T13:21:40.257002,481572,33
2026-06-23T13:21:40.266587,481573,33
2026-06-23T13:21:40.266676,481574,33
2026-06-23T13:21:40.266750,481575,33
2026-06-23T13:21:40.266823,481576,33
2026-06-23T13:21:40.266895,481577,33
2026-06-23T13:21:40.266967,481578,33
2026-06-23T13:21:40.267039,481579,33
2026-06-23T13:21:40.267110,481580,33
2026-06-23T13:21:40.267182,481581,33
2026-06-23T13:21:40.267254,481582,33
2026-06-23T13:21:40.267326,481583,33
2026-06-23T13:21:40.277102,481584,33
2026-06-23T13:21:40.277201,481585,33
2026-06-23T13:21:40.277278,481586,33
2026-06-23T13:21:40.277354,481587,33
2026-06-23T13:21:40.277427,481588,33
2026-06-23T13:21:40.277500,481589,33
2026-06-23T13:21:40.277573,481590,33
2026-06-23T13:21:40.277647,481590,33
2026-06-23T13:21:40.277719,481591,33
2026-06-23T13:21:40.277791,481592,31
2026-06-23T13:21:40.277863,481593,33
2026-06-23T13:21:40.287610,481594,33
2026-06-23T13:21:40.287713,481595,33
2026-06-23T13:21:40.287789,481596,33
2026-06-23T13:21:40.287863,481597,33
2026-06-23T13:21:40.287937,481598,34
2026-06-23T13:21:40.288010,481599,34
2026-06-23T13:21:40.288083,481600,34
2026-06-23T13:21:40.288156,481601,34
2026-06-23T13:21:40.288230,481602,34
2026-06-23T13:21:40.288302,481603,34
2026-06-23T13:21:40.288376,481604,34
2026-06-23T13:21:40.297942,481605,34
2026-06-23T13:21:40.298028,481606,33
2026-06-23T13:21:40.298108,481607,33
2026-06-23T13:21:40.298205,481608,33
2026-06-23T13:21:40.298297,481609,33
2026-06-23T13:21:40.298392,481610,33
2026-06-23T13:21:40.298484,481611,33
2026-06-23T13:21:40.298581,481612,33
2026-06-23T13:21:40.298762,481612,33
2026-06-23T13:21:40.298874,481613,33
2026-06-23T13:21:40.298972,481614,33
2026-06-23T13:21:40.308447,481615,33
2026-06-23T13:21:40.308550,481616,32
2026-06-23T13:21:40.308632,481617,33
2026-06-23T13:21:40.308711,481618,33
2026-06-23T13:21:40.308787,481619,33
2026-06-23T13:21:40.308865,481620,33
2026-06-23T13:21:40.308998,481621,33
2026-06-23T13:21:40.309076,481622,32
2026-06-23T13:21:40.309154,481623,32
2026-06-23T13:21:40.309229,481624,32
2026-06-23T13:21:40.309304,481625,32
2026-06-23T13:21:40.318927,481626,35
2026-06-23T13:21:40.319033,481627,32
2026-06-23T13:21:40.319111,481628,32
2026-06-23T13:21:40.319189,481629,32
2026-06-23T13:21:40.319264,481630,32
2026-06-23T13:21:40.319339,481631,32
2026-06-23T13:21:40.319413,481632,32
2026-06-23T13:21:40.319486,481633,32
2026-06-23T13:21:40.319560,481633,33
2026-06-23T13:21:40.319635,481634,32
2026-06-23T13:21:40.329217,481635,33
2026-06-23T13:21:40.329308,481636,33
2026-06-23T13:21:40.329383,481637,33
2026-06-23T13:21:40.329457,481638,33
2026-06-23T13:21:40.329532,481639,33
2026-06-23T13:21:40.329606,481640,33
2026-06-23T13:21:40.329678,481641,33
2026-06-23T13:21:40.329751,481642,32
2026-06-23T13:21:40.329824,481643,33
2026-06-23T13:21:40.329896,481644,33
2026-06-23T13:21:40.329968,481645,33
2026-06-23T13:21:40.339769,481646,34
2026-06-23T13:21:40.339877,481647,33
2026-06-23T13:21:40.339955,481648,33
2026-06-23T13:21:40.340031,481649,33
2026-06-23T13:21:40.340106,481650,33
2026-06-23T13:21:40.340181,481651,33
2026-06-23T13:21:40.340257,481652,34
2026-06-23T13:21:40.340332,481653,33
2026-06-23T13:21:40.340405,481654,33
2026-06-23T13:21:40.340479,481654,33
2026-06-23T13:21:40.340589,481655,33
2026-06-23T13:21:40.350159,481656,33
2026-06-23T13:21:40.350249,481657,32
2026-06-23T13:21:40.350323,481658,33
2026-06-23T13:21:40.350395,481659,33
2026-06-23T13:21:40.350470,481660,32
2026-06-23T13:21:40.350543,481661,30
2026-06-23T13:21:40.350616,481662,32
2026-06-23T13:21:40.350690,481663,33
2026-06-23T13:21:40.350763,481664,32
2026-06-23T13:21:40.350836,481665,33
2026-06-23T13:21:40.350909,481666,33
2026-06-23T13:21:40.360647,481667,33
2026-06-23T13:21:40.360745,481668,33
2026-06-23T13:21:40.360822,481669,34
2026-06-23T13:21:40.360897,481670,34
2026-06-23T13:21:40.360972,481671,33
2026-06-23T13:21:40.361045,481672,34
2026-06-23T13:21:40.361122,481673,33
2026-06-23T13:21:40.361196,481674,34
2026-06-23T13:21:40.361277,481675,33
2026-06-23T13:21:40.361351,481676,33
2026-06-23T13:21:40.361423,481676,33
2026-06-23T13:21:40.371068,481677,33
2026-06-23T13:21:40.371174,481678,33
2026-06-23T13:21:40.371258,481679,33
2026-06-23T13:21:40.371337,481680,33
2026-06-23T13:21:40.371417,481681,33
2026-06-23T13:21:40.371494,481682,33
2026-06-23T13:21:40.371572,481683,33
2026-06-23T13:21:40.371647,481684,33
2026-06-23T13:21:40.371724,481685,33
2026-06-23T13:21:40.371806,481686,34
2026-06-23T13:21:40.371883,481687,33
2026-06-23T13:21:40.381482,481688,33
2026-06-23T13:21:40.381593,481689,33
2026-06-23T13:21:40.381688,481690,33
2026-06-23T13:21:40.381782,481691,33
2026-06-23T13:21:40.381877,481692,33
2026-06-23T13:21:40.381972,481693,33
2026-06-23T13:21:40.382066,481694,33
2026-06-23T13:21:40.382161,481695,33
2026-06-23T13:21:40.382255,481696,33
2026-06-23T13:21:40.382351,481697,33
2026-06-23T13:21:40.382444,481697,33
2026-06-23T13:21:40.391956,481698,33
2026-06-23T13:21:40.392058,481699,33
2026-06-23T13:21:40.392137,481700,33
2026-06-23T13:21:40.392214,481701,34
2026-06-23T13:21:40.392293,481702,33
2026-06-23T13:21:40.392371,481703,33
2026-06-23T13:21:40.392449,481704,33
2026-06-23T13:21:40.392527,481705,33
2026-06-23T13:21:40.392604,481706,32
2026-06-23T13:21:40.392680,481707,33
2026-06-23T13:21:40.392759,481708,33
2026-06-23T13:21:40.402410,481709,33
2026-06-23T13:21:40.402509,481710,32
2026-06-23T13:21:40.402587,481711,32
2026-06-23T13:21:40.402662,481712,32
2026-06-23T13:21:40.402736,481713,32
2026-06-23T13:21:40.402811,481714,32
2026-06-23T13:21:40.402886,481715,33
2026-06-23T13:21:40.402961,481716,33
2026-06-23T13:21:40.403035,481717,33
2026-06-23T13:21:40.403109,481718,33
2026-06-23T13:21:40.403185,481719,32
2026-06-23T13:21:40.412797,481719,33
2026-06-23T13:21:40.412884,481720,32
2026-06-23T13:21:40.412964,481721,33
2026-06-23T13:21:40.413039,481722,32
2026-06-23T13:21:40.413115,481723,32
2026-06-23T13:21:40.413212,481724,32
2026-06-23T13:21:40.413289,481725,32
2026-06-23T13:21:40.413364,481726,32
2026-06-23T13:21:40.413440,481727,33
2026-06-23T13:21:40.413514,481728,32
2026-06-23T13:21:40.413587,481729,32
2026-06-23T13:21:40.423334,481730,32
2026-06-23T13:21:40.423442,481731,32
2026-06-23T13:21:40.423520,481732,32
2026-06-23T13:21:40.423596,481733,32
2026-06-23T13:21:40.423670,481734,32
2026-06-23T13:21:40.423743,481735,32
2026-06-23T13:21:40.423849,481736,32
2026-06-23T13:21:40.423927,481737,32
2026-06-23T13:21:40.424034,481738,32
2026-06-23T13:21:40.424122,481739,32
2026-06-23T13:21:40.424198,481740,33
2026-06-23T13:21:40.433681,481740,34
2026-06-23T13:21:40.433777,481741,33
2026-06-23T13:21:40.433853,481742,34
2026-06-23T13:21:40.433929,481743,34
2026-06-23T13:21:40.434003,481744,34
2026-06-23T13:21:40.434080,481745,34
2026-06-23T13:21:40.434154,481746,34
2026-06-23T13:21:40.434230,481747,34
2026-06-23T13:21:40.434306,481748,35
2026-06-23T13:21:40.434378,481749,34
2026-06-23T13:21:40.444169,481750,35
2026-06-23T13:21:40.444304,481751,35
2026-06-23T13:21:40.444385,481752,35
2026-06-23T13:21:40.444462,481753,34
2026-06-23T13:21:40.444538,481754,34
2026-06-23T13:21:40.444613,481755,34
2026-06-23T13:21:40.444687,481756,34
2026-06-23T13:21:40.444761,481757,34
2026-06-23T13:21:40.444837,481758,34
2026-06-23T13:21:40.444912,481759,34
2026-06-23T13:21:40.444988,481760,34
2026-06-23T13:21:40.454565,481761,34
2026-06-23T13:21:40.454681,481761,34
2026-06-23T13:21:40.454761,481762,34
2026-06-23T13:21:40.454839,481763,34
2026-06-23T13:21:40.454914,481764,34
2026-06-23T13:21:40.454990,481765,34
2026-06-23T13:21:40.455070,481766,34
2026-06-23T13:21:40.455145,481767,34
2026-06-23T13:21:40.455221,481768,34
2026-06-23T13:21:40.455296,481769,34
2026-06-23T13:21:40.455363,481770,34
2026-06-23T13:21:40.464961,481771,34
2026-06-23T13:21:40.465053,481772,34
2026-06-23T13:21:40.465127,481773,34
2026-06-23T13:21:40.465200,481774,34
2026-06-23T13:21:40.465276,481775,34
2026-06-23T13:21:40.465352,481776,33
2026-06-23T13:21:40.465426,481777,33
2026-06-23T13:21:40.465504,481778,33
2026-06-23T13:21:40.465581,481779,33
2026-06-23T13:21:40.465655,481780,34
2026-06-23T13:21:40.465731,481781,33
2026-06-23T13:21:40.475468,481782,33
2026-06-23T13:21:40.475563,481783,33
2026-06-23T13:21:40.475629,481783,33
2026-06-23T13:21:40.475692,481784,33
2026-06-23T13:21:40.475753,481785,34
2026-06-23T13:21:40.475814,481786,34
2026-06-23T13:21:40.475874,481787,34
2026-06-23T13:21:40.475935,481788,34
2026-06-23T13:21:40.475996,481789,34
2026-06-23T13:21:40.476056,481790,34
2026-06-23T13:21:40.476115,481791,34
2026-06-23T13:21:40.485936,481792,34
2026-06-23T13:21:40.486018,481793,34
2026-06-23T13:21:40.486079,481794,34
2026-06-23T13:21:40.486142,481795,34
2026-06-23T13:21:40.486203,481796,34
2026-06-23T13:21:40.486263,481797,35
2026-06-23T13:21:40.486324,481798,34
2026-06-23T13:21:40.486383,481799,34
2026-06-23T13:21:40.486443,481800,33
2026-06-23T13:21:40.486503,481801,34
2026-06-23T13:21:40.486563,481802,34
2026-06-23T13:21:40.496296,481803,34
2026-06-23T13:21:40.496382,481804,34
2026-06-23T13:21:40.496445,481804,34
2026-06-23T13:21:40.496507,481805,34
2026-06-23T13:21:40.496570,481806,34
2026-06-23T13:21:40.496630,481807,34
2026-06-23T13:21:40.496690,481808,34
2026-06-23T13:21:40.496749,481809,33
2026-06-23T13:21:40.496809,481810,34
2026-06-23T13:21:40.496867,481811,34
2026-06-23T13:21:40.496926,481812,33
2026-06-23T13:21:40.506890,481813,34
2026-06-23T13:21:40.506991,481814,33
2026-06-23T13:21:40.507055,481815,34
2026-06-23T13:21:40.507116,481816,34
2026-06-23T13:21:40.507176,481817,34
2026-06-23T13:21:40.507238,481818,34
2026-06-23T13:21:40.507299,481819,35
2026-06-23T13:21:40.507359,481820,35
2026-06-23T13:21:40.507418,481821,34
2026-06-23T13:21:40.507478,481822,35
2026-06-23T13:21:40.507560,481823,35
2026-06-23T13:21:40.517250,481824,35
2026-06-23T13:21:40.517325,481825,35
2026-06-23T13:21:40.517386,481825,35
2026-06-23T13:21:40.517447,481826,35
2026-06-23T13:21:40.517533,481827,36
2026-06-23T13:21:40.517592,481828,35
2026-06-23T13:21:40.517651,481829,35
2026-06-23T13:21:40.517738,481830,35
2026-06-23T13:21:40.517808,481831,34
2026-06-23T13:21:40.517869,481832,35
2026-06-23T13:21:40.517930,481833,37
2026-06-23T13:21:40.527713,481834,35
2026-06-23T13:21:40.527812,481835,35
2026-06-23T13:21:40.527876,481836,35
2026-06-23T13:21:40.527937,481837,35
2026-06-23T13:21:40.527999,481838,34
2026-06-23T13:21:40.528059,481839,34
2026-06-23T13:21:40.528119,481840,34
2026-06-23T13:21:40.528179,481841,34
2026-06-23T13:21:40.528239,481842,34
2026-06-23T13:21:40.528298,481843,35
2026-06-23T13:21:40.528356,481844,34
2026-06-23T13:21:40.538146,481845,34
2026-06-23T13:21:40.538239,481846,34
2026-06-23T13:21:40.538303,481847,34
2026-06-23T13:21:40.538364,481847,34
2026-06-23T13:21:40.538426,481848,36
2026-06-23T13:21:40.538487,481849,34
2026-06-23T13:21:40.538546,481850,34
2026-06-23T13:21:40.538606,481851,34
2026-06-23T13:21:40.538665,481852,34
2026-06-23T13:21:40.538724,481853,34
2026-06-23T13:21:40.538782,481854,35
2026-06-23T13:21:40.548506,481855,34
2026-06-23T13:21:40.548582,481856,34
2026-06-23T13:21:40.548644,481857,34
2026-06-23T13:21:40.548705,481858,34
2026-06-23T13:21:40.548765,481859,34
2026-06-23T13:21:40.548825,481860,34
2026-06-23T13:21:40.548885,481861,34
2026-06-23T13:21:40.548944,481862,34
2026-06-23T13:21:40.549003,481863,34
2026-06-23T13:21:40.549062,481864,34
2026-06-23T13:21:40.558964,481865,34
2026-06-23T13:21:40.559052,481866,33
2026-06-23T13:21:40.559107,481867,35
2026-06-23T13:21:40.559160,481868,34
2026-06-23T13:21:40.559212,481868,34
2026-06-23T13:21:40.559264,481869,34
2026-06-23T13:21:40.559314,481870,34
2026-06-23T13:21:40.559365,481871,34
2026-06-23T13:21:40.559416,481872,34
2026-06-23T13:21:40.559467,481873,34
2026-06-23T13:21:40.559517,481874,33
2026-06-23T13:21:40.569412,481875,33
2026-06-23T13:21:40.569491,481876,33
2026-06-23T13:21:40.569543,481877,33
2026-06-23T13:21:40.569595,481878,33
2026-06-23T13:21:40.569646,481879,33
2026-06-23T13:21:40.569696,481880,33
2026-06-23T13:21:40.569747,481881,33
2026-06-23T13:21:40.569797,481882,33
2026-06-23T13:21:40.569847,481883,33
2026-06-23T13:21:40.569898,481884,34
2026-06-23T13:21:40.569948,481885,34
2026-06-23T13:21:40.579941,481886,34
2026-06-23T13:21:40.580024,481887,34
2026-06-23T13:21:40.580088,481888,34
2026-06-23T13:21:40.580150,481889,33
2026-06-23T13:21:40.580211,481889,33
2026-06-23T13:21:40.580271,481890,33
2026-06-23T13:21:40.580332,481891,33
2026-06-23T13:21:40.580393,481892,33
2026-06-23T13:21:40.580452,481893,33
2026-06-23T13:21:40.580511,481894,33
2026-06-23T13:21:40.580573,481895,34
2026-06-23T13:21:40.590329,481896,34
2026-06-23T13:21:40.590427,481897,34
2026-06-23T13:21:40.590483,481898,34
2026-06-23T13:21:40.590536,481899,34
2026-06-23T13:21:40.590590,481900,34
2026-06-23T13:21:40.590642,481901,34
2026-06-23T13:21:40.590693,481902,34
2026-06-23T13:21:40.590745,481903,34
2026-06-23T13:21:40.590796,481904,34
2026-06-23T13:21:40.590848,481905,33
2026-06-23T13:21:40.590899,481906,33
2026-06-23T13:21:40.600749,481907,33
2026-06-23T13:21:40.600826,481908,33
2026-06-23T13:21:40.600879,481909,33
2026-06-23T13:21:40.600931,481910,33
2026-06-23T13:21:40.600982,481911,33
2026-06-23T13:21:40.601033,481911,33
2026-06-23T13:21:40.601083,481912,33
2026-06-23T13:21:40.601134,481913,33
2026-06-23T13:21:40.601184,481914,33
2026-06-23T13:21:40.601235,481915,33
2026-06-23T13:21:40.601285,481916,33
2026-06-23T13:21:40.611185,481917,33
2026-06-23T13:21:40.611253,481918,33
2026-06-23T13:21:40.611305,481919,33
2026-06-23T13:21:40.611357,481920,33
2026-06-23T13:21:40.611408,481921,33
2026-06-23T13:21:40.611459,481922,33
2026-06-23T13:21:40.611510,481923,33
2026-06-23T13:21:40.611561,481924,33
2026-06-23T13:21:40.611614,481925,33
2026-06-23T13:21:40.611665,481926,33
2026-06-23T13:21:40.611716,481927,33
2026-06-23T13:21:40.621686,481928,32
2026-06-23T13:21:40.621761,481929,33
2026-06-23T13:21:40.621835,481930,33
2026-06-23T13:21:40.621886,481931,33
2026-06-23T13:21:40.621937,481932,33
2026-06-23T13:21:40.621988,481932,33
2026-06-23T13:21:40.622038,481933,33
2026-06-23T13:21:40.622089,481934,33
2026-06-23T13:21:40.622139,481935,33
2026-06-23T13:21:40.622189,481936,32
2026-06-23T13:21:40.622240,481937,33
2026-06-23T13:21:40.632028,481938,33
2026-06-23T13:21:40.632094,481939,33
2026-06-23T13:21:40.632146,481940,33
2026-06-23T13:21:40.632197,481941,33
2026-06-23T13:21:40.632247,481942,33
2026-06-23T13:21:40.632298,481943,33
2026-06-23T13:21:40.632348,481944,33
2026-06-23T13:21:40.632398,481945,34
2026-06-23T13:21:40.632448,481946,33
2026-06-23T13:21:40.632499,481947,34
2026-06-23T13:21:40.632549,481948,34
2026-06-23T13:21:40.642523,481949,34
2026-06-23T13:21:40.642594,481950,34
2026-06-23T13:21:40.642645,481951,33
2026-06-23T13:21:40.642696,481952,34
2026-06-23T13:21:40.642747,481953,34
2026-06-23T13:21:40.642797,481954,35
2026-06-23T13:21:40.642847,481954,35
2026-06-23T13:21:40.642898,481955,35
2026-06-23T13:21:40.642948,481956,35
2026-06-23T13:21:40.642998,481957,35
2026-06-23T13:21:40.643048,481958,34
2026-06-23T13:21:40.653019,481959,35
2026-06-23T13:21:40.653099,481960,35
2026-06-23T13:21:40.653150,481961,35
2026-06-23T13:21:40.653202,481962,35
2026-06-23T13:21:40.653253,481963,35
2026-06-23T13:21:40.653303,481964,35
2026-06-23T13:21:40.653353,481965,35
2026-06-23T13:21:40.653403,481966,34
2026-06-23T13:21:40.653454,481967,35
2026-06-23T13:21:40.653504,481968,35
2026-06-23T13:21:40.653554,481969,35
2026-06-23T13:21:40.663412,481970,36
2026-06-23T13:21:40.663472,481971,35
2026-06-23T13:21:40.663524,481972,34
2026-06-23T13:21:40.663574,481973,34
2026-06-23T13:21:40.663624,481974,34
2026-06-23T13:21:40.663674,481975,34
2026-06-23T13:21:40.663725,481975,35
2026-06-23T13:21:40.663775,481976,34
2026-06-23T13:21:40.663825,481977,34
2026-06-23T13:21:40.663875,481978,34
2026-06-23T13:21:40.673859,481979,34
2026-06-23T13:21:40.673948,481980,34
2026-06-23T13:21:40.674001,481981,34
2026-06-23T13:21:40.674051,481982,34
2026-06-23T13:21:40.674102,481983,34
2026-06-23T13:21:40.674156,481984,34
2026-06-23T13:21:40.674207,481985,34
2026-06-23T13:21:40.674258,481986,34
2026-06-23T13:21:40.674308,481987,34
2026-06-23T13:21:40.674358,481988,34
2026-06-23T13:21:40.674408,481989,34
2026-06-23T13:21:40.684274,481990,34
2026-06-23T13:21:40.684346,481991,34
2026-06-23T13:21:40.684398,481992,33
2026-06-23T13:21:40.684449,481993,33
2026-06-23T13:21:40.684500,481994,33
2026-06-23T13:21:40.684550,481995,33
2026-06-23T13:21:40.684601,481996,33
2026-06-23T13:21:40.684652,481996,33
2026-06-23T13:21:40.684704,481997,33
2026-06-23T13:21:40.684755,481998,33
2026-06-23T13:21:40.684806,481999,34
2026-06-23T13:21:40.694745,482000,34
2026-06-23T13:21:40.694814,482001,34
2026-06-23T13:21:40.694866,482002,34
2026-06-23T13:21:40.694917,482003,34
2026-06-23T13:21:40.694969,482004,33
2026-06-23T13:21:40.695020,482005,33
2026-06-23T13:21:40.695070,482006,33
2026-06-23T13:21:40.695122,482007,33
2026-06-23T13:21:40.695173,482008,33
2026-06-23T13:21:40.695223,482009,33
2026-06-23T13:21:40.695272,482010,33
2026-06-23T13:21:40.705194,482011,33
2026-06-23T13:21:40.705302,482012,33
2026-06-23T13:21:40.705356,482013,33
2026-06-23T13:21:40.705409,482014,33
2026-06-23T13:21:40.705460,482015,32
2026-06-23T13:21:40.705511,482016,34
2026-06-23T13:21:40.705562,482017,34
2026-06-23T13:21:40.705612,482018,33
2026-06-23T13:21:40.705663,482018,33
2026-06-23T13:21:40.705714,482019,33
2026-06-23T13:21:40.705765,482020,33
2026-06-23T13:21:40.715548,482021,33
2026-06-23T13:21:40.715616,482022,33
2026-06-23T13:21:40.715668,482023,33
2026-06-23T13:21:40.715719,482024,33
2026-06-23T13:21:40.715771,482025,33
2026-06-23T13:21:40.715822,482026,33
2026-06-23T13:21:40.715872,482027,33
2026-06-23T13:21:40.715922,482028,33
2026-06-23T13:21:40.715972,482029,33
2026-06-23T13:21:40.716024,482030,33
2026-06-23T13:21:40.716075,482031,32
2026-06-23T13:21:40.726050,482032,33
2026-06-23T13:21:40.726151,482033,33
2026-06-23T13:21:40.726204,482034,33
2026-06-23T13:21:40.726255,482035,33
2026-06-23T13:21:40.726306,482036,33
2026-06-23T13:21:40.726357,482037,33
2026-06-23T13:21:40.726408,482038,32
2026-06-23T13:21:40.726458,482039,32
2026-06-23T13:21:40.726509,482039,33
2026-06-23T13:21:40.726559,482040,33
2026-06-23T13:21:40.726611,482041,33
2026-06-23T13:21:40.736534,482042,32
2026-06-23T13:21:40.736609,482043,32
2026-06-23T13:21:40.736660,482044,32
2026-06-23T13:21:40.736710,482045,32
2026-06-23T13:21:40.736761,482046,33
2026-06-23T13:21:40.736811,482047,32
2026-06-23T13:21:40.736861,482048,33
2026-06-23T13:21:40.736912,482049,33
2026-06-23T13:21:40.736962,482050,33
2026-06-23T13:21:40.737012,482051,32
2026-06-23T13:21:40.737062,482052,32
2026-06-23T13:21:40.746902,482053,32
2026-06-23T13:21:40.746963,482054,33
2026-06-23T13:21:40.747014,482055,32
2026-06-23T13:21:40.747065,482056,32
2026-06-23T13:21:40.747115,482057,32
2026-06-23T13:21:40.747166,482058,32
2026-06-23T13:21:40.747217,482059,32
2026-06-23T13:21:40.747268,482060,32
2026-06-23T13:21:40.747319,482060,32
2026-06-23T13:21:40.747369,482061,33
2026-06-23T13:21:40.747419,482062,33
2026-06-23T13:21:40.757422,482063,33
2026-06-23T13:21:40.757536,482064,33
2026-06-23T13:21:40.757593,482065,33
2026-06-23T13:21:40.757646,482066,34
2026-06-23T13:21:40.757699,482067,34
2026-06-23T13:21:40.757751,482068,34
2026-06-23T13:21:40.757802,482069,34
2026-06-23T13:21:40.757855,482070,33
2026-06-23T13:21:40.757906,482071,33
2026-06-23T13:21:40.757957,482072,33
2026-06-23T13:21:40.758008,482073,33
2026-06-23T13:21:40.767821,482074,33
2026-06-23T13:21:40.767901,482075,33
2026-06-23T13:21:40.767954,482076,33
2026-06-23T13:21:40.768006,482077,33
2026-06-23T13:21:40.768056,482078,33
2026-06-23T13:21:40.768107,482079,33
2026-06-23T13:21:40.768157,482080,34
2026-06-23T13:21:40.768207,482081,33
2026-06-23T13:21:40.768258,482082,33
2026-06-23T13:21:40.768308,482082,33
2026-06-23T13:21:40.768358,482083,34
2026-06-23T13:21:40.778329,482084,34
2026-06-23T13:21:40.778402,482085,34
2026-06-23T13:21:40.778454,482086,34
2026-06-23T13:21:40.778509,482087,33
2026-06-23T13:21:40.778560,482088,34
2026-06-23T13:21:40.778610,482089,34
2026-06-23T13:21:40.778660,482090,34
2026-06-23T13:21:40.778710,482091,34
2026-06-23T13:21:40.778760,482092,34
2026-06-23T13:21:40.778810,482093,34
2026-06-23T13:21:40.788747,482094,33
2026-06-23T13:21:40.788832,482095,34
2026-06-23T13:21:40.788876,482096,34
2026-06-23T13:21:40.788928,482097,34
2026-06-23T13:21:40.788978,482098,34
2026-06-23T13:21:40.789029,482099,34
2026-06-23T13:21:40.789079,482100,34
2026-06-23T13:21:40.789129,482101,34
2026-06-23T13:21:40.789179,482102,34
2026-06-23T13:21:40.789229,482103,34
2026-06-23T13:21:40.789279,482103,34
2026-06-23T13:21:40.799077,482104,34
2026-06-23T13:21:40.799144,482105,34
2026-06-23T13:21:40.799195,482106,34
2026-06-23T13:21:40.799246,482107,34
2026-06-23T13:21:40.799297,482108,34
2026-06-23T13:21:40.799347,482109,34
2026-06-23T13:21:40.799399,482110,34
2026-06-23T13:21:40.799449,482111,34
2026-06-23T13:21:40.799500,482112,34
2026-06-23T13:21:40.799550,482113,34
2026-06-23T13:21:40.799600,482114,34
2026-06-23T13:21:40.809613,482115,34
2026-06-23T13:21:40.809683,482116,34
2026-06-23T13:21:40.809734,482117,34
2026-06-23T13:21:40.809786,482118,34
2026-06-23T13:21:40.809836,482119,34
2026-06-23T13:21:40.809886,482120,34
2026-06-23T13:21:40.809936,482121,34
2026-06-23T13:21:40.809987,482122,34
2026-06-23T13:21:40.810036,482123,34
2026-06-23T13:21:40.810086,482124,34
2026-06-23T13:21:40.810137,482124,34
2026-06-23T13:21:40.820054,482125,34
2026-06-23T13:21:40.820121,482126,34
2026-06-23T13:21:40.820166,482127,34
2026-06-23T13:21:40.820209,482128,33
2026-06-23T13:21:40.820253,482129,34
2026-06-23T13:21:40.820297,482130,33
2026-06-23T13:21:40.820342,482131,34
2026-06-23T13:21:40.820386,482132,34
2026-06-23T13:21:40.820430,482133,34
2026-06-23T13:21:40.820473,482134,34
2026-06-23T13:21:40.820517,482135,34
2026-06-23T13:21:40.830410,482136,33
2026-06-23T13:21:40.830470,482137,34
2026-06-23T13:21:40.830521,482138,32
2026-06-23T13:21:40.830573,482139,33
2026-06-23T13:21:40.830624,482140,33
2026-06-23T13:21:40.830675,482141,33
2026-06-23T13:21:40.830725,482142,33
2026-06-23T13:21:40.830776,482143,33
2026-06-23T13:21:40.830826,482144,33
2026-06-23T13:21:40.830876,482145,33
2026-06-23T13:21:40.830926,482146,33
2026-06-23T13:21:40.840950,482146,34
2026-06-23T13:21:40.841023,482147,34
2026-06-23T13:21:40.841068,482148,34
2026-06-23T13:21:40.841113,482149,34
2026-06-23T13:21:40.841157,482150,33
2026-06-23T13:21:40.841201,482151,33
2026-06-23T13:21:40.841245,482152,33
2026-06-23T13:21:40.841289,482153,33
2026-06-23T13:21:40.841334,482154,33
2026-06-23T13:21:40.841378,482155,33
2026-06-23T13:21:40.841422,482156,33
2026-06-23T13:21:40.851371,482157,33
2026-06-23T13:21:40.851436,482158,33
2026-06-23T13:21:40.851480,482159,33
2026-06-23T13:21:40.851525,482160,33
2026-06-23T13:21:40.851568,482161,33
2026-06-23T13:21:40.851613,482162,33
2026-06-23T13:21:40.851660,482163,33
2026-06-23T13:21:40.851705,482164,33
2026-06-23T13:21:40.851748,482165,34
2026-06-23T13:21:40.851792,482166,33
2026-06-23T13:21:40.851836,482167,34
2026-06-23T13:21:40.861766,482167,34
2026-06-23T13:21:40.861854,482168,34
2026-06-23T13:21:40.861913,482169,34
2026-06-23T13:21:40.861968,482170,34
2026-06-23T13:21:40.862022,482171,34
2026-06-23T13:21:40.862075,482172,34
2026-06-23T13:21:40.862127,482173,33
2026-06-23T13:21:40.862178,482174,33
2026-06-23T13:21:40.862229,482175,33
2026-06-23T13:21:40.862279,482176,33
2026-06-23T13:21:40.862330,482177,33
2026-06-23T13:21:40.872254,482178,33
2026-06-23T13:21:40.872321,482179,33
2026-06-23T13:21:40.872366,482180,33
2026-06-23T13:21:40.872409,482181,34
2026-06-23T13:21:40.872454,482182,33
2026-06-23T13:21:40.872497,482183,34
2026-06-23T13:21:40.872541,482184,34
2026-06-23T13:21:40.872584,482185,33
2026-06-23T13:21:40.872628,482186,33
2026-06-23T13:21:40.872671,482187,33
2026-06-23T13:21:40.872715,482188,33
2026-06-23T13:21:40.882677,482189,33
2026-06-23T13:21:40.882748,482189,34
2026-06-23T13:21:40.882799,482190,34
2026-06-23T13:21:40.882850,482191,33
2026-06-23T13:21:40.882901,482192,34
2026-06-23T13:21:40.882951,482193,33
2026-06-23T13:21:40.883002,482194,33
2026-06-23T13:21:40.883053,482195,33
2026-06-23T13:21:40.883103,482196,34
2026-06-23T13:21:40.883153,482197,33
2026-06-23T13:21:40.883203,482198,33
2026-06-23T13:21:40.893164,482199,34
2026-06-23T13:21:40.893228,482200,34
2026-06-23T13:21:40.893280,482201,34
2026-06-23T13:21:40.893331,482202,34
2026-06-23T13:21:40.893382,482203,34
2026-06-23T13:21:40.893433,482204,33
2026-06-23T13:21:40.893485,482205,33
2026-06-23T13:21:40.893536,482206,33
2026-06-23T13:21:40.893587,482207,33
2026-06-23T13:21:40.893640,482208,33
2026-06-23T13:21:40.903614,482209,33
2026-06-23T13:21:40.903689,482210,33
2026-06-23T13:21:40.903740,482210,33
2026-06-23T13:21:40.903790,482211,33
2026-06-23T13:21:40.903840,482212,33
2026-06-23T13:21:40.903893,482213,33
2026-06-23T13:21:40.903943,482214,33
2026-06-23T13:21:40.903993,482215,34
2026-06-23T13:21:40.904054,482216,34
2026-06-23T13:21:40.904104,482217,34
2026-06-23T13:21:40.904154,482218,34
2026-06-23T13:21:40.914002,482219,34
2026-06-23T13:21:40.914062,482220,34
2026-06-23T13:21:40.914113,482221,34
2026-06-23T13:21:40.914163,482222,33
2026-06-23T13:21:40.914213,482223,33
2026-06-23T13:21:40.914264,482224,33
2026-06-23T13:21:40.914314,482225,34
2026-06-23T13:21:40.914364,482226,34
2026-06-23T13:21:40.914414,482227,34
2026-06-23T13:21:40.914464,482228,34
2026-06-23T13:21:40.914514,482229,34
2026-06-23T13:21:40.924490,482230,34
2026-06-23T13:21:40.924558,482231,35
2026-06-23T13:21:40.924609,482231,35
2026-06-23T13:21:40.924661,482232,34
2026-06-23T13:21:40.924711,482233,33
2026-06-23T13:21:40.924762,482234,34
2026-06-23T13:21:40.924812,482235,34
2026-06-23T13:21:40.924863,482236,34
2026-06-23T13:21:40.924914,482237,33
2026-06-23T13:21:40.924964,482238,34
2026-06-23T13:21:40.925014,482239,34
2026-06-23T13:21:40.934973,482240,33
2026-06-23T13:21:40.935055,482241,33
2026-06-23T13:21:40.935117,482242,34
2026-06-23T13:21:40.935177,482243,33
2026-06-23T13:21:40.935237,482244,34
2026-06-23T13:21:40.935295,482245,34
2026-06-23T13:21:40.935354,482246,34
2026-06-23T13:21:40.935412,482247,33
2026-06-23T13:21:40.935471,482248,34
2026-06-23T13:21:40.935530,482249,34
2026-06-23T13:21:40.935588,482250,34
2026-06-23T13:21:40.945272,482251,35
2026-06-23T13:21:40.945362,482252,35
2026-06-23T13:21:40.945429,482253,35
2026-06-23T13:21:40.945483,482253,34
2026-06-23T13:21:40.945536,482254,34
2026-06-23T13:21:40.945587,482255,35
2026-06-23T13:21:40.945639,482256,34
2026-06-23T13:21:40.945689,482257,34
2026-06-23T13:21:40.945740,482258,34
2026-06-23T13:21:40.945791,482259,34
2026-06-23T13:21:40.945841,482260,34
2026-06-23T13:21:40.955767,482261,34
2026-06-23T13:21:40.955841,482262,35
2026-06-23T13:21:40.955893,482263,35
2026-06-23T13:21:40.955944,482264,35
2026-06-23T13:21:40.955995,482265,35
2026-06-23T13:21:40.956045,482266,35
2026-06-23T13:21:40.956096,482267,35
2026-06-23T13:21:40.956147,482268,35
2026-06-23T13:21:40.956197,482269,35
2026-06-23T13:21:40.956248,482270,34
2026-06-23T13:21:40.956298,482271,34
2026-06-23T13:21:40.966175,482272,34
2026-06-23T13:21:40.966243,482273,34
2026-06-23T13:21:40.966295,482274,34
2026-06-23T13:21:40.966347,482274,34
2026-06-23T13:21:40.966397,482275,34
2026-06-23T13:21:40.966447,482276,34
2026-06-23T13:21:40.966497,482277,34
2026-06-23T13:21:40.966548,482278,34
2026-06-23T13:21:40.966598,482279,34
2026-06-23T13:21:40.966648,482280,34
2026-06-23T13:21:40.966698,482281,35
2026-06-23T13:21:40.976719,482282,34
2026-06-23T13:21:40.976792,482283,35
2026-06-23T13:21:40.976852,482284,35
2026-06-23T13:21:40.976911,482285,35
2026-06-23T13:21:40.976969,482286,35
2026-06-23T13:21:40.977028,482287,35
2026-06-23T13:21:40.977087,482288,35
2026-06-23T13:21:40.977146,482289,35
2026-06-23T13:21:40.977204,482290,35
2026-06-23T13:21:40.977263,482291,35
2026-06-23T13:21:40.977321,482292,35
2026-06-23T13:21:40.987187,482293,35
2026-06-23T13:21:40.987265,482294,35
2026-06-23T13:21:40.987325,482295,36
2026-06-23T13:21:40.987384,482295,36
2026-06-23T13:21:40.987443,482296,35
2026-06-23T13:21:40.987502,482297,35
2026-06-23T13:21:40.987561,482298,35
2026-06-23T13:21:40.987620,482299,35
2026-06-23T13:21:40.987679,482300,35
2026-06-23T13:21:40.987738,482301,35
2026-06-23T13:21:40.987796,482302,35
2026-06-23T13:21:40.997541,482303,35
2026-06-23T13:21:40.997616,482304,35
2026-06-23T13:21:40.997680,482305,36
2026-06-23T13:21:40.997742,482306,35
2026-06-23T13:21:40.997804,482307,35
2026-06-23T13:21:40.997864,482308,34
2026-06-23T13:21:40.997925,482309,34
2026-06-23T13:21:40.997985,482310,34
2026-06-23T13:21:40.998045,482311,34
2026-06-23T13:21:40.998119,482312,34
2026-06-23T13:21:40.998180,482313,34
2026-06-23T13:21:41.007991,482314,34
2026-06-23T13:21:41.008067,482315,35
2026-06-23T13:21:41.008128,482316,34
2026-06-23T13:21:41.008195,482317,35
2026-06-23T13:21:41.008255,482317,34
2026-06-23T13:21:41.008314,482318,34
2026-06-23T13:21:41.008374,482319,34
2026-06-23T13:21:41.008433,482320,34
2026-06-23T13:21:41.008492,482321,34
2026-06-23T13:21:41.008551,482322,34
2026-06-23T13:21:41.018434,482323,34
2026-06-23T13:21:41.018518,482324,34
2026-06-23T13:21:41.018578,482325,33
2026-06-23T13:21:41.018637,482326,34
2026-06-23T13:21:41.018695,482327,33
2026-06-23T13:21:41.018754,482328,33
2026-06-23T13:21:41.018813,482329,33
2026-06-23T13:21:41.018874,482330,33
2026-06-23T13:21:41.018934,482331,34
2026-06-23T13:21:41.018993,482332,34
2026-06-23T13:21:41.019052,482333,34
2026-06-23T13:21:41.028866,482334,34
2026-06-23T13:21:41.028933,482335,34
2026-06-23T13:21:41.028993,482336,34
2026-06-23T13:21:41.029052,482337,34
2026-06-23T13:21:41.029111,482338,34
2026-06-23T13:21:41.029170,482338,34
2026-06-23T13:21:41.029229,482339,34
2026-06-23T13:21:41.029287,482340,34
2026-06-23T13:21:41.029346,482341,33
2026-06-23T13:21:41.029404,482342,33
2026-06-23T13:21:41.029463,482343,33
2026-06-23T13:21:41.039333,482344,33
2026-06-23T13:21:41.039415,482345,33
2026-06-23T13:21:41.039489,482346,33
2026-06-23T13:21:41.039561,482347,33
2026-06-23T13:21:41.039633,482348,33
2026-06-23T13:21:41.039705,482349,33
2026-06-23T13:21:41.039776,482350,34
2026-06-23T13:21:41.039848,482351,34
2026-06-23T13:21:41.039920,482352,35
2026-06-23T13:21:41.039992,482353,33
2026-06-23T13:21:41.040066,482354,33
2026-06-23T13:21:41.049735,482355,33
2026-06-23T13:21:41.049832,482356,33
2026-06-23T13:21:41.049905,482357,33
2026-06-23T13:21:41.049977,482358,33
2026-06-23T13:21:41.050049,482359,33
2026-06-23T13:21:41.050121,482359,33
2026-06-23T13:21:41.050192,482360,33
2026-06-23T13:21:41.050263,482361,33
2026-06-23T13:21:41.050334,482362,33
2026-06-23T13:21:41.050405,482363,33
2026-06-23T13:21:41.050477,482364,33
2026-06-23T13:21:41.060224,482365,33
2026-06-23T13:21:41.060312,482366,32
2026-06-23T13:21:41.060387,482367,33
2026-06-23T13:21:41.060461,482368,33
2026-06-23T13:21:41.060532,482369,33
2026-06-23T13:21:41.060604,482370,34
2026-06-23T13:21:41.060676,482371,33
2026-06-23T13:21:41.060748,482372,32
2026-06-23T13:21:41.060820,482373,33
2026-06-23T13:21:41.060892,482374,34
2026-06-23T13:21:41.060963,482375,34
2026-06-23T13:21:41.070651,482376,34
2026-06-23T13:21:41.070768,482377,34
2026-06-23T13:21:41.070847,482378,34
2026-06-23T13:21:41.070924,482379,34
2026-06-23T13:21:41.070999,482380,34
2026-06-23T13:21:41.071073,482381,34
2026-06-23T13:21:41.071145,482381,34
2026-06-23T13:21:41.071219,482382,34
2026-06-23T13:21:41.071293,482383,34
2026-06-23T13:21:41.071368,482384,33
2026-06-23T13:21:41.071443,482385,34
2026-06-23T13:21:41.081092,482386,34
2026-06-23T13:21:41.081183,482387,34
2026-06-23T13:21:41.081259,482388,34
2026-06-23T13:21:41.081333,482389,33
2026-06-23T13:21:41.081407,482390,33
2026-06-23T13:21:41.081482,482391,33
2026-06-23T13:21:41.081555,482392,33
2026-06-23T13:21:41.081627,482393,33
2026-06-23T13:21:41.081699,482394,33
2026-06-23T13:21:41.081771,482395,34
2026-06-23T13:21:41.081842,482396,33
2026-06-23T13:21:41.091481,482397,34
2026-06-23T13:21:41.091575,482398,34
2026-06-23T13:21:41.091649,482399,34
2026-06-23T13:21:41.091721,482400,34
2026-06-23T13:21:41.091794,482401,34
2026-06-23T13:21:41.091866,482402,34
2026-06-23T13:21:41.091938,482402,34
2026-06-23T13:21:41.092009,482403,34
2026-06-23T13:21:41.092081,482404,34
2026-06-23T13:21:41.092154,482405,34
2026-06-23T13:21:41.092226,482406,33
2026-06-23T13:21:41.101989,482407,34
2026-06-23T13:21:41.102081,482408,33
2026-06-23T13:21:41.102144,482409,33
2026-06-23T13:21:41.102204,482410,33
2026-06-23T13:21:41.102264,482411,34
2026-06-23T13:21:41.102323,482412,33
2026-06-23T13:21:41.102383,482413,33
2026-06-23T13:21:41.102442,482414,33
2026-06-23T13:21:41.102502,482415,33
2026-06-23T13:21:41.102561,482416,33
2026-06-23T13:21:41.102619,482417,33
2026-06-23T13:21:41.112436,482418,33
2026-06-23T13:21:41.112533,482419,33
2026-06-23T13:21:41.112607,482420,33
2026-06-23T13:21:41.112680,482421,33
2026-06-23T13:21:41.112752,482422,33
2026-06-23T13:21:41.112824,482423,33
2026-06-23T13:21:41.112896,482423,37
2026-06-23T13:21:41.112968,482424,33
2026-06-23T13:21:41.113039,482425,33
2026-06-23T13:21:41.113110,482426,33
2026-06-23T13:21:41.113182,482427,33
2026-06-23T13:21:41.123020,482428,34
2026-06-23T13:21:41.123123,482429,34
2026-06-23T13:21:41.123199,482430,33
2026-06-23T13:21:41.123273,482431,34
2026-06-23T13:21:41.123345,482432,33
2026-06-23T13:21:41.123417,482433,34
2026-06-23T13:21:41.123489,482434,33
2026-06-23T13:21:41.123561,482435,34
2026-06-23T13:21:41.123632,482436,33
2026-06-23T13:21:41.123704,482437,33
2026-06-23T13:21:41.133244,482438,33
2026-06-23T13:21:41.133364,482439,33
2026-06-23T13:21:41.133445,482440,33
2026-06-23T13:21:41.133521,482441,33
2026-06-23T13:21:41.133595,482442,33
2026-06-23T13:21:41.133669,482443,33
2026-06-23T13:21:41.133743,482444,33
2026-06-23T13:21:41.133821,482445,33
2026-06-23T13:21:41.133893,482445,33
2026-06-23T13:21:41.133966,482446,33
2026-06-23T13:21:41.134038,482447,33
2026-06-23T13:21:41.143718,482448,33
2026-06-23T13:21:41.143813,482449,33
2026-06-23T13:21:41.143889,482450,34
2026-06-23T13:21:41.143963,482451,34
2026-06-23T13:21:41.144037,482452,34
2026-06-23T13:21:41.144110,482453,33
2026-06-23T13:21:41.144197,482454,33
2026-06-23T13:21:41.144271,482455,33
2026-06-23T13:21:41.144345,482456,33
2026-06-23T13:21:41.144418,482457,33
2026-06-23T13:21:41.144490,482458,34
2026-06-23T13:21:41.154280,482459,34
2026-06-23T13:21:41.154384,482460,34
2026-06-23T13:21:41.154459,482461,34
2026-06-23T13:21:41.154533,482462,34
2026-06-23T13:21:41.154606,482463,34
2026-06-23T13:21:41.154679,482464,34
2026-06-23T13:21:41.154751,482465,34
2026-06-23T13:21:41.154823,482466,34
2026-06-23T13:21:41.154895,482466,34
2026-06-23T13:21:41.154968,482467,35
2026-06-23T13:21:41.155040,482468,34
2026-06-23T13:21:41.164602,482469,34
2026-06-23T13:21:41.164692,482470,34
2026-06-23T13:21:41.164767,482471,34
2026-06-23T13:21:41.164841,482472,33
2026-06-23T13:21:41.164914,482473,33
2026-06-23T13:21:41.164987,482474,33
2026-06-23T13:21:41.165060,482475,33
2026-06-23T13:21:41.165131,482476,33
2026-06-23T13:21:41.165203,482477,33
2026-06-23T13:21:41.165275,482478,33
2026-06-23T13:21:41.165347,482479,33
2026-06-23T13:21:41.175030,482480,33
2026-06-23T13:21:41.175128,482481,34
2026-06-23T13:21:41.175204,482482,34
2026-06-23T13:21:41.175278,482483,33
2026-06-23T13:21:41.175351,482484,34
2026-06-23T13:21:41.175424,482485,33
2026-06-23T13:21:41.175496,482486,33
2026-06-23T13:21:41.175568,482487,33
2026-06-23T13:21:41.175640,482488,33
2026-06-23T13:21:41.175712,482488,33
2026-06-23T13:21:41.175784,482489,33
2026-06-23T13:21:41.185556,482490,32
2026-06-23T13:21:41.185659,482491,33
2026-06-23T13:21:41.185736,482492,32
2026-06-23T13:21:41.185809,482493,32
2026-06-23T13:21:41.185882,482494,32
2026-06-23T13:21:41.185957,482495,33
2026-06-23T13:21:41.186029,482496,33
2026-06-23T13:21:41.186101,482497,33
2026-06-23T13:21:41.186172,482498,33
2026-06-23T13:21:41.186244,482499,33
2026-06-23T13:21:41.186316,482500,33
2026-06-23T13:21:41.195910,482501,33
2026-06-23T13:21:41.195997,482502,33
2026-06-23T13:21:41.196073,482503,33
2026-06-23T13:21:41.196147,482504,33
2026-06-23T13:21:41.196220,482505,33
2026-06-23T13:21:41.196294,482506,33
2026-06-23T13:21:41.196367,482507,33
2026-06-23T13:21:41.196439,482508,34
2026-06-23T13:21:41.196511,482509,34
2026-06-23T13:21:41.196582,482509,34
2026-06-23T13:21:41.196653,482510,34
2026-06-23T13:21:41.206462,482511,34
2026-06-23T13:21:41.206562,482512,34
2026-06-23T13:21:41.206638,482513,34
2026-06-23T13:21:41.206712,482514,34
2026-06-23T13:21:41.206785,482515,34
2026-06-23T13:21:41.206857,482516,34
2026-06-23T13:21:41.206929,482517,34
2026-06-23T13:21:41.207004,482518,34
2026-06-23T13:21:41.207077,482519,34
2026-06-23T13:21:41.207149,482520,34
2026-06-23T13:21:41.207221,482521,34
2026-06-23T13:21:41.216863,482522,34
2026-06-23T13:21:41.216957,482523,34
2026-06-23T13:21:41.217032,482524,33
2026-06-23T13:21:41.217105,482525,33
2026-06-23T13:21:41.217178,482526,33
2026-06-23T13:21:41.217250,482527,33
2026-06-23T13:21:41.217322,482528,33
2026-06-23T13:21:41.217394,482529,33
2026-06-23T13:21:41.217465,482530,34
2026-06-23T13:21:41.217537,482530,34
2026-06-23T13:21:41.217609,482531,34
2026-06-23T13:21:41.227382,482532,34
2026-06-23T13:21:41.227506,482533,34
2026-06-23T13:21:41.227603,482534,34
2026-06-23T13:21:41.227698,482535,34
2026-06-23T13:21:41.227790,482536,34
2026-06-23T13:21:41.227883,482537,33
2026-06-23T13:21:41.227976,482538,33
2026-06-23T13:21:41.228067,482539,33
2026-06-23T13:21:41.228158,482540,33
2026-06-23T13:21:41.228249,482541,33
2026-06-23T13:21:41.228341,482542,33
2026-06-23T13:21:41.237841,482543,33
2026-06-23T13:21:41.237941,482544,33
2026-06-23T13:21:41.238018,482545,33
2026-06-23T13:21:41.238091,482546,33
2026-06-23T13:21:41.238163,482547,33
2026-06-23T13:21:41.238236,482548,33
2026-06-23T13:21:41.238309,482549,33
2026-06-23T13:21:41.238381,482550,34
2026-06-23T13:21:41.238454,482551,34
2026-06-23T13:21:41.238529,482552,34
2026-06-23T13:21:41.248096,482552,33
2026-06-23T13:21:41.248214,482553,33
2026-06-23T13:21:41.248308,482554,33
2026-06-23T13:21:41.248401,482555,33
2026-06-23T13:21:41.248494,482556,33
2026-06-23T13:21:41.248586,482557,33
2026-06-23T13:21:41.248682,482558,33
2026-06-23T13:21:41.248773,482559,33
2026-06-23T13:21:41.248865,482560,33
2026-06-23T13:21:41.248957,482561,33
2026-06-23T13:21:41.249048,482562,33
2026-06-23T13:21:41.258578,482563,33
2026-06-23T13:21:41.258677,482564,33
2026-06-23T13:21:41.258755,482565,34
2026-06-23T13:21:41.258829,482566,34
2026-06-23T13:21:41.258903,482567,34
2026-06-23T13:21:41.258976,482568,34
2026-06-23T13:21:41.259048,482569,34
2026-06-23T13:21:41.259120,482570,34
2026-06-23T13:21:41.259193,482571,34
2026-06-23T13:21:41.259266,482572,34
2026-06-23T13:21:41.259337,482573,34
2026-06-23T13:21:41.269115,482573,34
2026-06-23T13:21:41.269215,482574,34
2026-06-23T13:21:41.269290,482575,33
2026-06-23T13:21:41.269363,482576,34
2026-06-23T13:21:41.269435,482577,34
2026-06-23T13:21:41.269507,482578,33
2026-06-23T13:21:41.269579,482579,34
2026-06-23T13:21:41.269651,482580,33
2026-06-23T13:21:41.269722,482581,33
2026-06-23T13:21:41.269794,482582,34
2026-06-23T13:21:41.269865,482583,34
2026-06-23T13:21:41.279490,482584,34
2026-06-23T13:21:41.279597,482585,34
2026-06-23T13:21:41.279692,482586,34
2026-06-23T13:21:41.279785,482587,33
2026-06-23T13:21:41.279876,482588,33
2026-06-23T13:21:41.279970,482589,33
2026-06-23T13:21:41.280061,482590,32
2026-06-23T13:21:41.280152,482591,33
2026-06-23T13:21:41.280243,482592,33
2026-06-23T13:21:41.280335,482593,33
2026-06-23T13:21:41.280428,482594,33
2026-06-23T13:21:41.290029,482594,33
2026-06-23T13:21:41.290130,482595,32
2026-06-23T13:21:41.290211,482596,34
2026-06-23T13:21:41.290286,482597,34
2026-06-23T13:21:41.290361,482598,34
2026-06-23T13:21:41.290435,482599,34
2026-06-23T13:21:41.290509,482600,34
2026-06-23T13:21:41.290582,482601,34
2026-06-23T13:21:41.290656,482602,34
2026-06-23T13:21:41.290773,482603,34
2026-06-23T13:21:41.290858,482604,34
2026-06-23T13:21:41.300309,482605,34
2026-06-23T13:21:41.300396,482606,33
2026-06-23T13:21:41.300470,482607,33
2026-06-23T13:21:41.300544,482608,33
2026-06-23T13:21:41.300619,482609,33
2026-06-23T13:21:41.300693,482610,33
2026-06-23T13:21:41.300765,482611,33
2026-06-23T13:21:41.300837,482612,33
2026-06-23T13:21:41.300909,482613,33
2026-06-23T13:21:41.300980,482614,33
2026-06-23T13:21:41.301052,482615,33
2026-06-23T13:21:41.310822,482616,33
2026-06-23T13:21:41.310916,482616,33
2026-06-23T13:21:41.310993,482617,34
2026-06-23T13:21:41.311067,482618,33
2026-06-23T13:21:41.311140,482619,33
2026-06-23T13:21:41.311212,482620,32
2026-06-23T13:21:41.311285,482621,33
2026-06-23T13:21:41.311357,482622,33
2026-06-23T13:21:41.311429,482623,31
2026-06-23T13:21:41.311501,482624,32
2026-06-23T13:21:41.311572,482625,32
2026-06-23T13:21:41.321331,482626,32
2026-06-23T13:21:41.321433,482627,33
2026-06-23T13:21:41.321509,482628,34
2026-06-23T13:21:41.321583,482629,33
2026-06-23T13:21:41.321656,482630,33
2026-06-23T13:21:41.321729,482631,33
2026-06-23T13:21:41.321805,482632,33
2026-06-23T13:21:41.321877,482633,33
2026-06-23T13:21:41.321950,482634,33
2026-06-23T13:21:41.322021,482635,33
2026-06-23T13:21:41.322093,482636,33
2026-06-23T13:21:41.331694,482637,33
2026-06-23T13:21:41.331815,482637,33
2026-06-23T13:21:41.331894,482638,33
2026-06-23T13:21:41.331969,482639,33
2026-06-23T13:21:41.332042,482640,33
2026-06-23T13:21:41.332116,482641,33
2026-06-23T13:21:41.332188,482642,32
2026-06-23T13:21:41.332260,482643,32
2026-06-23T13:21:41.332333,482644,33
2026-06-23T13:21:41.332405,482645,33
2026-06-23T13:21:41.332477,482646,33
2026-06-23T13:21:41.342177,482647,33
2026-06-23T13:21:41.342275,482648,33
2026-06-23T13:21:41.342351,482649,33
2026-06-23T13:21:41.342425,482650,33
2026-06-23T13:21:41.342499,482651,33
2026-06-23T13:21:41.342572,482652,33
2026-06-23T13:21:41.342644,482653,33
2026-06-23T13:21:41.342717,482654,33
2026-06-23T13:21:41.342789,482655,34
2026-06-23T13:21:41.342861,482656,33
2026-06-23T13:21:41.342933,482657,33
2026-06-23T13:21:41.352710,482658,29
2026-06-23T13:21:41.352811,482658,34
2026-06-23T13:21:41.352886,482659,33
2026-06-23T13:21:41.352959,482660,33
2026-06-23T13:21:41.353031,482661,36
2026-06-23T13:21:41.353103,482662,34
2026-06-23T13:21:41.353175,482663,35
2026-06-23T13:21:41.353248,482664,34
2026-06-23T13:21:41.353319,482665,34
2026-06-23T13:21:41.353391,482666,34
2026-06-23T13:21:41.363040,482667,34
2026-06-23T13:21:41.363129,482668,34
2026-06-23T13:21:41.363203,482669,34
2026-06-23T13:21:41.363291,482670,34
2026-06-23T13:21:41.363383,482671,34
2026-06-23T13:21:41.363475,482672,34
2026-06-23T13:21:41.363566,482673,34
2026-06-23T13:21:41.363658,482674,34
2026-06-23T13:21:41.363748,482675,34
2026-06-23T13:21:41.363840,482676,34
2026-06-23T13:21:41.363935,482677,33
2026-06-23T13:21:41.373484,482678,33
2026-06-23T13:21:41.373574,482679,33
2026-06-23T13:21:41.373648,482680,33
2026-06-23T13:21:41.373720,482680,34
2026-06-23T13:21:41.373792,482681,34
2026-06-23T13:21:41.373910,482682,34
2026-06-23T13:21:41.374001,482683,34
2026-06-23T13:21:41.374126,482684,34
2026-06-23T13:21:41.374214,482685,34
2026-06-23T13:21:41.374291,482686,34
2026-06-23T13:21:41.374366,482687,34
2026-06-23T13:21:41.383932,482688,34
2026-06-23T13:21:41.384023,482689,33
2026-06-23T13:21:41.384095,482690,33
2026-06-23T13:21:41.384168,482691,33
2026-06-23T13:21:41.384244,482692,33
2026-06-23T13:21:41.384317,482693,33
2026-06-23T13:21:41.384389,482694,33
2026-06-23T13:21:41.384461,482695,33
2026-06-23T13:21:41.384532,482696,34
2026-06-23T13:21:41.384604,482697,34
2026-06-23T13:21:41.384675,482698,34
2026-06-23T13:21:41.394363,482699,34
2026-06-23T13:21:41.394449,482700,34
2026-06-23T13:21:41.394522,482701,34
2026-06-23T13:21:41.394594,482701,34
2026-06-23T13:21:41.394667,482702,34
2026-06-23T13:21:41.394739,482703,33
2026-06-23T13:21:41.394812,482704,34
2026-06-23T13:21:41.394885,482705,34
2026-06-23T13:21:41.394957,482706,34
2026-06-23T13:21:41.395031,482707,34
2026-06-23T13:21:41.395103,482708,34
2026-06-23T13:21:41.404890,482709,34
2026-06-23T13:21:41.404985,482710,34
2026-06-23T13:21:41.405058,482711,34
2026-06-23T13:21:41.405132,482712,34
2026-06-23T13:21:41.405203,482713,34
2026-06-23T13:21:41.405275,482714,34
2026-06-23T13:21:41.405346,482715,34
2026-06-23T13:21:41.405417,482716,34
2026-06-23T13:21:41.405488,482717,34
2026-06-23T13:21:41.405559,482718,34
2026-06-23T13:21:41.405630,482719,34
2026-06-23T13:21:41.415298,482720,34
2026-06-23T13:21:41.415407,482721,34
2026-06-23T13:21:41.415500,482722,34
2026-06-23T13:21:41.415593,482723,34
2026-06-23T13:21:41.415686,482723,34
2026-06-23T13:21:41.415780,482724,33
2026-06-23T13:21:41.415873,482725,34
2026-06-23T13:21:41.415967,482726,34
2026-06-23T13:21:41.416061,482727,34
2026-06-23T13:21:41.416153,482728,34
2026-06-23T13:21:41.416246,482729,35
2026-06-23T13:21:41.425699,482730,35
2026-06-23T13:21:41.425785,482731,36
2026-06-23T13:21:41.425858,482732,35
2026-06-23T13:21:41.425930,482733,35
2026-06-23T13:21:41.426002,482734,35
2026-06-23T13:21:41.426073,482735,35
2026-06-23T13:21:41.426144,482736,35
2026-06-23T13:21:41.426216,482737,35
2026-06-23T13:21:41.426287,482738,35
2026-06-23T13:21:41.426358,482739,34
2026-06-23T13:21:41.426429,482740,34
2026-06-23T13:21:41.436193,482741,34
2026-06-23T13:21:41.436285,482742,34
2026-06-23T13:21:41.436358,482743,34
2026-06-23T13:21:41.436431,482744,34
2026-06-23T13:21:41.436503,482744,35
2026-06-23T13:21:41.436575,482745,35
2026-06-23T13:21:41.436648,482746,35
2026-06-23T13:21:41.436721,482747,35
2026-06-23T13:21:41.436796,482748,35
2026-06-23T13:21:41.436870,482749,35
2026-06-23T13:21:41.436946,482750,35
2026-06-23T13:21:41.446614,482751,35
2026-06-23T13:21:41.446698,482752,35
2026-06-23T13:21:41.446771,482753,35
2026-06-23T13:21:41.446843,482754,35
2026-06-23T13:21:41.446915,482755,34
2026-06-23T13:21:41.446988,482756,35
2026-06-23T13:21:41.447059,482757,35
2026-06-23T13:21:41.447131,482758,35
2026-06-23T13:21:41.447203,482759,35
2026-06-23T13:21:41.447275,482760,35
2026-06-23T13:21:41.447348,482761,35
2026-06-23T13:21:41.457078,482762,35
2026-06-23T13:21:41.457181,482763,35
2026-06-23T13:21:41.457260,482764,35
2026-06-23T13:21:41.457334,482765,35
2026-06-23T13:21:41.457514,482765,35
2026-06-23T13:21:41.457596,482766,35
2026-06-23T13:21:41.457670,482767,35
2026-06-23T13:21:41.457742,482768,35
2026-06-23T13:21:41.457814,482769,35
2026-06-23T13:21:41.457886,482770,35
2026-06-23T13:21:41.457958,482771,34
2026-06-23T13:21:41.467400,482772,34
2026-06-23T13:21:41.467485,482773,35
2026-06-23T13:21:41.467557,482774,35
2026-06-23T13:21:41.467629,482775,35
2026-06-23T13:21:41.467701,482776,34
2026-06-23T13:21:41.467773,482777,34
2026-06-23T13:21:41.467844,482778,34
2026-06-23T13:21:41.467917,482779,34
2026-06-23T13:21:41.467988,482780,34
2026-06-23T13:21:41.468059,482781,34
2026-06-23T13:21:41.477974,482782,34
2026-06-23T13:21:41.478062,482783,34
2026-06-23T13:21:41.478133,482784,34
2026-06-23T13:21:41.478205,482785,34
2026-06-23T13:21:41.478278,482786,34
2026-06-23T13:21:41.478349,482787,33
2026-06-23T13:21:41.478420,482787,33
2026-06-23T13:21:41.478491,482788,33
2026-06-23T13:21:41.478563,482789,33
2026-06-23T13:21:41.478635,482790,33
2026-06-23T13:21:41.478706,482791,33
2026-06-23T13:21:41.488346,482792,33
2026-06-23T13:21:41.488438,482793,34
2026-06-23T13:21:41.488511,482794,33
2026-06-23T13:21:41.488582,482795,33
2026-06-23T13:21:41.488654,482796,33
2026-06-23T13:21:41.488726,482797,33
2026-06-23T13:21:41.488797,482798,34
2026-06-23T13:21:41.488868,482799,33
2026-06-23T13:21:41.488940,482800,33
2026-06-23T13:21:41.489011,482801,33
2026-06-23T13:21:41.489082,482802,33
2026-06-23T13:21:41.498716,482803,33
2026-06-23T13:21:41.498828,482804,33
2026-06-23T13:21:41.498920,482805,33
2026-06-23T13:21:41.499012,482806,33
2026-06-23T13:21:41.499105,482807,33
2026-06-23T13:21:41.499201,482808,33
2026-06-23T13:21:41.499297,482808,33
2026-06-23T13:21:41.499389,482809,33
2026-06-23T13:21:41.499479,482810,33
2026-06-23T13:21:41.499570,482811,33
2026-06-23T13:21:41.499661,482812,33
2026-06-23T13:21:41.509249,482813,34
2026-06-23T13:21:41.509355,482814,34
2026-06-23T13:21:41.509448,482815,34
2026-06-23T13:21:41.509539,482816,34
2026-06-23T13:21:41.509632,482817,34
2026-06-23T13:21:41.509723,482818,34
2026-06-23T13:21:41.509816,482819,34
2026-06-23T13:21:41.509909,482820,34
2026-06-23T13:21:41.510000,482821,34
2026-06-23T13:21:41.510091,482822,34
2026-06-23T13:21:41.510182,482823,34
2026-06-23T13:21:41.519747,482824,34
2026-06-23T13:21:41.519847,482825,34
2026-06-23T13:21:41.519922,482826,35
2026-06-23T13:21:41.519995,482827,34
2026-06-23T13:21:41.520067,482828,34
2026-06-23T13:21:41.520139,482829,34
2026-06-23T13:21:41.520210,482829,34
2026-06-23T13:21:41.520282,482830,34
2026-06-23T13:21:41.520354,482831,34
2026-06-23T13:21:41.520425,482832,35
2026-06-23T13:21:41.520496,482833,34
2026-06-23T13:21:41.530081,482834,34
2026-06-23T13:21:41.530187,482835,34
2026-06-23T13:21:41.530280,482836,34
2026-06-23T13:21:41.530372,482837,34
2026-06-23T13:21:41.530464,482838,34
2026-06-23T13:21:41.530555,482839,34
2026-06-23T13:21:41.530647,482840,34
2026-06-23T13:21:41.530740,482841,34
2026-06-23T13:21:41.530833,482842,34
2026-06-23T13:21:41.530924,482843,34
2026-06-23T13:21:41.531015,482844,34
2026-06-23T13:21:41.540587,482845,34
2026-06-23T13:21:41.540687,482846,35
2026-06-23T13:21:41.540794,482847,35
2026-06-23T13:21:41.540872,482848,35
2026-06-23T13:21:41.540946,482849,35
2026-06-23T13:21:41.541018,482850,35
2026-06-23T13:21:41.541090,482851,35
2026-06-23T13:21:41.541162,482851,34
2026-06-23T13:21:41.541234,482852,34
2026-06-23T13:21:41.541307,482853,34
2026-06-23T13:21:41.541379,482854,34
2026-06-23T13:21:41.551020,482855,34
2026-06-23T13:21:41.551112,482856,34
2026-06-23T13:21:41.551192,482857,34
2026-06-23T13:21:41.551266,482858,33
2026-06-23T13:21:41.551339,482859,34
2026-06-23T13:21:41.551411,482860,34
2026-06-23T13:21:41.551483,482861,34
2026-06-23T13:21:41.551554,482862,34
2026-06-23T13:21:41.551626,482863,33
2026-06-23T13:21:41.551697,482864,34
2026-06-23T13:21:41.551769,482865,33
2026-06-23T13:21:41.561497,482866,33
2026-06-23T13:21:41.561581,482867,34
2026-06-23T13:21:41.561654,482868,33
2026-06-23T13:21:41.561726,482869,33
2026-06-23T13:21:41.561799,482870,33
2026-06-23T13:21:41.561871,482871,33
2026-06-23T13:21:41.561944,482872,33
2026-06-23T13:21:41.562016,482872,33
2026-06-23T13:21:41.562090,482873,32
2026-06-23T13:21:41.562162,482874,33
2026-06-23T13:21:41.562233,482875,33
2026-06-23T13:21:41.571988,482876,33
2026-06-23T13:21:41.572082,482877,33
2026-06-23T13:21:41.572157,482878,33
2026-06-23T13:21:41.572230,482879,33
2026-06-23T13:21:41.572301,482880,33
2026-06-23T13:21:41.572373,482881,33
2026-06-23T13:21:41.572444,482882,33
2026-06-23T13:21:41.572516,482883,33
2026-06-23T13:21:41.572587,482884,33
2026-06-23T13:21:41.572658,482885,33
2026-06-23T13:21:41.572730,482886,33
2026-06-23T13:21:41.582280,482887,33
2026-06-23T13:21:41.582370,482888,33
2026-06-23T13:21:41.582446,482889,33
2026-06-23T13:21:41.582520,482890,33
2026-06-23T13:21:41.582592,482891,33
2026-06-23T13:21:41.582664,482892,33
2026-06-23T13:21:41.582736,482893,33
2026-06-23T13:21:41.582807,482893,33
2026-06-23T13:21:41.582879,482894,33
2026-06-23T13:21:41.582951,482895,33
2026-06-23T13:21:41.592732,482896,33
2026-06-23T13:21:41.592841,482897,33
2026-06-23T13:21:41.592934,482898,33
2026-06-23T13:21:41.593025,482899,34
2026-06-23T13:21:41.593116,482900,33
2026-06-23T13:21:41.593207,482901,33
2026-06-23T13:21:41.593298,482902,33
2026-06-23T13:21:41.593389,482903,33
2026-06-23T13:21:41.593479,482904,32
2026-06-23T13:21:41.593571,482905,33
2026-06-23T13:21:41.593663,482906,33
2026-06-23T13:21:41.603228,482907,33
2026-06-23T13:21:41.603334,482908,32
2026-06-23T13:21:41.603409,482909,33
2026-06-23T13:21:41.603483,482910,32
2026-06-23T13:21:41.603555,482911,33
2026-06-23T13:21:41.603627,482912,33
2026-06-23T13:21:41.603700,482913,33
2026-06-23T13:21:41.603772,482914,33
2026-06-23T13:21:41.603843,482915,32
2026-06-23T13:21:41.603914,482915,33
2026-06-23T13:21:41.603986,482916,33
2026-06-23T13:21:41.613618,482917,33
2026-06-23T13:21:41.613724,482918,32
2026-06-23T13:21:41.613818,482919,33
2026-06-23T13:21:41.613910,482920,35
2026-06-23T13:21:41.614002,482921,33
2026-06-23T13:21:41.614094,482922,33
2026-06-23T13:21:41.614188,482923,33
2026-06-23T13:21:41.614280,482924,33
2026-06-23T13:21:41.614371,482925,33
2026-06-23T13:21:41.614463,482926,33
2026-06-23T13:21:41.614555,482927,33
2026-06-23T13:21:41.624112,482928,33
2026-06-23T13:21:41.624219,482929,33
2026-06-23T13:21:41.624296,482930,33
2026-06-23T13:21:41.624368,482931,33
2026-06-23T13:21:41.624441,482932,33
2026-06-23T13:21:41.624514,482933,33
2026-06-23T13:21:41.624587,482934,33
2026-06-23T13:21:41.624660,482935,32
2026-06-23T13:21:41.624733,482936,33
2026-06-23T13:21:41.624804,482936,33
2026-06-23T13:21:41.624876,482937,33
2026-06-23T13:21:41.634514,482938,32
2026-06-23T13:21:41.634603,482939,31
2026-06-23T13:21:41.634675,482940,33
2026-06-23T13:21:41.634747,482941,32
2026-06-23T13:21:41.634819,482942,32
2026-06-23T13:21:41.634890,482943,32
2026-06-23T13:21:41.634962,482944,32
2026-06-23T13:21:41.635033,482945,33
2026-06-23T13:21:41.635105,482946,33
2026-06-23T13:21:41.635176,482947,32
2026-06-23T13:21:41.635247,482948,32
2026-06-23T13:21:41.644973,482949,32
2026-06-23T13:21:41.645082,482950,32
2026-06-23T13:21:41.645178,482951,32
2026-06-23T13:21:41.645272,482952,32
2026-06-23T13:21:41.645364,482953,32
2026-06-23T13:21:41.645462,482954,32
2026-06-23T13:21:41.645557,482955,32
2026-06-23T13:21:41.645649,482956,32
2026-06-23T13:21:41.645744,482957,32
2026-06-23T13:21:41.645835,482958,32
2026-06-23T13:21:41.645926,482958,32
2026-06-23T13:21:41.655411,482959,32
2026-06-23T13:21:41.655503,482960,32
2026-06-23T13:21:41.655576,482961,31
2026-06-23T13:21:41.655648,482962,31
2026-06-23T13:21:41.655720,482963,32
2026-06-23T13:21:41.655792,482964,32
2026-06-23T13:21:41.655862,482965,32
2026-06-23T13:21:41.655933,482966,32
2026-06-23T13:21:41.656004,482967,32
2026-06-23T13:21:41.656076,482968,31
2026-06-23T13:21:41.656148,482969,31
2026-06-23T13:21:41.665869,482970,31
2026-06-23T13:21:41.665978,482971,31
2026-06-23T13:21:41.666072,482972,31
2026-06-23T13:21:41.666165,482973,31
2026-06-23T13:21:41.666256,482974,31
2026-06-23T13:21:41.666347,482975,31
2026-06-23T13:21:41.666438,482976,31
2026-06-23T13:21:41.666529,482977,31
2026-06-23T13:21:41.666619,482978,31
2026-06-23T13:21:41.666710,482979,31
2026-06-23T13:21:41.666801,482979,31
2026-06-23T13:21:41.676300,482980,31
2026-06-23T13:21:41.676385,482981,32
2026-06-23T13:21:41.676457,482982,32
2026-06-23T13:21:41.676529,482983,32
2026-06-23T13:21:41.676600,482984,31
2026-06-23T13:21:41.676672,482985,31
2026-06-23T13:21:41.676743,482986,31
2026-06-23T13:21:41.676815,482987,32
2026-06-23T13:21:41.676887,482988,31
2026-06-23T13:21:41.676959,482989,31
2026-06-23T13:21:41.677031,482990,31
2026-06-23T13:21:41.686826,482991,31
2026-06-23T13:21:41.686918,482992,31
2026-06-23T13:21:41.686990,482993,32
2026-06-23T13:21:41.687063,482994,31
2026-06-23T13:21:41.687135,482995,32
2026-06-23T13:21:41.687208,482996,32
2026-06-23T13:21:41.687280,482997,32
2026-06-23T13:21:41.687352,482998,32
2026-06-23T13:21:41.687424,482999,32
2026-06-23T13:21:41.687495,483000,32
2026-06-23T13:21:41.687566,483000,32
2026-06-23T13:21:41.697202,483001,32
2026-06-23T13:21:41.697285,483002,32
2026-06-23T13:21:41.697359,483003,32
2026-06-23T13:21:41.697431,483004,32
2026-06-23T13:21:41.697503,483005,32
2026-06-23T13:21:41.697575,483006,28
2026-06-23T13:21:41.697646,483007,32
2026-06-23T13:21:41.697718,483008,32
2026-06-23T13:21:41.697789,483009,32
2026-06-23T13:21:41.697860,483010,32
2026-06-23T13:21:41.707600,483011,32
2026-06-23T13:21:41.707701,483012,32
2026-06-23T13:21:41.707774,483013,32
2026-06-23T13:21:41.707846,483014,32
2026-06-23T13:21:41.707918,483015,32
2026-06-23T13:21:41.707989,483016,32
2026-06-23T13:21:41.708061,483017,32
2026-06-23T13:21:41.708133,483018,32
2026-06-23T13:21:41.708205,483019,32
2026-06-23T13:21:41.708278,483020,32
2026-06-23T13:21:41.708350,483021,32
2026-06-23T13:21:41.718045,483022,32
2026-06-23T13:21:41.718139,483022,32
2026-06-23T13:21:41.718215,483023,33
2026-06-23T13:21:41.718288,483024,33
2026-06-23T13:21:41.718361,483025,33
2026-06-23T13:21:41.718433,483026,33
2026-06-23T13:21:41.718506,483027,33
2026-06-23T13:21:41.718587,483028,34
2026-06-23T13:21:41.718667,483029,33
2026-06-23T13:21:41.718739,483030,34
2026-06-23T13:21:41.718812,483031,33
2026-06-23T13:21:41.728503,483032,33
2026-06-23T13:21:41.728585,483033,33
2026-06-23T13:21:41.728658,483034,34
2026-06-23T13:21:41.728732,483035,34
2026-06-23T13:21:41.728805,483036,34
2026-06-23T13:21:41.728877,483037,33
2026-06-23T13:21:41.728948,483038,33
2026-06-23T13:21:41.729020,483039,33
2026-06-23T13:21:41.729096,483040,33
2026-06-23T13:21:41.729169,483041,33
2026-06-23T13:21:41.729258,483042,33
2026-06-23T13:21:41.738980,483043,33
2026-06-23T13:21:41.739075,483043,34
2026-06-23T13:21:41.739149,483044,34
2026-06-23T13:21:41.739222,483045,34
2026-06-23T13:21:41.739295,483046,33
2026-06-23T13:21:41.739368,483047,33
2026-06-23T13:21:41.739442,483048,34
2026-06-23T13:21:41.739515,483049,34
2026-06-23T13:21:41.739588,483050,33
2026-06-23T13:21:41.739661,483051,33
2026-06-23T13:21:41.739734,483052,33
2026-06-23T13:21:41.749338,483053,33
2026-06-23T13:21:41.749426,483054,34
2026-06-23T13:21:41.749498,483055,33
2026-06-23T13:21:41.749570,483056,33
2026-06-23T13:21:41.749642,483057,33
2026-06-23T13:21:41.749714,483058,33
2026-06-23T13:21:41.749785,483059,33
2026-06-23T13:21:41.749856,483060,32
2026-06-23T13:21:41.749927,483061,34
2026-06-23T13:21:41.749998,483062,33
2026-06-23T13:21:41.750070,483063,33
2026-06-23T13:21:41.759762,483064,33
2026-06-23T13:21:41.759849,483064,34
2026-06-23T13:21:41.759923,483065,34
2026-06-23T13:21:41.759996,483066,33
2026-06-23T13:21:41.760068,483067,33
2026-06-23T13:21:41.760140,483068,33
2026-06-23T13:21:41.760213,483069,33
2026-06-23T13:21:41.760286,483070,33
2026-06-23T13:21:41.760358,483071,33
2026-06-23T13:21:41.760432,483072,33
2026-06-23T13:21:41.760503,483073,33
2026-06-23T13:21:41.770266,483074,33
2026-06-23T13:21:41.770357,483075,33
2026-06-23T13:21:41.770429,483076,33
2026-06-23T13:21:41.770502,483077,33
2026-06-23T13:21:41.770575,483078,33
2026-06-23T13:21:41.770647,483079,33
2026-06-23T13:21:41.770720,483080,33
2026-06-23T13:21:41.770792,483081,33
2026-06-23T13:21:41.770863,483082,33
2026-06-23T13:21:41.770934,483083,33
2026-06-23T13:21:41.771008,483084,33
2026-06-23T13:21:41.780702,483085,33
2026-06-23T13:21:41.780785,483086,33
2026-06-23T13:21:41.780858,483086,33
2026-06-23T13:21:41.780930,483087,33
2026-06-23T13:21:41.781002,483088,33
2026-06-23T13:21:41.781073,483089,33
2026-06-23T13:21:41.781146,483090,32
2026-06-23T13:21:41.781218,483091,33
2026-06-23T13:21:41.781290,483092,33
2026-06-23T13:21:41.781362,483093,33
2026-06-23T13:21:41.781435,483094,33
2026-06-23T13:21:41.791115,483095,33
2026-06-23T13:21:41.791205,483096,33
2026-06-23T13:21:41.791277,483097,33
2026-06-23T13:21:41.791349,483098,33
2026-06-23T13:21:41.791421,483099,33
2026-06-23T13:21:41.791493,483100,34
2026-06-23T13:21:41.791565,483101,33
2026-06-23T13:21:41.791636,483102,33
2026-06-23T13:21:41.791707,483103,33
2026-06-23T13:21:41.791779,483104,33
2026-06-23T13:21:41.791850,483105,33
2026-06-23T13:21:41.801603,483106,33
2026-06-23T13:21:41.801692,483107,33
2026-06-23T13:21:41.801765,483107,33
2026-06-23T13:21:41.801837,483108,33
2026-06-23T13:21:41.801909,483109,32
2026-06-23T13:21:41.801981,483110,33
2026-06-23T13:21:41.802052,483111,33
2026-06-23T13:21:41.802124,483112,33
2026-06-23T13:21:41.802196,483113,33
2026-06-23T13:21:41.802267,483114,33
2026-06-23T13:21:41.802338,483115,34
2026-06-23T13:21:41.812066,483116,34
2026-06-23T13:21:41.812171,483117,34
2026-06-23T13:21:41.812264,483118,34
2026-06-23T13:21:41.812357,483119,34
2026-06-23T13:21:41.812448,483120,33
2026-06-23T13:21:41.812538,483121,33
2026-06-23T13:21:41.812629,483122,34
2026-06-23T13:21:41.812720,483123,34
2026-06-23T13:21:41.812810,483124,34
2026-06-23T13:21:41.812903,483125,34
2026-06-23T13:21:41.822433,483126,34
2026-06-23T13:21:41.822526,483127,34
2026-06-23T13:21:41.822599,483128,34
2026-06-23T13:21:41.822671,483128,34
2026-06-23T13:21:41.822743,483129,34
2026-06-23T13:21:41.822815,483130,34
2026-06-23T13:21:41.822886,483131,33
2026-06-23T13:21:41.822959,483132,35
2026-06-23T13:21:41.823032,483133,35
2026-06-23T13:21:41.823104,483134,35
2026-06-23T13:21:41.823178,483135,34
2026-06-23T13:21:41.832935,483136,35
2026-06-23T13:21:41.833023,483137,34
2026-06-23T13:21:41.833095,483138,35
2026-06-23T13:21:41.833168,483139,34
2026-06-23T13:21:41.833239,483140,35
2026-06-23T13:21:41.833311,483141,34
2026-06-23T13:21:41.833382,483142,34
2026-06-23T13:21:41.833455,483143,34
2026-06-23T13:21:41.833527,483144,34
2026-06-23T13:21:41.833598,483145,35
2026-06-23T13:21:41.833670,483146,35
2026-06-23T13:21:41.843358,483147,35
2026-06-23T13:21:41.843447,483148,34
2026-06-23T13:21:41.843522,483149,34
2026-06-23T13:21:41.843595,483150,34
2026-06-23T13:21:41.843668,483150,34
2026-06-23T13:21:41.843741,483151,34
2026-06-23T13:21:41.843815,483152,34
2026-06-23T13:21:41.843890,483153,34
2026-06-23T13:21:41.843964,483154,34
2026-06-23T13:21:41.844037,483155,34
2026-06-23T13:21:41.844109,483156,34
2026-06-23T13:21:41.853835,483157,34
2026-06-23T13:21:41.853928,483158,35
2026-06-23T13:21:41.854000,483159,34
2026-06-23T13:21:41.854072,483160,35
2026-06-23T13:21:41.854145,483161,35
2026-06-23T13:21:41.854218,483162,34
2026-06-23T13:21:41.854289,483163,35
2026-06-23T13:21:41.854360,483164,35
2026-06-23T13:21:41.854432,483165,35
2026-06-23T13:21:41.854504,483166,34
2026-06-23T13:21:41.854577,483167,34
2026-06-23T13:21:41.864256,483168,33
2026-06-23T13:21:41.864360,483169,33
2026-06-23T13:21:41.864452,483170,34
2026-06-23T13:21:41.864543,483171,34
2026-06-23T13:21:41.864637,483171,34
2026-06-23T13:21:41.864729,483172,34
2026-06-23T13:21:41.864838,483173,34
2026-06-23T13:21:41.864932,483174,33
2026-06-23T13:21:41.865024,483175,34
2026-06-23T13:21:41.865117,483176,34
2026-06-23T13:21:41.865208,483177,34
2026-06-23T13:21:41.874707,483178,34
2026-06-23T13:21:41.874795,483179,34
2026-06-23T13:21:41.874867,483180,34
2026-06-23T13:21:41.874939,483181,34
2026-06-23T13:21:41.875011,483182,34
2026-06-23T13:21:41.875083,483183,34
2026-06-23T13:21:41.875155,483184,34
2026-06-23T13:21:41.875227,483185,34
2026-06-23T13:21:41.875301,483186,34
2026-06-23T13:21:41.875373,483187,34
2026-06-23T13:21:41.875444,483188,32
2026-06-23T13:21:41.885161,483189,33
2026-06-23T13:21:41.885251,483190,33
2026-06-23T13:21:41.885324,483191,34
2026-06-23T13:21:41.885395,483192,33
2026-06-23T13:21:41.885467,483192,33
2026-06-23T13:21:41.885539,483193,33
2026-06-23T13:21:41.885609,483194,34
2026-06-23T13:21:41.885681,483195,34
2026-06-23T13:21:41.885752,483196,34
2026-06-23T13:21:41.885823,483197,33
2026-06-23T13:21:41.885894,483198,34
2026-06-23T13:21:41.895572,483199,34
2026-06-23T13:21:41.895654,483200,34
2026-06-23T13:21:41.895726,483201,34
2026-06-23T13:21:41.895799,483202,33
2026-06-23T13:21:41.895877,483203,33
2026-06-23T13:21:41.895947,483204,33
2026-06-23T13:21:41.896019,483205,33
2026-06-23T13:21:41.896090,483206,34
2026-06-23T13:21:41.896161,483207,33
2026-06-23T13:21:41.896234,483208,33
2026-06-23T13:21:41.896306,483209,33
2026-06-23T13:21:41.906060,483210,33
2026-06-23T13:21:41.906149,483211,33
2026-06-23T13:21:41.906221,483212,33
2026-06-23T13:21:41.906292,483213,34
2026-06-23T13:21:41.906363,483214,34
2026-06-23T13:21:41.906434,483214,33
2026-06-23T13:21:41.906506,483215,33
2026-06-23T13:21:41.906577,483216,33
2026-06-23T13:21:41.906649,483217,33
2026-06-23T13:21:41.906721,483218,33
2026-06-23T13:21:41.906794,483219,33
2026-06-23T13:21:41.916458,483220,33
2026-06-23T13:21:41.916545,483221,33
2026-06-23T13:21:41.916618,483222,32
2026-06-23T13:21:41.916690,483223,32
2026-06-23T13:21:41.916762,483224,33
2026-06-23T13:21:41.916834,483225,33
2026-06-23T13:21:41.916906,483226,32
2026-06-23T13:21:41.916978,483227,33
2026-06-23T13:21:41.917050,483228,33
2026-06-23T13:21:41.917124,483229,33
2026-06-23T13:21:41.917196,483230,33
2026-06-23T13:21:41.927006,483231,33
2026-06-23T13:21:41.927114,483232,33
2026-06-23T13:21:41.927207,483233,33
2026-06-23T13:21:41.927300,483234,33
2026-06-23T13:21:41.927393,483235,33
2026-06-23T13:21:41.927485,483235,33
2026-06-23T13:21:41.927577,483236,33
2026-06-23T13:21:41.927668,483237,33
2026-06-23T13:21:41.927759,483238,33
2026-06-23T13:21:41.927851,483239,33
2026-06-23T13:21:41.937321,483240,33
2026-06-23T13:21:41.937414,483241,33
2026-06-23T13:21:41.937487,483242,33
2026-06-23T13:21:41.937558,483243,33
2026-06-23T13:21:41.937630,483244,33
2026-06-23T13:21:41.937702,483245,33
2026-06-23T13:21:41.937773,483246,33
2026-06-23T13:21:41.937844,483247,33
2026-06-23T13:21:41.937917,483248,34
2026-06-23T13:21:41.937989,483249,34
2026-06-23T13:21:41.938061,483250,34
2026-06-23T13:21:41.947747,483251,33
2026-06-23T13:21:41.947853,483252,33
2026-06-23T13:21:41.947946,483253,33
2026-06-23T13:21:41.948040,483254,33
2026-06-23T13:21:41.948136,483255,33
2026-06-23T13:21:41.948231,483256,33
2026-06-23T13:21:41.948326,483257,33
2026-06-23T13:21:41.948420,483257,33
2026-06-23T13:21:41.948539,483258,33
2026-06-23T13:21:41.948634,483259,33
2026-06-23T13:21:41.948726,483260,33
2026-06-23T13:21:41.958222,483261,33
2026-06-23T13:21:41.958312,483262,34
2026-06-23T13:21:41.958385,483263,34
2026-06-23T13:21:41.958458,483264,33
2026-06-23T13:21:41.958529,483265,34
2026-06-23T13:21:41.958602,483266,33
2026-06-23T13:21:41.958674,483267,34
2026-06-23T13:21:41.958746,483268,33
2026-06-23T13:21:41.958825,483269,33
2026-06-23T13:21:41.958896,483270,33
2026-06-23T13:21:41.958967,483271,33
2026-06-23T13:21:41.968680,483272,33
2026-06-23T13:21:41.968786,483273,33
2026-06-23T13:21:41.968861,483274,33
2026-06-23T13:21:41.968934,483275,32
2026-06-23T13:21:41.969018,483276,33
2026-06-23T13:21:41.969090,483277,32
2026-06-23T13:21:41.969163,483278,33
2026-06-23T13:21:41.969236,483278,33
2026-06-23T13:21:41.969308,483279,33
2026-06-23T13:21:41.969379,483280,33
2026-06-23T13:21:41.969451,483281,33
2026-06-23T13:21:41.979036,483282,33
2026-06-23T13:21:41.979122,483283,33
2026-06-23T13:21:41.979199,483284,33
2026-06-23T13:21:41.979273,483285,33
2026-06-23T13:21:41.979344,483286,33
2026-06-23T13:21:41.979416,483287,33
2026-06-23T13:21:41.979487,483288,33
2026-06-23T13:21:41.979567,483289,32
2026-06-23T13:21:41.979639,483290,32
2026-06-23T13:21:41.979712,483291,32
2026-06-23T13:21:41.979784,483292,33
2026-06-23T13:21:41.989558,483293,32
2026-06-23T13:21:41.989651,483294,32
2026-06-23T13:21:41.989723,483295,33
2026-06-23T13:21:41.989796,483296,33
2026-06-23T13:21:41.989868,483297,33
2026-06-23T13:21:41.989941,483298,33
2026-06-23T13:21:41.990013,483299,32
2026-06-23T13:21:41.990084,483299,32
2026-06-23T13:21:41.990156,483300,32
2026-06-23T13:21:41.990262,483301,32
2026-06-23T13:21:41.990359,483302,32
2026-06-23T13:21:41.999920,483303,32
2026-06-23T13:21:42.000007,483304,32
2026-06-23T13:21:42.000081,483305,32
2026-06-23T13:21:42.000153,483306,32
2026-06-23T13:21:42.000225,483307,32
2026-06-23T13:21:42.000299,483308,32
2026-06-23T13:21:42.000371,483309,32
2026-06-23T13:21:42.000442,483310,32
2026-06-23T13:21:42.000513,483311,32
2026-06-23T13:21:42.000584,483312,32
2026-06-23T13:21:42.000659,483313,32
2026-06-23T13:21:42.010420,483314,33
2026-06-23T13:21:42.010506,483315,33
2026-06-23T13:21:42.010580,483316,33
2026-06-23T13:21:42.010652,483317,33
2026-06-23T13:21:42.010724,483318,33
2026-06-23T13:21:42.010796,483319,33
2026-06-23T13:21:42.010867,483320,33
2026-06-23T13:21:42.010938,483321,37
2026-06-23T13:21:42.011010,483321,33
2026-06-23T13:21:42.011083,483322,33
2026-06-23T13:21:42.011155,483323,33
2026-06-23T13:21:42.021002,483324,33
2026-06-23T13:21:42.021095,483325,34
2026-06-23T13:21:42.021172,483326,33
2026-06-23T13:21:42.021244,483327,34
2026-06-23T13:21:42.021317,483328,34
2026-06-23T13:21:42.021389,483329,34
2026-06-23T13:21:42.021461,483330,34
2026-06-23T13:21:42.021533,483331,34
2026-06-23T13:21:42.021605,483332,34
2026-06-23T13:21:42.021677,483333,34
2026-06-23T13:21:42.021749,483334,35
2026-06-23T13:21:42.031312,483335,35
2026-06-23T13:21:42.031413,483336,35
2026-06-23T13:21:42.031506,483337,36
2026-06-23T13:21:42.031598,483338,35
2026-06-23T13:21:42.031759,483339,36
2026-06-23T13:21:42.031863,483340,35
2026-06-23T13:21:42.031958,483341,36
2026-06-23T13:21:42.032052,483342,35
2026-06-23T13:21:42.032144,483342,35
2026-06-23T13:21:42.032237,483343,35
2026-06-23T13:21:42.032328,483344,36
2026-06-23T13:21:42.041723,483345,35
2026-06-23T13:21:42.041811,483346,35
2026-06-23T13:21:42.041884,483347,36
2026-06-23T13:21:42.041957,483348,35
2026-06-23T13:21:42.042029,483349,36
2026-06-23T13:21:42.042100,483350,36
2026-06-23T13:21:42.042171,483351,36
2026-06-23T13:21:42.042243,483352,35
2026-06-23T13:21:42.042314,483353,35
2026-06-23T13:21:42.042387,483354,35
2026-06-23T13:21:42.052240,483355,35
2026-06-23T13:21:42.052335,483356,35
2026-06-23T13:21:42.052407,483357,35
2026-06-23T13:21:42.052479,483358,36
2026-06-23T13:21:42.052551,483359,36
2026-06-23T13:21:42.052623,483360,35
2026-06-23T13:21:42.052706,483361,35
2026-06-23T13:21:42.052778,483362,35
2026-06-23T13:21:42.052849,483363,36
2026-06-23T13:21:42.052920,483363,35
2026-06-23T13:21:42.052990,483364,36
2026-06-23T13:21:42.062553,483365,35
2026-06-23T13:21:42.062657,483366,35
2026-06-23T13:21:42.062750,483367,36
2026-06-23T13:21:42.062844,483368,36
2026-06-23T13:21:42.062946,483369,35
2026-06-23T13:21:42.063038,483370,35
2026-06-23T13:21:42.063129,483371,35
2026-06-23T13:21:42.063221,483372,35
2026-06-23T13:21:42.063313,483373,35
2026-06-23T13:21:42.063404,483374,35
2026-06-23T13:21:42.063495,483375,35
2026-06-23T13:21:42.073125,483376,36
2026-06-23T13:21:42.073216,483377,36
2026-06-23T13:21:42.073289,483378,36
2026-06-23T13:21:42.073361,483379,36
2026-06-23T13:21:42.073433,483380,35
2026-06-23T13:21:42.073504,483381,35
2026-06-23T13:21:42.073575,483382,35
2026-06-23T13:21:42.073647,483383,35
2026-06-23T13:21:42.073719,483384,35
2026-06-23T13:21:42.073790,483385,34
2026-06-23T13:21:42.073862,483385,35
2026-06-23T13:21:42.083438,483386,35
2026-06-23T13:21:42.083527,483387,33
2026-06-23T13:21:42.083600,483388,35
2026-06-23T13:21:42.083673,483389,34
2026-06-23T13:21:42.083745,483390,34
2026-06-23T13:21:42.083818,483391,34
2026-06-23T13:21:42.083890,483392,35
2026-06-23T13:21:42.083961,483393,35
2026-06-23T13:21:42.084033,483394,35
2026-06-23T13:21:42.084103,483395,35
2026-06-23T13:21:42.084175,483396,35
2026-06-23T13:21:42.093935,483397,35
2026-06-23T13:21:42.094022,483398,35
2026-06-23T13:21:42.094094,483399,34
2026-06-23T13:21:42.094166,483400,34
2026-06-23T13:21:42.094239,483401,34
2026-06-23T13:21:42.094309,483402,34
2026-06-23T13:21:42.094380,483403,34
2026-06-23T13:21:42.094451,483404,34
2026-06-23T13:21:42.094523,483405,34
2026-06-23T13:21:42.094594,483406,33
2026-06-23T13:21:42.094665,483406,33
2026-06-23T13:21:42.104456,483407,32
2026-06-23T13:21:42.104551,483408,34
2026-06-23T13:21:42.104624,483409,34
2026-06-23T13:21:42.104696,483410,34
2026-06-23T13:21:42.104768,483411,34
2026-06-23T13:21:42.104843,483412,34
2026-06-23T13:21:42.104915,483413,34
2026-06-23T13:21:42.104988,483414,34
2026-06-23T13:21:42.105060,483415,34
2026-06-23T13:21:42.105133,483416,34
2026-06-23T13:21:42.105204,483417,34
2026-06-23T13:21:42.114836,483418,34
2026-06-23T13:21:42.114921,483419,33
2026-06-23T13:21:42.114995,483420,33
2026-06-23T13:21:42.115070,483421,34
2026-06-23T13:21:42.115144,483422,33
2026-06-23T13:21:42.115218,483423,29
2026-06-23T13:21:42.115290,483424,33
2026-06-23T13:21:42.115363,483425,33
2026-06-23T13:21:42.115434,483426,33
2026-06-23T13:21:42.115507,483427,33
2026-06-23T13:21:42.115578,483427,33
2026-06-23T13:21:42.125245,483428,33
2026-06-23T13:21:42.125333,483429,33
2026-06-23T13:21:42.125406,483430,33
2026-06-23T13:21:42.125478,483431,32
2026-06-23T13:21:42.125549,483432,32
2026-06-23T13:21:42.125620,483433,32
2026-06-23T13:21:42.125691,483434,32
2026-06-23T13:21:42.125762,483435,32
2026-06-23T13:21:42.125833,483436,32
2026-06-23T13:21:42.125904,483437,32
2026-06-23T13:21:42.125974,483438,32
2026-06-23T13:21:42.135764,483439,32
2026-06-23T13:21:42.135854,483440,32
2026-06-23T13:21:42.135928,483441,32
2026-06-23T13:21:42.136000,483442,32
2026-06-23T13:21:42.136072,483443,32
2026-06-23T13:21:42.136144,483444,32
2026-06-23T13:21:42.136215,483445,32
2026-06-23T13:21:42.136286,483446,32
2026-06-23T13:21:42.136357,483447,32
2026-06-23T13:21:42.136429,483448,33
2026-06-23T13:21:42.136500,483449,33
2026-06-23T13:21:42.146178,483449,32
2026-06-23T13:21:42.146332,483450,33
2026-06-23T13:21:42.146435,483451,32
2026-06-23T13:21:42.146515,483452,33
2026-06-23T13:21:42.146592,483453,32
2026-06-23T13:21:42.146666,483454,32
2026-06-23T13:21:42.146739,483455,32
2026-06-23T13:21:42.146812,483456,32
2026-06-23T13:21:42.146884,483457,32
2026-06-23T13:21:42.146956,483458,33
2026-06-23T13:21:42.147029,483459,33
2026-06-23T13:21:42.156684,483460,33
2026-06-23T13:21:42.156789,483461,33
2026-06-23T13:21:42.156852,483462,33
2026-06-23T13:21:42.156912,483463,34
2026-06-23T13:21:42.156973,483464,33
2026-06-23T13:21:42.157033,483465,33
2026-06-23T13:21:42.157093,483466,33
2026-06-23T13:21:42.157152,483467,34
2026-06-23T13:21:42.157211,483468,33
2026-06-23T13:21:42.157306,483469,33
2026-06-23T13:21:42.166941,483470,34
2026-06-23T13:21:42.167032,483470,34
2026-06-23T13:21:42.167105,483471,33
2026-06-23T13:21:42.167177,483472,33
2026-06-23T13:21:42.167250,483473,34
2026-06-23T13:21:42.167322,483474,33
2026-06-23T13:21:42.167394,483475,33
2026-06-23T13:21:42.167465,483476,34
2026-06-23T13:21:42.167537,483477,33
2026-06-23T13:21:42.167609,483478,34
2026-06-23T13:21:42.167680,483479,34
2026-06-23T13:21:42.177556,483480,34
2026-06-23T13:21:42.177652,483481,34
2026-06-23T13:21:42.177726,483482,34
2026-06-23T13:21:42.177798,483483,34
2026-06-23T13:21:42.177870,483484,34
2026-06-23T13:21:42.177941,483485,34
2026-06-23T13:21:42.178013,483486,34
2026-06-23T13:21:42.178084,483487,34
2026-06-23T13:21:42.178155,483488,33
2026-06-23T13:21:42.178226,483489,34
2026-06-23T13:21:42.178298,483490,33
2026-06-23T13:21:42.187985,483491,33
2026-06-23T13:21:42.188077,483492,33
2026-06-23T13:21:42.188149,483492,33
2026-06-23T13:21:42.188223,483493,33
2026-06-23T13:21:42.188294,483494,34
2026-06-23T13:21:42.188366,483495,34
2026-06-23T13:21:42.188440,483496,34
2026-06-23T13:21:42.188511,483497,34
2026-06-23T13:21:42.188582,483498,34
2026-06-23T13:21:42.188653,483499,34
2026-06-23T13:21:42.188724,483500,34
2026-06-23T13:21:42.198332,483501,33
2026-06-23T13:21:42.198415,483502,34
2026-06-23T13:21:42.198488,483503,34
2026-06-23T13:21:42.198578,483504,33
2026-06-23T13:21:42.198650,483505,33
2026-06-23T13:21:42.198722,483506,33
2026-06-23T13:21:42.198793,483507,33
2026-06-23T13:21:42.198865,483508,33
2026-06-23T13:21:42.198936,483509,33
2026-06-23T13:21:42.199008,483510,33
2026-06-23T13:21:42.199078,483511,29
2026-06-23T13:21:42.208820,483512,33
2026-06-23T13:21:42.208906,483513,33
2026-06-23T13:21:42.208979,483513,33
2026-06-23T13:21:42.209050,483514,34
2026-06-23T13:21:42.209122,483515,34
2026-06-23T13:21:42.209194,483516,33
2026-06-23T13:21:42.209265,483517,33
2026-06-23T13:21:42.209336,483518,33
2026-06-23T13:21:42.209408,483519,34
2026-06-23T13:21:42.209479,483520,33
2026-06-23T13:21:42.209550,483521,34
2026-06-23T13:21:42.219289,483522,34
2026-06-23T13:21:42.219383,483523,34
2026-06-23T13:21:42.219455,483524,34
2026-06-23T13:21:42.219527,483525,34
2026-06-23T13:21:42.219598,483526,34
2026-06-23T13:21:42.219669,483527,34
2026-06-23T13:21:42.219744,483528,34
2026-06-23T13:21:42.219816,483529,34
2026-06-23T13:21:42.219889,483530,34
2026-06-23T13:21:42.219960,483531,34
2026-06-23T13:21:42.220033,483532,34
2026-06-23T13:21:42.229693,483533,35
2026-06-23T13:21:42.229774,483534,34
2026-06-23T13:21:42.229847,483534,35
2026-06-23T13:21:42.229920,483535,34
2026-06-23T13:21:42.229991,483536,34
2026-06-23T13:21:42.230063,483537,34
2026-06-23T13:21:42.230135,483538,34
2026-06-23T13:21:42.230206,483539,34
2026-06-23T13:21:42.230278,483540,34
2026-06-23T13:21:42.230349,483541,34
2026-06-23T13:21:42.230420,483542,34
2026-06-23T13:21:42.240224,483543,35
2026-06-23T13:21:42.240334,483544,34
2026-06-23T13:21:42.240462,483545,34
2026-06-23T13:21:42.240600,483546,34
2026-06-23T13:21:42.240681,483547,34
2026-06-23T13:21:42.240756,483548,34
2026-06-23T13:21:42.240830,483549,34
2026-06-23T13:21:42.240904,483550,33
2026-06-23T13:21:42.240980,483551,34
2026-06-23T13:21:42.241055,483552,34
2026-06-23T13:21:42.241129,483553,33
2026-06-23T13:21:42.250618,483554,33
2026-06-23T13:21:42.250715,483555,33
2026-06-23T13:21:42.250790,483556,33
2026-06-23T13:21:42.250863,483556,33
2026-06-23T13:21:42.250935,483557,33
2026-06-23T13:21:42.251007,483558,33
2026-06-23T13:21:42.251078,483559,33
2026-06-23T13:21:42.251149,483560,33
2026-06-23T13:21:42.251221,483561,33
2026-06-23T13:21:42.251292,483562,34
2026-06-23T13:21:42.251364,483563,33
2026-06-23T13:21:42.261077,483564,33
2026-06-23T13:21:42.261161,483565,33
2026-06-23T13:21:42.261233,483566,33
2026-06-23T13:21:42.261305,483567,33
2026-06-23T13:21:42.261376,483568,33
2026-06-23T13:21:42.261448,483569,33
2026-06-23T13:21:42.261520,483570,33
2026-06-23T13:21:42.261591,483571,33
2026-06-23T13:21:42.261662,483572,33
2026-06-23T13:21:42.261734,483573,33
2026-06-23T13:21:42.261805,483574,33
2026-06-23T13:21:42.271529,483575,33
2026-06-23T13:21:42.271622,483576,32
2026-06-23T13:21:42.271695,483577,33
2026-06-23T13:21:42.271768,483577,33
2026-06-23T13:21:42.271840,483578,33
2026-06-23T13:21:42.271912,483579,33
2026-06-23T13:21:42.271984,483580,33
2026-06-23T13:21:42.272056,483581,34
2026-06-23T13:21:42.272128,483582,34
2026-06-23T13:21:42.272200,483583,33
2026-06-23T13:21:42.281857,483584,33
2026-06-23T13:21:42.281969,483585,33
2026-06-23T13:21:42.282061,483586,33
2026-06-23T13:21:42.282154,483587,33
2026-06-23T13:21:42.282246,483588,33
2026-06-23T13:21:42.282337,483589,33
2026-06-23T13:21:42.282427,483590,33
2026-06-23T13:21:42.282519,483591,32
2026-06-23T13:21:42.282593,483592,33
2026-06-23T13:21:42.282667,483593,33
2026-06-23T13:21:42.282739,483594,33
2026-06-23T13:21:42.292332,483595,33
2026-06-23T13:21:42.292417,483596,33
2026-06-23T13:21:42.292489,483597,33
2026-06-23T13:21:42.292561,483598,33
2026-06-23T13:21:42.292633,483598,34
2026-06-23T13:21:42.292704,483599,34
2026-06-23T13:21:42.292775,483600,33
2026-06-23T13:21:42.292846,483601,33
2026-06-23T13:21:42.292917,483602,33
2026-06-23T13:21:42.292988,483603,33
2026-06-23T13:21:42.293059,483604,33
2026-06-23T13:21:42.302870,483605,33
2026-06-23T13:21:42.302960,483606,33
2026-06-23T13:21:42.303032,483607,33
2026-06-23T13:21:42.303103,483608,33
2026-06-23T13:21:42.303174,483609,33
2026-06-23T13:21:42.303260,483610,33
2026-06-23T13:21:42.303331,483611,33
2026-06-23T13:21:42.303402,483612,33
2026-06-23T13:21:42.303473,483613,33
2026-06-23T13:21:42.303544,483614,33
2026-06-23T13:21:42.303616,483615,33
2026-06-23T13:21:42.313171,483616,33
2026-06-23T13:21:42.313252,483617,33
2026-06-23T13:21:42.313324,483618,33
2026-06-23T13:21:42.313395,483619,33
2026-06-23T13:21:42.313467,483620,33
2026-06-23T13:21:42.313539,483620,33
2026-06-23T13:21:42.313610,483621,33
2026-06-23T13:21:42.313682,483622,33
2026-06-23T13:21:42.313753,483623,33
2026-06-23T13:21:42.313825,483624,33
2026-06-23T13:21:42.313896,483625,33
2026-06-23T13:21:42.323739,483626,33
2026-06-23T13:21:42.323831,483627,34
2026-06-23T13:21:42.323907,483628,33
2026-06-23T13:21:42.324006,483629,33
2026-06-23T13:21:42.324086,483630,33
2026-06-23T13:21:42.324159,483631,33
2026-06-23T13:21:42.324231,483632,33
2026-06-23T13:21:42.324303,483633,33
2026-06-23T13:21:42.324374,483634,33
2026-06-23T13:21:42.324446,483635,33
2026-06-23T13:21:42.324518,483636,32
2026-06-23T13:21:42.334136,483637,32
2026-06-23T13:21:42.334223,483638,32
2026-06-23T13:21:42.334295,483639,32
2026-06-23T13:21:42.334367,483640,32
2026-06-23T13:21:42.334438,483641,32
2026-06-23T13:21:42.334509,483641,32
2026-06-23T13:21:42.334580,483642,32
2026-06-23T13:21:42.334651,483643,32
2026-06-23T13:21:42.334721,483644,33
2026-06-23T13:21:42.334792,483645,33
2026-06-23T13:21:42.334863,483646,33
2026-06-23T13:21:42.344578,483647,33
2026-06-23T13:21:42.344661,483648,33
2026-06-23T13:21:42.344735,483649,34
2026-06-23T13:21:42.344806,483650,33
2026-06-23T13:21:42.344878,483651,33
2026-06-23T13:21:42.344949,483652,33
2026-06-23T13:21:42.345020,483653,34
2026-06-23T13:21:42.345092,483654,34
2026-06-23T13:21:42.345163,483655,33
2026-06-23T13:21:42.345234,483656,34
2026-06-23T13:21:42.345306,483657,34
2026-06-23T13:21:42.355061,483658,34
2026-06-23T13:21:42.355156,483659,33
2026-06-23T13:21:42.355229,483660,34
2026-06-23T13:21:42.355300,483661,34
2026-06-23T13:21:42.355372,483662,34
2026-06-23T13:21:42.355444,483662,34
2026-06-23T13:21:42.355516,483663,34
2026-06-23T13:21:42.355588,483664,34
2026-06-23T13:21:42.355659,483665,34
2026-06-23T13:21:42.355730,483666,33
2026-06-23T13:21:42.355801,483667,34
2026-06-23T13:21:42.365452,483668,34
2026-06-23T13:21:42.365539,483669,34
2026-06-23T13:21:42.365614,483670,34
2026-06-23T13:21:42.365687,483671,33
2026-06-23T13:21:42.365761,483672,33
2026-06-23T13:21:42.365832,483673,33
2026-06-23T13:21:42.365904,483674,33
2026-06-23T13:21:42.365976,483675,33
2026-06-23T13:21:42.366049,483676,33
2026-06-23T13:21:42.366120,483677,34
2026-06-23T13:21:42.366192,483678,34
2026-06-23T13:21:42.375989,483679,34
2026-06-23T13:21:42.376074,483680,34
2026-06-23T13:21:42.376155,483681,34
2026-06-23T13:21:42.376229,483682,34
2026-06-23T13:21:42.376300,483683,34
2026-06-23T13:21:42.376372,483684,33
2026-06-23T13:21:42.376443,483684,34
2026-06-23T13:21:42.376514,483685,33
2026-06-23T13:21:42.376585,483686,33
2026-06-23T13:21:42.376656,483687,33
2026-06-23T13:21:42.376728,483688,33
2026-06-23T13:21:42.386412,483689,33
2026-06-23T13:21:42.386503,483690,33
2026-06-23T13:21:42.386576,483691,33
2026-06-23T13:21:42.386648,483692,33
2026-06-23T13:21:42.386720,483693,33
2026-06-23T13:21:42.386791,483694,34
2026-06-23T13:21:42.386863,483695,34
2026-06-23T13:21:42.386936,483696,34
2026-06-23T13:21:42.387007,483697,34
2026-06-23T13:21:42.387078,483698,33
2026-06-23T13:21:42.396724,483699,33
2026-06-23T13:21:42.396830,483700,33
2026-06-23T13:21:42.396924,483701,33
2026-06-23T13:21:42.397018,483702,33
2026-06-23T13:21:42.397110,483703,33
2026-06-23T13:21:42.397201,483704,37
2026-06-23T13:21:42.397293,483705,33
2026-06-23T13:21:42.397387,483705,34
2026-06-23T13:21:42.397479,483706,33
2026-06-23T13:21:42.397570,483707,33
2026-06-23T13:21:42.397661,483708,33
2026-06-23T13:21:42.407227,483709,33
2026-06-23T13:21:42.407334,483710,32
2026-06-23T13:21:42.407412,483711,33
2026-06-23T13:21:42.407486,483712,33
2026-06-23T13:21:42.407667,483713,33
2026-06-23T13:21:42.407748,483714,33
2026-06-23T13:21:42.407821,483715,33
2026-06-23T13:21:42.407893,483716,33
2026-06-23T13:21:42.407965,483717,33
2026-06-23T13:21:42.408036,483718,33
2026-06-23T13:21:42.408109,483719,32
2026-06-23T13:21:42.417676,483720,32
2026-06-23T13:21:42.417790,483721,32
2026-06-23T13:21:42.417870,483722,29
2026-06-23T13:21:42.417948,483723,33
2026-06-23T13:21:42.418024,483724,33
2026-06-23T13:21:42.418099,483725,33
2026-06-23T13:21:42.418173,483726,33
2026-06-23T13:21:42.418246,483727,33
2026-06-23T13:21:42.418319,483727,29
2026-06-23T13:21:42.418391,483728,34
2026-06-23T13:21:42.418463,483729,34
2026-06-23T13:21:42.428092,483730,34
2026-06-23T13:21:42.428177,483731,34
2026-06-23T13:21:42.428250,483732,34
2026-06-23T13:21:42.428322,483733,33
2026-06-23T13:21:42.428393,483734,34
2026-06-23T13:21:42.428465,483735,33
2026-06-23T13:21:42.428537,483736,33
2026-06-23T13:21:42.428608,483737,33
2026-06-23T13:21:42.428681,483738,33
2026-06-23T13:21:42.428752,483739,32
2026-06-23T13:21:42.428823,483740,33
2026-06-23T13:21:42.438551,483741,33
2026-06-23T13:21:42.438645,483742,34
2026-06-23T13:21:42.438717,483743,33
2026-06-23T13:21:42.438789,483744,33
2026-06-23T13:21:42.438860,483745,33
2026-06-23T13:21:42.438930,483746,33
2026-06-23T13:21:42.439001,483747,33
2026-06-23T13:21:42.439071,483748,33
2026-06-23T13:21:42.439142,483748,33
2026-06-23T13:21:42.439212,483749,33
2026-06-23T13:21:42.439283,483750,33
2026-06-23T13:21:42.448962,483751,33
2026-06-23T13:21:42.449070,483752,33
2026-06-23T13:21:42.449162,483753,33
2026-06-23T13:21:42.449254,483754,33
2026-06-23T13:21:42.449345,483755,33
2026-06-23T13:21:42.449436,483756,33
2026-06-23T13:21:42.449527,483757,33
2026-06-23T13:21:42.449618,483758,33
2026-06-23T13:21:42.449710,483759,33
2026-06-23T13:21:42.449800,483760,34
2026-06-23T13:21:42.449891,483761,33
2026-06-23T13:21:42.459423,483762,33
2026-06-23T13:21:42.459509,483763,34
2026-06-23T13:21:42.459581,483764,33
2026-06-23T13:21:42.459652,483765,33
2026-06-23T13:21:42.459723,483766,33
2026-06-23T13:21:42.459794,483767,33
2026-06-23T13:21:42.459866,483768,33
2026-06-23T13:21:42.459937,483769,33
2026-06-23T13:21:42.460008,483769,33
2026-06-23T13:21:42.460080,483770,33
2026-06-23T13:21:42.460152,483771,33
2026-06-23T13:21:42.470024,483772,33
2026-06-23T13:21:42.470120,483773,33
2026-06-23T13:21:42.470192,483774,33
2026-06-23T13:21:42.470264,483775,33
2026-06-23T13:21:42.470335,483776,33
2026-06-23T13:21:42.470407,483777,33
2026-06-23T13:21:42.470478,483778,33
2026-06-23T13:21:42.470549,483779,33
2026-06-23T13:21:42.470621,483780,33
2026-06-23T13:21:42.470692,483781,34
2026-06-23T13:21:42.470763,483782,33
2026-06-23T13:21:42.480318,483783,33
2026-06-23T13:21:42.480424,483784,33
2026-06-23T13:21:42.480496,483785,33
2026-06-23T13:21:42.480568,483786,34
2026-06-23T13:21:42.480641,483787,33
2026-06-23T13:21:42.480713,483788,33
2026-06-23T13:21:42.480785,483789,33
2026-06-23T13:21:42.480856,483790,33
2026-06-23T13:21:42.480927,483791,32
2026-06-23T13:21:42.480998,483791,33
2026-06-23T13:21:42.481069,483792,33
2026-06-23T13:21:42.490786,483793,33
2026-06-23T13:21:42.490882,483794,33
2026-06-23T13:21:42.490956,483795,34
2026-06-23T13:21:42.491028,483796,34
2026-06-23T13:21:42.491100,483797,33
2026-06-23T13:21:42.491171,483798,34
2026-06-23T13:21:42.491243,483799,33
2026-06-23T13:21:42.491314,483800,33
2026-06-23T13:21:42.491385,483801,33
2026-06-23T13:21:42.491456,483802,33
2026-06-23T13:21:42.491530,483803,33
2026-06-23T13:21:42.501270,483804,33
2026-06-23T13:21:42.501357,483805,33
2026-06-23T13:21:42.501428,483806,33
2026-06-23T13:21:42.501499,483807,32
2026-06-23T13:21:42.501571,483808,33
2026-06-23T13:21:42.501642,483809,33
2026-06-23T13:21:42.501712,483810,33
2026-06-23T13:21:42.501783,483811,33
2026-06-23T13:21:42.501855,483812,33
2026-06-23T13:21:42.501926,483812,33
2026-06-23T13:21:42.511598,483813,33
2026-06-23T13:21:42.511705,483814,32
2026-06-23T13:21:42.511798,483815,33
2026-06-23T13:21:42.511889,483816,33
2026-06-23T13:21:42.511980,483817,33
2026-06-23T13:21:42.512070,483818,32
2026-06-23T13:21:42.512161,483819,33
2026-06-23T13:21:42.512253,483820,33
2026-06-23T13:21:42.512344,483821,33
2026-06-23T13:21:42.512472,483822,32
2026-06-23T13:21:42.512638,483823,33
2026-06-23T13:21:42.522085,483824,33
2026-06-23T13:21:42.522172,483825,33
2026-06-23T13:21:42.522244,483826,33
2026-06-23T13:21:42.522315,483827,33
2026-06-23T13:21:42.522388,483828,33
2026-06-23T13:21:42.522459,483829,33
2026-06-23T13:21:42.522529,483830,33
2026-06-23T13:21:42.522600,483831,33
2026-06-23T13:21:42.522672,483832,33
2026-06-23T13:21:42.522743,483833,33
2026-06-23T13:21:42.522814,483833,33
2026-06-23T13:21:42.532438,483834,33
2026-06-23T13:21:42.532525,483835,33
2026-06-23T13:21:42.532598,483836,33
2026-06-23T13:21:42.532670,483837,32
2026-06-23T13:21:42.532742,483838,32
2026-06-23T13:21:42.532813,483839,32
2026-06-23T13:21:42.532884,483840,32
2026-06-23T13:21:42.532956,483841,32
2026-06-23T13:21:42.533027,483842,32
2026-06-23T13:21:42.533098,483843,33
2026-06-23T13:21:42.533171,483844,33
2026-06-23T13:21:42.542950,483845,33
2026-06-23T13:21:42.543054,483846,33
2026-06-23T13:21:42.543146,483847,33
2026-06-23T13:21:42.543238,483848,33
2026-06-23T13:21:42.543328,483849,35
2026-06-23T13:21:42.543419,483850,33
2026-06-23T13:21:42.543510,483851,33
2026-06-23T13:21:42.543601,483852,32
2026-06-23T13:21:42.543692,483853,33
2026-06-23T13:21:42.543782,483854,33
2026-06-23T13:21:42.543873,483855,32
2026-06-23T13:21:42.553443,483855,32
2026-06-23T13:21:42.553535,483856,33
2026-06-23T13:21:42.553607,483857,33
2026-06-23T13:21:42.553679,483858,33
2026-06-23T13:21:42.553750,483859,33
2026-06-23T13:21:42.553821,483860,33
2026-06-23T13:21:42.553893,483861,33
2026-06-23T13:21:42.553964,483862,33
2026-06-23T13:21:42.554035,483863,33
2026-06-23T13:21:42.554106,483864,34
2026-06-23T13:21:42.554178,483865,34
2026-06-23T13:21:42.563800,483866,34
2026-06-23T13:21:42.563904,483867,34
2026-06-23T13:21:42.563996,483868,34
2026-06-23T13:21:42.564088,483869,34
2026-06-23T13:21:42.564179,483870,33
2026-06-23T13:21:42.564274,483871,34
2026-06-23T13:21:42.564365,483872,34
2026-06-23T13:21:42.564456,483873,34
2026-06-23T13:21:42.564547,483874,34
2026-06-23T13:21:42.564637,483875,34
2026-06-23T13:21:42.564729,483876,34
2026-06-23T13:21:42.574321,483876,34
2026-06-23T13:21:42.574411,483877,34
2026-06-23T13:21:42.574484,483878,35
2026-06-23T13:21:42.574557,483879,34
2026-06-23T13:21:42.574630,483880,34
2026-06-23T13:21:42.574703,483881,34
2026-06-23T13:21:42.574777,483882,34
2026-06-23T13:21:42.574849,483883,34
2026-06-23T13:21:42.574920,483884,34
2026-06-23T13:21:42.574992,483885,34
2026-06-23T13:21:42.575065,483886,34
2026-06-23T13:21:42.584772,483887,34
2026-06-23T13:21:42.584860,483888,34
2026-06-23T13:21:42.584933,483889,34
2026-06-23T13:21:42.585005,483890,34
2026-06-23T13:21:42.585076,483891,34
2026-06-23T13:21:42.585147,483892,34
2026-06-23T13:21:42.585219,483893,34
2026-06-23T13:21:42.585290,483894,34
2026-06-23T13:21:42.585361,483895,34
2026-06-23T13:21:42.585433,483896,34
2026-06-23T13:21:42.585504,483897,34
2026-06-23T13:21:42.595152,483897,34
2026-06-23T13:21:42.595234,483898,34
2026-06-23T13:21:42.595306,483899,34
2026-06-23T13:21:42.595378,483900,34
2026-06-23T13:21:42.595449,483901,33
2026-06-23T13:21:42.595521,483902,34
2026-06-23T13:21:42.595595,483903,34
2026-06-23T13:21:42.595667,483904,34
2026-06-23T13:21:42.595739,483905,34
2026-06-23T13:21:42.595814,483906,34
2026-06-23T13:21:42.595889,483907,34
2026-06-23T13:21:42.605638,483908,34
2026-06-23T13:21:42.605728,483909,34
2026-06-23T13:21:42.605800,483910,34
2026-06-23T13:21:42.605871,483911,34
2026-06-23T13:21:42.605942,483912,34
2026-06-23T13:21:42.606014,483913,34
2026-06-23T13:21:42.606085,483914,34
2026-06-23T13:21:42.606157,483915,34
2026-06-23T13:21:42.606229,483916,34
2026-06-23T13:21:42.606300,483917,34
2026-06-23T13:21:42.606371,483918,34
2026-06-23T13:21:42.616086,483919,34
2026-06-23T13:21:42.616171,483919,34
2026-06-23T13:21:42.616245,483920,33
2026-06-23T13:21:42.616317,483921,33
2026-06-23T13:21:42.616389,483922,33
2026-06-23T13:21:42.616462,483923,33
2026-06-23T13:21:42.616533,483924,34
2026-06-23T13:21:42.616605,483925,34
2026-06-23T13:21:42.616676,483926,34
2026-06-23T13:21:42.616748,483927,35
2026-06-23T13:21:42.626474,483928,35
2026-06-23T13:21:42.626564,483929,35
2026-06-23T13:21:42.626637,483930,35
2026-06-23T13:21:42.626710,483931,34
2026-06-23T13:21:42.626782,483932,34
2026-06-23T13:21:42.626853,483933,34
2026-06-23T13:21:42.626926,483934,34
2026-06-23T13:21:42.627000,483935,34
2026-06-23T13:21:42.627072,483936,34
2026-06-23T13:21:42.627144,483937,34
2026-06-23T13:21:42.627217,483938,34
2026-06-23T13:21:42.636930,483939,32
2026-06-23T13:21:42.637021,483940,33
2026-06-23T13:21:42.637099,483940,34
2026-06-23T13:21:42.637174,483941,34
2026-06-23T13:21:42.637250,483942,34
2026-06-23T13:21:42.637325,483943,34
2026-06-23T13:21:42.637399,483944,33
2026-06-23T13:21:42.637474,483945,33
2026-06-23T13:21:42.637548,483946,33
2026-06-23T13:21:42.637623,483947,34
2026-06-23T13:21:42.637699,483948,33
2026-06-23T13:21:42.647344,483949,33
2026-06-23T13:21:42.647430,483950,33
2026-06-23T13:21:42.647505,483951,32
2026-06-23T13:21:42.647579,483952,33
2026-06-23T13:21:42.647655,483953,33
2026-06-23T13:21:42.647732,483954,33
2026-06-23T13:21:42.647822,483955,32
2026-06-23T13:21:42.647899,483956,33
2026-06-23T13:21:42.647975,483957,33
2026-06-23T13:21:42.648051,483958,32
2026-06-23T13:21:42.648125,483959,33
2026-06-23T13:21:42.657821,483960,32
2026-06-23T13:21:42.657911,483961,32
2026-06-23T13:21:42.657983,483962,32
2026-06-23T13:21:42.658056,483962,32
2026-06-23T13:21:42.658128,483963,32
2026-06-23T13:21:42.658200,483964,32
2026-06-23T13:21:42.658272,483965,33
2026-06-23T13:21:42.658343,483966,32
2026-06-23T13:21:42.658415,483967,32
2026-06-23T13:21:42.658487,483968,32
2026-06-23T13:21:42.658559,483969,32
2026-06-23T13:21:42.668194,483970,32
2026-06-23T13:21:42.668304,483971,32
2026-06-23T13:21:42.668381,483972,32
2026-06-23T13:21:42.668456,483973,32
2026-06-23T13:21:42.668529,483974,32
2026-06-23T13:21:42.668603,483975,32
2026-06-23T13:21:42.668675,483976,32
2026-06-23T13:21:42.668748,483977,32
2026-06-23T13:21:42.668821,483978,32
2026-06-23T13:21:42.668894,483979,32
2026-06-23T13:21:42.668966,483980,32
2026-06-23T13:21:42.678721,483981,32
2026-06-23T13:21:42.678835,483982,32
2026-06-23T13:21:42.678903,483983,32
2026-06-23T13:21:42.678966,483983,32
2026-06-23T13:21:42.679028,483984,32
2026-06-23T13:21:42.679089,483985,31
2026-06-23T13:21:42.679149,483986,32
2026-06-23T13:21:42.679209,483987,32
2026-06-23T13:21:42.679269,483988,32
2026-06-23T13:21:42.679328,483989,32
2026-06-23T13:21:42.679387,483990,32
2026-06-23T13:21:42.689213,483991,32
2026-06-23T13:21:42.689328,483992,32
2026-06-23T13:21:42.689402,483993,33
2026-06-23T13:21:42.689474,483994,33
2026-06-23T13:21:42.689548,483995,33
2026-06-23T13:21:42.689621,483996,33
2026-06-23T13:21:42.689694,483997,33
2026-06-23T13:21:42.689765,483998,33
2026-06-23T13:21:42.689836,483999,33
2026-06-23T13:21:42.689908,484000,33
2026-06-23T13:21:42.689979,484001,33
2026-06-23T13:21:42.699534,484002,33
2026-06-23T13:21:42.699621,484003,33
2026-06-23T13:21:42.699694,484004,33
2026-06-23T13:21:42.699767,484004,33
2026-06-23T13:21:42.699840,484005,33
2026-06-23T13:21:42.699911,484006,33
2026-06-23T13:21:42.699982,484007,33
2026-06-23T13:21:42.700054,484008,33
2026-06-23T13:21:42.700126,484009,33
2026-06-23T13:21:42.700198,484010,33
2026-06-23T13:21:42.700269,484011,33
2026-06-23T13:21:42.710057,484012,33
2026-06-23T13:21:42.710159,484013,33
2026-06-23T13:21:42.710253,484014,33
2026-06-23T13:21:42.710344,484015,33
2026-06-23T13:21:42.710435,484016,33
2026-06-23T13:21:42.710526,484017,33
2026-06-23T13:21:42.710617,484018,33
2026-06-23T13:21:42.710710,484019,33
2026-06-23T13:21:42.710804,484020,33
2026-06-23T13:21:42.710896,484021,33
2026-06-23T13:21:42.710989,484022,33
2026-06-23T13:21:42.720550,484023,32
2026-06-23T13:21:42.720646,484024,33
2026-06-23T13:21:42.720719,484025,33
2026-06-23T13:21:42.720790,484026,33
2026-06-23T13:21:42.720866,484026,33
2026-06-23T13:21:42.720938,484027,33
2026-06-23T13:21:42.721010,484028,33
2026-06-23T13:21:42.721081,484029,33
2026-06-23T13:21:42.721152,484030,33
2026-06-23T13:21:42.721224,484031,33
2026-06-23T13:21:42.721295,484032,32
2026-06-23T13:21:42.730960,484033,33
2026-06-23T13:21:42.731077,484034,33
2026-06-23T13:21:42.731170,484035,33
2026-06-23T13:21:42.731262,484036,33
2026-06-23T13:21:42.731357,484037,33
2026-06-23T13:21:42.731448,484038,33
2026-06-23T13:21:42.731540,484039,33
2026-06-23T13:21:42.731630,484040,34
2026-06-23T13:21:42.731754,484041,34
2026-06-23T13:21:42.731872,484042,33
2026-06-23T13:21:42.741343,484043,33
2026-06-23T13:21:42.741434,484044,33
2026-06-23T13:21:42.741508,484045,33
2026-06-23T13:21:42.741580,484046,33
2026-06-23T13:21:42.741651,484047,33
2026-06-23T13:21:42.741723,484047,33
2026-06-23T13:21:42.741796,484048,33
2026-06-23T13:21:42.741867,484049,33
2026-06-23T13:21:42.741939,484050,32
2026-06-23T13:21:42.742010,484051,33
2026-06-23T13:21:42.742082,484052,33
2026-06-23T13:21:42.751770,484053,33
2026-06-23T13:21:42.751872,484054,34
2026-06-23T13:21:42.751950,484055,34
2026-06-23T13:21:42.752024,484056,34
2026-06-23T13:21:42.752097,484057,34
2026-06-23T13:21:42.752170,484058,34
2026-06-23T13:21:42.752242,484059,34
2026-06-23T13:21:42.752314,484060,34
2026-06-23T13:21:42.752385,484061,34
2026-06-23T13:21:42.752458,484062,34
2026-06-23T13:21:42.752538,484063,34
2026-06-23T13:21:42.762216,484064,34
2026-06-23T13:21:42.762308,484065,34
2026-06-23T13:21:42.762384,484066,34
2026-06-23T13:21:42.762457,484067,33
2026-06-23T13:21:42.762531,484068,33
2026-06-23T13:21:42.762619,484068,32
2026-06-23T13:21:42.762693,484069,33
2026-06-23T13:21:42.762803,484070,33
2026-06-23T13:21:42.762877,484071,34
2026-06-23T13:21:42.762950,484072,34
2026-06-23T13:21:42.763022,484073,34
2026-06-23T13:21:42.772710,484074,33
2026-06-23T13:21:42.772802,484075,34
2026-06-23T13:21:42.772874,484076,34
2026-06-23T13:21:42.772946,484077,34
2026-06-23T13:21:42.773018,484078,34
2026-06-23T13:21:42.773089,484079,34
2026-06-23T13:21:42.773160,484080,34
2026-06-23T13:21:42.773232,484081,34
2026-06-23T13:21:42.773303,484082,34
2026-06-23T13:21:42.773374,484083,34
2026-06-23T13:21:42.773446,484084,34
2026-06-23T13:21:42.783080,484085,34
2026-06-23T13:21:42.783172,484086,33
2026-06-23T13:21:42.783244,484087,33
2026-06-23T13:21:42.783316,484088,33
2026-06-23T13:21:42.783388,484089,33
2026-06-23T13:21:42.783459,484090,34
2026-06-23T13:21:42.783531,484090,34
2026-06-23T13:21:42.783602,484091,33
2026-06-23T13:21:42.783685,484092,33
2026-06-23T13:21:42.783758,484093,33
2026-06-23T13:21:42.783830,484094,33
2026-06-23T13:21:42.793527,484095,33
2026-06-23T13:21:42.793633,484096,32
2026-06-23T13:21:42.793727,484097,34
2026-06-23T13:21:42.793819,484098,33
2026-06-23T13:21:42.793910,484099,33
2026-06-23T13:21:42.794002,484100,33
2026-06-23T13:21:42.794094,484101,33
2026-06-23T13:21:42.794187,484102,33
2026-06-23T13:21:42.794280,484103,34
2026-06-23T13:21:42.794371,484104,33
2026-06-23T13:21:42.794463,484105,33
2026-06-23T13:21:42.804082,484106,33
2026-06-23T13:21:42.804177,484107,32
2026-06-23T13:21:42.804252,484108,33
2026-06-23T13:21:42.804324,484109,33
2026-06-23T13:21:42.804398,484110,33
2026-06-23T13:21:42.804472,484111,33
2026-06-23T13:21:42.804545,484111,33
2026-06-23T13:21:42.804616,484112,33
2026-06-23T13:21:42.804688,484113,33
2026-06-23T13:21:42.804759,484114,33
2026-06-23T13:21:42.804831,484115,32
2026-06-23T13:21:42.814429,484116,33
2026-06-23T13:21:42.814534,484117,33
2026-06-23T13:21:42.814627,484118,33
2026-06-23T13:21:42.814719,484119,33
2026-06-23T13:21:42.814814,484120,33
2026-06-23T13:21:42.814909,484121,33
2026-06-23T13:21:42.815000,484122,33
2026-06-23T13:21:42.815108,484123,33
2026-06-23T13:21:42.815222,484124,33
2026-06-23T13:21:42.815316,484125,33
2026-06-23T13:21:42.815407,484126,33
2026-06-23T13:21:42.824950,484127,33
2026-06-23T13:21:42.825036,484128,33
2026-06-23T13:21:42.825110,484129,33
2026-06-23T13:21:42.825181,484130,33
2026-06-23T13:21:42.825253,484131,32
2026-06-23T13:21:42.825324,484132,32
2026-06-23T13:21:42.825396,484132,32
2026-06-23T13:21:42.825467,484133,32
2026-06-23T13:21:42.825539,484134,32
2026-06-23T13:21:42.825610,484135,32
2026-06-23T13:21:42.825681,484136,32
2026-06-23T13:21:42.835357,484137,32
2026-06-23T13:21:42.835451,484138,32
2026-06-23T13:21:42.835523,484139,32
2026-06-23T13:21:42.835595,484140,32
2026-06-23T13:21:42.835666,484141,32
2026-06-23T13:21:42.835739,484142,32
2026-06-23T13:21:42.835810,484143,32
2026-06-23T13:21:42.835882,484144,32
2026-06-23T13:21:42.835953,484145,32
2026-06-23T13:21:42.836024,484146,35
2026-06-23T13:21:42.836095,484147,32
2026-06-23T13:21:42.845732,484148,32
2026-06-23T13:21:42.845815,484149,32
2026-06-23T13:21:42.845888,484150,32
2026-06-23T13:21:42.845961,484151,32
2026-06-23T13:21:42.846033,484152,31
2026-06-23T13:21:42.846104,484153,32
2026-06-23T13:21:42.846176,484154,32
2026-06-23T13:21:42.846249,484154,32
2026-06-23T13:21:42.846320,484155,32
2026-06-23T13:21:42.846391,484156,32
2026-06-23T13:21:42.856193,484157,32
2026-06-23T13:21:42.856299,484158,32
2026-06-23T13:21:42.856372,484159,32
2026-06-23T13:21:42.856444,484160,32
2026-06-23T13:21:42.856518,484161,33
2026-06-23T13:21:42.856591,484162,33
2026-06-23T13:21:42.856666,484163,33
2026-06-23T13:21:42.856739,484164,33
2026-06-23T13:21:42.856810,484165,33
2026-06-23T13:21:42.856882,484166,33
2026-06-23T13:21:42.856953,484167,33
2026-06-23T13:21:42.866631,484168,33
2026-06-23T13:21:42.866731,484169,32
2026-06-23T13:21:42.866804,484170,33
2026-06-23T13:21:42.866876,484171,32
2026-06-23T13:21:42.866948,484172,32
2026-06-23T13:21:42.867019,484173,32
2026-06-23T13:21:42.867090,484174,32
2026-06-23T13:21:42.867165,484175,32
2026-06-23T13:21:42.867236,484175,33
2026-06-23T13:21:42.867307,484176,33
2026-06-23T13:21:42.867379,484177,32
2026-06-23T13:21:42.877032,484178,32
2026-06-23T13:21:42.877123,484179,32
2026-06-23T13:21:42.877183,484180,32
2026-06-23T13:21:42.877243,484181,32
2026-06-23T13:21:42.877303,484182,32
2026-06-23T13:21:42.877364,484183,32
2026-06-23T13:21:42.877423,484184,32
2026-06-23T13:21:42.877481,484185,32
2026-06-23T13:21:42.877540,484186,32
2026-06-23T13:21:42.877598,484187,32
2026-06-23T13:21:42.877657,484188,32
2026-06-23T13:21:42.887537,484189,31
2026-06-23T13:21:42.887627,484190,31
2026-06-23T13:21:42.887688,484191,31
2026-06-23T13:21:42.887749,484192,31
2026-06-23T13:21:42.887811,484193,32
2026-06-23T13:21:42.887870,484194,32
2026-06-23T13:21:42.887932,484195,32
2026-06-23T13:21:42.887996,484196,32
2026-06-23T13:21:42.888062,484196,32
2026-06-23T13:21:42.888124,484197,33
2026-06-23T13:21:42.888184,484198,32
2026-06-23T13:21:42.897961,484199,32
2026-06-23T13:21:42.898089,484200,32
2026-06-23T13:21:42.898224,484201,32
2026-06-23T13:21:42.898309,484202,32
2026-06-23T13:21:42.898388,484203,32
2026-06-23T13:21:42.898469,484204,32
2026-06-23T13:21:42.898544,484205,29
2026-06-23T13:21:42.898620,484206,31
2026-06-23T13:21:42.898697,484207,31
2026-06-23T13:21:42.898772,484208,32
2026-06-23T13:21:42.898845,484209,32
2026-06-23T13:21:42.908369,484210,33
2026-06-23T13:21:42.908460,484211,33
2026-06-23T13:21:42.908523,484212,33
2026-06-23T13:21:42.908585,484213,32
2026-06-23T13:21:42.908645,484214,33
2026-06-23T13:21:42.908705,484215,32
2026-06-23T13:21:42.908765,484216,32
2026-06-23T13:21:42.908826,484217,33
2026-06-23T13:21:42.908885,484218,32
2026-06-23T13:21:42.908944,484218,32
2026-06-23T13:21:42.909002,484219,31
2026-06-23T13:21:42.918967,484220,32
2026-06-23T13:21:42.919070,484221,32
2026-06-23T13:21:42.919136,484222,32
2026-06-23T13:21:42.919196,484223,32
2026-06-23T13:21:42.919261,484224,32
2026-06-23T13:21:42.919332,484225,32
2026-06-23T13:21:42.919391,484226,32
2026-06-23T13:21:42.919450,484227,32
2026-06-23T13:21:42.919509,484228,32
2026-06-23T13:21:42.919581,484229,32
2026-06-23T13:21:42.919648,484230,32
2026-06-23T13:21:42.929257,484231,32
2026-06-23T13:21:42.929372,484232,32
2026-06-23T13:21:42.929453,484233,33
2026-06-23T13:21:42.929529,484234,33
2026-06-23T13:21:42.929604,484235,33
2026-06-23T13:21:42.929678,484236,33
2026-06-23T13:21:42.929751,484237,33
2026-06-23T13:21:42.929824,484238,33
2026-06-23T13:21:42.929896,484239,33
2026-06-23T13:21:42.929969,484239,33
2026-06-23T13:21:42.930042,484240,34
2026-06-23T13:21:42.939767,484241,33
2026-06-23T13:21:42.939868,484242,33
2026-06-23T13:21:42.939931,484243,33
2026-06-23T13:21:42.939993,484244,33
2026-06-23T13:21:42.940053,484245,34
2026-06-23T13:21:42.940113,484246,34
2026-06-23T13:21:42.940172,484247,33
2026-06-23T13:21:42.940305,484248,34
2026-06-23T13:21:42.940387,484249,33
2026-06-23T13:21:42.940453,484250,34
2026-06-23T13:21:42.940519,484251,33
2026-06-23T13:21:42.950160,484252,34
2026-06-23T13:21:42.950279,484253,33
2026-06-23T13:21:42.950342,484254,33
2026-06-23T13:21:42.950403,484255,33
2026-06-23T13:21:42.950463,484256,33
2026-06-23T13:21:42.950524,484257,33
2026-06-23T13:21:42.950585,484258,33
2026-06-23T13:21:42.950644,484259,33
2026-06-23T13:21:42.950727,484260,33
2026-06-23T13:21:42.950801,484261,33
2026-06-23T13:21:42.950864,484261,33
2026-06-23T13:21:42.960587,484262,33
2026-06-23T13:21:42.960696,484263,33
2026-06-23T13:21:42.960788,484264,33
2026-06-23T13:21:42.960851,484265,33
2026-06-23T13:21:42.960913,484266,33
2026-06-23T13:21:42.961001,484267,33
2026-06-23T13:21:42.961065,484268,33
2026-06-23T13:21:42.961124,484269,32
2026-06-23T13:21:42.961184,484270,32
2026-06-23T13:21:42.961243,484271,32
2026-06-23T13:21:42.971078,484272,32
2026-06-23T13:21:42.971204,484273,32
2026-06-23T13:21:42.971268,484274,33
2026-06-23T13:21:42.971330,484275,33
2026-06-23T13:21:42.971390,484276,33
2026-06-23T13:21:42.971451,484277,33
2026-06-23T13:21:42.971512,484278,33
2026-06-23T13:21:42.971573,484279,33
2026-06-23T13:21:42.971643,484280,33
2026-06-23T13:21:42.971787,484281,33
2026-06-23T13:21:42.971854,484282,33
2026-06-23T13:21:42.981514,484282,33
2026-06-23T13:21:42.981616,484283,33
2026-06-23T13:21:42.981680,484284,33
2026-06-23T13:21:42.981744,484285,33
2026-06-23T13:21:42.981806,484286,33
2026-06-23T13:21:42.981874,484287,33
2026-06-23T13:21:42.981937,484288,33
2026-06-23T13:21:42.981997,484289,32
2026-06-23T13:21:42.982059,484290,32
2026-06-23T13:21:42.982119,484291,33
2026-06-23T13:21:42.982180,484292,33
2026-06-23T13:21:42.991946,484293,34
2026-06-23T13:21:42.992045,484294,33
2026-06-23T13:21:42.992108,484295,33
2026-06-23T13:21:42.992174,484296,33
2026-06-23T13:21:42.992235,484297,33
2026-06-23T13:21:42.992297,484298,33
2026-06-23T13:21:42.992357,484299,33
2026-06-23T13:21:42.992420,484300,33
2026-06-23T13:21:42.992484,484301,33
2026-06-23T13:21:42.992544,484302,33
2026-06-23T13:21:42.992604,484303,32
2026-06-23T13:21:43.002424,484303,33
2026-06-23T13:21:43.002522,484304,33
2026-06-23T13:21:43.002585,484305,33
2026-06-23T13:21:43.002647,484306,33
2026-06-23T13:21:43.002709,484307,33
2026-06-23T13:21:43.002769,484308,33
2026-06-23T13:21:43.002829,484309,33
2026-06-23T13:21:43.002891,484310,33
2026-06-23T13:21:43.002953,484311,33
2026-06-23T13:21:43.003012,484312,33
2026-06-23T13:21:43.003071,484313,33
2026-06-23T13:21:43.012796,484314,33
2026-06-23T13:21:43.012941,484315,33
2026-06-23T13:21:43.013023,484316,33
2026-06-23T13:21:43.013088,484317,33
2026-06-23T13:21:43.013149,484318,33
2026-06-23T13:21:43.013210,484319,33
2026-06-23T13:21:43.013271,484320,33
2026-06-23T13:21:43.013330,484321,33
2026-06-23T13:21:43.013389,484322,33
2026-06-23T13:21:43.013448,484323,32
2026-06-23T13:21:43.013507,484324,33
2026-06-23T13:21:43.023272,484325,32
2026-06-23T13:21:43.023393,484325,33
2026-06-23T13:21:43.023462,484326,32
2026-06-23T13:21:43.023525,484327,32
2026-06-23T13:21:43.023587,484328,32
2026-06-23T13:21:43.023648,484329,32
2026-06-23T13:21:43.023708,484330,33
2026-06-23T13:21:43.023768,484331,33
2026-06-23T13:21:43.023828,484332,33
2026-06-23T13:21:43.023940,484333,33
2026-06-23T13:21:43.024021,484334,33
2026-06-23T13:21:43.033706,484335,33
2026-06-23T13:21:43.033803,484336,32
2026-06-23T13:21:43.033866,484337,32
2026-06-23T13:21:43.033930,484338,32
2026-06-23T13:21:43.033990,484339,32
2026-06-23T13:21:43.034050,484340,32
2026-06-23T13:21:43.034148,484341,33
2026-06-23T13:21:43.034208,484342,32
2026-06-23T13:21:43.034267,484343,32
2026-06-23T13:21:43.034327,484344,33
2026-06-23T13:21:43.034400,484345,33
2026-06-23T13:21:43.044096,484346,34
2026-06-23T13:21:43.044183,484346,34
2026-06-23T13:21:43.044247,484347,34
2026-06-23T13:21:43.044307,484348,34
2026-06-23T13:21:43.044367,484349,34
2026-06-23T13:21:43.044426,484350,35
2026-06-23T13:21:43.044485,484351,35
2026-06-23T13:21:43.044544,484352,35
2026-06-23T13:21:43.044602,484353,35
2026-06-23T13:21:43.044661,484354,34
2026-06-23T13:21:43.044720,484355,34
2026-06-23T13:21:43.054606,484356,34
2026-06-23T13:21:43.054706,484357,34
2026-06-23T13:21:43.054766,484358,34
2026-06-23T13:21:43.054844,484359,35
2026-06-23T13:21:43.054905,484360,34
2026-06-23T13:21:43.054965,484361,35
2026-06-23T13:21:43.055024,484362,35
2026-06-23T13:21:43.055084,484363,35
2026-06-23T13:21:43.055144,484364,36
2026-06-23T13:21:43.055203,484365,35
2026-06-23T13:21:43.055261,484366,35
2026-06-23T13:21:43.064999,484367,35
2026-06-23T13:21:43.065093,484367,35
2026-06-23T13:21:43.065157,484368,35
2026-06-23T13:21:43.065218,484369,34
2026-06-23T13:21:43.065281,484370,35
2026-06-23T13:21:43.065341,484371,35
2026-06-23T13:21:43.065400,484372,35
2026-06-23T13:21:43.065458,484373,34
2026-06-23T13:21:43.065517,484374,34
2026-06-23T13:21:43.065576,484375,34
2026-06-23T13:21:43.065634,484376,34
2026-06-23T13:21:43.075497,484377,34
2026-06-23T13:21:43.075598,484378,34
2026-06-23T13:21:43.075662,484379,34
2026-06-23T13:21:43.075724,484380,34
2026-06-23T13:21:43.075784,484381,34
2026-06-23T13:21:43.075844,484382,35
2026-06-23T13:21:43.075904,484383,34
2026-06-23T13:21:43.075964,484384,34
2026-06-23T13:21:43.076024,484385,33
2026-06-23T13:21:43.076083,484386,33
2026-06-23T13:21:43.085925,484387,33
2026-06-23T13:21:43.086038,484388,33
2026-06-23T13:21:43.086102,484389,33
2026-06-23T13:21:43.086164,484389,33
2026-06-23T13:21:43.086224,484390,33
2026-06-23T13:21:43.086283,484391,33
2026-06-23T13:21:43.086343,484392,34
2026-06-23T13:21:43.086402,484393,34
2026-06-23T13:21:43.086461,484394,34
2026-06-23T13:21:43.086520,484395,33
2026-06-23T13:21:43.086584,484396,33
2026-06-23T13:21:43.096261,484397,33
2026-06-23T13:21:43.096349,484398,33
2026-06-23T13:21:43.096412,484399,33
2026-06-23T13:21:43.096478,484400,33
2026-06-23T13:21:43.096540,484401,34
2026-06-23T13:21:43.096600,484402,33
2026-06-23T13:21:43.096661,484403,33
2026-06-23T13:21:43.096723,484404,33
2026-06-23T13:21:43.096784,484405,33
2026-06-23T13:21:43.096844,484406,33
2026-06-23T13:21:43.096903,484407,33
2026-06-23T13:21:43.106873,484408,33
2026-06-23T13:21:43.107220,484409,33
2026-06-23T13:21:43.107331,484410,33
2026-06-23T13:21:43.107401,484410,33
2026-06-23T13:21:43.107466,484411,33
2026-06-23T13:21:43.107569,484412,33
2026-06-23T13:21:43.107650,484413,33
2026-06-23T13:21:43.107719,484414,33
2026-06-23T13:21:43.107785,484415,33
2026-06-23T13:21:43.107848,484416,33
2026-06-23T13:21:43.107937,484417,33
2026-06-23T13:21:43.117171,484418,33
2026-06-23T13:21:43.117313,484419,33
2026-06-23T13:21:43.117383,484420,33
2026-06-23T13:21:43.117534,484421,33
2026-06-23T13:21:43.117628,484422,33
2026-06-23T13:21:43.117701,484423,33
2026-06-23T13:21:43.117770,484424,33
2026-06-23T13:21:43.117837,484425,33
2026-06-23T13:21:43.117905,484426,33
2026-06-23T13:21:43.118030,484427,33
2026-06-23T13:21:43.118101,484428,33
2026-06-23T13:21:43.127621,484429,33
2026-06-23T13:21:43.127719,484430,33
2026-06-23T13:21:43.127776,484431,33
2026-06-23T13:21:43.127833,484431,33
2026-06-23T13:21:43.127888,484432,32
2026-06-23T13:21:43.127942,484433,33
2026-06-23T13:21:43.127995,484434,33
2026-06-23T13:21:43.128047,484435,33
2026-06-23T13:21:43.128099,484436,32
2026-06-23T13:21:43.128175,484437,31
2026-06-23T13:21:43.128237,484438,32
2026-06-23T13:21:43.138043,484439,32
2026-06-23T13:21:43.138158,484440,32
2026-06-23T13:21:43.138462,484441,32
2026-06-23T13:21:43.138568,484442,32
2026-06-23T13:21:43.138701,484443,32
2026-06-23T13:21:43.138823,484444,33
2026-06-23T13:21:43.138874,484445,33
2026-06-23T13:21:43.139010,484446,33
2026-06-23T13:21:43.139103,484447,33
2026-06-23T13:21:43.139181,484448,33
2026-06-23T13:21:43.139341,484449,33
2026-06-23T13:21:43.148657,484450,33
2026-06-23T13:21:43.148924,484451,34
2026-06-23T13:21:43.148984,484452,34
2026-06-23T13:21:43.149080,484453,34
2026-06-23T13:21:43.149124,484453,34
2026-06-23T13:21:43.149168,484454,34
2026-06-23T13:21:43.149798,484455,34
2026-06-23T13:21:43.149952,484456,34
2026-06-23T13:21:43.150043,484457,34
2026-06-23T13:21:43.150155,484458,34
2026-06-23T13:21:43.150195,484459,33
2026-06-23T13:21:43.158970,484460,33
2026-06-23T13:21:43.159203,484461,33
2026-06-23T13:21:43.159711,484462,34
2026-06-23T13:21:43.159754,484463,33
2026-06-23T13:21:43.159899,484464,33
2026-06-23T13:21:43.159942,484465,33
2026-06-23T13:21:43.159979,484466,33
2026-06-23T13:21:43.160281,484467,33
2026-06-23T13:21:43.160429,484468,33
2026-06-23T13:21:43.160499,484469,33
2026-06-23T13:21:43.160578,484470,33
2026-06-23T13:21:43.169440,484471,33
2026-06-23T13:21:43.169510,484472,33
2026-06-23T13:21:43.169544,484473,33
2026-06-23T13:21:43.169576,484474,33
2026-06-23T13:21:43.169607,484474,33
2026-06-23T13:21:43.169641,484475,33
2026-06-23T13:21:43.169673,484476,33
2026-06-23T13:21:43.169704,484477,33
2026-06-23T13:21:43.169734,484478,33
2026-06-23T13:21:43.169765,484479,33
2026-06-23T13:21:43.169795,484480,33
2026-06-23T13:21:43.179863,484481,33
2026-06-23T13:21:43.179922,484482,33
2026-06-23T13:21:43.179973,484483,34
2026-06-23T13:21:43.180007,484484,33
2026-06-23T13:21:43.180037,484485,33
2026-06-23T13:21:43.180066,484486,33
2026-06-23T13:21:43.180095,484487,34
2026-06-23T13:21:43.180123,484488,33
2026-06-23T13:21:43.180153,484489,34
2026-06-23T13:21:43.180181,484490,34
2026-06-23T13:21:43.180209,484491,34
2026-06-23T13:21:43.190237,484492,34
2026-06-23T13:21:43.190307,484493,34
2026-06-23T13:21:43.190335,484494,34
2026-06-23T13:21:43.190362,484495,34
2026-06-23T13:21:43.190390,484496,34
2026-06-23T13:21:43.190416,484496,34
2026-06-23T13:21:43.190460,484497,33
2026-06-23T13:21:43.190495,484498,33
2026-06-23T13:21:43.190523,484499,33
2026-06-23T13:21:43.190550,484500,33
2026-06-23T13:21:43.200701,484501,33
2026-06-23T13:21:43.200792,484502,33
2026-06-23T13:21:43.200826,484503,33
2026-06-23T13:21:43.200877,484504,33
2026-06-23T13:21:43.201020,484505,33
2026-06-23T13:21:43.201054,484506,33
2026-06-23T13:21:43.201095,484507,33
2026-06-23T13:21:43.201151,484508,33
2026-06-23T13:21:43.201181,484509,33
2026-06-23T13:21:43.201209,484510,33
2026-06-23T13:21:43.201236,484511,33
2026-06-23T13:21:43.211083,484512,33
2026-06-23T13:21:43.211156,484513,33
2026-06-23T13:21:43.211187,484514,33
2026-06-23T13:21:43.211215,484515,33
2026-06-23T13:21:43.211243,484516,32
2026-06-23T13:21:43.211271,484517,33
2026-06-23T13:21:43.211317,484517,33
2026-06-23T13:21:43.211377,484518,33
2026-06-23T13:21:43.211416,484519,33
2026-06-23T13:21:43.211452,484520,32
2026-06-23T13:21:43.211481,484521,32
2026-06-23T13:21:43.221538,484522,32
2026-06-23T13:21:43.221600,484523,33
2026-06-23T13:21:43.221628,484524,33
2026-06-23T13:21:43.221656,484525,33
2026-06-23T13:21:43.221769,484526,33
2026-06-23T13:21:43.221812,484527,32
2026-06-23T13:21:43.221845,484528,33
2026-06-23T13:21:43.221874,484529,33
2026-06-23T13:21:43.221901,484530,33
2026-06-23T13:21:43.221950,484531,32
2026-06-23T13:21:43.221985,484532,32
2026-06-23T13:21:43.231989,484533,32
2026-06-23T13:21:43.232061,484534,33
2026-06-23T13:21:43.232092,484535,32
2026-06-23T13:21:43.232122,484536,32
2026-06-23T13:21:43.232149,484537,33
2026-06-23T13:21:43.232176,484538,33
2026-06-23T13:21:43.232203,484538,33
2026-06-23T13:21:43.232230,484539,32
2026-06-23T13:21:43.232257,484540,32
2026-06-23T13:21:43.232284,484541,32
2026-06-23T13:21:43.232311,484542,32
2026-06-23T13:21:43.242414,484543,33
2026-06-23T13:21:43.242470,484544,33
2026-06-23T13:21:43.242497,484545,33
2026-06-23T13:21:43.242524,484546,33
2026-06-23T13:21:43.242550,484547,33
2026-06-23T13:21:43.242576,484548,33
2026-06-23T13:21:43.242602,484549,33
2026-06-23T13:21:43.242628,484550,33
2026-06-23T13:21:43.242654,484551,33
2026-06-23T13:21:43.242679,484552,33
2026-06-23T13:21:43.242705,484553,32
2026-06-23T13:21:43.252863,484554,32
2026-06-23T13:21:43.252924,484555,32
2026-06-23T13:21:43.252951,484556,33
2026-06-23T13:21:43.252979,484557,32
2026-06-23T13:21:43.253011,484558,33
2026-06-23T13:21:43.253037,484559,33
2026-06-23T13:21:43.253063,484560,33
2026-06-23T13:21:43.253089,484560,33
2026-06-23T13:21:43.253117,484561,33
2026-06-23T13:21:43.253145,484562,33
2026-06-23T13:21:43.253171,484563,33
2026-06-23T13:21:43.263468,484564,34
2026-06-23T13:21:43.263642,484565,33
2026-06-23T13:21:43.263694,484566,33
2026-06-23T13:21:43.263726,484567,33
2026-06-23T13:21:43.263754,484568,33
2026-06-23T13:21:43.263781,484569,33
2026-06-23T13:21:43.263911,484570,30
2026-06-23T13:21:43.263941,484571,33
2026-06-23T13:21:43.263969,484572,34
2026-06-23T13:21:43.263996,484573,33
2026-06-23T13:21:43.264023,484574,33
2026-06-23T13:21:43.273902,484575,33
2026-06-23T13:21:43.274044,484576,33
2026-06-23T13:21:43.274160,484577,33
2026-06-23T13:21:43.274252,484578,33
2026-06-23T13:21:43.274332,484579,33
2026-06-23T13:21:43.274410,484580,33
2026-06-23T13:21:43.274491,484581,33
2026-06-23T13:21:43.274568,484581,32
2026-06-23T13:21:43.274644,484582,33
2026-06-23T13:21:43.274749,484583,33
2026-06-23T13:21:43.274830,484584,33
2026-06-23T13:21:43.284265,484585,33
2026-06-23T13:21:43.284411,484586,33
2026-06-23T13:21:43.284489,484587,33
2026-06-23T13:21:43.284565,484588,33
2026-06-23T13:21:43.284640,484589,32
2026-06-23T13:21:43.284715,484590,32
2026-06-23T13:21:43.284943,484591,32
2026-06-23T13:21:43.285157,484592,32
2026-06-23T13:21:43.285880,484593,32
2026-06-23T13:21:43.285926,484594,33
2026-06-23T13:21:43.285955,484595,33
2026-06-23T13:21:43.294694,484596,33
2026-06-23T13:21:43.294773,484597,33
2026-06-23T13:21:43.294833,484598,33
2026-06-23T13:21:43.294862,484599,33
2026-06-23T13:21:43.294890,484600,33
2026-06-23T13:21:43.294917,484601,33
2026-06-23T13:21:43.294943,484602,33
2026-06-23T13:21:43.294970,484602,33
2026-06-23T13:21:43.294996,484603,32
2026-06-23T13:21:43.295022,484604,32
2026-06-23T13:21:43.295048,484605,33
2026-06-23T13:21:43.305129,484606,33
2026-06-23T13:21:43.305206,484607,32
2026-06-23T13:21:43.305236,484608,33
2026-06-23T13:21:43.305264,484609,33
2026-06-23T13:21:43.305292,484610,33
2026-06-23T13:21:43.305319,484611,33
2026-06-23T13:21:43.305346,484612,33
2026-06-23T13:21:43.305372,484613,33
2026-06-23T13:21:43.305399,484614,33
2026-06-23T13:21:43.305425,484615,33
2026-06-23T13:21:43.315542,484616,33
2026-06-23T13:21:43.315658,484617,33
2026-06-23T13:21:43.315693,484618,32
2026-06-23T13:21:43.315724,484619,34
2026-06-23T13:21:43.315757,484620,34
2026-06-23T13:21:43.315786,484621,34
2026-06-23T13:21:43.315814,484622,34
2026-06-23T13:21:43.315842,484623,33
2026-06-23T13:21:43.315870,484624,33
2026-06-23T13:21:43.315946,484624,33
2026-06-23T13:21:43.315989,484625,33
2026-06-23T13:21:43.325959,484626,33
2026-06-23T13:21:43.326032,484627,33
2026-06-23T13:21:43.326068,484628,34
2026-06-23T13:21:43.326100,484629,33
2026-06-23T13:21:43.326148,484630,33
2026-06-23T13:21:43.326191,484631,33
2026-06-23T13:21:43.326223,484632,33
2026-06-23T13:21:43.326255,484633,33
2026-06-23T13:21:43.326285,484634,33
2026-06-23T13:21:43.326316,484635,33
2026-06-23T13:21:43.326346,484636,33
2026-06-23T13:21:43.336387,484637,33
2026-06-23T13:21:43.336457,484638,33
2026-06-23T13:21:43.336490,484639,33
2026-06-23T13:21:43.336521,484640,33
2026-06-23T13:21:43.336552,484641,33
2026-06-23T13:21:43.336582,484642,33
2026-06-23T13:21:43.336612,484643,33
2026-06-23T13:21:43.336641,484644,33
2026-06-23T13:21:43.336671,484645,33
2026-06-23T13:21:43.336700,484645,33
2026-06-23T13:21:43.336730,484646,33
2026-06-23T13:21:43.346888,484647,33
2026-06-23T13:21:43.347033,484648,33
2026-06-23T13:21:43.347111,484649,32
2026-06-23T13:21:43.347186,484650,33
2026-06-23T13:21:43.347343,484651,32
2026-06-23T13:21:43.347437,484652,32
2026-06-23T13:21:43.347515,484653,32
2026-06-23T13:21:43.347590,484654,32
2026-06-23T13:21:43.347666,484655,32
2026-06-23T13:21:43.347741,484656,32
2026-06-23T13:21:43.347816,484657,32
2026-06-23T13:21:43.357293,484658,32
2026-06-23T13:21:43.357361,484659,32
2026-06-23T13:21:43.357397,484660,33
2026-06-23T13:21:43.357430,484661,33
2026-06-23T13:21:43.357464,484662,33
2026-06-23T13:21:43.357496,484663,33
2026-06-23T13:21:43.357528,484664,33
2026-06-23T13:21:43.357560,484665,32
2026-06-23T13:21:43.357592,484666,33
2026-06-23T13:21:43.357624,484666,33
2026-06-23T13:21:43.357655,484667,32
2026-06-23T13:21:43.367743,484668,32
2026-06-23T13:21:43.367816,484669,32
2026-06-23T13:21:43.367854,484670,32
2026-06-23T13:21:43.367890,484671,32
2026-06-23T13:21:43.367926,484672,32
2026-06-23T13:21:43.367984,484673,33
2026-06-23T13:21:43.368019,484674,33
2026-06-23T13:21:43.368054,484675,33
2026-06-23T13:21:43.368089,484676,34
2026-06-23T13:21:43.368124,484677,34
2026-06-23T13:21:43.368170,484678,34
2026-06-23T13:21:43.378226,484679,33
2026-06-23T13:21:43.378370,484680,33
2026-06-23T13:21:43.378448,484681,33
2026-06-23T13:21:43.378524,484682,33
2026-06-23T13:21:43.378599,484683,33
2026-06-23T13:21:43.378674,484684,34
2026-06-23T13:21:43.378748,484685,33
2026-06-23T13:21:43.378823,484686,33
2026-06-23T13:21:43.378897,484687,33
2026-06-23T13:21:43.378975,484688,33
2026-06-23T13:21:43.379049,484688,33
2026-06-23T13:21:43.388648,484689,33
2026-06-23T13:21:43.388719,484690,33
2026-06-23T13:21:43.388760,484691,33
2026-06-23T13:21:43.388801,484692,33
2026-06-23T13:21:43.388840,484693,34
2026-06-23T13:21:43.388879,484694,34
2026-06-23T13:21:43.388918,484695,34
2026-06-23T13:21:43.388957,484696,34
2026-06-23T13:21:43.388996,484697,34
2026-06-23T13:21:43.389034,484698,34
2026-06-23T13:21:43.389073,484699,33
2026-06-23T13:21:43.399203,484700,33
2026-06-23T13:21:43.399378,484701,33
2026-06-23T13:21:43.399458,484702,33
2026-06-23T13:21:43.399533,484703,33
2026-06-23T13:21:43.399609,484704,33
2026-06-23T13:21:43.399685,484705,33
2026-06-23T13:21:43.399762,484706,33
2026-06-23T13:21:43.399839,484707,33
2026-06-23T13:21:43.399964,484708,33
2026-06-23T13:21:43.400068,484709,30
2026-06-23T13:21:43.400127,484709,33
2026-06-23T13:21:43.409567,484710,33
2026-06-23T13:21:43.409639,484711,33
2026-06-23T13:21:43.409690,484712,33
2026-06-23T13:21:43.409735,484713,33
2026-06-23T13:21:43.409779,484714,33
2026-06-23T13:21:43.409824,484715,32
2026-06-23T13:21:43.409869,484716,33
2026-06-23T13:21:43.409913,484717,33
2026-06-23T13:21:43.409957,484718,32
2026-06-23T13:21:43.410001,484719,33
2026-06-23T13:21:43.410045,484720,33
2026-06-23T13:21:43.419980,484721,33
2026-06-23T13:21:43.420069,484722,33
2026-06-23T13:21:43.420117,484723,33
2026-06-23T13:21:43.420163,484724,33
2026-06-23T13:21:43.420208,484725,33
2026-06-23T13:21:43.420253,484726,33
2026-06-23T13:21:43.420298,484727,33
2026-06-23T13:21:43.420343,484728,33
2026-06-23T13:21:43.420388,484729,33
2026-06-23T13:21:43.420432,484730,33
2026-06-23T13:21:43.430456,484731,33
2026-06-23T13:21:43.430639,484731,33
2026-06-23T13:21:43.430728,484732,32
2026-06-23T13:21:43.430806,484733,32
2026-06-23T13:21:43.430883,484734,32
2026-06-23T13:21:43.431175,484735,32
2026-06-23T13:21:43.431283,484736,32
2026-06-23T13:21:43.431368,484737,32
2026-06-23T13:21:43.431444,484738,32
2026-06-23T13:21:43.431519,484739,32
2026-06-23T13:21:43.431608,484740,32
2026-06-23T13:21:43.440838,484741,32
2026-06-23T13:21:43.440960,484742,32
2026-06-23T13:21:43.441032,484743,32
2026-06-23T13:21:43.441087,484744,32
2026-06-23T13:21:43.441140,484745,32
2026-06-23T13:21:43.441192,484746,32
2026-06-23T13:21:43.441244,484747,32
2026-06-23T13:21:43.441295,484748,32
2026-06-23T13:21:43.441345,484749,32
2026-06-23T13:21:43.441396,484750,32
2026-06-23T13:21:43.441447,484751,32
2026-06-23T13:21:43.451274,484752,32
2026-06-23T13:21:43.451382,484752,32
2026-06-23T13:21:43.451442,484753,32
2026-06-23T13:21:43.451497,484754,32
2026-06-23T13:21:43.451548,484755,32
2026-06-23T13:21:43.451599,484756,32
2026-06-23T13:21:43.451652,484757,32
2026-06-23T13:21:43.451703,484758,32
2026-06-23T13:21:43.451754,484759,32
2026-06-23T13:21:43.451804,484760,33
2026-06-23T13:21:43.451854,484761,33
2026-06-23T13:21:43.461746,484762,33
2026-06-23T13:21:43.461825,484763,33
2026-06-23T13:21:43.461879,484764,33
2026-06-23T13:21:43.461937,484765,33
2026-06-23T13:21:43.461990,484766,33
2026-06-23T13:21:43.462041,484767,33
2026-06-23T13:21:43.462093,484768,33
2026-06-23T13:21:43.462176,484769,33
2026-06-23T13:21:43.462264,484770,33
2026-06-23T13:21:43.462357,484771,33
2026-06-23T13:21:43.462473,484772,33
2026-06-23T13:21:43.472200,484773,33
2026-06-23T13:21:43.472315,484773,33
2026-06-23T13:21:43.472369,484774,33
2026-06-23T13:21:43.472422,484775,34
2026-06-23T13:21:43.472475,484776,34
2026-06-23T13:21:43.472527,484777,34
2026-06-23T13:21:43.472578,484778,34
2026-06-23T13:21:43.472630,484779,34
2026-06-23T13:21:43.472681,484780,34
2026-06-23T13:21:43.472733,484781,34
2026-06-23T13:21:43.472783,484782,34
2026-06-23T13:21:43.482600,484783,34
2026-06-23T13:21:43.482683,484784,34
2026-06-23T13:21:43.482738,484785,34
2026-06-23T13:21:43.482796,484786,34
2026-06-23T13:21:43.482849,484787,34
2026-06-23T13:21:43.482903,484788,34
2026-06-23T13:21:43.483042,484789,34
2026-06-23T13:21:43.483179,484790,34
2026-06-23T13:21:43.483258,484791,34
2026-06-23T13:21:43.483334,484792,34
2026-06-23T13:21:43.483420,484793,34
2026-06-23T13:21:43.493062,484794,34
2026-06-23T13:21:43.493142,484795,34
2026-06-23T13:21:43.493195,484795,34
2026-06-23T13:21:43.493247,484796,34
2026-06-23T13:21:43.493301,484797,34
2026-06-23T13:21:43.493352,484798,34
2026-06-23T13:21:43.493403,484799,34
2026-06-23T13:21:43.493453,484800,33
2026-06-23T13:21:43.493518,484801,33
2026-06-23T13:21:43.493579,484802,33
2026-06-23T13:21:43.493630,484803,33
2026-06-23T13:21:43.503532,484804,33
2026-06-23T13:21:43.503651,484805,33
2026-06-23T13:21:43.503717,484806,33
2026-06-23T13:21:43.503780,484807,33
2026-06-23T13:21:43.503839,484808,33
2026-06-23T13:21:43.503899,484809,33
2026-06-23T13:21:43.503958,484810,33
2026-06-23T13:21:43.504017,484811,33
2026-06-23T13:21:43.504076,484812,33
2026-06-23T13:21:43.504135,484813,33
2026-06-23T13:21:43.504194,484814,33
2026-06-23T13:21:43.513934,484815,33
2026-06-23T13:21:43.514014,484816,32
2026-06-23T13:21:43.514074,484816,31
2026-06-23T13:21:43.514134,484817,33
2026-06-23T13:21:43.514193,484818,33
2026-06-23T13:21:43.514253,484819,33
2026-06-23T13:21:43.514311,484820,33
2026-06-23T13:21:43.514370,484821,33
2026-06-23T13:21:43.514429,484822,33
2026-06-23T13:21:43.514487,484823,33
2026-06-23T13:21:43.514547,484824,33
2026-06-23T13:21:43.524491,484825,34
2026-06-23T13:21:43.524599,484826,33
2026-06-23T13:21:43.524674,484827,33
2026-06-23T13:21:43.524747,484828,33
2026-06-23T13:21:43.524820,484829,34
2026-06-23T13:21:43.524892,484830,33
2026-06-23T13:21:43.524964,484831,33
2026-06-23T13:21:43.525036,484832,33
2026-06-23T13:21:43.525108,484833,33
2026-06-23T13:21:43.525179,484834,33
2026-06-23T13:21:43.525251,484835,32
2026-06-23T13:21:43.534919,484836,33
2026-06-23T13:21:43.535048,484837,32
2026-06-23T13:21:43.535142,484837,32
2026-06-23T13:21:43.535229,484838,33
2026-06-23T13:21:43.535306,484839,33
2026-06-23T13:21:43.535379,484840,33
2026-06-23T13:21:43.535451,484841,33
2026-06-23T13:21:43.535522,484842,33
2026-06-23T13:21:43.535593,484843,33
2026-06-23T13:21:43.535664,484844,33
2026-06-23T13:21:43.545261,484845,33
2026-06-23T13:21:43.545355,484846,33
2026-06-23T13:21:43.545430,484847,32
2026-06-23T13:21:43.545504,484848,32
2026-06-23T13:21:43.545593,484849,32
2026-06-23T13:21:43.545668,484850,33
2026-06-23T13:21:43.545740,484851,32
2026-06-23T13:21:43.545811,484852,32
2026-06-23T13:21:43.545882,484853,32
2026-06-23T13:21:43.545954,484854,32
2026-06-23T13:21:43.546024,484855,32
2026-06-23T13:21:43.555812,484856,32
2026-06-23T13:21:43.555950,484857,32
2026-06-23T13:21:43.556027,484858,32
2026-06-23T13:21:43.556101,484859,32
2026-06-23T13:21:43.556172,484859,33
2026-06-23T13:21:43.556244,484860,33
2026-06-23T13:21:43.556316,484861,33
2026-06-23T13:21:43.556388,484862,32
2026-06-23T13:21:43.556459,484863,32
2026-06-23T13:21:43.556530,484864,32
2026-06-23T13:21:43.556602,484865,32
2026-06-23T13:21:43.566118,484866,32
2026-06-23T13:21:43.566220,484867,32
2026-06-23T13:21:43.566294,484868,32
2026-06-23T13:21:43.566368,484869,32
2026-06-23T13:21:43.566439,484870,32
2026-06-23T13:21:43.566512,484871,32
2026-06-23T13:21:43.566584,484872,32
2026-06-23T13:21:43.566655,484873,32
2026-06-23T13:21:43.566727,484874,32
2026-06-23T13:21:43.566799,484875,32
2026-06-23T13:21:43.566872,484876,32
2026-06-23T13:21:43.576647,484877,32
2026-06-23T13:21:43.576739,484878,33
2026-06-23T13:21:43.576812,484879,33
2026-06-23T13:21:43.576885,484880,32
2026-06-23T13:21:43.576980,484880,33
2026-06-23T13:21:43.577052,484881,32
2026-06-23T13:21:43.577123,484882,32
2026-06-23T13:21:43.577194,484883,32
2026-06-23T13:21:43.577275,484884,32
2026-06-23T13:21:43.577365,484885,32
2026-06-23T13:21:43.577456,484886,32
2026-06-23T13:21:43.587090,484887,32
2026-06-23T13:21:43.587187,484888,33
2026-06-23T13:21:43.587260,484889,33
2026-06-23T13:21:43.587332,484890,33
2026-06-23T13:21:43.587404,484891,33
2026-06-23T13:21:43.587479,484892,33
2026-06-23T13:21:43.587550,484893,33
2026-06-23T13:21:43.587627,484894,33
2026-06-23T13:21:43.587698,484895,33
2026-06-23T13:21:43.587769,484896,33
2026-06-23T13:21:43.587840,484897,33
2026-06-23T13:21:43.597469,484898,33
2026-06-23T13:21:43.597577,484899,32
2026-06-23T13:21:43.597669,484900,32
2026-06-23T13:21:43.597762,484901,32
2026-06-23T13:21:43.597854,484901,32
2026-06-23T13:21:43.597947,484902,32
2026-06-23T13:21:43.598039,484903,32
2026-06-23T13:21:43.598131,484904,32
2026-06-23T13:21:43.598241,484905,32
2026-06-23T13:21:43.598341,484906,32
2026-06-23T13:21:43.598432,484907,32
2026-06-23T13:21:43.607966,484908,32
2026-06-23T13:21:43.608055,484909,33
2026-06-23T13:21:43.608128,484910,33
2026-06-23T13:21:43.608200,484911,33
2026-06-23T13:21:43.608275,484912,33
2026-06-23T13:21:43.608346,484913,33
2026-06-23T13:21:43.608418,484914,33
2026-06-23T13:21:43.608490,484915,33
2026-06-23T13:21:43.608567,484916,33
2026-06-23T13:21:43.608638,484917,34
2026-06-23T13:21:43.608709,484918,33
2026-06-23T13:21:43.618389,484919,33
2026-06-23T13:21:43.618492,484920,33
2026-06-23T13:21:43.618565,484921,33
2026-06-23T13:21:43.618636,484922,33
2026-06-23T13:21:43.618708,484923,33
2026-06-23T13:21:43.618781,484923,33
2026-06-23T13:21:43.618852,484924,33
2026-06-23T13:21:43.618938,484925,33
2026-06-23T13:21:43.619011,484926,33
2026-06-23T13:21:43.619082,484927,33
2026-06-23T13:21:43.619153,484928,33
2026-06-23T13:21:43.628921,484929,33
2026-06-23T13:21:43.629024,484930,33
2026-06-23T13:21:43.629117,484931,34
2026-06-23T13:21:43.629209,484932,33
2026-06-23T13:21:43.629300,484933,33
2026-06-23T13:21:43.629391,484934,33
2026-06-23T13:21:43.629482,484935,33
2026-06-23T13:21:43.629573,484936,33
2026-06-23T13:21:43.629664,484937,33
2026-06-23T13:21:43.629754,484938,33
2026-06-23T13:21:43.629845,484939,33
2026-06-23T13:21:43.639318,484940,33
2026-06-23T13:21:43.639414,484941,33
2026-06-23T13:21:43.639486,484942,33
2026-06-23T13:21:43.639557,484943,33
2026-06-23T13:21:43.639628,484944,33
2026-06-23T13:21:43.639699,484944,33
2026-06-23T13:21:43.639771,484945,33
2026-06-23T13:21:43.639842,484946,33
2026-06-23T13:21:43.639913,484947,33
2026-06-23T13:21:43.639984,484948,33
2026-06-23T13:21:43.640056,484949,33
2026-06-23T13:21:43.649692,484950,33
2026-06-23T13:21:43.649783,484951,33
2026-06-23T13:21:43.649856,484952,33
2026-06-23T13:21:43.649929,484953,33
2026-06-23T13:21:43.650000,484954,33
2026-06-23T13:21:43.650072,484955,33
2026-06-23T13:21:43.650144,484956,33
2026-06-23T13:21:43.650215,484957,33
2026-06-23T13:21:43.650287,484958,33
2026-06-23T13:21:43.650358,484959,33
2026-06-23T13:21:43.660113,484960,34
2026-06-23T13:21:43.660203,484961,33
2026-06-23T13:21:43.660276,484962,33
2026-06-23T13:21:43.660347,484963,33
2026-06-23T13:21:43.660419,484964,33
2026-06-23T13:21:43.660490,484965,34
2026-06-23T13:21:43.660561,484965,34
2026-06-23T13:21:43.660632,484966,34
2026-06-23T13:21:43.660715,484967,34
2026-06-23T13:21:43.660788,484968,34
2026-06-23T13:21:43.660877,484969,34
2026-06-23T13:21:43.670606,484970,34
2026-06-23T13:21:43.670706,484971,35
2026-06-23T13:21:43.670778,484972,34
2026-06-23T13:21:43.670850,484973,34
2026-06-23T13:21:43.670923,484974,34
2026-06-23T13:21:43.670994,484975,34
2026-06-23T13:21:43.671065,484976,34
2026-06-23T13:21:43.671137,484977,34
2026-06-23T13:21:43.671208,484978,34
2026-06-23T13:21:43.671280,484979,34
2026-06-23T13:21:43.671355,484980,34
2026-06-23T13:21:43.681008,484981,34
2026-06-23T13:21:43.681097,484982,34
2026-06-23T13:21:43.681174,484983,34
2026-06-23T13:21:43.681250,484984,34
2026-06-23T13:21:43.681328,484985,34
2026-06-23T13:21:43.681403,484986,35
2026-06-23T13:21:43.681479,484987,34
2026-06-23T13:21:43.681554,484987,34
2026-06-23T13:21:43.681629,484988,33
2026-06-23T13:21:43.681705,484989,33
2026-06-23T13:21:43.681781,484990,33
2026-06-23T13:21:43.691451,484991,34
2026-06-23T13:21:43.691542,484992,33
2026-06-23T13:21:43.691615,484993,34
2026-06-23T13:21:43.691688,484994,34
2026-06-23T13:21:43.691761,484995,34
2026-06-23T13:21:43.691833,484996,33
2026-06-23T13:21:43.691905,484997,33
2026-06-23T13:21:43.691976,484998,33
2026-06-23T13:21:43.692048,484999,33
2026-06-23T13:21:43.692121,485000,33
2026-06-23T13:21:43.692194,485001,33
2026-06-23T13:21:43.701907,485002,33
2026-06-23T13:21:43.702014,485003,33
2026-06-23T13:21:43.702091,485004,33
2026-06-23T13:21:43.702163,485005,33
2026-06-23T13:21:43.702236,485006,33
2026-06-23T13:21:43.702312,485007,33
2026-06-23T13:21:43.702386,485008,33
2026-06-23T13:21:43.702457,485008,33
2026-06-23T13:21:43.702528,485009,33
2026-06-23T13:21:43.702598,485010,32
2026-06-23T13:21:43.702670,485011,33
2026-06-23T13:21:43.712356,485012,33
2026-06-23T13:21:43.712478,485013,33
2026-06-23T13:21:43.712561,485014,33
2026-06-23T13:21:43.712643,485015,33
2026-06-23T13:21:43.712719,485016,33
2026-06-23T13:21:43.712794,485017,33
2026-06-23T13:21:43.712869,485018,33
2026-06-23T13:21:43.712942,485019,33
2026-06-23T13:21:43.713014,485020,33
2026-06-23T13:21:43.713086,485021,33
2026-06-23T13:21:43.713158,485022,33
2026-06-23T13:21:43.722837,485023,33
2026-06-23T13:21:43.722934,485024,33
2026-06-23T13:21:43.722995,485025,33
2026-06-23T13:21:43.723055,485026,33
2026-06-23T13:21:43.723114,485027,33
2026-06-23T13:21:43.723173,485028,33
2026-06-23T13:21:43.723231,485029,33
2026-06-23T13:21:43.723290,485030,33
2026-06-23T13:21:43.723349,485030,33
2026-06-23T13:21:43.723409,485031,33
2026-06-23T13:21:43.723468,485032,33
2026-06-23T13:21:43.733198,485033,32
2026-06-23T13:21:43.733276,485034,33
2026-06-23T13:21:43.733329,485035,32
2026-06-23T13:21:43.733382,485036,32
2026-06-23T13:21:43.733435,485037,33
2026-06-23T13:21:43.733487,485038,32
2026-06-23T13:21:43.733537,485039,33
2026-06-23T13:21:43.733588,485040,33
2026-06-23T13:21:43.733640,485041,34
2026-06-23T13:21:43.733692,485042,33
2026-06-23T13:21:43.733743,485043,33
2026-06-23T13:21:43.743718,485044,33
2026-06-23T13:21:43.743780,485045,33
2026-06-23T13:21:43.743825,485046,33
2026-06-23T13:21:43.743871,485047,33
2026-06-23T13:21:43.743916,485048,33
2026-06-23T13:21:43.743961,485049,33
2026-06-23T13:21:43.744005,485050,33
2026-06-23T13:21:43.744052,485051,33
2026-06-23T13:21:43.744098,485051,33
2026-06-23T13:21:43.744141,485052,33
2026-06-23T13:21:43.744186,485053,33
2026-06-23T13:21:43.754140,485054,32
2026-06-23T13:21:43.754221,485055,33
2026-06-23T13:21:43.754267,485056,33
2026-06-23T13:21:43.754311,485057,33
2026-06-23T13:21:43.754356,485058,33
2026-06-23T13:21:43.754402,485059,33
2026-06-23T13:21:43.754447,485060,33
2026-06-23T13:21:43.754493,485061,33
2026-06-23T13:21:43.754539,485062,33
2026-06-23T13:21:43.754583,485063,34
2026-06-23T13:21:43.754628,485064,33
2026-06-23T13:21:43.764489,485065,33
2026-06-23T13:21:43.764556,485066,33
2026-06-23T13:21:43.764608,485067,34
2026-06-23T13:21:43.764659,485068,33
2026-06-23T13:21:43.764711,485069,33
2026-06-23T13:21:43.764763,485070,33
2026-06-23T13:21:43.764814,485071,33
2026-06-23T13:21:43.764865,485072,33
2026-06-23T13:21:43.764917,485072,33
2026-06-23T13:21:43.764970,485073,33
2026-06-23T13:21:43.775040,485074,32
2026-06-23T13:21:43.775176,485075,34
2026-06-23T13:21:43.775273,485076,34
2026-06-23T13:21:43.775367,485077,34
2026-06-23T13:21:43.775460,485078,34
2026-06-23T13:21:43.775555,485079,33
2026-06-23T13:21:43.775648,485080,33
2026-06-23T13:21:43.775743,485081,33
2026-06-23T13:21:43.775836,485082,33
2026-06-23T13:21:43.775929,485083,33
2026-06-23T13:21:43.776021,485084,33
2026-06-23T13:21:43.785457,485085,33
2026-06-23T13:21:43.785568,485086,33
2026-06-23T13:21:43.785640,485087,33
2026-06-23T13:21:43.785703,485088,33
2026-06-23T13:21:43.785764,485089,33
2026-06-23T13:21:43.785824,485090,33
2026-06-23T13:21:43.785884,485091,34
2026-06-23T13:21:43.785944,485092,33
2026-06-23T13:21:43.786004,485093,33
2026-06-23T13:21:43.786063,485094,33
2026-06-23T13:21:43.786122,485094,33
2026-06-23T13:21:43.795910,485095,33
2026-06-23T13:21:43.796032,485096,33
2026-06-23T13:21:43.796128,485097,33
2026-06-23T13:21:43.796222,485098,33
2026-06-23T13:21:43.796291,485099,33
2026-06-23T13:21:43.796351,485100,32
2026-06-23T13:21:43.796410,485101,32
2026-06-23T13:21:43.796470,485102,32
2026-06-23T13:21:43.796530,485103,32
2026-06-23T13:21:43.796623,485104,32
2026-06-23T13:21:43.796708,485105,32
2026-06-23T13:21:43.806373,485106,32
2026-06-23T13:21:43.806509,485107,32
2026-06-23T13:21:43.806606,485108,33
2026-06-23T13:21:43.806700,485109,32
2026-06-23T13:21:43.806794,485110,34
2026-06-23T13:21:43.806886,485111,33
2026-06-23T13:21:43.806978,485112,33
2026-06-23T13:21:43.807071,485113,33
2026-06-23T13:21:43.807162,485114,33
2026-06-23T13:21:43.807253,485115,33
2026-06-23T13:21:43.807379,485115,33
2026-06-23T13:21:43.816773,485116,34
2026-06-23T13:21:43.816872,485117,33
2026-06-23T13:21:43.816946,485118,33
2026-06-23T13:21:43.817019,485119,34
2026-06-23T13:21:43.817091,485120,33
2026-06-23T13:21:43.817163,485121,33
2026-06-23T13:21:43.817234,485122,32
2026-06-23T13:21:43.817306,485123,33
2026-06-23T13:21:43.817377,485124,33
2026-06-23T13:21:43.817449,485125,33
2026-06-23T13:21:43.817520,485126,35
2026-06-23T13:21:43.827268,485127,34
2026-06-23T13:21:43.827403,485128,33
2026-06-23T13:21:43.827498,485129,33
2026-06-23T13:21:43.827591,485130,33
2026-06-23T13:21:43.827683,485131,33
2026-06-23T13:21:43.827774,485132,33
2026-06-23T13:21:43.827866,485133,33
2026-06-23T13:21:43.827958,485134,33
2026-06-23T13:21:43.828051,485135,33
2026-06-23T13:21:43.828142,485136,33
2026-06-23T13:21:43.828233,485136,33
2026-06-23T13:21:43.837682,485137,33
2026-06-23T13:21:43.837799,485138,33
2026-06-23T13:21:43.837876,485139,33
2026-06-23T13:21:43.837949,485140,33
2026-06-23T13:21:43.838021,485141,33
2026-06-23T13:21:43.838108,485142,33
2026-06-23T13:21:43.838180,485143,33
2026-06-23T13:21:43.838252,485144,33
2026-06-23T13:21:43.838325,485145,33
2026-06-23T13:21:43.838400,485146,33
2026-06-23T13:21:43.838472,485147,33
2026-06-23T13:21:43.848130,485148,33
2026-06-23T13:21:43.848259,485149,33
2026-06-23T13:21:43.848416,485150,33
2026-06-23T13:21:43.848555,485151,33
2026-06-23T13:21:43.848658,485152,33
2026-06-23T13:21:43.848755,485153,33
2026-06-23T13:21:43.848851,485154,33
2026-06-23T13:21:43.848946,485155,37
2026-06-23T13:21:43.849039,485156,33
2026-06-23T13:21:43.849133,485157,33
2026-06-23T13:21:43.849232,485158,33
2026-06-23T13:21:43.858566,485158,33
2026-06-23T13:21:43.858657,485159,34
2026-06-23T13:21:43.858729,485160,34
2026-06-23T13:21:43.858801,485161,39
2026-06-23T13:21:43.858873,485162,34
2026-06-23T13:21:43.858945,485163,34
2026-06-23T13:21:43.859016,485164,34
2026-06-23T13:21:43.859088,485165,34
2026-06-23T13:21:43.859159,485166,34
2026-06-23T13:21:43.859231,485167,33
2026-06-23T13:21:43.859303,485168,34
2026-06-23T13:21:43.868994,485169,34
2026-06-23T13:21:43.869101,485170,34
2026-06-23T13:21:43.869175,485171,34
2026-06-23T13:21:43.869247,485172,34
2026-06-23T13:21:43.869321,485173,33
2026-06-23T13:21:43.869398,485174,34
2026-06-23T13:21:43.869470,485175,34
2026-06-23T13:21:43.869541,485176,34
2026-06-23T13:21:43.869620,485177,34
2026-06-23T13:21:43.869691,485178,34
2026-06-23T13:21:43.869763,485179,34
2026-06-23T13:21:43.879443,485179,34
2026-06-23T13:21:43.879558,485180,34
2026-06-23T13:21:43.879656,485181,33
2026-06-23T13:21:43.879753,485182,33
2026-06-23T13:21:43.879849,485183,33
2026-06-23T13:21:43.879947,485184,33
2026-06-23T13:21:43.880050,485185,33
2026-06-23T13:21:43.880147,485186,33
2026-06-23T13:21:43.880245,485187,33
2026-06-23T13:21:43.880342,485188,33
2026-06-23T13:21:43.889922,485189,33
2026-06-23T13:21:43.890049,485190,33
2026-06-23T13:21:43.890127,485191,33
2026-06-23T13:21:43.890200,485192,35
2026-06-23T13:21:43.890275,485193,33
2026-06-23T13:21:43.890349,485194,33
2026-06-23T13:21:43.890421,485195,33
2026-06-23T13:21:43.890494,485196,33
2026-06-23T13:21:43.890567,485197,33
2026-06-23T13:21:43.890670,485198,33
2026-06-23T13:21:43.890761,485199,33
2026-06-23T13:21:43.900309,485200,33
2026-06-23T13:21:43.900465,485200,33
2026-06-23T13:21:43.900548,485201,33
2026-06-23T13:21:43.900624,485202,33
2026-06-23T13:21:43.900702,485203,33
2026-06-23T13:21:43.900778,485204,32
2026-06-23T13:21:43.900852,485205,32
2026-06-23T13:21:43.900924,485206,32
2026-06-23T13:21:43.900996,485207,33
2026-06-23T13:21:43.901069,485208,33
2026-06-23T13:21:43.901141,485209,33
2026-06-23T13:21:43.910700,485210,33
2026-06-23T13:21:43.910871,485211,32
2026-06-23T13:21:43.910967,485212,32
2026-06-23T13:21:43.911046,485213,32
2026-06-23T13:21:43.911121,485214,32
2026-06-23T13:21:43.911198,485215,32
2026-06-23T13:21:43.911273,485216,32
2026-06-23T13:21:43.911346,485217,32
2026-06-23T13:21:43.911420,485218,32
2026-06-23T13:21:43.911495,485219,32
2026-06-23T13:21:43.911568,485220,32
2026-06-23T13:21:43.921244,485221,32
2026-06-23T13:21:43.921373,485222,33
2026-06-23T13:21:43.921468,485222,33
2026-06-23T13:21:43.921545,485223,32
2026-06-23T13:21:43.921619,485224,32
2026-06-23T13:21:43.921698,485225,32
2026-06-23T13:21:43.921839,485226,32
2026-06-23T13:21:43.921939,485227,32
2026-06-23T13:21:43.922019,485228,32
2026-06-23T13:21:43.922094,485229,32
2026-06-23T13:21:43.922169,485230,32
2026-06-23T13:21:43.931619,485231,32
2026-06-23T13:21:43.931718,485232,32
2026-06-23T13:21:43.931798,485233,32
2026-06-23T13:21:43.931873,485234,32
2026-06-23T13:21:43.931949,485235,32
2026-06-23T13:21:43.932022,485236,32
2026-06-23T13:21:43.932097,485237,32
2026-06-23T13:21:43.932169,485238,32
2026-06-23T13:21:43.932239,485239,32
2026-06-23T13:21:43.932311,485240,32
2026-06-23T13:21:43.932383,485241,32
2026-06-23T13:21:43.942051,485242,32
2026-06-23T13:21:43.942153,485243,32
2026-06-23T13:21:43.942229,485243,31
2026-06-23T13:21:43.942304,485244,32
2026-06-23T13:21:43.942377,485245,31
2026-06-23T13:21:43.942449,485246,31
2026-06-23T13:21:43.942521,485247,31
2026-06-23T13:21:43.942593,485248,31
2026-06-23T13:21:43.942665,485249,31
2026-06-23T13:21:43.942737,485250,31
2026-06-23T13:21:43.942809,485251,31
2026-06-23T13:21:43.952606,485252,31
2026-06-23T13:21:43.952717,485253,31
2026-06-23T13:21:43.952794,485254,31
2026-06-23T13:21:43.952869,485255,32
2026-06-23T13:21:43.952942,485256,32
2026-06-23T13:21:43.953014,485257,32
2026-06-23T13:21:43.953086,485258,32
2026-06-23T13:21:43.953158,485259,33
2026-06-23T13:21:43.953229,485260,32
2026-06-23T13:21:43.953300,485261,32
2026-06-23T13:21:43.953371,485262,32
2026-06-23T13:21:43.962948,485263,32
2026-06-23T13:21:43.963058,485264,32
2026-06-23T13:21:43.963154,485265,32
2026-06-23T13:21:43.963248,485265,32
2026-06-23T13:21:43.963342,485266,32
2026-06-23T13:21:43.963433,485267,32
2026-06-23T13:21:43.963527,485268,32
2026-06-23T13:21:43.963618,485269,32
2026-06-23T13:21:43.963711,485270,32
2026-06-23T13:21:43.963808,485271,32
2026-06-23T13:21:43.963906,485272,32
2026-06-23T13:21:43.973477,485273,32
2026-06-23T13:21:43.973586,485274,32
2026-06-23T13:21:43.973661,485275,32
2026-06-23T13:21:43.973765,485276,32
2026-06-23T13:21:43.973853,485277,33
2026-06-23T13:21:43.973930,485278,32
2026-06-23T13:21:43.974005,485279,32
2026-06-23T13:21:43.974079,485280,32
2026-06-23T13:21:43.974153,485281,32
2026-06-23T13:21:43.974225,485282,32
2026-06-23T13:21:43.974297,485283,32
2026-06-23T13:21:43.983873,485284,32
2026-06-23T13:21:43.983975,485285,32
2026-06-23T13:21:43.984049,485286,32
2026-06-23T13:21:43.984123,485286,31
2026-06-23T13:21:43.984196,485287,31
2026-06-23T13:21:43.984269,485288,32
2026-06-23T13:21:43.984347,485289,32
2026-06-23T13:21:43.984418,485290,32
2026-06-23T13:21:43.984490,485291,32
2026-06-23T13:21:43.984561,485292,32
2026-06-23T13:21:43.984633,485293,32
2026-06-23T13:21:43.994337,485294,32
2026-06-23T13:21:43.994424,485295,32
2026-06-23T13:21:43.994498,485296,32
2026-06-23T13:21:43.994572,485297,32
2026-06-23T13:21:43.994644,485298,31
2026-06-23T13:21:43.994717,485299,32
2026-06-23T13:21:43.994789,485300,31
2026-06-23T13:21:43.994879,485301,32
2026-06-23T13:21:43.994953,485302,32
2026-06-23T13:21:43.995024,485303,32
2026-06-23T13:21:44.004733,485304,31
2026-06-23T13:21:44.004851,485305,32
2026-06-23T13:21:44.004927,485306,32
2026-06-23T13:21:44.005001,485307,32
2026-06-23T13:21:44.005075,485307,32
2026-06-23T13:21:44.005147,485308,32
2026-06-23T13:21:44.005219,485309,32
2026-06-23T13:21:44.005291,485310,32
2026-06-23T13:21:44.005363,485311,32
2026-06-23T13:21:44.005435,485312,32
2026-06-23T13:21:44.005507,485313,32
2026-06-23T13:21:44.015098,485314,32
2026-06-23T13:21:44.015187,485315,32
2026-06-23T13:21:44.015261,485316,32
2026-06-23T13:21:44.015334,485317,31
2026-06-23T13:21:44.015406,485318,31
2026-06-23T13:21:44.015478,485319,31
2026-06-23T13:21:44.015552,485320,31
2026-06-23T13:21:44.015624,485321,32
2026-06-23T13:21:44.015695,485322,32
2026-06-23T13:21:44.015767,485323,32
2026-06-23T13:21:44.015838,485324,32
2026-06-23T13:21:44.025622,485325,32
2026-06-23T13:21:44.025711,485326,32
2026-06-23T13:21:44.025784,485327,32
2026-06-23T13:21:44.025857,485328,32
2026-06-23T13:21:44.025936,485329,32
2026-06-23T13:21:44.026008,485329,32
2026-06-23T13:21:44.026080,485330,32
2026-06-23T13:21:44.026152,485331,32
2026-06-23T13:21:44.026224,485332,32
2026-06-23T13:21:44.026296,485333,31
2026-06-23T13:21:44.026368,485334,31
2026-06-23T13:21:44.036124,485335,31
2026-06-23T13:21:44.036224,485336,31
2026-06-23T13:21:44.036296,485337,31
2026-06-23T13:21:44.036367,485338,31
2026-06-23T13:21:44.036439,485339,31
2026-06-23T13:21:44.036513,485340,32
2026-06-23T13:21:44.036585,485341,31
2026-06-23T13:21:44.036657,485342,31
2026-06-23T13:21:44.036729,485343,32
2026-06-23T13:21:44.036800,485344,33
2026-06-23T13:21:44.036871,485345,33
2026-06-23T13:21:44.046490,485346,32
2026-06-23T13:21:44.046573,485347,32
2026-06-23T13:21:44.046645,485348,32
2026-06-23T13:21:44.046717,485349,32
2026-06-23T13:21:44.046789,485350,32
2026-06-23T13:21:44.046860,485350,32
2026-06-23T13:21:44.046931,485351,32
2026-06-23T13:21:44.047003,485352,32
2026-06-23T13:21:44.047075,485353,32
2026-06-23T13:21:44.047146,485354,33
2026-06-23T13:21:44.047217,485355,33
2026-06-23T13:21:44.056970,485356,33
2026-06-23T13:21:44.057063,485357,33
2026-06-23T13:21:44.057136,485358,33
2026-06-23T13:21:44.057207,485359,33
2026-06-23T13:21:44.057279,485360,32
2026-06-23T13:21:44.057357,485361,35
2026-06-23T13:21:44.057430,485362,33
2026-06-23T13:21:44.057520,485363,33
2026-06-23T13:21:44.057593,485364,33
2026-06-23T13:21:44.057665,485365,32
2026-06-23T13:21:44.057736,485366,32
2026-06-23T13:21:44.067359,485367,32
2026-06-23T13:21:44.067449,485368,32
2026-06-23T13:21:44.067521,485369,32
2026-06-23T13:21:44.067593,485370,32
2026-06-23T13:21:44.067664,485371,32
2026-06-23T13:21:44.067736,485371,32
2026-06-23T13:21:44.067822,485372,32
2026-06-23T13:21:44.067899,485373,32
2026-06-23T13:21:44.067970,485374,33
2026-06-23T13:21:44.068041,485375,33
2026-06-23T13:21:44.068113,485376,32
2026-06-23T13:21:44.077853,485377,32
2026-06-23T13:21:44.077958,485378,32
2026-06-23T13:21:44.078052,485379,32
2026-06-23T13:21:44.078146,485380,32
2026-06-23T13:21:44.078260,485381,32
2026-06-23T13:21:44.078364,485382,32
2026-06-23T13:21:44.078457,485383,32
2026-06-23T13:21:44.078547,485384,31
2026-06-23T13:21:44.078638,485385,31
2026-06-23T13:21:44.078729,485386,31
2026-06-23T13:21:44.078820,485387,31
2026-06-23T13:21:44.088328,485388,31
2026-06-23T13:21:44.088427,485389,31
2026-06-23T13:21:44.088499,485390,31
2026-06-23T13:21:44.088572,485391,32
2026-06-23T13:21:44.088643,485392,32
2026-06-23T13:21:44.088714,485393,31
2026-06-23T13:21:44.088785,485393,32
2026-06-23T13:21:44.088856,485394,32
2026-06-23T13:21:44.088927,485395,32
2026-06-23T13:21:44.088998,485396,32
2026-06-23T13:21:44.089069,485397,32
2026-06-23T13:21:44.098719,485398,32
2026-06-23T13:21:44.098825,485399,32
2026-06-23T13:21:44.098917,485400,32
2026-06-23T13:21:44.099008,485401,31
2026-06-23T13:21:44.099097,485402,31
2026-06-23T13:21:44.099173,485403,32
2026-06-23T13:21:44.099247,485404,32
2026-06-23T13:21:44.099322,485405,32
2026-06-23T13:21:44.099396,485406,32
2026-06-23T13:21:44.099467,485407,32
2026-06-23T13:21:44.099539,485408,32
2026-06-23T13:21:44.109121,485409,32
2026-06-23T13:21:44.109207,485410,32
2026-06-23T13:21:44.109279,485411,32
2026-06-23T13:21:44.109351,485412,32
2026-06-23T13:21:44.109422,485413,32
2026-06-23T13:21:44.109493,485414,32
2026-06-23T13:21:44.109564,485414,31
2026-06-23T13:21:44.109635,485415,32
2026-06-23T13:21:44.109706,485416,31
2026-06-23T13:21:44.109778,485417,31
2026-06-23T13:21:44.119585,485418,32
2026-06-23T13:21:44.119686,485419,32
2026-06-23T13:21:44.119758,485420,32
2026-06-23T13:21:44.119830,485421,32
2026-06-23T13:21:44.119906,485422,32
2026-06-23T13:21:44.119980,485423,32
2026-06-23T13:21:44.120051,485424,32
2026-06-23T13:21:44.120122,485425,32
2026-06-23T13:21:44.120193,485426,33
2026-06-23T13:21:44.120267,485427,32
2026-06-23T13:21:44.120338,485428,32
2026-06-23T13:21:44.129935,485429,32
2026-06-23T13:21:44.130038,485430,32
2026-06-23T13:21:44.130162,485431,32
2026-06-23T13:21:44.130255,485432,32
2026-06-23T13:21:44.130347,485433,32
2026-06-23T13:21:44.130467,485434,32
2026-06-23T13:21:44.130559,485435,32
2026-06-23T13:21:44.130652,485435,32
2026-06-23T13:21:44.130743,485436,32
2026-06-23T13:21:44.130834,485437,32
2026-06-23T13:21:44.130925,485438,32
2026-06-23T13:21:44.140458,485439,32
2026-06-23T13:21:44.140546,485440,32
2026-06-23T13:21:44.140618,485441,33
2026-06-23T13:21:44.140691,485442,32
2026-06-23T13:21:44.140763,485443,33
2026-06-23T13:21:44.140835,485444,33
2026-06-23T13:21:44.140910,485445,33
2026-06-23T13:21:44.140982,485446,32
2026-06-23T13:21:44.141053,485447,33
2026-06-23T13:21:44.141125,485448,32
2026-06-23T13:21:44.141197,485449,32
2026-06-23T13:21:44.150897,485450,32
2026-06-23T13:21:44.150991,485451,32
2026-06-23T13:21:44.151065,485452,32
2026-06-23T13:21:44.151138,485453,32
2026-06-23T13:21:44.151210,485454,32
2026-06-23T13:21:44.151282,485455,32
2026-06-23T13:21:44.151354,485456,33
2026-06-23T13:21:44.151442,485457,33
2026-06-23T13:21:44.151517,485457,33
2026-06-23T13:21:44.151590,485458,33
2026-06-23T13:21:44.151662,485459,33
2026-06-23T13:21:44.161280,485460,33
2026-06-23T13:21:44.161375,485461,33
2026-06-23T13:21:44.161449,485462,33
2026-06-23T13:21:44.161524,485463,32
2026-06-23T13:21:44.161595,485464,32
2026-06-23T13:21:44.161668,485465,32
2026-06-23T13:21:44.161740,485466,32
2026-06-23T13:21:44.161815,485467,32
2026-06-23T13:21:44.161896,485468,32
2026-06-23T13:21:44.161969,485469,33
2026-06-23T13:21:44.162042,485470,32
2026-06-23T13:21:44.171763,485471,33
2026-06-23T13:21:44.171897,485472,33
2026-06-23T13:21:44.171979,485473,32
2026-06-23T13:21:44.172057,485474,33
2026-06-23T13:21:44.172134,485475,33
2026-06-23T13:21:44.172208,485476,33
2026-06-23T13:21:44.172283,485477,33
2026-06-23T13:21:44.172356,485478,33
2026-06-23T13:21:44.172429,485478,33
2026-06-23T13:21:44.172501,485479,33
2026-06-23T13:21:44.172574,485480,33
2026-06-23T13:21:44.182208,485481,33
2026-06-23T13:21:44.182316,485482,33
2026-06-23T13:21:44.182391,485483,33
2026-06-23T13:21:44.182465,485484,33
2026-06-23T13:21:44.182536,485485,33
2026-06-23T13:21:44.182609,485486,33
2026-06-23T13:21:44.182682,485487,33
2026-06-23T13:21:44.182754,485488,33
2026-06-23T13:21:44.182827,485489,33
2026-06-23T13:21:44.182899,485490,33
2026-06-23T13:21:44.182971,485491,33
2026-06-23T13:21:44.192619,485492,33
2026-06-23T13:21:44.192703,485493,33
2026-06-23T13:21:44.192776,485494,33
2026-06-23T13:21:44.192848,485495,33
2026-06-23T13:21:44.192920,485496,33
2026-06-23T13:21:44.192992,485497,33
2026-06-23T13:21:44.193065,485498,33
2026-06-23T13:21:44.193137,485499,33
2026-06-23T13:21:44.193209,485500,32
2026-06-23T13:21:44.193295,485500,32
2026-06-23T13:21:44.193368,485501,32
2026-06-23T13:21:44.203123,485502,32
2026-06-23T13:21:44.203221,485503,33
2026-06-23T13:21:44.203294,485504,32
2026-06-23T13:21:44.203366,485505,33
2026-06-23T13:21:44.203437,485506,33
2026-06-23T13:21:44.203511,485507,33
2026-06-23T13:21:44.203582,485508,33
2026-06-23T13:21:44.203654,485509,33
2026-06-23T13:21:44.203725,485510,33
2026-06-23T13:21:44.203796,485511,34
2026-06-23T13:21:44.203867,485512,33
2026-06-23T13:21:44.213466,485513,33
2026-06-23T13:21:44.213551,485514,33
2026-06-23T13:21:44.213623,485515,33
2026-06-23T13:21:44.213694,485516,33
2026-06-23T13:21:44.213766,485517,33
2026-06-23T13:21:44.213838,485518,33
2026-06-23T13:21:44.213910,485519,33
2026-06-23T13:21:44.213981,485520,33
2026-06-23T13:21:44.214053,485521,33
2026-06-23T13:21:44.214143,485521,33
2026-06-23T13:21:44.214217,485522,33
2026-06-23T13:21:44.224024,485523,33
2026-06-23T13:21:44.224111,485524,33
2026-06-23T13:21:44.224184,485525,33
2026-06-23T13:21:44.224256,485526,33
2026-06-23T13:21:44.224327,485527,33
2026-06-23T13:21:44.224399,485528,33
2026-06-23T13:21:44.224471,485529,33
2026-06-23T13:21:44.224542,485530,33
2026-06-23T13:21:44.224614,485531,33
2026-06-23T13:21:44.224686,485532,32
2026-06-23T13:21:44.234402,485533,32
2026-06-23T13:21:44.234496,485534,32
2026-06-23T13:21:44.234569,485535,32
2026-06-23T13:21:44.234641,485536,32
2026-06-23T13:21:44.234712,485537,32
2026-06-23T13:21:44.234783,485538,32
2026-06-23T13:21:44.234854,485539,32
2026-06-23T13:21:44.234926,485540,32
2026-06-23T13:21:44.234997,485541,32
2026-06-23T13:21:44.235068,485542,32
2026-06-23T13:21:44.235138,485542,32
2026-06-23T13:21:44.244876,485543,33
2026-06-23T13:21:44.244957,485544,32
2026-06-23T13:21:44.245030,485545,32
2026-06-23T13:21:44.245101,485546,32
2026-06-23T13:21:44.245173,485547,32
2026-06-23T13:21:44.245245,485548,32
2026-06-23T13:21:44.245319,485549,32
2026-06-23T13:21:44.245392,485550,33
2026-06-23T13:21:44.245465,485551,32
2026-06-23T13:21:44.245536,485552,32
2026-06-23T13:21:44.245608,485553,32
2026-06-23T13:21:44.255315,485554,32
2026-06-23T13:21:44.255410,485555,32
2026-06-23T13:21:44.255482,485556,32
2026-06-23T13:21:44.255555,485557,32
2026-06-23T13:21:44.255626,485558,33
2026-06-23T13:21:44.255698,485559,33
2026-06-23T13:21:44.255769,485560,33
2026-06-23T13:21:44.255841,485561,33
2026-06-23T13:21:44.255913,485562,33
2026-06-23T13:21:44.255984,485563,33
2026-06-23T13:21:44.256055,485564,33
2026-06-23T13:21:44.265712,485564,33
2026-06-23T13:21:44.265803,485565,33
2026-06-23T13:21:44.265876,485566,33
2026-06-23T13:21:44.265948,485567,33
2026-06-23T13:21:44.266021,485568,33
2026-06-23T13:21:44.266092,485569,33
2026-06-23T13:21:44.266164,485570,33
2026-06-23T13:21:44.266236,485571,34
2026-06-23T13:21:44.266310,485572,33
2026-06-23T13:21:44.266386,485573,33
2026-06-23T13:21:44.266460,485574,33
2026-06-23T13:21:44.276186,485575,34
2026-06-23T13:21:44.276284,485576,34
2026-06-23T13:21:44.276364,485577,34
2026-06-23T13:21:44.276439,485578,34
2026-06-23T13:21:44.276513,485579,34
2026-06-23T13:21:44.276588,485580,34
2026-06-23T13:21:44.276661,485581,34
2026-06-23T13:21:44.276735,485582,34
2026-06-23T13:21:44.276809,485583,33
2026-06-23T13:21:44.276884,485584,34
2026-06-23T13:21:44.276960,485585,34
2026-06-23T13:21:44.286632,485585,33
2026-06-23T13:21:44.286736,485586,34
2026-06-23T13:21:44.286814,485587,33
2026-06-23T13:21:44.286890,485588,34
2026-06-23T13:21:44.286966,485589,34
2026-06-23T13:21:44.287042,485590,34
2026-06-23T13:21:44.287117,485591,34
2026-06-23T13:21:44.287193,485592,34
2026-06-23T13:21:44.287268,485593,34
2026-06-23T13:21:44.287342,485594,34
2026-06-23T13:21:44.287417,485595,34
2026-06-23T13:21:44.297040,485596,34
2026-06-23T13:21:44.297166,485597,34
2026-06-23T13:21:44.297270,485598,33
2026-06-23T13:21:44.297370,485599,34
2026-06-23T13:21:44.297469,485600,34
2026-06-23T13:21:44.297612,485601,34
2026-06-23T13:21:44.297725,485602,34
2026-06-23T13:21:44.297824,485603,34
2026-06-23T13:21:44.297922,485604,34
2026-06-23T13:21:44.298018,485605,34
2026-06-23T13:21:44.298114,485606,34
2026-06-23T13:21:44.307476,485606,33
2026-06-23T13:21:44.307572,485607,34
2026-06-23T13:21:44.307638,485608,34
2026-06-23T13:21:44.307703,485609,33
2026-06-23T13:21:44.307766,485610,34
2026-06-23T13:21:44.307827,485611,33
2026-06-23T13:21:44.307892,485612,33
2026-06-23T13:21:44.307955,485613,33
2026-06-23T13:21:44.308019,485614,33
2026-06-23T13:21:44.308084,485615,33
2026-06-23T13:21:44.308147,485616,33
2026-06-23T13:21:44.317976,485617,33
2026-06-23T13:21:44.318076,485618,33
2026-06-23T13:21:44.318140,485619,34
2026-06-23T13:21:44.318204,485620,33
2026-06-23T13:21:44.318268,485621,32
2026-06-23T13:21:44.318331,485622,34
2026-06-23T13:21:44.318401,485623,33
2026-06-23T13:21:44.318477,485624,33
2026-06-23T13:21:44.318552,485625,33
2026-06-23T13:21:44.318627,485626,33
2026-06-23T13:21:44.318706,485627,33
2026-06-23T13:21:44.328442,485628,33
2026-06-23T13:21:44.328553,485628,33
2026-06-23T13:21:44.328651,485629,33
2026-06-23T13:21:44.328752,485630,33
2026-06-23T13:21:44.328847,485631,33
2026-06-23T13:21:44.328943,485632,33
2026-06-23T13:21:44.329039,485633,33
2026-06-23T13:21:44.329135,485634,34
2026-06-23T13:21:44.329231,485635,34
2026-06-23T13:21:44.329326,485636,32
2026-06-23T13:21:44.329421,485637,37
2026-06-23T13:21:44.338957,485638,34
2026-06-23T13:21:44.339055,485639,34
2026-06-23T13:21:44.339132,485640,34
2026-06-23T13:21:44.339208,485641,34
2026-06-23T13:21:44.339284,485642,33
2026-06-23T13:21:44.339359,485643,33
2026-06-23T13:21:44.339434,485644,33
2026-06-23T13:21:44.339509,485645,33
2026-06-23T13:21:44.339584,485646,33
2026-06-23T13:21:44.339659,485647,33
2026-06-23T13:21:44.349203,485648,33
2026-06-23T13:21:44.349302,485649,33
2026-06-23T13:21:44.349379,485649,33
2026-06-23T13:21:44.349455,485650,33
2026-06-23T13:21:44.349531,485651,33
2026-06-23T13:21:44.349606,485652,33
2026-06-23T13:21:44.349681,485653,33
2026-06-23T13:21:44.349756,485654,33
2026-06-23T13:21:44.349831,485655,33
2026-06-23T13:21:44.349906,485656,33
2026-06-23T13:21:44.349981,485657,32
2026-06-23T13:21:44.359717,485658,33
2026-06-23T13:21:44.359806,485659,33
2026-06-23T13:21:44.359885,485660,33
2026-06-23T13:21:44.359961,485661,33
2026-06-23T13:21:44.360037,485662,33
2026-06-23T13:21:44.360112,485663,32
2026-06-23T13:21:44.360192,485664,33
2026-06-23T13:21:44.360267,485665,32
2026-06-23T13:21:44.360341,485666,32
2026-06-23T13:21:44.360416,485667,32
2026-06-23T13:21:44.360491,485668,32
2026-06-23T13:21:44.370231,485669,32
2026-06-23T13:21:44.370338,485670,32
2026-06-23T13:21:44.370414,485670,32
2026-06-23T13:21:44.370490,485671,32
2026-06-23T13:21:44.370566,485672,32
2026-06-23T13:21:44.370642,485673,28
2026-06-23T13:21:44.370717,485674,32
2026-06-23T13:21:44.370791,485675,32
2026-06-23T13:21:44.370866,485676,33
2026-06-23T13:21:44.370942,485677,33
2026-06-23T13:21:44.371017,485678,33
2026-06-23T13:21:44.380565,485679,33
2026-06-23T13:21:44.380677,485680,32
2026-06-23T13:21:44.380774,485681,32
2026-06-23T13:21:44.380870,485682,32
2026-06-23T13:21:44.380967,485683,32
2026-06-23T13:21:44.381062,485684,32
2026-06-23T13:21:44.381157,485685,32
2026-06-23T13:21:44.381254,485686,32
2026-06-23T13:21:44.381357,485687,32
2026-06-23T13:21:44.381453,485688,32
2026-06-23T13:21:44.381549,485689,32
2026-06-23T13:21:44.391077,485690,33
2026-06-23T13:21:44.391168,485691,33
2026-06-23T13:21:44.391245,485692,33
2026-06-23T13:21:44.391321,485692,33
2026-06-23T13:21:44.391396,485693,33
2026-06-23T13:21:44.391472,485694,33
2026-06-23T13:21:44.391548,485695,32
2026-06-23T13:21:44.391624,485696,32
2026-06-23T13:21:44.391699,485697,33
2026-06-23T13:21:44.391774,485698,32
2026-06-23T13:21:44.391849,485699,33
2026-06-23T13:21:44.401488,485700,33
2026-06-23T13:21:44.401584,485701,32
2026-06-23T13:21:44.401660,485702,32
2026-06-23T13:21:44.401736,485703,33
2026-06-23T13:21:44.401810,485704,33
2026-06-23T13:21:44.401885,485705,33
2026-06-23T13:21:44.401960,485706,33
2026-06-23T13:21:44.402035,485707,33
2026-06-23T13:21:44.402110,485708,33
2026-06-23T13:21:44.402184,485709,34
2026-06-23T13:21:44.402259,485710,34
2026-06-23T13:21:44.411908,485711,33
2026-06-23T13:21:44.412016,485712,33
2026-06-23T13:21:44.412113,485713,33
2026-06-23T13:21:44.412210,485713,33
2026-06-23T13:21:44.412306,485714,33
2026-06-23T13:21:44.412402,485715,33
2026-06-23T13:21:44.412498,485716,33
2026-06-23T13:21:44.412593,485717,33
2026-06-23T13:21:44.412691,485718,33
2026-06-23T13:21:44.412786,485719,33
2026-06-23T13:21:44.412881,485720,34
2026-06-23T13:21:44.422434,485721,33
2026-06-23T13:21:44.422534,485722,33
2026-06-23T13:21:44.422611,485723,33
2026-06-23T13:21:44.422687,485724,33
2026-06-23T13:21:44.422761,485725,33
2026-06-23T13:21:44.422836,485726,33
2026-06-23T13:21:44.422911,485727,33
2026-06-23T13:21:44.422986,485728,33
2026-06-23T13:21:44.423061,485729,33
2026-06-23T13:21:44.423135,485730,32
2026-06-23T13:21:44.423210,485731,32
2026-06-23T13:21:44.432779,485732,32
2026-06-23T13:21:44.432892,485733,32
2026-06-23T13:21:44.432988,485734,32
2026-06-23T13:21:44.433079,485735,31
2026-06-23T13:21:44.433155,485735,32
2026-06-23T13:21:44.433230,485736,32
2026-06-23T13:21:44.433305,485737,32
2026-06-23T13:21:44.433381,485738,32
2026-06-23T13:21:44.433456,485739,33
2026-06-23T13:21:44.433540,485740,32
2026-06-23T13:21:44.433616,485741,33
2026-06-23T13:21:44.443286,485742,32
2026-06-23T13:21:44.443379,485743,32
2026-06-23T13:21:44.443460,485744,32
2026-06-23T13:21:44.443539,485745,32
2026-06-23T13:21:44.443616,485746,31
2026-06-23T13:21:44.443691,485747,32
2026-06-23T13:21:44.443770,485748,32
2026-06-23T13:21:44.443848,485749,32
2026-06-23T13:21:44.443924,485750,32
2026-06-23T13:21:44.443999,485751,32
2026-06-23T13:21:44.444076,485752,32
2026-06-23T13:21:44.453738,485753,32
2026-06-23T13:21:44.453836,485754,32
2026-06-23T13:21:44.453923,485755,33
2026-06-23T13:21:44.453999,485756,32
2026-06-23T13:21:44.454088,485756,32
2026-06-23T13:21:44.454163,485757,32
2026-06-23T13:21:44.454247,485758,32
2026-06-23T13:21:44.454328,485759,33
2026-06-23T13:21:44.454407,485760,33
2026-06-23T13:21:44.454496,485761,32
2026-06-23T13:21:44.464088,485762,33
2026-06-23T13:21:44.464183,485763,32
2026-06-23T13:21:44.464261,485764,32
2026-06-23T13:21:44.464344,485765,32
2026-06-23T13:21:44.464428,485766,31
2026-06-23T13:21:44.464507,485767,32
2026-06-23T13:21:44.464584,485768,32
2026-06-23T13:21:44.464702,485769,33
2026-06-23T13:21:44.464782,485770,29
2026-06-23T13:21:44.464859,485771,33
2026-06-23T13:21:44.464935,485772,32
2026-06-23T13:21:44.474548,485773,32
2026-06-23T13:21:44.474648,485774,32
2026-06-23T13:21:44.474730,485775,32
2026-06-23T13:21:44.474810,485776,33
2026-06-23T13:21:44.474888,485777,32
2026-06-23T13:21:44.474967,485777,33
2026-06-23T13:21:44.475044,485778,32
2026-06-23T13:21:44.475125,485779,33
2026-06-23T13:21:44.475204,485780,33
2026-06-23T13:21:44.475279,485781,33
2026-06-23T13:21:44.475357,485782,33
2026-06-23T13:21:44.484977,485783,33
2026-06-23T13:21:44.485085,485784,33
2026-06-23T13:21:44.485163,485785,34
2026-06-23T13:21:44.485241,485786,34
2026-06-23T13:21:44.485319,485787,34
2026-06-23T13:21:44.485396,485788,33
2026-06-23T13:21:44.485472,485789,33
2026-06-23T13:21:44.485548,485790,33
2026-06-23T13:21:44.485627,485791,33
2026-06-23T13:21:44.485703,485792,33
2026-06-23T13:21:44.485779,485793,34
2026-06-23T13:21:44.495389,485794,32
2026-06-23T13:21:44.499804,485795,32
2026-06-23T13:21:44.499888,485796,32
2026-06-23T13:21:44.499967,485797,32
2026-06-23T13:21:44.500041,485798,32
2026-06-23T13:21:44.500119,485799,32
2026-06-23T13:21:44.507418,485799,32
2026-06-23T13:21:44.507503,485800,32
2026-06-23T13:21:44.507583,485801,32
2026-06-23T13:21:44.507661,485802,33
2026-06-23T13:21:44.507738,485803,33
2026-06-23T13:21:44.507815,485804,33
2026-06-23T13:21:44.507892,485805,33
2026-06-23T13:21:44.509934,485806,33
2026-06-23T13:21:44.510015,485807,33
2026-06-23T13:21:44.510094,485808,33
2026-06-23T13:21:44.510171,485809,33
2026-06-23T13:21:44.510248,485810,34
2026-06-23T13:21:44.510325,485811,33
2026-06-23T13:21:44.510403,485812,33
2026-06-23T13:21:44.510478,485813,33
2026-06-23T13:21:44.510553,485814,33
2026-06-23T13:21:44.516297,485815,33
2026-06-23T13:21:44.516383,485816,32
2026-06-23T13:21:44.516458,485817,33
2026-06-23T13:21:44.516533,485818,32
2026-06-23T13:21:44.516607,485819,33
2026-06-23T13:21:44.516682,485820,33
2026-06-23T13:21:44.516755,485820,33
2026-06-23T13:21:44.516829,485821,33
2026-06-23T13:21:44.516903,485822,33
2026-06-23T13:21:44.516977,485823,33
2026-06-23T13:21:44.517052,485824,33
2026-06-23T13:21:44.526802,485825,33
2026-06-23T13:21:44.526895,485826,33
2026-06-23T13:21:44.526970,485827,33
2026-06-23T13:21:44.527045,485828,33
2026-06-23T13:21:44.527119,485829,33
2026-06-23T13:21:44.527211,485830,33
2026-06-23T13:21:44.527286,485831,33
2026-06-23T13:21:44.527360,485832,33
2026-06-23T13:21:44.527436,485833,33
2026-06-23T13:21:44.527510,485834,33
2026-06-23T13:21:44.527584,485835,33
2026-06-23T13:21:44.537292,485836,33
2026-06-23T13:21:44.537392,485837,33
2026-06-23T13:21:44.537468,485838,32
2026-06-23T13:21:44.537542,485839,33
2026-06-23T13:21:44.537617,485840,33
2026-06-23T13:21:44.537691,485841,34
2026-06-23T13:21:44.537768,485841,33
2026-06-23T13:21:44.537858,485842,33
2026-06-23T13:21:44.537932,485843,33
2026-06-23T13:21:44.538006,485844,33
2026-06-23T13:21:44.538080,485845,33
2026-06-23T13:21:44.547634,485846,33
2026-06-23T13:21:44.547720,485847,33
2026-06-23T13:21:44.547795,485848,33
2026-06-23T13:21:44.547870,485849,33
2026-06-23T13:21:44.547995,485850,32
2026-06-23T13:21:44.548107,485851,32
2026-06-23T13:21:44.548192,485852,32
2026-06-23T13:21:44.548272,485853,32
2026-06-23T13:21:44.548351,485854,33
2026-06-23T13:21:44.548427,485855,33
2026-06-23T13:21:44.548503,485856,33
2026-06-23T13:21:44.558082,485857,33
2026-06-23T13:21:44.558171,485858,33
2026-06-23T13:21:44.558247,485859,33
2026-06-23T13:21:44.558322,485860,33
2026-06-23T13:21:44.558396,485861,33
2026-06-23T13:21:44.558471,485862,33
2026-06-23T13:21:44.558545,485863,33
2026-06-23T13:21:44.558619,485863,33
2026-06-23T13:21:44.558694,485864,33
2026-06-23T13:21:44.558767,485865,33
2026-06-23T13:21:44.558842,485866,33
2026-06-23T13:21:44.568610,485867,33
2026-06-23T13:21:44.568712,485868,34
2026-06-23T13:21:44.568790,485869,33
2026-06-23T13:21:44.568865,485870,33
2026-06-23T13:21:44.568939,485871,33
2026-06-23T13:21:44.569014,485872,34
2026-06-23T13:21:44.569088,485873,34
2026-06-23T13:21:44.569162,485874,34
2026-06-23T13:21:44.569236,485875,34
2026-06-23T13:21:44.569315,485876,33
2026-06-23T13:21:44.578923,485877,33
2026-06-23T13:21:44.579067,485878,32
2026-06-23T13:21:44.579154,485879,34
2026-06-23T13:21:44.579234,485880,34
2026-06-23T13:21:44.579312,485881,33
2026-06-23T13:21:44.579389,485882,33
2026-06-23T13:21:44.579465,485883,33
2026-06-23T13:21:44.579543,485884,33
2026-06-23T13:21:44.579618,485884,33
2026-06-23T13:21:44.579694,485885,33
2026-06-23T13:21:44.579770,485886,33
2026-06-23T13:21:44.589456,485887,34
2026-06-23T13:21:44.589553,485888,33
2026-06-23T13:21:44.589630,485889,33
2026-06-23T13:21:44.589705,485890,34
2026-06-23T13:21:44.589779,485891,33
2026-06-23T13:21:44.589853,485892,33
2026-06-23T13:21:44.589928,485893,34
2026-06-23T13:21:44.590003,485894,33
2026-06-23T13:21:44.590077,485895,33
2026-06-23T13:21:44.590151,485896,32
2026-06-23T13:21:44.590289,485897,33
2026-06-23T13:21:44.599881,485898,33
2026-06-23T13:21:44.599977,485899,32
2026-06-23T13:21:44.600052,485900,33
2026-06-23T13:21:44.600127,485901,32
2026-06-23T13:21:44.600201,485902,32
2026-06-23T13:21:44.600275,485903,32
2026-06-23T13:21:44.600351,485904,33
2026-06-23T13:21:44.600426,485905,32
2026-06-23T13:21:44.600501,485905,33
2026-06-23T13:21:44.600576,485906,33
2026-06-23T13:21:44.600650,485907,33
2026-06-23T13:21:44.610317,485908,33
2026-06-23T13:21:44.610426,485909,33
2026-06-23T13:21:44.610502,485910,33
2026-06-23T13:21:44.610577,485911,33
2026-06-23T13:21:44.610651,485912,33
2026-06-23T13:21:44.610733,485913,32
2026-06-23T13:21:44.610828,485914,32
2026-06-23T13:21:44.610941,485915,32
2026-06-23T13:21:44.611037,485916,32
2026-06-23T13:21:44.611130,485917,32
2026-06-23T13:21:44.611225,485918,32
2026-06-23T13:21:44.620746,485919,32
2026-06-23T13:21:44.620846,485920,33
2026-06-23T13:21:44.620921,485921,33
2026-06-23T13:21:44.620996,485922,34
2026-06-23T13:21:44.621076,485923,34
2026-06-23T13:21:44.621151,485924,33
2026-06-23T13:21:44.621227,485925,33
2026-06-23T13:21:44.621305,485926,34
2026-06-23T13:21:44.621379,485927,34
2026-06-23T13:21:44.621452,485927,34
2026-06-23T13:21:44.621541,485928,34
2026-06-23T13:21:44.631188,485929,34
2026-06-23T13:21:44.631297,485930,33
2026-06-23T13:21:44.631394,485931,34
2026-06-23T13:21:44.631489,485932,33
2026-06-23T13:21:44.631603,485933,33
2026-06-23T13:21:44.631724,485934,33
2026-06-23T13:21:44.631821,485935,33
2026-06-23T13:21:44.631916,485936,33
2026-06-23T13:21:44.632010,485937,33
2026-06-23T13:21:44.632105,485938,32
2026-06-23T13:21:44.632198,485939,33
2026-06-23T13:21:44.641683,485940,33
2026-06-23T13:21:44.641779,485941,35
2026-06-23T13:21:44.641854,485942,34
2026-06-23T13:21:44.641930,485943,34
2026-06-23T13:21:44.642005,485944,34
2026-06-23T13:21:44.642080,485945,38
2026-06-23T13:21:44.642155,485946,34
2026-06-23T13:21:44.642229,485947,34
2026-06-23T13:21:44.642302,485948,33
2026-06-23T13:21:44.642376,485948,33
2026-06-23T13:21:44.642450,485949,33
2026-06-23T13:21:44.652150,485950,33
2026-06-23T13:21:44.652244,485951,33
2026-06-23T13:21:44.652322,485952,33
2026-06-23T13:21:44.652409,485953,34
2026-06-23T13:21:44.652483,485954,33
2026-06-23T13:21:44.652557,485955,34
2026-06-23T13:21:44.652631,485956,34
2026-06-23T13:21:44.652706,485957,33
2026-06-23T13:21:44.652780,485958,34
2026-06-23T13:21:44.652854,485959,34
2026-06-23T13:21:44.652928,485960,33
2026-06-23T13:21:44.662502,485961,33
2026-06-23T13:21:44.662608,485962,33
2026-06-23T13:21:44.662703,485963,33
2026-06-23T13:21:44.662798,485964,33
2026-06-23T13:21:44.662894,485965,33
2026-06-23T13:21:44.662990,485966,33
2026-06-23T13:21:44.663085,485967,33
2026-06-23T13:21:44.663179,485968,33
2026-06-23T13:21:44.663273,485969,33
2026-06-23T13:21:44.663367,485969,33
2026-06-23T13:21:44.663461,485970,33
2026-06-23T13:21:44.673015,485971,33
2026-06-23T13:21:44.673109,485972,33
2026-06-23T13:21:44.673184,485973,33
2026-06-23T13:21:44.673257,485974,33
2026-06-23T13:21:44.673331,485975,33
2026-06-23T13:21:44.673405,485976,33
2026-06-23T13:21:44.673479,485977,33
2026-06-23T13:21:44.673554,485978,33
2026-06-23T13:21:44.673628,485979,33
2026-06-23T13:21:44.673704,485980,33
2026-06-23T13:21:44.673784,485981,33
2026-06-23T13:21:44.683439,485982,33
2026-06-23T13:21:44.683546,485983,32
2026-06-23T13:21:44.683625,485984,32
2026-06-23T13:21:44.683703,485985,32
2026-06-23T13:21:44.683777,485986,33
2026-06-23T13:21:44.683852,485987,33
2026-06-23T13:21:44.683926,485988,33
2026-06-23T13:21:44.684000,485989,33
2026-06-23T13:21:44.684073,485990,34
2026-06-23T13:21:44.684147,485991,34
2026-06-23T13:21:44.693881,485991,33
2026-06-23T13:21:44.693998,485992,33
2026-06-23T13:21:44.694095,485993,33
2026-06-23T13:21:44.694191,485994,33
2026-06-23T13:21:44.694286,485995,33
2026-06-23T13:21:44.694397,485996,33
2026-06-23T13:21:44.694510,485997,33
2026-06-23T13:21:44.694604,485998,33
2026-06-23T13:21:44.694700,485999,33
2026-06-23T13:21:44.694795,486000,33
2026-06-23T13:21:44.694890,486001,33
2026-06-23T13:21:44.704357,486002,33
2026-06-23T13:21:44.704461,486003,33
2026-06-23T13:21:44.704536,486004,33
2026-06-23T13:21:44.704611,486005,33
2026-06-23T13:21:44.704685,486006,34
2026-06-23T13:21:44.704759,486007,34
2026-06-23T13:21:44.704851,486008,34
2026-06-23T13:21:44.704926,486009,34
2026-06-23T13:21:44.705001,486010,33
2026-06-23T13:21:44.705080,486011,33
2026-06-23T13:21:44.705156,486012,33
2026-06-23T13:21:44.714710,486012,33
2026-06-23T13:21:44.714825,486013,33
2026-06-23T13:21:44.714920,486014,33
2026-06-23T13:21:44.715015,486015,33
2026-06-23T13:21:44.715109,486016,33
2026-06-23T13:21:44.715273,486017,33
2026-06-23T13:21:44.715392,486018,33
2026-06-23T13:21:44.715498,486019,33
2026-06-23T13:21:44.715598,486020,33
2026-06-23T13:21:44.715701,486021,33
2026-06-23T13:21:44.715798,486022,33
2026-06-23T13:21:44.725168,486023,33
2026-06-23T13:21:44.725258,486024,33
2026-06-23T13:21:44.725334,486025,33
2026-06-23T13:21:44.725408,486026,33
2026-06-23T13:21:44.725482,486027,33
2026-06-23T13:21:44.725557,486028,33
2026-06-23T13:21:44.725632,486029,33
2026-06-23T13:21:44.725706,486030,33
2026-06-23T13:21:44.725780,486031,32
2026-06-23T13:21:44.725853,486032,33
2026-06-23T13:21:44.725927,486033,32
2026-06-23T13:21:44.735714,486034,32
2026-06-23T13:21:44.735813,486034,32
2026-06-23T13:21:44.735889,486035,32
2026-06-23T13:21:44.735965,486036,32
2026-06-23T13:21:44.736039,486037,32
2026-06-23T13:21:44.736113,486038,33
2026-06-23T13:21:44.736189,486039,32
2026-06-23T13:21:44.736263,486040,33
2026-06-23T13:21:44.736337,486041,33
2026-06-23T13:21:44.736411,486042,33
2026-06-23T13:21:44.736484,486043,33
2026-06-23T13:21:44.746053,486044,33
2026-06-23T13:21:44.746139,486045,33
2026-06-23T13:21:44.746216,486046,32
2026-06-23T13:21:44.746290,486047,33
2026-06-23T13:21:44.746364,486048,33
2026-06-23T13:21:44.746439,486049,33
2026-06-23T13:21:44.746513,486050,32
2026-06-23T13:21:44.746587,486051,33
2026-06-23T13:21:44.746661,486052,33
2026-06-23T13:21:44.746735,486053,33
2026-06-23T13:21:44.746809,486054,32
2026-06-23T13:21:44.756557,486055,32
2026-06-23T13:21:44.756651,486055,33
2026-06-23T13:21:44.756728,486056,33
2026-06-23T13:21:44.756803,486057,33
2026-06-23T13:21:44.756878,486058,28
2026-06-23T13:21:44.756953,486059,33
2026-06-23T13:21:44.757098,486060,32
2026-06-23T13:21:44.757195,486061,33
2026-06-23T13:21:44.757317,486062,33
2026-06-23T13:21:44.757404,486063,32
2026-06-23T13:21:44.757481,486064,32
2026-06-23T13:21:44.766933,486065,32
2026-06-23T13:21:44.767030,486066,32
2026-06-23T13:21:44.767105,486067,32
2026-06-23T13:21:44.767179,486068,32
2026-06-23T13:21:44.767254,486069,32
2026-06-23T13:21:44.767343,486070,33
2026-06-23T13:21:44.767418,486071,33
2026-06-23T13:21:44.767496,486072,33
2026-06-23T13:21:44.767570,486073,33
2026-06-23T13:21:44.767644,486074,33
2026-06-23T13:21:44.767722,486075,32
2026-06-23T13:21:44.777454,486076,31
2026-06-23T13:21:44.777565,486076,32
2026-06-23T13:21:44.777640,486077,32
2026-06-23T13:21:44.777729,486078,32
2026-06-23T13:21:44.777804,486079,32
2026-06-23T13:21:44.777879,486080,32
2026-06-23T13:21:44.777953,486081,32
2026-06-23T13:21:44.778027,486082,32
2026-06-23T13:21:44.778101,486083,32
2026-06-23T13:21:44.778188,486084,32
2026-06-23T13:21:44.778263,486085,31
2026-06-23T13:21:44.787968,486086,32
2026-06-23T13:21:44.788065,486087,32
2026-06-23T13:21:44.788158,486088,32
2026-06-23T13:21:44.788234,486089,32
2026-06-23T13:21:44.788309,486090,32
2026-06-23T13:21:44.788383,486091,33
2026-06-23T13:21:44.788458,486092,33
2026-06-23T13:21:44.788532,486093,33
2026-06-23T13:21:44.788607,486094,32
2026-06-23T13:21:44.788680,486095,32
2026-06-23T13:21:44.788756,486096,32
2026-06-23T13:21:44.798348,486097,32
2026-06-23T13:21:44.798458,486098,32
2026-06-23T13:21:44.798541,486098,32
2026-06-23T13:21:44.798621,486099,32
2026-06-23T13:21:44.798699,486100,31
2026-06-23T13:21:44.798775,486101,32
2026-06-23T13:21:44.798855,486102,32
2026-06-23T13:21:44.798931,486103,32
2026-06-23T13:21:44.799006,486104,32
2026-06-23T13:21:44.799081,486105,33
2026-06-23T13:21:44.808675,486106,32
2026-06-23T13:21:44.808767,486107,32
2026-06-23T13:21:44.808843,486108,32
2026-06-23T13:21:44.808917,486109,32
2026-06-23T13:21:44.808992,486110,32
2026-06-23T13:21:44.809067,486111,32
2026-06-23T13:21:44.809141,486112,32
2026-06-23T13:21:44.809214,486113,32
2026-06-23T13:21:44.809288,486114,32
2026-06-23T13:21:44.809363,486115,32
2026-06-23T13:21:44.809436,486116,32
2026-06-23T13:21:44.819232,486117,32
2026-06-23T13:21:44.819334,486118,32
2026-06-23T13:21:44.819408,486119,32
2026-06-23T13:21:44.819483,486119,32
2026-06-23T13:21:44.819557,486120,32
2026-06-23T13:21:44.819631,486121,32
2026-06-23T13:21:44.819705,486122,32
2026-06-23T13:21:44.819792,486123,32
2026-06-23T13:21:44.819866,486124,33
2026-06-23T13:21:44.819940,486125,34
2026-06-23T13:21:44.820021,486126,34
2026-06-23T13:21:44.829540,486127,32
2026-06-23T13:21:44.829624,486128,34
2026-06-23T13:21:44.829700,486129,34
2026-06-23T13:21:44.829776,486130,34
2026-06-23T13:21:44.829851,486131,34
2026-06-23T13:21:44.829925,486132,34
2026-06-23T13:21:44.830000,486133,34
2026-06-23T13:21:44.830076,486134,34
2026-06-23T13:21:44.830150,486135,34
2026-06-23T13:21:44.830224,486136,35
2026-06-23T13:21:44.830300,486137,34
2026-06-23T13:21:44.840111,486138,34
2026-06-23T13:21:44.840204,486139,35
2026-06-23T13:21:44.840279,486140,34
2026-06-23T13:21:44.840354,486140,34
2026-06-23T13:21:44.840429,486141,34
2026-06-23T13:21:44.840546,486142,34
2026-06-23T13:21:44.840635,486143,34
2026-06-23T13:21:44.840714,486144,34
2026-06-23T13:21:44.840804,486145,34
2026-06-23T13:21:44.840882,486146,34
2026-06-23T13:21:44.840958,486147,34
2026-06-23T13:21:44.850475,486148,33
2026-06-23T13:21:44.850573,486149,34
2026-06-23T13:21:44.850663,486150,34
2026-06-23T13:21:44.850743,486151,34
2026-06-23T13:21:44.850828,486152,36
2026-06-23T13:21:44.850902,486153,34
2026-06-23T13:21:44.850976,486154,34
2026-06-23T13:21:44.851054,486155,34
2026-06-23T13:21:44.851129,486156,34
2026-06-23T13:21:44.851203,486157,34
2026-06-23T13:21:44.851278,486158,34
2026-06-23T13:21:44.860984,486159,34
2026-06-23T13:21:44.861074,486160,34
2026-06-23T13:21:44.861149,486161,34
2026-06-23T13:21:44.861224,486162,34
2026-06-23T13:21:44.861298,486162,34
2026-06-23T13:21:44.861372,486163,34
2026-06-23T13:21:44.861446,486164,34
2026-06-23T13:21:44.861520,486165,34
2026-06-23T13:21:44.861594,486166,33
2026-06-23T13:21:44.861667,486167,33
2026-06-23T13:21:44.861741,486168,34
2026-06-23T13:21:44.871472,486169,33
2026-06-23T13:21:44.871571,486170,34
2026-06-23T13:21:44.871646,486171,34
2026-06-23T13:21:44.871721,486172,34
2026-06-23T13:21:44.871799,486173,34
2026-06-23T13:21:44.871875,486174,34
2026-06-23T13:21:44.871949,486175,33
2026-06-23T13:21:44.872023,486176,33
2026-06-23T13:21:44.872097,486177,33
2026-06-23T13:21:44.872171,486178,33
2026-06-23T13:21:44.872245,486179,33
2026-06-23T13:21:44.881801,486180,33
2026-06-23T13:21:44.881893,486181,33
2026-06-23T13:21:44.881968,486182,33
2026-06-23T13:21:44.882043,486183,33
2026-06-23T13:21:44.882117,486183,32
2026-06-23T13:21:44.882191,486184,33
2026-06-23T13:21:44.882265,486185,32
2026-06-23T13:21:44.882339,486186,32
2026-06-23T13:21:44.882413,486187,32
2026-06-23T13:21:44.882486,486188,32
2026-06-23T13:21:44.882561,486189,32
2026-06-23T13:21:44.892279,486190,32
2026-06-23T13:21:44.892366,486191,32
2026-06-23T13:21:44.892441,486192,32
2026-06-23T13:21:44.892516,486193,32
2026-06-23T13:21:44.892590,486194,32
2026-06-23T13:21:44.892665,486195,32
2026-06-23T13:21:44.892739,486196,32
2026-06-23T13:21:44.892813,486197,32
2026-06-23T13:21:44.892889,486198,32
2026-06-23T13:21:44.892964,486199,32
2026-06-23T13:21:44.893038,486200,32
2026-06-23T13:21:44.902814,486201,31
2026-06-23T13:21:44.902911,486202,31
2026-06-23T13:21:44.902987,486203,31
2026-06-23T13:21:44.903062,486204,32
2026-06-23T13:21:44.903143,486204,32
2026-06-23T13:21:44.903217,486205,32
2026-06-23T13:21:44.903292,486206,32
2026-06-23T13:21:44.903366,486207,32
2026-06-23T13:21:44.903440,486208,32
2026-06-23T13:21:44.903514,486209,32
2026-06-23T13:21:44.903589,486210,32
2026-06-23T13:21:44.913200,486211,32
2026-06-23T13:21:44.913306,486212,32
2026-06-23T13:21:44.913402,486213,32
2026-06-23T13:21:44.913497,486214,32
2026-06-23T13:21:44.913591,486215,32
2026-06-23T13:21:44.913686,486216,32
2026-06-23T13:21:44.913780,486217,32
2026-06-23T13:21:44.913875,486218,32
2026-06-23T13:21:44.913973,486219,32
2026-06-23T13:21:44.914068,486220,32
2026-06-23T13:21:44.923579,486221,32
2026-06-23T13:21:44.923750,486222,33
2026-06-23T13:21:44.923847,486223,32
2026-06-23T13:21:44.923992,486224,33
2026-06-23T13:21:44.924084,486225,33
2026-06-23T13:21:44.924164,486226,33
2026-06-23T13:21:44.924242,486226,33
2026-06-23T13:21:44.924319,486227,33
2026-06-23T13:21:44.924397,486228,34
2026-06-23T13:21:44.924473,486229,34
2026-06-23T13:21:44.924549,486230,33
2026-06-23T13:21:44.934003,486231,33
2026-06-23T13:21:44.934146,486232,33
2026-06-23T13:21:44.934257,486233,33
2026-06-23T13:21:44.934348,486234,33
2026-06-23T13:21:44.934424,486235,33
2026-06-23T13:21:44.934500,486236,33
2026-06-23T13:21:44.934575,486237,33
2026-06-23T13:21:44.934650,486238,33
2026-06-23T13:21:44.934725,486239,33
2026-06-23T13:21:44.934799,486240,33
2026-06-23T13:21:44.934874,486241,33
2026-06-23T13:21:44.944453,486242,33
2026-06-23T13:21:44.944568,486243,33
2026-06-23T13:21:44.944666,486244,33
2026-06-23T13:21:44.944781,486245,33
2026-06-23T13:21:44.944900,486246,33
2026-06-23T13:21:44.944996,486247,33
2026-06-23T13:21:44.945091,486247,32
2026-06-23T13:21:44.945186,486248,32
2026-06-23T13:21:44.945280,486249,32
2026-06-23T13:21:44.945392,486250,33
2026-06-23T13:21:44.945487,486251,32
2026-06-23T13:21:44.954975,486252,32
2026-06-23T13:21:44.955072,486253,32
2026-06-23T13:21:44.955148,486254,32
2026-06-23T13:21:44.955222,486255,32
2026-06-23T13:21:44.955296,486256,32
2026-06-23T13:21:44.955370,486257,33
2026-06-23T13:21:44.955444,486258,33
2026-06-23T13:21:44.955519,486259,33
2026-06-23T13:21:44.955593,486260,33
2026-06-23T13:21:44.955668,486261,32
2026-06-23T13:21:44.955742,486262,32
2026-06-23T13:21:44.965296,486263,32
2026-06-23T13:21:44.965408,486264,32
2026-06-23T13:21:44.965503,486265,32
2026-06-23T13:21:44.965598,486266,32
2026-06-23T13:21:44.965693,486267,32
2026-06-23T13:21:44.965789,486268,32
2026-06-23T13:21:44.965885,486269,32
2026-06-23T13:21:44.965976,486269,32
2026-06-23T13:21:44.966051,486270,32
2026-06-23T13:21:44.966127,486271,32
2026-06-23T13:21:44.966202,486272,32
2026-06-23T13:21:44.975856,486273,32
2026-06-23T13:21:44.975943,486274,32
2026-06-23T13:21:44.976019,486275,32
2026-06-23T13:21:44.976093,486276,32
2026-06-23T13:21:44.976168,486277,32
2026-06-23T13:21:44.976299,486278,32
2026-06-23T13:21:44.976378,486279,32
2026-06-23T13:21:44.976457,486280,32
2026-06-23T13:21:44.976546,486281,32
2026-06-23T13:21:44.976623,486282,32
2026-06-23T13:21:44.976699,486283,32
2026-06-23T13:21:44.986292,486284,31
2026-06-23T13:21:44.986424,486285,31
2026-06-23T13:21:44.986511,486286,31
2026-06-23T13:21:44.986599,486287,32
2026-06-23T13:21:44.986683,486288,32
2026-06-23T13:21:44.986762,486289,32
2026-06-23T13:21:44.986838,486290,32
2026-06-23T13:21:44.986915,486290,32
2026-06-23T13:21:44.986991,486291,32
2026-06-23T13:21:44.987067,486292,32
2026-06-23T13:21:44.987141,486293,32
2026-06-23T13:21:44.996706,486294,32
2026-06-23T13:21:44.996815,486295,32
2026-06-23T13:21:44.996896,486296,32
2026-06-23T13:21:44.996973,486297,32
2026-06-23T13:21:44.997049,486298,32
2026-06-23T13:21:44.997125,486299,31
2026-06-23T13:21:44.997200,486300,32
2026-06-23T13:21:44.997274,486301,32
2026-06-23T13:21:44.997350,486302,31
2026-06-23T13:21:44.997424,486303,32
2026-06-23T13:21:44.997499,486304,32
2026-06-23T13:21:45.007165,486305,32
2026-06-23T13:21:45.007272,486306,32
2026-06-23T13:21:45.007350,486307,32
2026-06-23T13:21:45.007428,486308,32
2026-06-23T13:21:45.007504,486309,32
2026-06-23T13:21:45.007580,486310,32
2026-06-23T13:21:45.007656,486311,32
2026-06-23T13:21:45.007731,486311,32
2026-06-23T13:21:45.007806,486312,31
2026-06-23T13:21:45.007885,486313,31
2026-06-23T13:21:45.007961,486314,32
2026-06-23T13:21:45.017607,486315,32
2026-06-23T13:21:45.017712,486316,32
2026-06-23T13:21:45.017789,486317,31
2026-06-23T13:21:45.017865,486318,32
2026-06-23T13:21:45.017941,486319,32
2026-06-23T13:21:45.018017,486320,32
2026-06-23T13:21:45.018092,486321,32
2026-06-23T13:21:45.018166,486322,32
2026-06-23T13:21:45.018240,486323,32
2026-06-23T13:21:45.018315,486324,32
2026-06-23T13:21:45.018389,486325,33
2026-06-23T13:21:45.028016,486326,33
2026-06-23T13:21:45.028103,486327,32
2026-06-23T13:21:45.028179,486328,33
2026-06-23T13:21:45.028255,486329,32
2026-06-23T13:21:45.028331,486330,32
2026-06-23T13:21:45.028407,486331,32
2026-06-23T13:21:45.028481,486332,32
2026-06-23T13:21:45.028555,486333,32
2026-06-23T13:21:45.028630,486333,32
2026-06-23T13:21:45.028704,486334,31
2026-06-23T13:21:45.038461,486335,32
2026-06-23T13:21:45.038568,486336,32
2026-06-23T13:21:45.038642,486337,32
2026-06-23T13:21:45.038717,486338,32
2026-06-23T13:21:45.038791,486339,32
2026-06-23T13:21:45.038865,486340,32
2026-06-23T13:21:45.038944,486341,32
2026-06-23T13:21:45.039018,486342,32
2026-06-23T13:21:45.039092,486343,32
2026-06-23T13:21:45.039166,486344,32
2026-06-23T13:21:45.039239,486345,32
2026-06-23T13:21:45.048855,486346,32
2026-06-23T13:21:45.048943,486347,32
2026-06-23T13:21:45.049018,486348,32
2026-06-23T13:21:45.049093,486349,32
2026-06-23T13:21:45.049168,486350,32
2026-06-23T13:21:45.049242,486351,32
2026-06-23T13:21:45.049316,486352,32
2026-06-23T13:21:45.049391,486353,32
2026-06-23T13:21:45.049465,486354,32
2026-06-23T13:21:45.049539,486354,32
2026-06-23T13:21:45.049614,486355,32
2026-06-23T13:21:45.059307,486356,32
2026-06-23T13:21:45.059395,486357,32
2026-06-23T13:21:45.059470,486358,32
2026-06-23T13:21:45.059545,486359,32
2026-06-23T13:21:45.059620,486360,32
2026-06-23T13:21:45.059694,486361,32
2026-06-23T13:21:45.059769,486362,32
2026-06-23T13:21:45.059844,486363,32
2026-06-23T13:21:45.059918,486364,32
2026-06-23T13:21:45.059994,486365,32
2026-06-23T13:21:45.060068,486366,31
2026-06-23T13:21:45.069855,486367,31
2026-06-23T13:21:45.069953,486368,31
2026-06-23T13:21:45.070028,486369,32
2026-06-23T13:21:45.070102,486370,32
2026-06-23T13:21:45.070176,486371,32
2026-06-23T13:21:45.070250,486372,32
2026-06-23T13:21:45.070324,486373,32
2026-06-23T13:21:45.070397,486374,32
2026-06-23T13:21:45.070472,486375,32
2026-06-23T13:21:45.070546,486375,32
2026-06-23T13:21:45.070621,486376,32
2026-06-23T13:21:45.080179,486377,32
2026-06-23T13:21:45.080264,486378,32
2026-06-23T13:21:45.080339,486379,32
2026-06-23T13:21:45.080414,486380,32
2026-06-23T13:21:45.080490,486381,32
2026-06-23T13:21:45.080566,486382,32
2026-06-23T13:21:45.080654,486383,31
2026-06-23T13:21:45.080749,486384,31
2026-06-23T13:21:45.080845,486385,32
2026-06-23T13:21:45.080940,486386,31
2026-06-23T13:21:45.081034,486387,31
2026-06-23T13:21:45.090725,486388,31
2026-06-23T13:21:45.090851,486389,31
2026-06-23T13:21:45.090972,486390,32
2026-06-23T13:21:45.091064,486391,32
2026-06-23T13:21:45.091171,486392,32
2026-06-23T13:21:45.091257,486393,32
2026-06-23T13:21:45.091336,486394,32
2026-06-23T13:21:45.091414,486395,32
2026-06-23T13:21:45.091490,486396,32
2026-06-23T13:21:45.091566,486397,32
2026-06-23T13:21:45.091642,486397,32
2026-06-23T13:21:45.101095,486398,32
2026-06-23T13:21:45.101193,486399,32
2026-06-23T13:21:45.101268,486400,32
2026-06-23T13:21:45.101344,486401,32
2026-06-23T13:21:45.101418,486402,32
2026-06-23T13:21:45.101493,486403,33
2026-06-23T13:21:45.101568,486404,33
2026-06-23T13:21:45.101642,486405,33
2026-06-23T13:21:45.101716,486406,33
2026-06-23T13:21:45.101790,486407,33
2026-06-23T13:21:45.101865,486408,33
2026-06-23T13:21:45.111492,486409,33
2026-06-23T13:21:45.111591,486410,33
2026-06-23T13:21:45.111666,486411,33
2026-06-23T13:21:45.111740,486412,33
2026-06-23T13:21:45.111815,486413,33
2026-06-23T13:21:45.111889,486414,33
2026-06-23T13:21:45.111963,486415,33
2026-06-23T13:21:45.112036,486416,33
2026-06-23T13:21:45.112111,486417,33
2026-06-23T13:21:45.112201,486418,33
2026-06-23T13:21:45.112276,486418,33
2026-06-23T13:21:45.121989,486419,33
2026-06-23T13:21:45.122111,486420,33
2026-06-23T13:21:45.122190,486421,33
2026-06-23T13:21:45.122266,486422,33
2026-06-23T13:21:45.122342,486423,34
2026-06-23T13:21:45.122416,486424,34
2026-06-23T13:21:45.122491,486425,34
2026-06-23T13:21:45.122565,486426,33
2026-06-23T13:21:45.122639,486427,33
2026-06-23T13:21:45.122714,486428,33
2026-06-23T13:21:45.122788,486429,34
2026-06-23T13:21:45.132412,486430,33
2026-06-23T13:21:45.132508,486431,33
2026-06-23T13:21:45.132586,486432,33
2026-06-23T13:21:45.132663,486433,32
2026-06-23T13:21:45.132740,486434,33
2026-06-23T13:21:45.132815,486435,32
2026-06-23T13:21:45.132891,486436,33
2026-06-23T13:21:45.132965,486437,33
2026-06-23T13:21:45.133040,486438,34
2026-06-23T13:21:45.133114,486439,33
2026-06-23T13:21:45.133190,486439,33
2026-06-23T13:21:45.142920,486440,33
2026-06-23T13:21:45.143008,486441,33
2026-06-23T13:21:45.143087,486442,33
2026-06-23T13:21:45.143164,486443,33
2026-06-23T13:21:45.143239,486444,33
2026-06-23T13:21:45.143314,486445,33
2026-06-23T13:21:45.143390,486446,32
2026-06-23T13:21:45.143465,486447,32
2026-06-23T13:21:45.143540,486448,33
2026-06-23T13:21:45.143615,486449,33
2026-06-23T13:21:45.153290,486450,33
2026-06-23T13:21:45.153423,486451,33
2026-06-23T13:21:45.153504,486452,33
2026-06-23T13:21:45.153582,486453,33
2026-06-23T13:21:45.153659,486454,33
2026-06-23T13:21:45.153734,486455,33
2026-06-23T13:21:45.153809,486456,32
2026-06-23T13:21:45.153884,486457,33
2026-06-23T13:21:45.153958,486458,33
2026-06-23T13:21:45.154032,486459,33
2026-06-23T13:21:45.154106,486460,33
2026-06-23T13:21:45.163689,486461,33
2026-06-23T13:21:45.163778,486461,32
2026-06-23T13:21:45.163856,486462,32
2026-06-23T13:21:45.163932,486463,32
2026-06-23T13:21:45.164008,486464,32
2026-06-23T13:21:45.164084,486465,32
2026-06-23T13:21:45.164160,486466,32
2026-06-23T13:21:45.164257,486467,32
2026-06-23T13:21:45.164383,486468,32
2026-06-23T13:21:45.164464,486469,32
2026-06-23T13:21:45.164540,486470,32
2026-06-23T13:21:45.174188,486471,33
2026-06-23T13:21:45.174286,486472,32
2026-06-23T13:21:45.174362,486473,32
2026-06-23T13:21:45.174438,486474,32
2026-06-23T13:21:45.174513,486475,32
2026-06-23T13:21:45.174588,486476,32
2026-06-23T13:21:45.174663,486477,33
2026-06-23T13:21:45.174738,486478,32
2026-06-23T13:21:45.174813,486479,32
2026-06-23T13:21:45.174888,486480,32
2026-06-23T13:21:45.174963,486481,32
2026-06-23T13:21:45.184633,486482,32
2026-06-23T13:21:45.184733,486482,32
2026-06-23T13:21:45.184809,486483,32
2026-06-23T13:21:45.184884,486484,32
2026-06-23T13:21:45.184961,486485,32
2026-06-23T13:21:45.185038,486486,32
2026-06-23T13:21:45.185114,486487,32
2026-06-23T13:21:45.185189,486488,32
2026-06-23T13:21:45.185264,486489,32
2026-06-23T13:21:45.185338,486490,32
2026-06-23T13:21:45.185413,486491,32
2026-06-23T13:21:45.195042,486492,32
2026-06-23T13:21:45.195131,486493,32
2026-06-23T13:21:45.195206,486494,32
2026-06-23T13:21:45.195281,486495,31
2026-06-23T13:21:45.195356,486496,31
2026-06-23T13:21:45.195431,486497,32
2026-06-23T13:21:45.195508,486498,31
2026-06-23T13:21:45.195583,486499,32
2026-06-23T13:21:45.195657,486500,32
2026-06-23T13:21:45.195731,486501,32
2026-06-23T13:21:45.195805,486502,32
2026-06-23T13:21:45.205463,486503,32
2026-06-23T13:21:45.205557,486504,32
2026-06-23T13:21:45.205633,486504,32
2026-06-23T13:21:45.205708,486505,32
2026-06-23T13:21:45.205782,486506,32
2026-06-23T13:21:45.205856,486507,32
2026-06-23T13:21:45.205930,486508,32
2026-06-23T13:21:45.206004,486509,32
2026-06-23T13:21:45.206078,486510,32
2026-06-23T13:21:45.206152,486511,32
2026-06-23T13:21:45.206227,486512,32
2026-06-23T13:21:45.215956,486513,32
2026-06-23T13:21:45.216075,486514,32
2026-06-23T13:21:45.216170,486515,32
2026-06-23T13:21:45.216265,486516,32
2026-06-23T13:21:45.216361,486517,31
2026-06-23T13:21:45.216456,486518,31
2026-06-23T13:21:45.216552,486519,30
2026-06-23T13:21:45.216638,486520,31
2026-06-23T13:21:45.216712,486521,31
2026-06-23T13:21:45.216787,486522,30
2026-06-23T13:21:45.216861,486523,31
2026-06-23T13:21:45.226432,486524,31
2026-06-23T13:21:45.226542,486525,32
2026-06-23T13:21:45.226638,486525,32
2026-06-23T13:21:45.226734,486526,30
2026-06-23T13:21:45.226831,486527,32
2026-06-23T13:21:45.226925,486528,32
2026-06-23T13:21:45.227022,486529,31
2026-06-23T13:21:45.227118,486530,31
2026-06-23T13:21:45.227213,486531,31
2026-06-23T13:21:45.227307,486532,31
2026-06-23T13:21:45.227402,486533,31
2026-06-23T13:21:45.236970,486534,31
2026-06-23T13:21:45.237071,486535,31
2026-06-23T13:21:45.237152,486536,31
2026-06-23T13:21:45.237226,486537,31
2026-06-23T13:21:45.237301,486538,31
2026-06-23T13:21:45.237375,486539,31
2026-06-23T13:21:45.237450,486540,31
2026-06-23T13:21:45.237524,486541,31
2026-06-23T13:21:45.237598,486542,31
2026-06-23T13:21:45.237672,486543,31
2026-06-23T13:21:45.237746,486544,31
2026-06-23T13:21:45.247291,486545,31
2026-06-23T13:21:45.247400,486546,31
2026-06-23T13:21:45.247496,486546,31
2026-06-23T13:21:45.247591,486547,31
2026-06-23T13:21:45.247686,486548,32
2026-06-23T13:21:45.247780,486549,32
2026-06-23T13:21:45.247874,486550,32
2026-06-23T13:21:45.248028,486551,32
2026-06-23T13:21:45.248159,486552,32
2026-06-23T13:21:45.248262,486553,32
2026-06-23T13:21:45.248362,486554,32
2026-06-23T13:21:45.257794,486555,32
2026-06-23T13:21:45.257885,486556,32
2026-06-23T13:21:45.257960,486557,32
2026-06-23T13:21:45.258035,486558,32
2026-06-23T13:21:45.258111,486559,32
2026-06-23T13:21:45.258186,486560,32
2026-06-23T13:21:45.258262,486561,32
2026-06-23T13:21:45.258337,486562,32
2026-06-23T13:21:45.258411,486563,32
2026-06-23T13:21:45.258492,486564,32
2026-06-23T13:21:45.268163,486565,32
2026-06-23T13:21:45.268268,486566,32
2026-06-23T13:21:45.268343,486567,32
2026-06-23T13:21:45.268419,486568,32
2026-06-23T13:21:45.268494,486568,32
2026-06-23T13:21:45.268569,486569,32
2026-06-23T13:21:45.268643,486570,32
2026-06-23T13:21:45.268716,486571,31
2026-06-23T13:21:45.268790,486572,32
2026-06-23T13:21:45.268864,486573,32
2026-06-23T13:21:45.268938,486574,33
2026-06-23T13:21:45.278544,486575,32
2026-06-23T13:21:45.278630,486576,32
2026-06-23T13:21:45.278705,486577,32
2026-06-23T13:21:45.278780,486578,32
2026-06-23T13:21:45.278855,486579,32
2026-06-23T13:21:45.278931,486580,32
2026-06-23T13:21:45.279006,486581,32
2026-06-23T13:21:45.279085,486582,32
2026-06-23T13:21:45.279162,486583,32
2026-06-23T13:21:45.279237,486584,32
2026-06-23T13:21:45.279311,486585,33
2026-06-23T13:21:45.289054,486586,33
2026-06-23T13:21:45.289152,486587,33
2026-06-23T13:21:45.289227,486588,32
2026-06-23T13:21:45.289301,486589,33
2026-06-23T13:21:45.289376,486589,33
2026-06-23T13:21:45.289450,486590,33
2026-06-23T13:21:45.289525,486591,33
2026-06-23T13:21:45.289599,486592,33
2026-06-23T13:21:45.289673,486593,33
2026-06-23T13:21:45.289748,486594,33
2026-06-23T13:21:45.289825,486595,33
2026-06-23T13:21:45.299416,486596,33
2026-06-23T13:21:45.299505,486597,33
2026-06-23T13:21:45.299582,486598,33
2026-06-23T13:21:45.299655,486599,33
2026-06-23T13:21:45.299730,486600,33
2026-06-23T13:21:45.299804,486601,33
2026-06-23T13:21:45.299879,486602,33
2026-06-23T13:21:45.299953,486603,33
2026-06-23T13:21:45.300027,486604,33
2026-06-23T13:21:45.300101,486605,33
2026-06-23T13:21:45.300175,486606,33
2026-06-23T13:21:45.309932,486607,33
2026-06-23T13:21:45.310024,486608,33
2026-06-23T13:21:45.310099,486609,33
2026-06-23T13:21:45.310175,486610,33
2026-06-23T13:21:45.310250,486610,33
2026-06-23T13:21:45.310325,486611,33
2026-06-23T13:21:45.310416,486612,33
2026-06-23T13:21:45.310491,486613,32
2026-06-23T13:21:45.310582,486614,32
2026-06-23T13:21:45.310656,486615,32
2026-06-23T13:21:45.310730,486616,32
2026-06-23T13:21:45.320378,486617,32
2026-06-23T13:21:45.320480,486618,32
2026-06-23T13:21:45.320556,486619,33
2026-06-23T13:21:45.320631,486620,32
2026-06-23T13:21:45.320705,486621,33
2026-06-23T13:21:45.320779,486622,33
2026-06-23T13:21:45.320853,486623,33
2026-06-23T13:21:45.320927,486624,33
2026-06-23T13:21:45.321002,486625,33
2026-06-23T13:21:45.321077,486626,33
2026-06-23T13:21:45.321154,486627,33
2026-06-23T13:21:45.330770,486628,33
2026-06-23T13:21:45.330879,486629,33
2026-06-23T13:21:45.330975,486630,33
2026-06-23T13:21:45.331070,486631,33
2026-06-23T13:21:45.331166,486632,34
2026-06-23T13:21:45.331307,486632,33
2026-06-23T13:21:45.331419,486633,32
2026-06-23T13:21:45.331519,486634,32
2026-06-23T13:21:45.331617,486635,32
2026-06-23T13:21:45.331713,486636,32
2026-06-23T13:21:45.331810,486637,32
2026-06-23T13:21:45.341196,486638,33
2026-06-23T13:21:45.341310,486639,33
2026-06-23T13:21:45.341393,486640,32
2026-06-23T13:21:45.341473,486641,32
2026-06-23T13:21:45.341550,486642,32
2026-06-23T13:21:45.341627,486643,32
2026-06-23T13:21:45.341704,486644,32
2026-06-23T13:21:45.341780,486645,32
2026-06-23T13:21:45.341856,486646,32
2026-06-23T13:21:45.341932,486647,31
2026-06-23T13:21:45.342007,486648,32
2026-06-23T13:21:45.351747,486649,32
2026-06-23T13:21:45.351880,486650,32
2026-06-23T13:21:45.351962,486651,32
2026-06-23T13:21:45.352040,486652,32
2026-06-23T13:21:45.352117,486653,32
2026-06-23T13:21:45.352195,486653,32
2026-06-23T13:21:45.352271,486654,32
2026-06-23T13:21:45.352346,486655,33
2026-06-23T13:21:45.352421,486656,32
2026-06-23T13:21:45.352496,486657,32
2026-06-23T13:21:45.352570,486658,32
2026-06-23T13:21:45.362186,486659,32
2026-06-23T13:21:45.362276,486660,32
2026-06-23T13:21:45.362341,486661,32
2026-06-23T13:21:45.362404,486662,32
2026-06-23T13:21:45.362467,486663,32
2026-06-23T13:21:45.362528,486664,32
2026-06-23T13:21:45.362590,486665,32
2026-06-23T13:21:45.362652,486666,32
2026-06-23T13:21:45.362713,486667,31
2026-06-23T13:21:45.362774,486668,32
2026-06-23T13:21:45.362837,486669,32
2026-06-23T13:21:45.372651,486670,33
2026-06-23T13:21:45.372752,486671,34
2026-06-23T13:21:45.372827,486672,33
2026-06-23T13:21:45.372902,486673,33
2026-06-23T13:21:45.372976,486674,33
2026-06-23T13:21:45.373050,486674,33
2026-06-23T13:21:45.373124,486675,33
2026-06-23T13:21:45.373199,486676,33
2026-06-23T13:21:45.373273,486677,33
2026-06-23T13:21:45.373348,486678,33
2026-06-23T13:21:45.382952,486679,33
2026-06-23T13:21:45.383053,486680,33
2026-06-23T13:21:45.383129,486681,33
2026-06-23T13:21:45.383204,486682,33
2026-06-23T13:21:45.383278,486683,33
2026-06-23T13:21:45.383353,486684,33
2026-06-23T13:21:45.383427,486685,33
2026-06-23T13:21:45.383502,486686,33
2026-06-23T13:21:45.383576,486687,33
2026-06-23T13:21:45.383651,486688,33
2026-06-23T13:21:45.383725,486689,33
2026-06-23T13:21:45.393441,486690,33
2026-06-23T13:21:45.393532,486691,33
2026-06-23T13:21:45.393608,486692,33
2026-06-23T13:21:45.393684,486693,33
2026-06-23T13:21:45.393759,486694,33
2026-06-23T13:21:45.393837,486695,33
2026-06-23T13:21:45.393913,486696,33
2026-06-23T13:21:45.394001,486696,33
2026-06-23T13:21:45.394079,486697,32
2026-06-23T13:21:45.394156,486698,32
2026-06-23T13:21:45.394230,486699,32
2026-06-23T13:21:45.403966,486700,32
2026-06-23T13:21:45.404071,486701,32
2026-06-23T13:21:45.404146,486702,33
2026-06-23T13:21:45.404221,486703,33
2026-06-23T13:21:45.404295,486704,33
2026-06-23T13:21:45.404369,486705,33
2026-06-23T13:21:45.404444,486706,33
2026-06-23T13:21:45.404518,486707,33
2026-06-23T13:21:45.404593,486708,32
2026-06-23T13:21:45.404667,486709,33
2026-06-23T13:21:45.404741,486710,32
2026-06-23T13:21:45.414358,486711,33
2026-06-23T13:21:45.414445,486712,32
2026-06-23T13:21:45.414520,486713,32
2026-06-23T13:21:45.414595,486714,32
2026-06-23T13:21:45.414670,486715,32
2026-06-23T13:21:45.414745,486716,32
2026-06-23T13:21:45.414819,486717,32
2026-06-23T13:21:45.414894,486717,32
2026-06-23T13:21:45.414985,486718,32
2026-06-23T13:21:45.415074,486719,32
2026-06-23T13:21:45.415150,486720,32
2026-06-23T13:21:45.424846,486721,32
2026-06-23T13:21:45.424940,486722,31
2026-06-23T13:21:45.425017,486723,32
2026-06-23T13:21:45.425091,486724,32
2026-06-23T13:21:45.425166,486725,32
2026-06-23T13:21:45.425241,486726,32
2026-06-23T13:21:45.425316,486727,32
2026-06-23T13:21:45.425391,486728,32
2026-06-23T13:21:45.425465,486729,32
2026-06-23T13:21:45.425539,486730,32
2026-06-23T13:21:45.425613,486731,32
2026-06-23T13:21:45.435272,486732,32
2026-06-23T13:21:45.435377,486733,32
2026-06-23T13:21:45.435453,486734,31
2026-06-23T13:21:45.435527,486735,32
2026-06-23T13:21:45.435602,486736,32
2026-06-23T13:21:45.435676,486737,31
2026-06-23T13:21:45.435751,486738,32
2026-06-23T13:21:45.435824,486738,33
2026-06-23T13:21:45.435898,486739,33
2026-06-23T13:21:45.435973,486740,32
2026-06-23T13:21:45.436047,486741,33
2026-06-23T13:21:45.445716,486742,33
2026-06-23T13:21:45.445830,486743,32
2026-06-23T13:21:45.445931,486744,33
2026-06-23T13:21:45.446029,486745,33
2026-06-23T13:21:45.446126,486746,32
2026-06-23T13:21:45.446234,486747,32
2026-06-23T13:21:45.446332,486748,32
2026-06-23T13:21:45.446428,486749,33
2026-06-23T13:21:45.446524,486750,33
2026-06-23T13:21:45.446620,486751,33
2026-06-23T13:21:45.446717,486752,33
2026-06-23T13:21:45.456193,486753,33
2026-06-23T13:21:45.456293,486754,33
2026-06-23T13:21:45.456369,486755,33
2026-06-23T13:21:45.456444,486756,33
2026-06-23T13:21:45.456519,486757,33
2026-06-23T13:21:45.456592,486758,33
2026-06-23T13:21:45.456668,486759,32
2026-06-23T13:21:45.456743,486760,32
2026-06-23T13:21:45.456818,486760,32
2026-06-23T13:21:45.456892,486761,32
2026-06-23T13:21:45.456967,486762,32
2026-06-23T13:21:45.466568,486763,32
2026-06-23T13:21:45.466717,486764,32
2026-06-23T13:21:45.466801,486765,32
2026-06-23T13:21:45.466880,486766,32
2026-06-23T13:21:45.466958,486767,33
2026-06-23T13:21:45.467035,486768,32
2026-06-23T13:21:45.467111,486769,32
2026-06-23T13:21:45.467187,486770,30
2026-06-23T13:21:45.467262,486771,32
2026-06-23T13:21:45.467337,486772,33
2026-06-23T13:21:45.467398,486773,33
