datetime,arduino_millis,voltage
2026-06-23T13:18:26.377406,8060,51
2026-06-23T13:18:26.377484,288061,51
2026-06-23T13:18:26.377527,288062,52
2026-06-23T13:18:26.377611,288063,52
2026-06-23T13:18:26.377662,288064,52
2026-06-23T13:18:26.377702,288065,51
2026-06-23T13:18:26.377738,288066,51
2026-06-23T13:18:26.377773,288067,51
2026-06-23T13:18:26.377807,288068,50
2026-06-23T13:18:26.377841,288069,50
2026-06-23T13:18:26.377875,288070,52
2026-06-23T13:18:26.387822,288071,52
2026-06-23T13:18:26.387887,288072,51
2026-06-23T13:18:26.387931,288073,51
2026-06-23T13:18:26.387968,288074,50
2026-06-23T13:18:26.388007,288075,51
2026-06-23T13:18:26.388044,288075,51
2026-06-23T13:18:26.388081,288076,51
2026-06-23T13:18:26.388117,288077,51
2026-06-23T13:18:26.388154,288078,52
2026-06-23T13:18:26.388190,288079,52
2026-06-23T13:18:26.388226,288080,52
2026-06-23T13:18:26.398270,288081,51
2026-06-23T13:18:26.398325,288082,52
2026-06-23T13:18:26.398403,288083,51
2026-06-23T13:18:26.398462,288084,52
2026-06-23T13:18:26.398506,288085,51
2026-06-23T13:18:26.398547,288086,51
2026-06-23T13:18:26.398586,288087,51
2026-06-23T13:18:26.398624,288088,50
2026-06-23T13:18:26.398661,288089,50
2026-06-23T13:18:26.398699,288090,50
2026-06-23T13:18:26.408680,288091,49
2026-06-23T13:18:26.408766,288092,49
2026-06-23T13:18:26.408809,288093,49
2026-06-23T13:18:26.408848,288094,48
2026-06-23T13:18:26.408887,288095,48
2026-06-23T13:18:26.408926,288096,48
2026-06-23T13:18:26.408963,288096,49
2026-06-23T13:18:26.409000,288097,49
2026-06-23T13:18:26.409037,288098,50
2026-06-23T13:18:26.409073,288099,50
2026-06-23T13:18:26.409111,288100,50
2026-06-23T13:18:26.419179,288101,49
2026-06-23T13:18:26.419247,288102,49
2026-06-23T13:18:26.419287,288103,49
2026-06-23T13:18:26.419356,288104,49
2026-06-23T13:18:26.419413,288105,49
2026-06-23T13:18:26.419455,288106,50
2026-06-23T13:18:26.419495,288107,50
2026-06-23T13:18:26.419533,288108,50
2026-06-23T13:18:26.419570,288109,50
2026-06-23T13:18:26.419607,288110,50
2026-06-23T13:18:26.419644,288111,50
2026-06-23T13:18:26.429599,288112,49
2026-06-23T13:18:26.429668,288113,49
2026-06-23T13:18:26.429771,288114,49
2026-06-23T13:18:26.429833,288115,49
2026-06-23T13:18:26.429882,288116,50
2026-06-23T13:18:26.429926,288117,51
2026-06-23T13:18:26.429968,288118,51
2026-06-23T13:18:26.430010,288118,51
2026-06-23T13:18:26.430051,288119,50
2026-06-23T13:18:26.430093,288120,49
2026-06-23T13:18:26.430134,288121,49
2026-06-23T13:18:26.440086,288122,49
2026-06-23T13:18:26.440152,288123,48
2026-06-23T13:18:26.440191,288124,48
2026-06-23T13:18:26.440231,288125,48
2026-06-23T13:18:26.440268,288126,48
2026-06-23T13:18:26.440306,288127,47
2026-06-23T13:18:26.440343,288128,47
2026-06-23T13:18:26.440380,288129,46
2026-06-23T13:18:26.440417,288130,46
2026-06-23T13:18:26.440455,288131,46
2026-06-23T13:18:26.440492,288132,46
2026-06-23T13:18:26.450449,288133,46
2026-06-23T13:18:26.450531,288134,46
2026-06-23T13:18:26.450573,288135,47
2026-06-23T13:18:26.450606,288136,46
2026-06-23T13:18:26.450638,288137,46
2026-06-23T13:18:26.450671,288138,47
2026-06-23T13:18:26.450705,288139,48
2026-06-23T13:18:26.450737,288139,49
2026-06-23T13:18:26.450769,288140,49
2026-06-23T13:18:26.450801,288141,49
2026-06-23T13:18:26.450832,288142,49
2026-06-23T13:18:26.460901,288143,49
2026-06-23T13:18:26.460968,288144,49
2026-06-23T13:18:26.461001,288145,50
2026-06-23T13:18:26.461032,288146,50
2026-06-23T13:18:26.461063,288147,50
2026-06-23T13:18:26.461095,288148,50
2026-06-23T13:18:26.461124,288149,50
2026-06-23T13:18:26.461153,288150,50
2026-06-23T13:18:26.461183,288151,50
2026-06-23T13:18:26.461212,288152,51
2026-06-23T13:18:26.461240,288153,51
2026-06-23T13:18:26.471389,288154,51
2026-06-23T13:18:26.471442,288155,50
2026-06-23T13:18:26.471469,288156,51
2026-06-23T13:18:26.471495,288157,51
2026-06-23T13:18:26.471522,288158,51
2026-06-23T13:18:26.471549,288159,50
2026-06-23T13:18:26.471575,288160,50
2026-06-23T13:18:26.471601,288160,50
2026-06-23T13:18:26.471627,288161,50
2026-06-23T13:18:26.471667,288162,51
2026-06-23T13:18:26.471693,288163,51
2026-06-23T13:18:26.481841,288164,51
2026-06-23T13:18:26.481886,288165,52
2026-06-23T13:18:26.481914,288166,53
2026-06-23T13:18:26.481940,288167,54
2026-06-23T13:18:26.481968,288168,53
2026-06-23T13:18:26.481996,288169,54
2026-06-23T13:18:26.482022,288170,53
2026-06-23T13:18:26.482048,288171,53
2026-06-23T13:18:26.482074,288172,53
2026-06-23T13:18:26.482101,288173,52
2026-06-23T13:18:26.482127,288174,52
2026-06-23T13:18:26.492204,288175,52
2026-06-23T13:18:26.492252,288176,51
2026-06-23T13:18:26.492279,288177,51
2026-06-23T13:18:26.492305,288178,52
2026-06-23T13:18:26.492332,288179,51
2026-06-23T13:18:26.492358,288180,50
2026-06-23T13:18:26.492384,288181,51
2026-06-23T13:18:26.492409,288182,51
2026-06-23T13:18:26.492435,288182,51
2026-06-23T13:18:26.492460,288183,51
2026-06-23T13:18:26.492487,288184,50
2026-06-23T13:18:26.502670,288185,49
2026-06-23T13:18:26.502718,288186,49
2026-06-23T13:18:26.502747,288187,48
2026-06-23T13:18:26.502773,288188,48
2026-06-23T13:18:26.502800,288189,48
2026-06-23T13:18:26.502826,288190,48
2026-06-23T13:18:26.502851,288191,48
2026-06-23T13:18:26.502877,288192,48
2026-06-23T13:18:26.502903,288193,47
2026-06-23T13:18:26.502929,288194,47
2026-06-23T13:18:26.502954,288195,46
2026-06-23T13:18:26.513049,288196,46
2026-06-23T13:18:26.513083,288197,47
2026-06-23T13:18:26.513110,288198,47
2026-06-23T13:18:26.513137,288199,47
2026-06-23T13:18:26.513162,288200,46
2026-06-23T13:18:26.513188,288201,46
2026-06-23T13:18:26.513215,288202,46
2026-06-23T13:18:26.513257,288203,46
2026-06-23T13:18:26.513290,288203,46
2026-06-23T13:18:26.513318,288204,46
2026-06-23T13:18:26.523513,288205,45
2026-06-23T13:18:26.523563,288206,45
2026-06-23T13:18:26.523591,288207,44
2026-06-23T13:18:26.523618,288208,44
2026-06-23T13:18:26.523648,288209,44
2026-06-23T13:18:26.523674,288210,44
2026-06-23T13:18:26.523702,288211,43
2026-06-23T13:18:26.523728,288212,43
2026-06-23T13:18:26.523754,288213,43
2026-06-23T13:18:26.523780,288214,43
2026-06-23T13:18:26.523805,288215,44
2026-06-23T13:18:26.534049,288216,45
2026-06-23T13:18:26.534098,288217,45
2026-06-23T13:18:26.534125,288218,46
2026-06-23T13:18:26.534152,288219,47
2026-06-23T13:18:26.534180,288220,47
2026-06-23T13:18:26.534207,288221,51
2026-06-23T13:18:26.534233,288222,53
2026-06-23T13:18:26.534259,288223,55
2026-06-23T13:18:26.534285,288224,55
2026-06-23T13:18:26.534312,288224,56
2026-06-23T13:18:26.534339,288225,57
2026-06-23T13:18:26.544385,288226,57
2026-06-23T13:18:26.544419,288227,57
2026-06-23T13:18:26.544447,288228,58
2026-06-23T13:18:26.544472,288229,58
2026-06-23T13:18:26.544499,288230,58
2026-06-23T13:18:26.544526,288231,58
2026-06-23T13:18:26.544552,288232,57
2026-06-23T13:18:26.544579,288233,57
2026-06-23T13:18:26.544607,288234,57
2026-06-23T13:18:26.544633,288235,58
2026-06-23T13:18:26.544660,288236,57
2026-06-23T13:18:26.554848,288237,57
2026-06-23T13:18:26.554914,288238,57
2026-06-23T13:18:26.554945,288239,59
2026-06-23T13:18:26.554973,288240,60
2026-06-23T13:18:26.555000,288241,63
2026-06-23T13:18:26.555028,288242,64
2026-06-23T13:18:26.555055,288243,64
2026-06-23T13:18:26.555081,288244,63
2026-06-23T13:18:26.555107,288245,62
2026-06-23T13:18:26.555133,288246,62
2026-06-23T13:18:26.555159,288246,62
2026-06-23T13:18:26.565286,288247,64
2026-06-23T13:18:26.565342,288248,63
2026-06-23T13:18:26.565371,288249,63
2026-06-23T13:18:26.565399,288250,63
2026-06-23T13:18:26.565425,288251,65
2026-06-23T13:18:26.565452,288252,61
2026-06-23T13:18:26.565477,288253,61
2026-06-23T13:18:26.565504,288254,60
2026-06-23T13:18:26.565529,288255,60
2026-06-23T13:18:26.565555,288256,59
2026-06-23T13:18:26.565583,288257,59
2026-06-23T13:18:26.575760,288258,58
2026-06-23T13:18:26.575810,288259,58
2026-06-23T13:18:26.575839,288260,57
2026-06-23T13:18:26.575865,288261,56
2026-06-23T13:18:26.575891,288262,56
2026-06-23T13:18:26.575916,288263,56
2026-06-23T13:18:26.575942,288264,56
2026-06-23T13:18:26.575968,288265,56
2026-06-23T13:18:26.576004,288266,57
2026-06-23T13:18:26.576029,288267,57
2026-06-23T13:18:26.576055,288267,57
2026-06-23T13:18:26.586225,288268,57
2026-06-23T13:18:26.586272,288269,56
2026-06-23T13:18:26.586299,288270,56
2026-06-23T13:18:26.586326,288271,57
2026-06-23T13:18:26.586351,288272,57
2026-06-23T13:18:26.586377,288273,56
2026-06-23T13:18:26.586402,288274,56
2026-06-23T13:18:26.586427,288275,55
2026-06-23T13:18:26.586452,288276,54
2026-06-23T13:18:26.586478,288277,54
2026-06-23T13:18:26.586503,288278,53
2026-06-23T13:18:26.596641,288279,53
2026-06-23T13:18:26.596673,288280,53
2026-06-23T13:18:26.596700,288281,52
2026-06-23T13:18:26.596726,288282,52
2026-06-23T13:18:26.596751,288283,51
2026-06-23T13:18:26.596776,288284,52
2026-06-23T13:18:26.596802,288285,53
2026-06-23T13:18:26.596827,288286,53
2026-06-23T13:18:26.596852,288287,53
2026-06-23T13:18:26.596877,288288,53
2026-06-23T13:18:26.596906,288288,53
2026-06-23T13:18:26.607182,288289,53
2026-06-23T13:18:26.607327,288290,53
2026-06-23T13:18:26.607421,288291,53
2026-06-23T13:18:26.607512,288292,53
2026-06-23T13:18:26.607601,288293,52
2026-06-23T13:18:26.607689,288294,52
2026-06-23T13:18:26.607778,288295,52
2026-06-23T13:18:26.607868,288296,51
2026-06-23T13:18:26.607957,288297,51
2026-06-23T13:18:26.608046,288298,51
2026-06-23T13:18:26.608135,288299,51
2026-06-23T13:18:26.617589,288300,51
2026-06-23T13:18:26.617717,288301,51
2026-06-23T13:18:26.617796,288302,51
2026-06-23T13:18:26.617872,288303,51
2026-06-23T13:18:26.617947,288304,50
2026-06-23T13:18:26.618021,288305,50
2026-06-23T13:18:26.618095,288306,50
2026-06-23T13:18:26.618169,288307,50
2026-06-23T13:18:26.618242,288308,49
2026-06-23T13:18:26.618315,288309,49
2026-06-23T13:18:26.618389,288310,48
2026-06-23T13:18:26.627966,288310,49
2026-06-23T13:18:26.628038,288311,48
2026-06-23T13:18:26.628071,288312,48
2026-06-23T13:18:26.628097,288313,48
2026-06-23T13:18:26.628123,288314,48
2026-06-23T13:18:26.628149,288315,47
2026-06-23T13:18:26.628174,288316,47
2026-06-23T13:18:26.628200,288317,47
2026-06-23T13:18:26.628225,288318,46
2026-06-23T13:18:26.628250,288319,46
2026-06-23T13:18:26.638371,288320,46
2026-06-23T13:18:26.638434,288321,46
2026-06-23T13:18:26.638462,288322,46
2026-06-23T13:18:26.638492,288323,46
2026-06-23T13:18:26.638517,288324,46
2026-06-23T13:18:26.638543,288325,46
2026-06-23T13:18:26.638569,288326,46
2026-06-23T13:18:26.638595,288327,46
2026-06-23T13:18:26.638620,288328,45
2026-06-23T13:18:26.638646,288329,45
2026-06-23T13:18:26.638671,288330,45
2026-06-23T13:18:26.648875,288331,44
2026-06-23T13:18:26.649058,288331,44
2026-06-23T13:18:26.649145,288332,44
2026-06-23T13:18:26.649223,288333,44
2026-06-23T13:18:26.649298,288334,44
2026-06-23T13:18:26.649373,288335,44
2026-06-23T13:18:26.649479,288336,44
2026-06-23T13:18:26.649531,288337,44
2026-06-23T13:18:26.649562,288338,44
2026-06-23T13:18:26.649592,288339,44
2026-06-23T13:18:26.649620,288340,44
2026-06-23T13:18:26.659250,288341,43
2026-06-23T13:18:26.659324,288342,43
2026-06-23T13:18:26.659362,288343,42
2026-06-23T13:18:26.659402,288344,42
2026-06-23T13:18:26.659436,288345,42
2026-06-23T13:18:26.659471,288346,42
2026-06-23T13:18:26.659503,288347,42
2026-06-23T13:18:26.659538,288348,42
2026-06-23T13:18:26.659569,288349,42
2026-06-23T13:18:26.659605,288350,42
2026-06-23T13:18:26.659634,288351,42
2026-06-23T13:18:26.669715,288352,42
2026-06-23T13:18:26.669773,288353,43
2026-06-23T13:18:26.669800,288353,44
2026-06-23T13:18:26.669826,288354,45
2026-06-23T13:18:26.669851,288355,45
2026-06-23T13:18:26.669877,288356,44
2026-06-23T13:18:26.669903,288357,43
2026-06-23T13:18:26.669928,288358,44
2026-06-23T13:18:26.669954,288359,44
2026-06-23T13:18:26.669979,288360,43
2026-06-23T13:18:26.670005,288361,43
2026-06-23T13:18:26.680150,288362,43
2026-06-23T13:18:26.680189,288363,43
2026-06-23T13:18:26.680217,288364,43
2026-06-23T13:18:26.680244,288365,44
2026-06-23T13:18:26.680270,288366,45
2026-06-23T13:18:26.680296,288367,46
2026-06-23T13:18:26.680321,288368,46
2026-06-23T13:18:26.680361,288369,46
2026-06-23T13:18:26.680387,288370,46
2026-06-23T13:18:26.680412,288371,46
2026-06-23T13:18:26.680437,288372,47
2026-06-23T13:18:26.690570,288373,48
2026-06-23T13:18:26.690630,288374,50
2026-06-23T13:18:26.690660,288374,54
2026-06-23T13:18:26.690687,288375,58
2026-06-23T13:18:26.690713,288376,60
2026-06-23T13:18:26.690739,288377,60
2026-06-23T13:18:26.690764,288378,60
2026-06-23T13:18:26.690790,288379,61
2026-06-23T13:18:26.690816,288380,64
2026-06-23T13:18:26.690841,288381,68
2026-06-23T13:18:26.690866,288382,72
2026-06-23T13:18:26.701040,288383,74
2026-06-23T13:18:26.701084,288384,75
2026-06-23T13:18:26.701111,288385,75
2026-06-23T13:18:26.701137,288386,75
2026-06-23T13:18:26.701163,288387,76
2026-06-23T13:18:26.701189,288388,75
2026-06-23T13:18:26.701215,288389,75
2026-06-23T13:18:26.701240,288390,75
2026-06-23T13:18:26.701266,288391,77
2026-06-23T13:18:26.701309,288392,80
2026-06-23T13:18:26.701339,288393,84
2026-06-23T13:18:26.711624,288394,89
2026-06-23T13:18:26.711686,288395,91
2026-06-23T13:18:26.711716,288395,91
2026-06-23T13:18:26.711743,288396,90
2026-06-23T13:18:26.711770,288397,91
2026-06-23T13:18:26.711797,288398,94
2026-06-23T13:18:26.711824,288399,96
2026-06-23T13:18:26.711850,288400,97
2026-06-23T13:18:26.711875,288401,99
2026-06-23T13:18:26.711902,288402,101
2026-06-23T13:18:26.711930,288403,102
2026-06-23T13:18:26.721959,288404,100
2026-06-23T13:18:26.722022,288405,100
2026-06-23T13:18:26.722052,288406,101
2026-06-23T13:18:26.722081,288407,100
2026-06-23T13:18:26.722106,288408,99
2026-06-23T13:18:26.722133,288409,98
2026-06-23T13:18:26.722158,288410,96
2026-06-23T13:18:26.722184,288411,94
2026-06-23T13:18:26.722209,288412,93
2026-06-23T13:18:26.722234,288413,92
2026-06-23T13:18:26.732354,288414,93
2026-06-23T13:18:26.732387,288415,96
2026-06-23T13:18:26.732416,288416,100
2026-06-23T13:18:26.732444,288417,105
2026-06-23T13:18:26.732471,288418,108
2026-06-23T13:18:26.732499,288419,107
2026-06-23T13:18:26.732526,288420,108
2026-06-23T13:18:26.732553,288421,112
2026-06-23T13:18:26.732580,288422,116
2026-06-23T13:18:26.732607,288423,121
2026-06-23T13:18:26.742813,288424,125
2026-06-23T13:18:26.742859,288425,125
2026-06-23T13:18:26.742886,288426,124
2026-06-23T13:18:26.742914,288428,126
2026-06-23T13:18:26.742941,288429,129
2026-06-23T13:18:26.742968,288430,129
2026-06-23T13:18:26.742995,288431,132
2026-06-23T13:18:26.743022,288432,131
2026-06-23T13:18:26.743048,288433,130
2026-06-23T13:18:26.743075,288434,128
2026-06-23T13:18:26.753315,288435,127
2026-06-23T13:18:26.753357,288436,125
2026-06-23T13:18:26.753387,288437,122
2026-06-23T13:18:26.753413,288438,120
2026-06-23T13:18:26.753440,288439,118
2026-06-23T13:18:26.753467,288440,116
2026-06-23T13:18:26.753494,288441,114
2026-06-23T13:18:26.753521,288442,112
2026-06-23T13:18:26.753548,288443,110
2026-06-23T13:18:26.753574,288444,109
2026-06-23T13:18:26.763681,288445,107
2026-06-23T13:18:26.763714,288446,105
2026-06-23T13:18:26.763741,288447,104
2026-06-23T13:18:26.763769,288448,103
2026-06-23T13:18:26.763795,288449,101
2026-06-23T13:18:26.763823,288450,100
2026-06-23T13:18:26.763847,288452,99
2026-06-23T13:18:26.763873,288452,99
2026-06-23T13:18:26.763898,288453,97
2026-06-23T13:18:26.763924,288454,96
2026-06-23T13:18:26.763948,288455,95
2026-06-23T13:18:26.774158,288456,95
2026-06-23T13:18:26.774193,288457,94
2026-06-23T13:18:26.774219,288458,93
2026-06-23T13:18:26.774244,288459,92
2026-06-23T13:18:26.774269,288460,90
2026-06-23T13:18:26.774295,288461,90
2026-06-23T13:18:26.774320,288462,88
2026-06-23T13:18:26.774345,288463,87
2026-06-23T13:18:26.774370,288464,86
2026-06-23T13:18:26.774395,288465,86
2026-06-23T13:18:26.774420,288466,86
2026-06-23T13:18:26.784593,288467,86
2026-06-23T13:18:26.784647,288468,86
2026-06-23T13:18:26.784673,288469,85
2026-06-23T13:18:26.784699,288470,84
2026-06-23T13:18:26.784724,288471,82
2026-06-23T13:18:26.784750,288472,82
2026-06-23T13:18:26.784774,288473,81
2026-06-23T13:18:26.784800,288473,80
2026-06-23T13:18:26.784839,288474,79
2026-06-23T13:18:26.784864,288475,78
2026-06-23T13:18:26.795024,288476,79
2026-06-23T13:18:26.795058,288477,80
2026-06-23T13:18:26.795084,288478,80
2026-06-23T13:18:26.795110,288479,80
2026-06-23T13:18:26.795135,288480,80
2026-06-23T13:18:26.795161,288481,79
2026-06-23T13:18:26.795186,288482,78
2026-06-23T13:18:26.795212,288483,78
2026-06-23T13:18:26.795236,288484,78
2026-06-23T13:18:26.795264,288485,77
2026-06-23T13:18:26.795289,288486,76
2026-06-23T13:18:26.805518,288487,76
2026-06-23T13:18:26.805554,288488,76
2026-06-23T13:18:26.805580,288489,75
2026-06-23T13:18:26.805605,288490,75
2026-06-23T13:18:26.805630,288491,76
2026-06-23T13:18:26.805655,288492,78
2026-06-23T13:18:26.805680,288493,78
2026-06-23T13:18:26.805705,288494,78
2026-06-23T13:18:26.805730,288494,78
2026-06-23T13:18:26.805755,288495,77
2026-06-23T13:18:26.805780,288496,77
2026-06-23T13:18:26.815884,288497,77
2026-06-23T13:18:26.815916,288498,79
2026-06-23T13:18:26.815941,288499,79
2026-06-23T13:18:26.815967,288500,78
2026-06-23T13:18:26.815992,288501,80
2026-06-23T13:18:26.816018,288502,82
2026-06-23T13:18:26.816042,288503,85
2026-06-23T13:18:26.816068,288504,85
2026-06-23T13:18:26.816094,288505,84
2026-06-23T13:18:26.816120,288506,85
2026-06-23T13:18:26.816145,288507,85
2026-06-23T13:18:26.826313,288508,90
2026-06-23T13:18:26.826350,288509,93
2026-06-23T13:18:26.826376,288510,95
2026-06-23T13:18:26.826401,288511,98
2026-06-23T13:18:26.826428,288512,101
2026-06-23T13:18:26.826456,288513,103
2026-06-23T13:18:26.826483,288514,103
2026-06-23T13:18:26.826510,288515,103
2026-06-23T13:18:26.826536,288516,102
2026-06-23T13:18:26.826563,288517,101
2026-06-23T13:18:26.826588,288518,99
2026-06-23T13:18:26.836808,288519,97
2026-06-23T13:18:26.836850,288520,96
2026-06-23T13:18:26.836877,288521,95
2026-06-23T13:18:26.836904,288522,93
2026-06-23T13:18:26.836929,288523,93
2026-06-23T13:18:26.836955,288524,93
2026-06-23T13:18:26.836980,288525,93
2026-06-23T13:18:26.837006,288526,92
2026-06-23T13:18:26.837034,288527,91
2026-06-23T13:18:26.837059,288527,90
2026-06-23T13:18:26.847217,288528,89
2026-06-23T13:18:26.847250,288529,87
2026-06-23T13:18:26.847276,288530,86
2026-06-23T13:18:26.847302,288531,85
2026-06-23T13:18:26.847326,288532,85
2026-06-23T13:18:26.847352,288533,84
2026-06-23T13:18:26.847376,288534,83
2026-06-23T13:18:26.847402,288535,82
2026-06-23T13:18:26.847427,288536,81
2026-06-23T13:18:26.847452,288537,80
2026-06-23T13:18:26.847478,288538,79
2026-06-23T13:18:26.857668,288539,79
2026-06-23T13:18:26.857713,288540,78
2026-06-23T13:18:26.857740,288541,78
2026-06-23T13:18:26.857766,288542,78
2026-06-23T13:18:26.857791,288543,78
2026-06-23T13:18:26.857818,288544,77
2026-06-23T13:18:26.857844,288545,76
2026-06-23T13:18:26.857869,288546,76
2026-06-23T13:18:26.857895,288547,78
2026-06-23T13:18:26.857919,288548,79
2026-06-23T13:18:26.857945,288549,79
2026-06-23T13:18:26.868093,288549,78
2026-06-23T13:18:26.868215,288550,78
2026-06-23T13:18:26.868294,288551,78
2026-06-23T13:18:26.868370,288552,76
2026-06-23T13:18:26.868444,288553,76
2026-06-23T13:18:26.868517,288554,76
2026-06-23T13:18:26.868591,288555,78
2026-06-23T13:18:26.868664,288556,80
2026-06-23T13:18:26.868737,288557,81
2026-06-23T13:18:26.868838,288558,79
2026-06-23T13:18:26.868928,288559,80
2026-06-23T13:18:26.878630,288560,82
2026-06-23T13:18:26.878749,288561,86
2026-06-23T13:18:26.878827,288562,89
2026-06-23T13:18:26.878903,288563,94
2026-06-23T13:18:26.878984,288564,100
2026-06-23T13:18:26.879063,288565,102
2026-06-23T13:18:26.879141,288566,106
2026-06-23T13:18:26.879220,288567,113
2026-06-23T13:18:26.879299,288568,118
2026-06-23T13:18:26.879377,288569,119
2026-06-23T13:18:26.888975,288570,119
2026-06-23T13:18:26.889018,288571,119
2026-06-23T13:18:26.889051,288572,121
2026-06-23T13:18:26.889078,288573,121
2026-06-23T13:18:26.889106,288574,122
2026-06-23T13:18:26.889133,288575,124
2026-06-23T13:18:26.889160,288576,125
2026-06-23T13:18:26.889187,288577,130
2026-06-23T13:18:26.889225,288578,134
2026-06-23T13:18:26.889253,288579,134
2026-06-23T13:18:26.899434,288580,136
2026-06-23T13:18:26.899593,288582,142
2026-06-23T13:18:26.899695,288583,147
2026-06-23T13:18:26.899792,288584,149
2026-06-23T13:18:26.899887,288585,147
2026-06-23T13:18:26.899982,288586,148
2026-06-23T13:18:26.900078,288587,152
2026-06-23T13:18:26.900172,288588,155
2026-06-23T13:18:26.900266,288589,155
2026-06-23T13:18:26.900360,288590,154
2026-06-23T13:18:26.909869,288591,152
2026-06-23T13:18:26.910008,288592,150
2026-06-23T13:18:26.910091,288593,152
2026-06-23T13:18:26.910170,288594,161
2026-06-23T13:18:26.910256,288595,172
2026-06-23T13:18:26.910336,288596,178
2026-06-23T13:18:26.910415,288597,177
2026-06-23T13:18:26.910494,288598,177
2026-06-23T13:18:26.910572,288599,178
2026-06-23T13:18:26.910696,288600,177
2026-06-23T13:18:26.920337,288601,175
2026-06-23T13:18:26.920536,288602,174
2026-06-23T13:18:26.920593,288603,172
2026-06-23T13:18:26.920623,288604,170
2026-06-23T13:18:26.920651,288605,168
2026-06-23T13:18:26.920679,288607,165
2026-06-23T13:18:26.920707,288608,162
2026-06-23T13:18:26.920734,288609,160
2026-06-23T13:18:26.920762,288610,158
2026-06-23T13:18:26.920790,288611,156
2026-06-23T13:18:26.930867,288612,154
2026-06-23T13:18:26.931006,288613,151
2026-06-23T13:18:26.931089,288614,149
2026-06-23T13:18:26.931169,288615,147
2026-06-23T13:18:26.931249,288616,144
2026-06-23T13:18:26.931328,288617,141
2026-06-23T13:18:26.931405,288618,139
2026-06-23T13:18:26.931482,288619,136
2026-06-23T13:18:26.931560,288620,134
2026-06-23T13:18:26.931637,288621,132
2026-06-23T13:18:26.941201,288622,130
2026-06-23T13:18:26.941249,288623,129
2026-06-23T13:18:26.941279,288624,129
2026-06-23T13:18:26.941306,288625,128
2026-06-23T13:18:26.941334,288626,127
2026-06-23T13:18:26.941361,288627,126
2026-06-23T13:18:26.941388,288628,127
2026-06-23T13:18:26.941415,288629,129
2026-06-23T13:18:26.941442,288630,129
2026-06-23T13:18:26.941469,288632,129
2026-06-23T13:18:26.951663,288633,131
2026-06-23T13:18:26.951807,288634,132
2026-06-23T13:18:26.951891,288635,134
2026-06-23T13:18:26.951971,288636,133
2026-06-23T13:18:26.952063,288637,135
2026-06-23T13:18:26.952209,288638,139
2026-06-23T13:18:26.952271,288639,142
2026-06-23T13:18:26.952307,288640,142
2026-06-23T13:18:26.952336,288641,140
2026-06-23T13:18:26.952364,288642,142
2026-06-23T13:18:26.962051,288643,143
2026-06-23T13:18:26.962182,288644,148
2026-06-23T13:18:26.962262,288645,157
2026-06-23T13:18:26.962340,288646,163
2026-06-23T13:18:26.962418,288647,162
2026-06-23T13:18:26.962496,288648,164
2026-06-23T13:18:26.962573,288649,174
2026-06-23T13:18:26.962650,288650,186
2026-06-23T13:18:26.962727,288651,193
2026-06-23T13:18:26.962804,288652,200
2026-06-23T13:18:26.972513,288653,211
2026-06-23T13:18:26.972569,288654,216
2026-06-23T13:18:26.972600,288655,218
2026-06-23T13:18:26.972629,288657,240
2026-06-23T13:18:26.972657,288658,261
2026-06-23T13:18:26.972685,288659,275
2026-06-23T13:18:26.972712,288660,288
2026-06-23T13:18:26.972739,288661,296
2026-06-23T13:18:26.972766,288662,294
2026-06-23T13:18:26.972793,288663,300
2026-06-23T13:18:26.983001,288664,304
2026-06-23T13:18:26.983169,288665,304
2026-06-23T13:18:26.983273,288666,303
2026-06-23T13:18:26.983370,288667,301
2026-06-23T13:18:26.983466,288668,295
2026-06-23T13:18:26.983562,288669,292
2026-06-23T13:18:26.983657,288670,289
2026-06-23T13:18:26.983758,288671,285
2026-06-23T13:18:26.983853,288672,279
2026-06-23T13:18:26.983946,288673,277
2026-06-23T13:18:26.993452,288674,277
2026-06-23T13:18:26.993579,288675,274
2026-06-23T13:18:26.993659,288676,269
2026-06-23T13:18:26.993741,288677,265
2026-06-23T13:18:26.993820,288678,263
2026-06-23T13:18:26.993899,288679,260
2026-06-23T13:18:26.993975,288681,257
2026-06-23T13:18:26.994050,288682,255
2026-06-23T13:18:26.994126,288683,252
2026-06-23T13:18:26.994201,288684,248
2026-06-23T13:18:27.003919,288685,245
2026-06-23T13:18:27.003981,288686,242
2026-06-23T13:18:27.004011,288687,239
2026-06-23T13:18:27.004057,288688,236
2026-06-23T13:18:27.004086,288689,231
2026-06-23T13:18:27.004113,288690,227
2026-06-23T13:18:27.004140,288691,223
2026-06-23T13:18:27.004167,288692,219
2026-06-23T13:18:27.004194,288693,215
2026-06-23T13:18:27.004221,288694,211
2026-06-23T13:18:27.014313,288695,207
2026-06-23T13:18:27.014493,288696,203
2026-06-23T13:18:27.014602,288697,199
2026-06-23T13:18:27.014700,288698,195
2026-06-23T13:18:27.014796,288699,192
2026-06-23T13:18:27.014891,288700,190
2026-06-23T13:18:27.014986,288701,190
2026-06-23T13:18:27.015080,288702,193
2026-06-23T13:18:27.015331,288703,192
2026-06-23T13:18:27.015448,288704,189
2026-06-23T13:18:27.024752,288706,188
2026-06-23T13:18:27.024814,288707,188
2026-06-23T13:18:27.024844,288708,190
2026-06-23T13:18:27.024872,288709,191
2026-06-23T13:18:27.024917,288710,190
2026-06-23T13:18:27.024963,288711,189
2026-06-23T13:18:27.024997,288712,186
2026-06-23T13:18:27.025026,288713,183
2026-06-23T13:18:27.025055,288714,179
2026-06-23T13:18:27.025100,288715,176
2026-06-23T13:18:27.035154,288716,174
2026-06-23T13:18:27.035197,288717,173
2026-06-23T13:18:27.035226,288718,172
2026-06-23T13:18:27.035254,288719,170
2026-06-23T13:18:27.035282,288720,167
2026-06-23T13:18:27.035309,288721,165
2026-06-23T13:18:27.035336,288722,162
2026-06-23T13:18:27.035363,288723,159
2026-06-23T13:18:27.035390,288724,159
2026-06-23T13:18:27.035417,288725,162
2026-06-23T13:18:27.045596,288726,166
2026-06-23T13:18:27.045757,288727,168
2026-06-23T13:18:27.045842,288728,167
2026-06-23T13:18:27.045923,288729,174
2026-06-23T13:18:27.046006,288731,183
2026-06-23T13:18:27.046089,288732,192
2026-06-23T13:18:27.046205,288733,195
2026-06-23T13:18:27.046309,288734,193
2026-06-23T13:18:27.046394,288735,192
2026-06-23T13:18:27.046475,288736,192
2026-06-23T13:18:27.056107,288737,191
2026-06-23T13:18:27.056172,288738,188
2026-06-23T13:18:27.056203,288739,185
2026-06-23T13:18:27.056230,288740,182
2026-06-23T13:18:27.056258,288741,178
2026-06-23T13:18:27.056286,288742,175
2026-06-23T13:18:27.056313,288743,172
2026-06-23T13:18:27.056341,288744,171
2026-06-23T13:18:27.056370,288745,170
2026-06-23T13:18:27.056397,288746,169
2026-06-23T13:18:27.066587,288747,169
2026-06-23T13:18:27.066866,288748,170
2026-06-23T13:18:27.066980,288749,169
2026-06-23T13:18:27.067081,288750,167
2026-06-23T13:18:27.067182,288751,164
2026-06-23T13:18:27.067282,288752,164
2026-06-23T13:18:27.067380,288753,164
2026-06-23T13:18:27.067477,288754,162
2026-06-23T13:18:27.067574,288756,159
2026-06-23T13:18:27.067671,288757,157
2026-06-23T13:18:27.076991,288758,158
2026-06-23T13:18:27.077173,288759,153
2026-06-23T13:18:27.077258,288760,163
2026-06-23T13:18:27.077339,288761,171
2026-06-23T13:18:27.077419,288762,170
2026-06-23T13:18:27.077500,288763,167
2026-06-23T13:18:27.077629,288764,164
2026-06-23T13:18:27.077726,288765,162
2026-06-23T13:18:27.077813,288766,159
2026-06-23T13:18:27.077897,288767,157
2026-06-23T13:18:27.087356,288768,155
2026-06-23T13:18:27.087420,288769,152
2026-06-23T13:18:27.087451,288770,151
2026-06-23T13:18:27.087478,288771,149
2026-06-23T13:18:27.087505,288772,147
2026-06-23T13:18:27.087531,288773,145
2026-06-23T13:18:27.087558,288774,142
2026-06-23T13:18:27.087584,288775,140
2026-06-23T13:18:27.087610,288776,137
2026-06-23T13:18:27.087636,288777,135
2026-06-23T13:18:27.097798,288778,132
2026-06-23T13:18:27.097947,288780,130
2026-06-23T13:18:27.098049,288781,128
2026-06-23T13:18:27.098147,288782,127
2026-06-23T13:18:27.098244,288783,127
2026-06-23T13:18:27.098340,288784,128
2026-06-23T13:18:27.098436,288785,128
2026-06-23T13:18:27.098536,288786,128
2026-06-23T13:18:27.098632,288787,127
2026-06-23T13:18:27.098727,288788,129
2026-06-23T13:18:27.108359,288789,132
2026-06-23T13:18:27.108829,288790,131
2026-06-23T13:18:27.108956,288791,130
2026-06-23T13:18:27.109094,288792,132
2026-06-23T13:18:27.109189,288793,132
2026-06-23T13:18:27.109270,288794,131
2026-06-23T13:18:27.109350,288795,128
2026-06-23T13:18:27.109428,288796,127
2026-06-23T13:18:27.109532,288797,126
2026-06-23T13:18:27.109610,288798,125
2026-06-23T13:18:27.118692,288799,125
2026-06-23T13:18:27.118854,288800,124
2026-06-23T13:18:27.118961,288801,123
2026-06-23T13:18:27.119061,288802,123
2026-06-23T13:18:27.119162,288803,122
2026-06-23T13:18:27.119264,288805,120
2026-06-23T13:18:27.119362,288806,118
2026-06-23T13:18:27.119460,288807,116
2026-06-23T13:18:27.119558,288808,114
2026-06-23T13:18:27.119655,288809,112
2026-06-23T13:18:27.129208,288810,110
2026-06-23T13:18:27.129364,288811,109
2026-06-23T13:18:27.129474,288812,107
2026-06-23T13:18:27.129577,288813,106
2026-06-23T13:18:27.129678,288814,105
2026-06-23T13:18:27.129780,288815,104
2026-06-23T13:18:27.129879,288816,102
2026-06-23T13:18:27.129978,288817,101
2026-06-23T13:18:27.130075,288818,101
2026-06-23T13:18:27.130172,288819,101
2026-06-23T13:18:27.130264,288820,99
2026-06-23T13:18:27.139695,288821,98
2026-06-23T13:18:27.139799,288822,97
2026-06-23T13:18:27.139875,288823,98
2026-06-23T13:18:27.139951,288824,97
2026-06-23T13:18:27.140025,288825,96
2026-06-23T13:18:27.140097,288826,97
2026-06-23T13:18:27.140170,288827,94
2026-06-23T13:18:27.140242,288828,99
2026-06-23T13:18:27.140321,288829,100
2026-06-23T13:18:27.140400,288830,100
2026-06-23T13:18:27.149999,288831,104
2026-06-23T13:18:27.150093,288832,109
2026-06-23T13:18:27.150175,288833,109
2026-06-23T13:18:27.150257,288834,108
2026-06-23T13:18:27.150341,288835,106
2026-06-23T13:18:27.150419,288836,105
2026-06-23T13:18:27.150496,288837,104
2026-06-23T13:18:27.150573,288838,103
2026-06-23T13:18:27.150652,288839,101
2026-06-23T13:18:27.150739,288840,100
2026-06-23T13:18:27.160461,288841,98
2026-06-23T13:18:27.160572,288842,96
2026-06-23T13:18:27.160649,288843,94
2026-06-23T13:18:27.160723,288844,94
2026-06-23T13:18:27.160798,288845,93
2026-06-23T13:18:27.160871,288846,92
2026-06-23T13:18:27.160944,288847,91
2026-06-23T13:18:27.161017,288848,90
2026-06-23T13:18:27.161090,288849,90
2026-06-23T13:18:27.161163,288850,90
2026-06-23T13:18:27.161238,288851,90
2026-06-23T13:18:27.170936,288852,90
2026-06-23T13:18:27.171044,288853,91
2026-06-23T13:18:27.171119,288854,91
2026-06-23T13:18:27.171194,288855,90
2026-06-23T13:18:27.171268,288856,89
2026-06-23T13:18:27.171342,288857,89
2026-06-23T13:18:27.171414,288857,89
2026-06-23T13:18:27.171487,288858,88
2026-06-23T13:18:27.171559,288859,88
2026-06-23T13:18:27.171632,288860,86
2026-06-23T13:18:27.171704,288861,85
2026-06-23T13:18:27.181428,288862,84
2026-06-23T13:18:27.181550,288863,85
2026-06-23T13:18:27.181631,288864,84
2026-06-23T13:18:27.181706,288865,83
2026-06-23T13:18:27.181792,288866,83
2026-06-23T13:18:27.181868,288867,81
2026-06-23T13:18:27.181941,288868,80
2026-06-23T13:18:27.182013,288869,80
2026-06-23T13:18:27.182084,288870,79
2026-06-23T13:18:27.182156,288871,79
2026-06-23T13:18:27.182230,288872,78
2026-06-23T13:18:27.191813,288873,77
2026-06-23T13:18:27.191905,288874,76
2026-06-23T13:18:27.191979,288875,75
2026-06-23T13:18:27.192055,288876,74
2026-06-23T13:18:27.192128,288877,75
2026-06-23T13:18:27.192201,288878,77
2026-06-23T13:18:27.192273,288879,80
2026-06-23T13:18:27.192346,288879,84
2026-06-23T13:18:27.192419,288880,85
2026-06-23T13:18:27.192492,288881,84
2026-06-23T13:18:27.192566,288882,87
2026-06-23T13:18:27.202302,288883,92
2026-06-23T13:18:27.202397,288884,97
2026-06-23T13:18:27.202476,288885,100
2026-06-23T13:18:27.202557,288886,100
2026-06-23T13:18:27.202635,288887,100
2026-06-23T13:18:27.202708,288888,97
2026-06-23T13:18:27.202780,288889,97
2026-06-23T13:18:27.202860,288890,98
2026-06-23T13:18:27.202931,288891,98
2026-06-23T13:18:27.203004,288892,97
2026-06-23T13:18:27.203075,288893,96
2026-06-23T13:18:27.212770,288894,95
2026-06-23T13:18:27.212860,288895,94
2026-06-23T13:18:27.212937,288896,93
2026-06-23T13:18:27.213009,288897,92
2026-06-23T13:18:27.213082,288898,92
2026-06-23T13:18:27.213153,288899,90
2026-06-23T13:18:27.213225,288900,89
2026-06-23T13:18:27.213297,288901,89
2026-06-23T13:18:27.213370,288902,89
2026-06-23T13:18:27.213471,288903,89
2026-06-23T13:18:27.223178,288904,89
2026-06-23T13:18:27.223270,288905,88
2026-06-23T13:18:27.223345,288906,87
2026-06-23T13:18:27.223417,288906,86
2026-06-23T13:18:27.223489,288907,85
2026-06-23T13:18:27.223561,288908,84
2026-06-23T13:18:27.223633,288909,82
2026-06-23T13:18:27.223720,288910,81
2026-06-23T13:18:27.223792,288911,81
2026-06-23T13:18:27.223864,288912,80
2026-06-23T13:18:27.223936,288913,80
2026-06-23T13:18:27.233545,288914,78
2026-06-23T13:18:27.233661,288915,78
2026-06-23T13:18:27.233755,288916,76
2026-06-23T13:18:27.233847,288917,76
2026-06-23T13:18:27.233939,288918,76
2026-06-23T13:18:27.234030,288919,76
2026-06-23T13:18:27.234122,288920,75
2026-06-23T13:18:27.234212,288921,75
2026-06-23T13:18:27.234303,288922,75
2026-06-23T13:18:27.234395,288923,75
2026-06-23T13:18:27.234486,288924,74
2026-06-23T13:18:27.244037,288925,73
2026-06-23T13:18:27.244126,288926,73
2026-06-23T13:18:27.244200,288927,72
2026-06-23T13:18:27.244271,288927,72
2026-06-23T13:18:27.244343,288928,71
2026-06-23T13:18:27.244415,288929,71
2026-06-23T13:18:27.244486,288930,71
2026-06-23T13:18:27.244557,288931,71
2026-06-23T13:18:27.244629,288932,71
2026-06-23T13:18:27.244699,288933,70
2026-06-23T13:18:27.244771,288934,70
2026-06-23T13:18:27.254535,288935,70
2026-06-23T13:18:27.254630,288936,69
2026-06-23T13:18:27.254703,288937,68
2026-06-23T13:18:27.254775,288938,68
2026-06-23T13:18:27.254848,288939,66
2026-06-23T13:18:27.254920,288940,66
2026-06-23T13:18:27.254991,288941,65
2026-06-23T13:18:27.255066,288942,65
2026-06-23T13:18:27.255137,288943,64
2026-06-23T13:18:27.255209,288944,63
2026-06-23T13:18:27.255280,288945,63
2026-06-23T13:18:27.264955,288946,62
2026-06-23T13:18:27.265059,288947,61
2026-06-23T13:18:27.265152,288948,61
2026-06-23T13:18:27.265245,288949,61
2026-06-23T13:18:27.265336,288949,61
2026-06-23T13:18:27.265428,288950,61
2026-06-23T13:18:27.265519,288951,62
2026-06-23T13:18:27.265610,288952,62
2026-06-23T13:18:27.265702,288953,63
2026-06-23T13:18:27.265792,288954,62
2026-06-23T13:18:27.265883,288955,63
2026-06-23T13:18:27.275411,288956,64
2026-06-23T13:18:27.275502,288957,64
2026-06-23T13:18:27.275575,288958,64
2026-06-23T13:18:27.275647,288959,65
2026-06-23T13:18:27.275720,288960,62
2026-06-23T13:18:27.275792,288961,62
2026-06-23T13:18:27.275863,288962,62
2026-06-23T13:18:27.275939,288963,62
2026-06-23T13:18:27.276011,288964,62
2026-06-23T13:18:27.276084,288965,62
2026-06-23T13:18:27.276157,288966,62
2026-06-23T13:18:27.285790,288967,61
2026-06-23T13:18:27.285878,288968,61
2026-06-23T13:18:27.285954,288969,61
2026-06-23T13:18:27.286027,288970,61
2026-06-23T13:18:27.286101,288970,60
2026-06-23T13:18:27.286175,288971,60
2026-06-23T13:18:27.286246,288972,59
2026-06-23T13:18:27.286329,288973,59
2026-06-23T13:18:27.286402,288974,58
2026-06-23T13:18:27.286475,288975,58
2026-06-23T13:18:27.286547,288976,57
2026-06-23T13:18:27.296321,288977,57
2026-06-23T13:18:27.296442,288978,56
2026-06-23T13:18:27.296518,288979,57
2026-06-23T13:18:27.296590,288980,56
2026-06-23T13:18:27.296665,288981,56
2026-06-23T13:18:27.296738,288982,56
2026-06-23T13:18:27.296809,288983,57
2026-06-23T13:18:27.296881,288984,58
2026-06-23T13:18:27.296951,288985,58
2026-06-23T13:18:27.297022,288986,59
2026-06-23T13:18:27.297092,288987,58
2026-06-23T13:18:27.306765,288988,60
2026-06-23T13:18:27.306860,288989,62
2026-06-23T13:18:27.306932,288990,63
2026-06-23T13:18:27.307003,288991,63
2026-06-23T13:18:27.307091,288991,63
2026-06-23T13:18:27.307163,288992,64
2026-06-23T13:18:27.307235,288993,63
2026-06-23T13:18:27.307306,288994,63
2026-06-23T13:18:27.307382,288995,62
2026-06-23T13:18:27.307452,288996,61
2026-06-23T13:18:27.307523,288997,61
2026-06-23T13:18:27.317193,288998,61
2026-06-23T13:18:27.317303,288999,61
2026-06-23T13:18:27.317386,289000,61
2026-06-23T13:18:27.317466,289001,61
2026-06-23T13:18:27.317540,289002,61
2026-06-23T13:18:27.317613,289003,60
2026-06-23T13:18:27.317686,289004,61
2026-06-23T13:18:27.317758,289005,61
2026-06-23T13:18:27.317862,289006,61
2026-06-23T13:18:27.317934,289007,61
2026-06-23T13:18:27.318006,289008,61
2026-06-23T13:18:27.327582,289009,62
2026-06-23T13:18:27.327669,289010,62
2026-06-23T13:18:27.327742,289011,63
2026-06-23T13:18:27.327814,289012,62
2026-06-23T13:18:27.327885,289013,62
2026-06-23T13:18:27.327957,289013,62
2026-06-23T13:18:27.328029,289014,63
2026-06-23T13:18:27.328100,289015,63
2026-06-23T13:18:27.328171,289016,63
2026-06-23T13:18:27.328243,289017,63
2026-06-23T13:18:27.338078,289018,62
2026-06-23T13:18:27.338181,289019,62
2026-06-23T13:18:27.338256,289020,61
2026-06-23T13:18:27.338332,289021,60
2026-06-23T13:18:27.338405,289022,62
2026-06-23T13:18:27.338484,289023,59
2026-06-23T13:18:27.338556,289024,59
2026-06-23T13:18:27.338630,289025,58
2026-06-23T13:18:27.338704,289026,58
2026-06-23T13:18:27.338774,289027,58
2026-06-23T13:18:27.338845,289028,53
2026-06-23T13:18:27.348506,289029,57
2026-06-23T13:18:27.348588,289030,57
2026-06-23T13:18:27.348663,289031,57
2026-06-23T13:18:27.348735,289032,57
2026-06-23T13:18:27.348806,289033,57
2026-06-23T13:18:27.348877,289034,57
2026-06-23T13:18:27.348948,289034,57
2026-06-23T13:18:27.349019,289035,58
2026-06-23T13:18:27.349090,289036,58
2026-06-23T13:18:27.349160,289037,60
2026-06-23T13:18:27.349231,289038,60
2026-06-23T13:18:27.358947,289039,61
2026-06-23T13:18:27.359041,289040,62
2026-06-23T13:18:27.359114,289041,63
2026-06-23T13:18:27.359185,289042,64
2026-06-23T13:18:27.359257,289043,65
2026-06-23T13:18:27.359327,289044,64
2026-06-23T13:18:27.359398,289045,65
2026-06-23T13:18:27.359473,289046,66
2026-06-23T13:18:27.359544,289047,66
2026-06-23T13:18:27.359616,289048,66
2026-06-23T13:18:27.359688,289049,66
2026-06-23T13:18:27.369351,289050,66
2026-06-23T13:18:27.369462,289051,67
2026-06-23T13:18:27.369553,289052,68
2026-06-23T13:18:27.369641,289053,68
2026-06-23T13:18:27.369712,289054,69
2026-06-23T13:18:27.369789,289055,67
2026-06-23T13:18:27.369862,289056,67
2026-06-23T13:18:27.369935,289056,67
2026-06-23T13:18:27.370006,289057,67
2026-06-23T13:18:27.370076,289058,67
2026-06-23T13:18:27.370147,289059,67
2026-06-23T13:18:27.379876,289060,67
2026-06-23T13:18:27.379961,289061,67
2026-06-23T13:18:27.380034,289062,66
2026-06-23T13:18:27.380105,289063,66
2026-06-23T13:18:27.380179,289064,66
2026-06-23T13:18:27.380266,289065,65
2026-06-23T13:18:27.380338,289066,64
2026-06-23T13:18:27.380409,289067,64
2026-06-23T13:18:27.380480,289068,64
2026-06-23T13:18:27.380550,289069,63
2026-06-23T13:18:27.380621,289070,62
2026-06-23T13:18:27.390290,289071,62
2026-06-23T13:18:27.390403,289072,62
2026-06-23T13:18:27.390478,289073,61
2026-06-23T13:18:27.390550,289074,62
2026-06-23T13:18:27.390622,289075,61
2026-06-23T13:18:27.390695,289076,61
2026-06-23T13:18:27.390767,289077,61
2026-06-23T13:18:27.390838,289077,61
2026-06-23T13:18:27.390908,289078,60
2026-06-23T13:18:27.390979,289079,59
2026-06-23T13:18:27.391050,289080,59
2026-06-23T13:18:27.400679,289081,58
2026-06-23T13:18:27.400789,289082,58
2026-06-23T13:18:27.400870,289083,59
2026-06-23T13:18:27.400946,289084,59
2026-06-23T13:18:27.401021,289085,59
2026-06-23T13:18:27.401095,289086,60
2026-06-23T13:18:27.401170,289087,60
2026-06-23T13:18:27.401243,289088,60
2026-06-23T13:18:27.401317,289089,59
2026-06-23T13:18:27.401391,289090,59
2026-06-23T13:18:27.401464,289091,59
2026-06-23T13:18:27.411123,289092,58
2026-06-23T13:18:27.411216,289093,58
2026-06-23T13:18:27.411290,289094,57
2026-06-23T13:18:27.411362,289095,57
2026-06-23T13:18:27.411428,289096,57
2026-06-23T13:18:27.411480,289097,57
2026-06-23T13:18:27.411530,289098,58
2026-06-23T13:18:27.411581,289098,58
2026-06-23T13:18:27.411633,289099,58
2026-06-23T13:18:27.411684,289100,58
2026-06-23T13:18:27.411734,289101,54
2026-06-23T13:18:27.421649,289102,60
2026-06-23T13:18:27.421747,289103,61
2026-06-23T13:18:27.421820,289104,62
2026-06-23T13:18:27.421893,289105,63
2026-06-23T13:18:27.421966,289106,64
2026-06-23T13:18:27.422038,289107,64
2026-06-23T13:18:27.422110,289108,63
2026-06-23T13:18:27.422205,289109,65
2026-06-23T13:18:27.422278,289110,67
2026-06-23T13:18:27.422349,289111,68
2026-06-23T13:18:27.422419,289112,69
2026-06-23T13:18:27.432025,289113,68
2026-06-23T13:18:27.432131,289114,68
2026-06-23T13:18:27.432225,289115,68
2026-06-23T13:18:27.432320,289116,68
2026-06-23T13:18:27.432412,289117,68
2026-06-23T13:18:27.432502,289118,69
2026-06-23T13:18:27.432594,289119,69
2026-06-23T13:18:27.432685,289120,70
2026-06-23T13:18:27.432812,289120,69
2026-06-23T13:18:27.432919,289121,68
2026-06-23T13:18:27.433015,289122,68
2026-06-23T13:18:27.442560,289123,68
2026-06-23T13:18:27.442659,289124,68
2026-06-23T13:18:27.442735,289125,69
2026-06-23T13:18:27.442811,289126,69
2026-06-23T13:18:27.442884,289127,69
2026-06-23T13:18:27.442955,289128,69
2026-06-23T13:18:27.443055,289129,70
2026-06-23T13:18:27.443137,289130,71
2026-06-23T13:18:27.443244,289131,72
2026-06-23T13:18:27.443319,289132,72
2026-06-23T13:18:27.452833,289133,71
2026-06-23T13:18:27.452983,289134,70
2026-06-23T13:18:27.453067,289135,69
2026-06-23T13:18:27.453144,289136,69
2026-06-23T13:18:27.453227,289137,72
2026-06-23T13:18:27.453301,289138,75
2026-06-23T13:18:27.453383,289139,77
2026-06-23T13:18:27.453458,289140,78
2026-06-23T13:18:27.453531,289141,78
2026-06-23T13:18:27.453604,289141,78
2026-06-23T13:18:27.453676,289142,77
2026-06-23T13:18:27.463375,289143,76
2026-06-23T13:18:27.463474,289144,76
2026-06-23T13:18:27.463550,289145,75
2026-06-23T13:18:27.463624,289146,75
2026-06-23T13:18:27.463713,289147,74
2026-06-23T13:18:27.463787,289148,74
2026-06-23T13:18:27.463859,289149,73
2026-06-23T13:18:27.463931,289150,74
2026-06-23T13:18:27.464002,289151,73
2026-06-23T13:18:27.464073,289152,74
2026-06-23T13:18:27.464143,289153,75
2026-06-23T13:18:27.473791,289154,76
2026-06-23T13:18:27.473892,289155,75
2026-06-23T13:18:27.473967,289156,74
2026-06-23T13:18:27.474040,289157,74
2026-06-23T13:18:27.474113,289158,73
2026-06-23T13:18:27.474185,289159,73
2026-06-23T13:18:27.474256,289160,74
2026-06-23T13:18:27.474328,289161,76
2026-06-23T13:18:27.474399,289162,76
2026-06-23T13:18:27.474470,289162,75
2026-06-23T13:18:27.474541,289163,76
2026-06-23T13:18:27.484234,289164,78
2026-06-23T13:18:27.484342,289165,79
2026-06-23T13:18:27.484436,289166,79
2026-06-23T13:18:27.484518,289167,79
2026-06-23T13:18:27.484590,289168,79
2026-06-23T13:18:27.484661,289169,79
2026-06-23T13:18:27.484732,289170,78
2026-06-23T13:18:27.484803,289171,77
2026-06-23T13:18:27.484874,289172,77
2026-06-23T13:18:27.484945,289173,75
2026-06-23T13:18:27.485015,289174,75
2026-06-23T13:18:27.494646,289175,74
2026-06-23T13:18:27.494737,289176,73
2026-06-23T13:18:27.494811,289177,73
2026-06-23T13:18:27.494883,289178,73
2026-06-23T13:18:27.494955,289179,74
2026-06-23T13:18:27.495026,289180,76
2026-06-23T13:18:27.495098,289181,77
2026-06-23T13:18:27.495170,289182,78
2026-06-23T13:18:27.495240,289183,79
2026-06-23T13:18:27.495311,289184,80
2026-06-23T13:18:27.495382,289184,81
2026-06-23T13:18:27.505199,289185,82
2026-06-23T13:18:27.505315,289186,83
2026-06-23T13:18:27.505390,289187,82
2026-06-23T13:18:27.505463,289188,82
2026-06-23T13:18:27.505534,289189,83
2026-06-23T13:18:27.505606,289190,83
2026-06-23T13:18:27.505677,289191,83
2026-06-23T13:18:27.505748,289192,86
2026-06-23T13:18:27.505819,289193,86
2026-06-23T13:18:27.505890,289194,86
2026-06-23T13:18:27.505961,289195,88
2026-06-23T13:18:27.515514,289196,89
2026-06-23T13:18:27.515602,289197,89
2026-06-23T13:18:27.515676,289198,88
2026-06-23T13:18:27.515747,289199,87
2026-06-23T13:18:27.515819,289200,89
2026-06-23T13:18:27.515890,289201,92
2026-06-23T13:18:27.515962,289202,94
2026-06-23T13:18:27.516033,289203,94
2026-06-23T13:18:27.516109,289204,93
2026-06-23T13:18:27.516181,289205,92
2026-06-23T13:18:27.516251,289205,92
2026-06-23T13:18:27.526050,289206,91
2026-06-23T13:18:27.526173,289207,92
2026-06-23T13:18:27.526252,289208,94
2026-06-23T13:18:27.526410,289209,96
2026-06-23T13:18:27.526493,289210,98
2026-06-23T13:18:27.526597,289211,98
2026-06-23T13:18:27.526672,289212,97
2026-06-23T13:18:27.526747,289213,96
2026-06-23T13:18:27.526819,289214,95
2026-06-23T13:18:27.526892,289215,95
2026-06-23T13:18:27.526964,289216,97
2026-06-23T13:18:27.536396,289217,98
2026-06-23T13:18:27.536488,289218,97
2026-06-23T13:18:27.536561,289219,99
2026-06-23T13:18:27.536638,289220,101
2026-06-23T13:18:27.536728,289221,99
2026-06-23T13:18:27.536807,289222,101
2026-06-23T13:18:27.536884,289223,104
2026-06-23T13:18:27.536961,289224,106
2026-06-23T13:18:27.537037,289225,106
2026-06-23T13:18:27.537114,289226,106
2026-06-23T13:18:27.546790,289227,107
2026-06-23T13:18:27.546877,289228,109
2026-06-23T13:18:27.546955,289229,109
2026-06-23T13:18:27.547033,289230,107
2026-06-23T13:18:27.547112,289231,106
2026-06-23T13:18:27.547187,289232,108
2026-06-23T13:18:27.547263,289233,109
2026-06-23T13:18:27.547339,289234,109
2026-06-23T13:18:27.547415,289235,109
2026-06-23T13:18:27.547491,289236,107
2026-06-23T13:18:27.557302,289237,106
2026-06-23T13:18:27.557401,289238,104
2026-06-23T13:18:27.557478,289240,104
2026-06-23T13:18:27.557554,289241,104
2026-06-23T13:18:27.557630,289242,106
2026-06-23T13:18:27.557707,289243,106
2026-06-23T13:18:27.557782,289244,104
2026-06-23T13:18:27.557858,289245,103
2026-06-23T13:18:27.557934,289246,102
2026-06-23T13:18:27.558009,289247,100
2026-06-23T13:18:27.567670,289248,101
2026-06-23T13:18:27.567767,289249,100
2026-06-23T13:18:27.567844,289250,101
2026-06-23T13:18:27.567925,289251,102
2026-06-23T13:18:27.568005,289252,102
2026-06-23T13:18:27.568080,289253,101
2026-06-23T13:18:27.568152,289254,99
2026-06-23T13:18:27.568224,289255,98
2026-06-23T13:18:27.568295,289256,97
2026-06-23T13:18:27.568366,289257,98
2026-06-23T13:18:27.578124,289258,98
2026-06-23T13:18:27.578227,289259,98
2026-06-23T13:18:27.578300,289260,97
2026-06-23T13:18:27.578372,289261,96
2026-06-23T13:18:27.578444,289262,95
2026-06-23T13:18:27.578515,289263,94
2026-06-23T13:18:27.578587,289264,93
2026-06-23T13:18:27.578658,289265,92
2026-06-23T13:18:27.578730,289266,91
2026-06-23T13:18:27.578802,289267,90
2026-06-23T13:18:27.578875,289267,89
2026-06-23T13:18:27.588663,289268,87
2026-06-23T13:18:27.588760,289269,87
2026-06-23T13:18:27.588832,289270,86
2026-06-23T13:18:27.588904,289271,85
2026-06-23T13:18:27.588975,289272,83
2026-06-23T13:18:27.589046,289273,82
2026-06-23T13:18:27.589116,289274,82
2026-06-23T13:18:27.589188,289275,82
2026-06-23T13:18:27.589259,289276,83
2026-06-23T13:18:27.589330,289277,84
2026-06-23T13:18:27.589400,289278,86
2026-06-23T13:18:27.599042,289279,86
2026-06-23T13:18:27.599127,289280,88
2026-06-23T13:18:27.599203,289281,89
2026-06-23T13:18:27.599274,289282,93
2026-06-23T13:18:27.599346,289283,93
2026-06-23T13:18:27.599420,289284,94
2026-06-23T13:18:27.599491,289285,97
2026-06-23T13:18:27.599562,289286,99
2026-06-23T13:18:27.599633,289287,99
2026-06-23T13:18:27.599704,289288,98
2026-06-23T13:18:27.599774,289289,98
2026-06-23T13:18:27.609562,289289,97
2026-06-23T13:18:27.609665,289290,97
2026-06-23T13:18:27.609738,289291,97
2026-06-23T13:18:27.609810,289292,97
2026-06-23T13:18:27.609882,289293,96
2026-06-23T13:18:27.609953,289294,95
2026-06-23T13:18:27.610024,289295,94
2026-06-23T13:18:27.610095,289296,93
2026-06-23T13:18:27.610165,289297,92
2026-06-23T13:18:27.610236,289298,91
2026-06-23T13:18:27.610309,289299,90
2026-06-23T13:18:27.619930,289300,90
2026-06-23T13:18:27.620019,289301,89
2026-06-23T13:18:27.620094,289302,88
2026-06-23T13:18:27.620165,289303,87
2026-06-23T13:18:27.620236,289304,86
2026-06-23T13:18:27.620310,289305,86
2026-06-23T13:18:27.620381,289306,86
2026-06-23T13:18:27.620451,289307,85
2026-06-23T13:18:27.620521,289308,84
2026-06-23T13:18:27.620592,289309,84
2026-06-23T13:18:27.620662,289310,82
2026-06-23T13:18:27.630369,289310,81
2026-06-23T13:18:27.630451,289311,80
2026-06-23T13:18:27.630522,289312,79
2026-06-23T13:18:27.630594,289313,77
2026-06-23T13:18:27.630664,289314,77
2026-06-23T13:18:27.630735,289315,78
2026-06-23T13:18:27.630837,289316,77
2026-06-23T13:18:27.630910,289317,76
2026-06-23T13:18:27.630982,289318,75
2026-06-23T13:18:27.631054,289319,74
2026-06-23T13:18:27.631124,289320,74
2026-06-23T13:18:27.640849,289321,73
2026-06-23T13:18:27.640943,289322,73
2026-06-23T13:18:27.641016,289323,73
2026-06-23T13:18:27.641087,289324,72
2026-06-23T13:18:27.641158,289325,71
2026-06-23T13:18:27.641228,289326,71
2026-06-23T13:18:27.641300,289327,70
2026-06-23T13:18:27.641373,289328,78
2026-06-23T13:18:27.641446,289329,80
2026-06-23T13:18:27.641517,289330,81
2026-06-23T13:18:27.641588,289331,83
2026-06-23T13:18:27.651212,289331,86
2026-06-23T13:18:27.651299,289332,88
2026-06-23T13:18:27.651371,289333,89
2026-06-23T13:18:27.651443,289334,89
2026-06-23T13:18:27.651514,289335,88
2026-06-23T13:18:27.651585,289336,87
2026-06-23T13:18:27.651656,289337,86
2026-06-23T13:18:27.651727,289338,86
2026-06-23T13:18:27.651797,289339,85
2026-06-23T13:18:27.651868,289340,84
2026-06-23T13:18:27.651938,289341,83
2026-06-23T13:18:27.661696,289342,82
2026-06-23T13:18:27.661792,289343,81
2026-06-23T13:18:27.661865,289344,80
2026-06-23T13:18:27.661937,289345,79
2026-06-23T13:18:27.662009,289346,79
2026-06-23T13:18:27.662080,289347,79
2026-06-23T13:18:27.662153,289348,78
2026-06-23T13:18:27.662225,289349,79
2026-06-23T13:18:27.662297,289350,80
2026-06-23T13:18:27.662369,289351,82
2026-06-23T13:18:27.662440,289352,82
2026-06-23T13:18:27.672171,289353,80
2026-06-23T13:18:27.672278,289353,80
2026-06-23T13:18:27.672352,289354,81
2026-06-23T13:18:27.672426,289355,81
2026-06-23T13:18:27.672497,289356,82
2026-06-23T13:18:27.672568,289357,83
2026-06-23T13:18:27.672639,289358,82
2026-06-23T13:18:27.672710,289359,82
2026-06-23T13:18:27.672781,289360,81
2026-06-23T13:18:27.672853,289361,80
2026-06-23T13:18:27.672924,289362,81
2026-06-23T13:18:27.682670,289363,82
2026-06-23T13:18:27.682778,289364,84
2026-06-23T13:18:27.682873,289365,87
2026-06-23T13:18:27.682947,289366,88
2026-06-23T13:18:27.683020,289367,88
2026-06-23T13:18:27.683091,289368,87
2026-06-23T13:18:27.683163,289369,89
2026-06-23T13:18:27.683238,289370,91
2026-06-23T13:18:27.683313,289371,91
2026-06-23T13:18:27.683386,289372,91
2026-06-23T13:18:27.692990,289373,91
2026-06-23T13:18:27.693074,289374,91
2026-06-23T13:18:27.693134,289374,90
2026-06-23T13:18:27.693193,289375,89
2026-06-23T13:18:27.693252,289376,89
2026-06-23T13:18:27.693310,289377,89
2026-06-23T13:18:27.693369,289378,88
2026-06-23T13:18:27.693427,289379,87
2026-06-23T13:18:27.693486,289380,87
2026-06-23T13:18:27.693544,289381,85
2026-06-23T13:18:27.693603,289382,84
2026-06-23T13:18:27.703398,289383,83
2026-06-23T13:18:27.703476,289384,82
2026-06-23T13:18:27.703536,289385,81
2026-06-23T13:18:27.703596,289386,80
2026-06-23T13:18:27.703655,289387,79
2026-06-23T13:18:27.703716,289388,80
2026-06-23T13:18:27.703775,289389,80
2026-06-23T13:18:27.703834,289390,82
2026-06-23T13:18:27.703892,289391,84
2026-06-23T13:18:27.703954,289392,88
2026-06-23T13:18:27.704012,289393,91
2026-06-23T13:18:27.713897,289394,91
2026-06-23T13:18:27.713986,289395,94
2026-06-23T13:18:27.714059,289395,98
2026-06-23T13:18:27.714133,289396,98
2026-06-23T13:18:27.714207,289397,98
2026-06-23T13:18:27.714279,289398,98
2026-06-23T13:18:27.714352,289399,97
2026-06-23T13:18:27.714423,289400,96
2026-06-23T13:18:27.714496,289401,96
2026-06-23T13:18:27.714567,289402,94
2026-06-23T13:18:27.714638,289403,93
2026-06-23T13:18:27.724313,289404,92
2026-06-23T13:18:27.724395,289405,91
2026-06-23T13:18:27.724455,289406,91
2026-06-23T13:18:27.724514,289407,91
2026-06-23T13:18:27.724573,289408,90
2026-06-23T13:18:27.724631,289409,88
2026-06-23T13:18:27.724689,289410,87
2026-06-23T13:18:27.724747,289411,87
2026-06-23T13:18:27.724804,289412,86
2026-06-23T13:18:27.724862,289413,85
2026-06-23T13:18:27.724920,289414,84
2026-06-23T13:18:27.734758,289415,83
2026-06-23T13:18:27.734837,289416,82
2026-06-23T13:18:27.734898,289417,82
2026-06-23T13:18:27.734957,289417,82
2026-06-23T13:18:27.735017,289418,82
2026-06-23T13:18:27.735097,289419,81
2026-06-23T13:18:27.735156,289420,81
2026-06-23T13:18:27.735215,289421,80
2026-06-23T13:18:27.735274,289422,79
2026-06-23T13:18:27.735332,289423,79
2026-06-23T13:18:27.735391,289424,78
2026-06-23T13:18:27.745205,289425,78
2026-06-23T13:18:27.745286,289426,77
2026-06-23T13:18:27.745346,289427,77
2026-06-23T13:18:27.745406,289428,76
2026-06-23T13:18:27.745465,289429,75
2026-06-23T13:18:27.745524,289430,75
2026-06-23T13:18:27.745582,289431,76
2026-06-23T13:18:27.745642,289432,76
2026-06-23T13:18:27.745702,289433,78
2026-06-23T13:18:27.745762,289434,80
2026-06-23T13:18:27.745821,289435,81
2026-06-23T13:18:27.755770,289436,80
2026-06-23T13:18:27.755856,289437,82
2026-06-23T13:18:27.755915,289438,82
2026-06-23T13:18:27.755975,289438,82
2026-06-23T13:18:27.756034,289439,82
2026-06-23T13:18:27.756092,289440,81
2026-06-23T13:18:27.756150,289441,80
2026-06-23T13:18:27.756209,289442,80
2026-06-23T13:18:27.756267,289443,80
2026-06-23T13:18:27.756326,289444,79
2026-06-23T13:18:27.756384,289445,78
2026-06-23T13:18:27.766065,289446,77
2026-06-23T13:18:27.766136,289447,77
2026-06-23T13:18:27.766196,289448,76
2026-06-23T13:18:27.766255,289449,75
2026-06-23T13:18:27.766313,289450,74
2026-06-23T13:18:27.766372,289451,74
2026-06-23T13:18:27.766430,289452,74
2026-06-23T13:18:27.766488,289453,74
2026-06-23T13:18:27.766546,289454,73
2026-06-23T13:18:27.766604,289455,73
2026-06-23T13:18:27.766662,289456,72
2026-06-23T13:18:27.776599,289457,71
2026-06-23T13:18:27.776681,289458,71
2026-06-23T13:18:27.776740,289459,71
2026-06-23T13:18:27.776800,289459,70
2026-06-23T13:18:27.776859,289460,69
2026-06-23T13:18:27.776917,289461,68
2026-06-23T13:18:27.776976,289462,68
2026-06-23T13:18:27.777035,289463,66
2026-06-23T13:18:27.777093,289464,67
2026-06-23T13:18:27.777151,289465,68
2026-06-23T13:18:27.777210,289466,68
2026-06-23T13:18:27.787044,289467,67
2026-06-23T13:18:27.787133,289468,67
2026-06-23T13:18:27.787193,289469,67
2026-06-23T13:18:27.787252,289470,67
2026-06-23T13:18:27.787310,289471,66
2026-06-23T13:18:27.787369,289472,67
2026-06-23T13:18:27.787427,289473,67
2026-06-23T13:18:27.787485,289474,66
2026-06-23T13:18:27.787544,289475,67
2026-06-23T13:18:27.787603,289476,67
2026-06-23T13:18:27.787661,289477,68
2026-06-23T13:18:27.797436,289478,69
2026-06-23T13:18:27.797522,289479,68
2026-06-23T13:18:27.797582,289480,67
2026-06-23T13:18:27.797641,289481,67
2026-06-23T13:18:27.797702,289481,68
2026-06-23T13:18:27.797761,289482,69
2026-06-23T13:18:27.797821,289483,70
2026-06-23T13:18:27.797880,289484,70
2026-06-23T13:18:27.797939,289485,73
2026-06-23T13:18:27.797997,289486,76
2026-06-23T13:18:27.807920,289487,76
2026-06-23T13:18:27.808006,289488,75
2026-06-23T13:18:27.808057,289489,75
2026-06-23T13:18:27.808108,289490,75
2026-06-23T13:18:27.808159,289491,74
2026-06-23T13:18:27.808209,289492,74
2026-06-23T13:18:27.808260,289493,74
2026-06-23T13:18:27.808310,289494,73
2026-06-23T13:18:27.808361,289495,74
2026-06-23T13:18:27.808412,289496,75
2026-06-23T13:18:27.808462,289497,75
2026-06-23T13:18:27.818278,289498,75
2026-06-23T13:18:27.818349,289499,74
2026-06-23T13:18:27.818402,289500,74
2026-06-23T13:18:27.818454,289501,73
2026-06-23T13:18:27.818505,289502,72
2026-06-23T13:18:27.818557,289502,72
2026-06-23T13:18:27.818609,289503,71
2026-06-23T13:18:27.818661,289504,70
2026-06-23T13:18:27.818719,289505,69
2026-06-23T13:18:27.818770,289506,69
2026-06-23T13:18:27.818820,289507,69
2026-06-23T13:18:27.828794,289508,68
2026-06-23T13:18:27.828866,289509,68
2026-06-23T13:18:27.828919,289510,68
2026-06-23T13:18:27.828975,289511,67
2026-06-23T13:18:27.829025,289512,66
2026-06-23T13:18:27.829077,289513,65
2026-06-23T13:18:27.829128,289514,66
2026-06-23T13:18:27.829179,289515,67
2026-06-23T13:18:27.829231,289516,66
2026-06-23T13:18:27.829282,289517,67
2026-06-23T13:18:27.829333,289518,66
2026-06-23T13:18:27.839204,289519,66
2026-06-23T13:18:27.839282,289520,66
2026-06-23T13:18:27.839333,289521,65
2026-06-23T13:18:27.839384,289522,66
2026-06-23T13:18:27.839454,289523,66
2026-06-23T13:18:27.839505,289524,67
2026-06-23T13:18:27.839555,289524,67
2026-06-23T13:18:27.839605,289525,66
2026-06-23T13:18:27.839656,289526,66
2026-06-23T13:18:27.839706,289527,67
2026-06-23T13:18:27.839756,289528,67
2026-06-23T13:18:27.849595,289529,68
2026-06-23T13:18:27.849658,289530,69
2026-06-23T13:18:27.849711,289531,69
2026-06-23T13:18:27.849762,289532,69
2026-06-23T13:18:27.849813,289533,69
2026-06-23T13:18:27.849863,289534,70
2026-06-23T13:18:27.849913,289535,71
2026-06-23T13:18:27.849963,289536,72
2026-06-23T13:18:27.850014,289537,72
2026-06-23T13:18:27.850064,289538,73
2026-06-23T13:18:27.850115,289539,72
2026-06-23T13:18:27.860052,289540,72
2026-06-23T13:18:27.860123,289541,72
2026-06-23T13:18:27.860174,289542,74
2026-06-23T13:18:27.860225,289543,75
2026-06-23T13:18:27.860275,289544,74
2026-06-23T13:18:27.860326,289545,75
2026-06-23T13:18:27.860377,289545,76
2026-06-23T13:18:27.860428,289546,76
2026-06-23T13:18:27.860479,289547,76
2026-06-23T13:18:27.860530,289548,76
2026-06-23T13:18:27.860580,289549,76
2026-06-23T13:18:27.870628,289550,75
2026-06-23T13:18:27.870712,289551,74
2026-06-23T13:18:27.870764,289552,74
2026-06-23T13:18:27.870814,289553,74
2026-06-23T13:18:27.870864,289554,73
2026-06-23T13:18:27.870915,289555,72
2026-06-23T13:18:27.870966,289556,71
2026-06-23T13:18:27.871016,289557,70
2026-06-23T13:18:27.871067,289558,70
2026-06-23T13:18:27.871117,289559,70
2026-06-23T13:18:27.871167,289560,71
2026-06-23T13:18:27.880986,289561,72
2026-06-23T13:18:27.881053,289562,73
2026-06-23T13:18:27.881106,289563,72
2026-06-23T13:18:27.881158,289564,72
2026-06-23T13:18:27.881209,289565,71
2026-06-23T13:18:27.881260,289566,71
2026-06-23T13:18:27.881311,289566,70
2026-06-23T13:18:27.881363,289567,71
2026-06-23T13:18:27.881416,289568,72
2026-06-23T13:18:27.881468,289569,72
2026-06-23T13:18:27.881520,289570,74
2026-06-23T13:18:27.891501,289571,73
2026-06-23T13:18:27.891588,289572,76
2026-06-23T13:18:27.891640,289573,77
2026-06-23T13:18:27.891691,289574,77
2026-06-23T13:18:27.891743,289575,78
2026-06-23T13:18:27.891799,289576,78
2026-06-23T13:18:27.891850,289577,77
2026-06-23T13:18:27.891900,289578,76
2026-06-23T13:18:27.891950,289579,76
2026-06-23T13:18:27.892000,289580,76
2026-06-23T13:18:27.892050,289581,75
2026-06-23T13:18:27.901861,289582,76
2026-06-23T13:18:27.901934,289583,75
2026-06-23T13:18:27.901987,289584,75
2026-06-23T13:18:27.902038,289585,77
2026-06-23T13:18:27.902088,289586,78
2026-06-23T13:18:27.902138,289587,74
2026-06-23T13:18:27.902188,289588,73
2026-06-23T13:18:27.902239,289588,74
2026-06-23T13:18:27.902289,289589,75
2026-06-23T13:18:27.902339,289590,75
2026-06-23T13:18:27.902389,289591,75
2026-06-23T13:18:27.912349,289592,74
2026-06-23T13:18:27.912417,289593,75
2026-06-23T13:18:27.912468,289594,79
2026-06-23T13:18:27.912519,289595,82
2026-06-23T13:18:27.912569,289596,81
2026-06-23T13:18:27.912621,289597,83
2026-06-23T13:18:27.912673,289598,85
2026-06-23T13:18:27.912724,289599,87
2026-06-23T13:18:27.912775,289600,87
2026-06-23T13:18:27.912826,289601,87
2026-06-23T13:18:27.922802,289602,85
2026-06-23T13:18:27.922890,289603,85
2026-06-23T13:18:27.922944,289604,85
2026-06-23T13:18:27.922993,289605,85
2026-06-23T13:18:27.923044,289606,85
2026-06-23T13:18:27.923095,289607,86
2026-06-23T13:18:27.923145,289608,87
2026-06-23T13:18:27.923196,289609,87
2026-06-23T13:18:27.923246,289609,85
2026-06-23T13:18:27.923301,289610,85
2026-06-23T13:18:27.923355,289611,86
2026-06-23T13:18:27.933195,289612,87
2026-06-23T13:18:27.933257,289613,86
2026-06-23T13:18:27.933307,289614,85
2026-06-23T13:18:27.933358,289615,85
2026-06-23T13:18:27.933408,289616,84
2026-06-23T13:18:27.933458,289617,83
2026-06-23T13:18:27.933508,289618,82
2026-06-23T13:18:27.933558,289619,81
2026-06-23T13:18:27.933608,289620,81
2026-06-23T13:18:27.933658,289621,81
2026-06-23T13:18:27.933708,289622,80
2026-06-23T13:18:27.943574,289623,79
2026-06-23T13:18:27.943645,289624,79
2026-06-23T13:18:27.943698,289625,78
2026-06-23T13:18:27.943771,289626,78
2026-06-23T13:18:27.943824,289627,78
2026-06-23T13:18:27.943874,289628,79
2026-06-23T13:18:27.943925,289629,79
2026-06-23T13:18:27.943975,289630,79
2026-06-23T13:18:27.944026,289630,78
2026-06-23T13:18:27.944076,289631,78
2026-06-23T13:18:27.944126,289632,78
2026-06-23T13:18:27.954117,289633,78
2026-06-23T13:18:27.954198,289634,76
2026-06-23T13:18:27.954250,289635,75
2026-06-23T13:18:27.954303,289636,75
2026-06-23T13:18:27.954356,289637,76
2026-06-23T13:18:27.954406,289638,76
2026-06-23T13:18:27.954456,289639,75
2026-06-23T13:18:27.954506,289640,75
2026-06-23T13:18:27.954557,289641,76
2026-06-23T13:18:27.954607,289642,77
2026-06-23T13:18:27.954657,289643,78
2026-06-23T13:18:27.964585,289644,78
2026-06-23T13:18:27.964680,289645,77
2026-06-23T13:18:27.964739,289646,77
2026-06-23T13:18:27.964791,289647,76
2026-06-23T13:18:27.964844,289648,75
2026-06-23T13:18:27.964895,289649,75
2026-06-23T13:18:27.964945,289650,75
2026-06-23T13:18:27.964996,289651,74
2026-06-23T13:18:27.965047,289652,74
2026-06-23T13:18:27.965100,289652,75
2026-06-23T13:18:27.965151,289653,74
2026-06-23T13:18:27.974985,289654,74
2026-06-23T13:18:27.975066,289655,75
2026-06-23T13:18:27.975118,289656,75
2026-06-23T13:18:27.975169,289657,75
2026-06-23T13:18:27.975219,289658,75
2026-06-23T13:18:27.975271,289659,75
2026-06-23T13:18:27.975321,289660,75
2026-06-23T13:18:27.975371,289661,75
2026-06-23T13:18:27.975421,289662,76
2026-06-23T13:18:27.975470,289663,77
2026-06-23T13:18:27.975521,289664,77
2026-06-23T13:18:27.985395,289665,76
2026-06-23T13:18:27.985466,289666,76
2026-06-23T13:18:27.985517,289667,75
2026-06-23T13:18:27.985568,289668,75
2026-06-23T13:18:27.985618,289669,76
2026-06-23T13:18:27.985668,289670,76
2026-06-23T13:18:27.985718,289671,75
2026-06-23T13:18:27.985768,289672,74
2026-06-23T13:18:27.985819,289673,74
2026-06-23T13:18:27.985870,289673,74
2026-06-23T13:18:27.985920,289674,74
2026-06-23T13:18:27.995836,289675,73
2026-06-23T13:18:27.995902,289676,72
2026-06-23T13:18:27.995955,289677,72
2026-06-23T13:18:27.996006,289678,72
2026-06-23T13:18:27.996059,289679,72
2026-06-23T13:18:27.996110,289680,71
2026-06-23T13:18:27.996161,289681,72
2026-06-23T13:18:27.996211,289682,74
2026-06-23T13:18:27.996261,289683,74
2026-06-23T13:18:27.996311,289684,73
2026-06-23T13:18:27.996383,289685,74
2026-06-23T13:18:28.006322,289686,73
2026-06-23T13:18:28.006393,289687,75
2026-06-23T13:18:28.006438,289688,76
2026-06-23T13:18:28.006483,289689,77
2026-06-23T13:18:28.006527,289690,79
2026-06-23T13:18:28.006572,289691,82
2026-06-23T13:18:28.006616,289692,82
2026-06-23T13:18:28.006661,289693,81
2026-06-23T13:18:28.006706,289694,83
2026-06-23T13:18:28.006750,289694,85
2026-06-23T13:18:28.006793,289695,85
2026-06-23T13:18:28.016735,289696,86
2026-06-23T13:18:28.016803,289697,85
2026-06-23T13:18:28.016855,289698,86
2026-06-23T13:18:28.016906,289699,84
2026-06-23T13:18:28.016958,289700,83
2026-06-23T13:18:28.017030,289701,84
2026-06-23T13:18:28.017082,289702,85
2026-06-23T13:18:28.017133,289703,87
2026-06-23T13:18:28.017183,289704,87
2026-06-23T13:18:28.017234,289705,86
2026-06-23T13:18:28.017284,289706,86
2026-06-23T13:18:28.027210,289707,86
2026-06-23T13:18:28.027280,289708,87
2026-06-23T13:18:28.027331,289709,87
2026-06-23T13:18:28.027382,289710,86
2026-06-23T13:18:28.027434,289711,86
2026-06-23T13:18:28.027484,289712,85
2026-06-23T13:18:28.027538,289713,84
2026-06-23T13:18:28.027588,289714,83
2026-06-23T13:18:28.027639,289715,83
2026-06-23T13:18:28.027689,289716,83
2026-06-23T13:18:28.037675,289716,82
2026-06-23T13:18:28.037768,289717,81
2026-06-23T13:18:28.037821,289718,80
2026-06-23T13:18:28.037875,289719,80
2026-06-23T13:18:28.037925,289720,81
2026-06-23T13:18:28.037975,289721,85
2026-06-23T13:18:28.038035,289722,88
2026-06-23T13:18:28.038085,289723,90
2026-06-23T13:18:28.038147,289724,91
2026-06-23T13:18:28.038197,289725,90
2026-06-23T13:18:28.038248,289726,92
2026-06-23T13:18:28.048023,289727,93
2026-06-23T13:18:28.048109,289728,96
2026-06-23T13:18:28.048163,289729,96
2026-06-23T13:18:28.048215,289730,94
2026-06-23T13:18:28.048265,289731,95
2026-06-23T13:18:28.048314,289732,95
2026-06-23T13:18:28.048364,289733,94
2026-06-23T13:18:28.048414,289734,94
2026-06-23T13:18:28.048466,289735,92
2026-06-23T13:18:28.048517,289736,91
2026-06-23T13:18:28.048567,289737,91
2026-06-23T13:18:28.058461,289737,91
2026-06-23T13:18:28.058543,289738,90
2026-06-23T13:18:28.058594,289739,90
2026-06-23T13:18:28.058645,289740,89
2026-06-23T13:18:28.058695,289741,89
2026-06-23T13:18:28.058745,289742,90
2026-06-23T13:18:28.058795,289743,90
2026-06-23T13:18:28.058845,289744,91
2026-06-23T13:18:28.058895,289745,89
2026-06-23T13:18:28.058944,289746,88
2026-06-23T13:18:28.058994,289747,88
2026-06-23T13:18:28.068928,289748,87
2026-06-23T13:18:28.069004,289749,86
2026-06-23T13:18:28.069055,289750,85
2026-06-23T13:18:28.069105,289751,84
2026-06-23T13:18:28.069155,289752,83
2026-06-23T13:18:28.069206,289753,84
2026-06-23T13:18:28.069256,289754,86
2026-06-23T13:18:28.069308,289755,88
2026-06-23T13:18:28.069358,289756,89
2026-06-23T13:18:28.069408,289757,92
2026-06-23T13:18:28.069458,289758,96
2026-06-23T13:18:28.079397,289758,99
2026-06-23T13:18:28.079470,289759,98
2026-06-23T13:18:28.079528,289760,101
2026-06-23T13:18:28.079583,289761,105
2026-06-23T13:18:28.079638,289762,109
2026-06-23T13:18:28.079692,289764,111
2026-06-23T13:18:28.079746,289765,110
2026-06-23T13:18:28.079816,289766,109
2026-06-23T13:18:28.079873,289767,108
2026-06-23T13:18:28.079941,289768,106
2026-06-23T13:18:28.089857,289769,105
2026-06-23T13:18:28.089939,289770,103
2026-06-23T13:18:28.089995,289771,102
2026-06-23T13:18:28.090049,289772,102
2026-06-23T13:18:28.090103,289773,100
2026-06-23T13:18:28.090156,289774,101
2026-06-23T13:18:28.090210,289775,101
2026-06-23T13:18:28.090261,289776,99
2026-06-23T13:18:28.090311,289777,97
2026-06-23T13:18:28.090360,289778,96
2026-06-23T13:18:28.090412,289779,95
2026-06-23T13:18:28.100204,289780,94
2026-06-23T13:18:28.100271,289781,94
2026-06-23T13:18:28.100322,289782,96
2026-06-23T13:18:28.100373,289783,96
2026-06-23T13:18:28.100422,289784,95
2026-06-23T13:18:28.100472,289785,95
2026-06-23T13:18:28.100522,289786,96
2026-06-23T13:18:28.100572,289787,96
2026-06-23T13:18:28.100622,289788,95
2026-06-23T13:18:28.100672,289788,94
2026-06-23T13:18:28.110678,289789,93
2026-06-23T13:18:28.110743,289790,92
2026-06-23T13:18:28.110794,289791,90
2026-06-23T13:18:28.110845,289792,91
2026-06-23T13:18:28.110894,289793,92
2026-06-23T13:18:28.110944,289794,93
2026-06-23T13:18:28.110994,289795,91
2026-06-23T13:18:28.111043,289796,92
2026-06-23T13:18:28.111093,289797,92
2026-06-23T13:18:28.111142,289798,91
2026-06-23T13:18:28.111192,289799,90
2026-06-23T13:18:28.121195,289800,89
2026-06-23T13:18:28.121270,289801,88
2026-06-23T13:18:28.121325,289802,88
2026-06-23T13:18:28.121379,289803,88
2026-06-23T13:18:28.121432,289804,88
2026-06-23T13:18:28.121481,289805,87
2026-06-23T13:18:28.121531,289806,86
2026-06-23T13:18:28.121589,289807,85
2026-06-23T13:18:28.121639,289808,83
2026-06-23T13:18:28.121688,289809,83
2026-06-23T13:18:28.121747,289809,84
2026-06-23T13:18:28.131578,289810,84
2026-06-23T13:18:28.131650,289811,83
2026-06-23T13:18:28.131708,289812,82
2026-06-23T13:18:28.131768,289813,82
2026-06-23T13:18:28.131827,289814,82
2026-06-23T13:18:28.131886,289815,81
2026-06-23T13:18:28.131944,289816,81
2026-06-23T13:18:28.132002,289817,80
2026-06-23T13:18:28.132060,289818,79
2026-06-23T13:18:28.132118,289819,82
2026-06-23T13:18:28.132175,289820,87
2026-06-23T13:18:28.142047,289821,89
2026-06-23T13:18:28.142125,289822,92
2026-06-23T13:18:28.142185,289823,95
2026-06-23T13:18:28.142244,289824,95
2026-06-23T13:18:28.142307,289825,100
2026-06-23T13:18:28.142370,289826,108
2026-06-23T13:18:28.142433,289827,114
2026-06-23T13:18:28.142496,289828,116
2026-06-23T13:18:28.142558,289829,116
2026-06-23T13:18:28.142620,289830,115
2026-06-23T13:18:28.152415,289831,114
2026-06-23T13:18:28.152496,289832,112
2026-06-23T13:18:28.152570,289833,111
2026-06-23T13:18:28.152627,289834,110
2026-06-23T13:18:28.152680,289835,110
2026-06-23T13:18:28.152737,289836,110
2026-06-23T13:18:28.152806,289837,109
2026-06-23T13:18:28.152859,289838,108
2026-06-23T13:18:28.152913,289839,106
2026-06-23T13:18:28.152966,289840,104
2026-06-23T13:18:28.162921,289841,103
2026-06-23T13:18:28.162997,289842,102
2026-06-23T13:18:28.163060,289844,100
2026-06-23T13:18:28.163118,289845,99
2026-06-23T13:18:28.163178,289846,98
2026-06-23T13:18:28.163240,289846,98
2026-06-23T13:18:28.163301,289847,99
2026-06-23T13:18:28.163359,289848,99
2026-06-23T13:18:28.163416,289849,99
2026-06-23T13:18:28.163494,289850,101
2026-06-23T13:18:28.163558,289851,101
2026-06-23T13:18:28.173385,289852,102
2026-06-23T13:18:28.173473,289853,101
2026-06-23T13:18:28.173537,289854,102
2026-06-23T13:18:28.173600,289856,102
2026-06-23T13:18:28.173662,289857,101
2026-06-23T13:18:28.173726,289858,101
2026-06-23T13:18:28.173789,289859,101
2026-06-23T13:18:28.173857,289860,100
2026-06-23T13:18:28.173916,289861,99
2026-06-23T13:18:28.173975,289862,98
2026-06-23T13:18:28.183750,289863,97
2026-06-23T13:18:28.183822,289864,96
2026-06-23T13:18:28.183880,289865,96
2026-06-23T13:18:28.183940,289865,95
2026-06-23T13:18:28.183998,289866,95
2026-06-23T13:18:28.184057,289867,96
2026-06-23T13:18:28.184115,289868,96
2026-06-23T13:18:28.184174,289869,96
2026-06-23T13:18:28.184232,289870,95
2026-06-23T13:18:28.184290,289871,94
2026-06-23T13:18:28.184348,289872,92
2026-06-23T13:18:28.194225,289873,91
2026-06-23T13:18:28.194292,289874,92
2026-06-23T13:18:28.194352,289875,94
2026-06-23T13:18:28.194410,289876,92
2026-06-23T13:18:28.194468,289877,92
2026-06-23T13:18:28.194526,289878,93
2026-06-23T13:18:28.194585,289879,93
2026-06-23T13:18:28.194643,289880,91
2026-06-23T13:18:28.194702,289881,91
2026-06-23T13:18:28.194760,289882,91
2026-06-23T13:18:28.194818,289883,90
2026-06-23T13:18:28.204693,289884,92
2026-06-23T13:18:28.204773,289885,94
2026-06-23T13:18:28.204833,289886,94
2026-06-23T13:18:28.204894,289887,94
2026-06-23T13:18:28.204952,289887,94
2026-06-23T13:18:28.205011,289888,92
2026-06-23T13:18:28.205069,289889,92
2026-06-23T13:18:28.205127,289890,93
2026-06-23T13:18:28.205185,289891,92
2026-06-23T13:18:28.205244,289892,94
2026-06-23T13:18:28.205301,289893,96
2026-06-23T13:18:28.215098,289894,95
2026-06-23T13:18:28.215167,289895,93
2026-06-23T13:18:28.215226,289896,94
2026-06-23T13:18:28.215286,289897,93
2026-06-23T13:18:28.215344,289898,92
2026-06-23T13:18:28.215403,289899,93
2026-06-23T13:18:28.215461,289900,94
2026-06-23T13:18:28.215519,289901,95
2026-06-23T13:18:28.215577,289902,94
2026-06-23T13:18:28.215634,289903,95
2026-06-23T13:18:28.215693,289904,98
2026-06-23T13:18:28.225632,289905,101
2026-06-23T13:18:28.225730,289906,103
2026-06-23T13:18:28.225807,289907,103
2026-06-23T13:18:28.225884,289908,104
2026-06-23T13:18:28.225960,289909,105
2026-06-23T13:18:28.226041,289910,105
2026-06-23T13:18:28.226117,289911,107
2026-06-23T13:18:28.226194,289912,108
2026-06-23T13:18:28.226284,289913,108
2026-06-23T13:18:28.226378,289914,108
2026-06-23T13:18:28.236034,289915,108
2026-06-23T13:18:28.236162,289916,107
2026-06-23T13:18:28.236299,289917,105
2026-06-23T13:18:28.236385,289918,104
2026-06-23T13:18:28.236456,289919,104
2026-06-23T13:18:28.236520,289920,106
2026-06-23T13:18:28.236585,289921,104
2026-06-23T13:18:28.236648,289922,105
2026-06-23T13:18:28.236711,289923,107
2026-06-23T13:18:28.236775,289924,106
2026-06-23T13:18:28.246484,289925,105
2026-06-23T13:18:28.246585,289927,104
2026-06-23T13:18:28.246667,289928,104
2026-06-23T13:18:28.246746,289929,102
2026-06-23T13:18:28.246824,289930,101
2026-06-23T13:18:28.246922,289931,101
2026-06-23T13:18:28.246996,289932,99
2026-06-23T13:18:28.247069,289933,99
2026-06-23T13:18:28.247145,289934,100
2026-06-23T13:18:28.247222,289935,102
2026-06-23T13:18:28.256943,289936,105
2026-06-23T13:18:28.257076,289937,105
2026-06-23T13:18:28.257154,289938,104
2026-06-23T13:18:28.257232,289939,103
2026-06-23T13:18:28.257311,289940,105
2026-06-23T13:18:28.257389,289941,105
2026-06-23T13:18:28.257465,289942,105
2026-06-23T13:18:28.257540,289943,106
2026-06-23T13:18:28.257616,289944,109
2026-06-23T13:18:28.257692,289945,110
2026-06-23T13:18:28.267327,289946,108
2026-06-23T13:18:28.267426,289947,108
2026-06-23T13:18:28.267505,289948,109
2026-06-23T13:18:28.267584,289949,108
2026-06-23T13:18:28.267660,289950,110
2026-06-23T13:18:28.267737,289951,109
2026-06-23T13:18:28.267813,289952,108
2026-06-23T13:18:28.267890,289953,107
2026-06-23T13:18:28.267965,289955,108
2026-06-23T13:18:28.268041,289956,109
2026-06-23T13:18:28.277759,289957,109
2026-06-23T13:18:28.277850,289958,108
2026-06-23T13:18:28.277928,289959,110
2026-06-23T13:18:28.278005,289960,114
2026-06-23T13:18:28.278081,289961,116
2026-06-23T13:18:28.278158,289962,117
2026-06-23T13:18:28.278233,289963,119
2026-06-23T13:18:28.278309,289964,118
2026-06-23T13:18:28.278384,289965,121
2026-06-23T13:18:28.278460,289966,127
2026-06-23T13:18:28.288329,289967,130
2026-06-23T13:18:28.288429,289968,130
2026-06-23T13:18:28.288506,289969,129
2026-06-23T13:18:28.288582,289970,130
2026-06-23T13:18:28.288657,289971,129
2026-06-23T13:18:28.288734,289972,127
2026-06-23T13:18:28.288811,289973,125
2026-06-23T13:18:28.288889,289974,123
2026-06-23T13:18:28.288967,289975,122
2026-06-23T13:18:28.289044,289976,119
2026-06-23T13:18:28.298665,289977,118
2026-06-23T13:18:28.298755,289978,118
2026-06-23T13:18:28.298832,289980,118
2026-06-23T13:18:28.298913,289981,117
2026-06-23T13:18:28.298992,289982,117
2026-06-23T13:18:28.299070,289983,115
2026-06-23T13:18:28.299146,289984,113
2026-06-23T13:18:28.299222,289985,112
2026-06-23T13:18:28.299297,289986,110
2026-06-23T13:18:28.299372,289987,109
2026-06-23T13:18:28.309139,289988,108
2026-06-23T13:18:28.309258,289989,109
2026-06-23T13:18:28.309393,289990,109
2026-06-23T13:18:28.309510,289991,110
2026-06-23T13:18:28.309599,289992,109
2026-06-23T13:18:28.309704,289993,111
2026-06-23T13:18:28.309790,289994,112
2026-06-23T13:18:28.309868,289995,111
2026-06-23T13:18:28.309944,289996,112
2026-06-23T13:18:28.310020,289997,111
2026-06-23T13:18:28.319606,289998,111
2026-06-23T13:18:28.319700,289999,112
2026-06-23T13:18:28.319772,290000,111
2026-06-23T13:18:28.319870,290001,110
2026-06-23T13:18:28.319958,290002,109
2026-06-23T13:18:28.320031,290003,108
2026-06-23T13:18:28.320096,290005,110
2026-06-23T13:18:28.320160,290006,109
2026-06-23T13:18:28.320225,290007,108
2026-06-23T13:18:28.320288,290008,107
2026-06-23T13:18:28.329978,290009,108
2026-06-23T13:18:28.330077,290010,111
2026-06-23T13:18:28.330158,290011,117
2026-06-23T13:18:28.330240,290012,118
2026-06-23T13:18:28.330318,290013,118
2026-06-23T13:18:28.330398,290014,119
2026-06-23T13:18:28.330475,290015,117
2026-06-23T13:18:28.330605,290016,117
2026-06-23T13:18:28.330715,290017,119
2026-06-23T13:18:28.330803,290018,121
2026-06-23T13:18:28.340461,290019,120
2026-06-23T13:18:28.340577,290020,119
2026-06-23T13:18:28.340713,290021,119
2026-06-23T13:18:28.340794,290022,121
2026-06-23T13:18:28.340862,290023,122
2026-06-23T13:18:28.340927,290024,122
2026-06-23T13:18:28.340991,290025,120
2026-06-23T13:18:28.341055,290026,122
2026-06-23T13:18:28.341119,290027,127
2026-06-23T13:18:28.341181,290028,132
2026-06-23T13:18:28.350846,290030,134
2026-06-23T13:18:28.350944,290031,132
2026-06-23T13:18:28.351004,290032,136
2026-06-23T13:18:28.351060,290033,138
2026-06-23T13:18:28.351116,290034,136
2026-06-23T13:18:28.351171,290035,134
2026-06-23T13:18:28.351225,290036,132
2026-06-23T13:18:28.351280,290037,130
2026-06-23T13:18:28.351334,290038,128
2026-06-23T13:18:28.351388,290039,129
2026-06-23T13:18:28.361292,290040,129
2026-06-23T13:18:28.361388,290041,126
2026-06-23T13:18:28.361439,290042,128
2026-06-23T13:18:28.361489,290043,127
2026-06-23T13:18:28.361536,290044,127
2026-06-23T13:18:28.361584,290045,127
2026-06-23T13:18:28.361631,290046,126
2026-06-23T13:18:28.361678,290047,126
2026-06-23T13:18:28.361724,290048,127
2026-06-23T13:18:28.361771,290049,125
2026-06-23T13:18:28.371681,290050,126
2026-06-23T13:18:28.371772,290051,126
2026-06-23T13:18:28.371817,290052,124
2026-06-23T13:18:28.371861,290054,125
2026-06-23T13:18:28.371904,290055,125
2026-06-23T13:18:28.371946,290056,125
2026-06-23T13:18:28.371987,290057,127
2026-06-23T13:18:28.372029,290058,126
2026-06-23T13:18:28.372070,290059,125
2026-06-23T13:18:28.372112,290060,124
2026-06-23T13:18:28.382161,290061,123
2026-06-23T13:18:28.382226,290062,123
2026-06-23T13:18:28.382264,290063,122
2026-06-23T13:18:28.382300,290064,120
2026-06-23T13:18:28.382335,290065,118
2026-06-23T13:18:28.382370,290066,118
2026-06-23T13:18:28.382404,290067,120
2026-06-23T13:18:28.382438,290068,122
2026-06-23T13:18:28.382472,290069,121
2026-06-23T13:18:28.382509,290070,119
2026-06-23T13:18:28.392593,290071,118
2026-06-23T13:18:28.392654,290072,117
2026-06-23T13:18:28.392689,290073,116
2026-06-23T13:18:28.392722,290074,115
2026-06-23T13:18:28.392755,290075,113
2026-06-23T13:18:28.392787,290076,112
2026-06-23T13:18:28.392818,290077,111
2026-06-23T13:18:28.392850,290079,109
2026-06-23T13:18:28.392882,290080,109
2026-06-23T13:18:28.392913,290081,108
2026-06-23T13:18:28.402970,290082,108
2026-06-23T13:18:28.403028,290083,106
2026-06-23T13:18:28.403062,290084,107
2026-06-23T13:18:28.403093,290085,109
2026-06-23T13:18:28.403123,290086,109
2026-06-23T13:18:28.403153,290087,109
2026-06-23T13:18:28.403183,290088,109
2026-06-23T13:18:28.403212,290089,108
2026-06-23T13:18:28.403241,290090,106
2026-06-23T13:18:28.403270,290091,101
2026-06-23T13:18:28.413451,290092,108
2026-06-23T13:18:28.413589,290093,110
2026-06-23T13:18:28.413671,290094,109
2026-06-23T13:18:28.413751,290095,107
2026-06-23T13:18:28.413830,290096,106
2026-06-23T13:18:28.413914,290097,106
2026-06-23T13:18:28.413992,290098,108
2026-06-23T13:18:28.414070,290099,109
2026-06-23T13:18:28.414149,290100,107
2026-06-23T13:18:28.414227,290101,108
2026-06-23T13:18:28.423910,290102,107
2026-06-23T13:18:28.424099,290104,108
2026-06-23T13:18:28.424201,290105,110
2026-06-23T13:18:28.424284,290106,110
2026-06-23T13:18:28.424363,290107,110
2026-06-23T13:18:28.424442,290108,113
2026-06-23T13:18:28.424520,290109,115
2026-06-23T13:18:28.424599,290110,115
2026-06-23T13:18:28.424678,290111,118
2026-06-23T13:18:28.424814,290112,119
2026-06-23T13:18:28.434436,290113,119
2026-06-23T13:18:28.434578,290114,124
2026-06-23T13:18:28.434662,290115,130
2026-06-23T13:18:28.434742,290116,132
2026-06-23T13:18:28.434821,290117,132
2026-06-23T13:18:28.434900,290118,137
2026-06-23T13:18:28.434978,290119,142
2026-06-23T13:18:28.435056,290120,141
2026-06-23T13:18:28.435133,290121,140
2026-06-23T13:18:28.435211,290122,138
2026-06-23T13:18:28.444766,290123,137
2026-06-23T13:18:28.444908,290124,137
2026-06-23T13:18:28.444990,290125,136
2026-06-23T13:18:28.445069,290126,134
2026-06-23T13:18:28.445147,290127,134
2026-06-23T13:18:28.445225,290129,133
2026-06-23T13:18:28.445302,290130,132
2026-06-23T13:18:28.445380,290131,131
2026-06-23T13:18:28.445458,290132,131
2026-06-23T13:18:28.445536,290133,132
2026-06-23T13:18:28.455193,290134,133
2026-06-23T13:18:28.455252,290135,132
2026-06-23T13:18:28.455284,290136,129
2026-06-23T13:18:28.455315,290137,128
2026-06-23T13:18:28.455345,290138,127
2026-06-23T13:18:28.455375,290139,125
2026-06-23T13:18:28.455403,290140,124
2026-06-23T13:18:28.455433,290141,125
2026-06-23T13:18:28.455467,290142,127
2026-06-23T13:18:28.455496,290143,127
2026-06-23T13:18:28.465660,290144,124
2026-06-23T13:18:28.465867,290145,123
2026-06-23T13:18:28.465947,290146,121
2026-06-23T13:18:28.466025,290147,121
2026-06-23T13:18:28.466103,290148,124
2026-06-23T13:18:28.466182,290149,129
2026-06-23T13:18:28.466260,290150,134
2026-06-23T13:18:28.466339,290151,140
2026-06-23T13:18:28.466416,290153,143
2026-06-23T13:18:28.466494,290154,142
2026-06-23T13:18:28.476060,290155,149
2026-06-23T13:18:28.476128,290156,156
2026-06-23T13:18:28.476180,290157,159
2026-06-23T13:18:28.476214,290158,158
2026-06-23T13:18:28.476243,290159,157
2026-06-23T13:18:28.476290,290160,154
2026-06-23T13:18:28.476330,290161,153
2026-06-23T13:18:28.476361,290162,153
2026-06-23T13:18:28.476391,290163,153
2026-06-23T13:18:28.476433,290164,151
2026-06-23T13:18:28.486506,290165,149
2026-06-23T13:18:28.486581,290166,147
2026-06-23T13:18:28.486613,290167,145
2026-06-23T13:18:28.486643,290168,145
2026-06-23T13:18:28.486672,290169,143
2026-06-23T13:18:28.486700,290170,142
2026-06-23T13:18:28.486728,290171,142
2026-06-23T13:18:28.486755,290172,142
2026-06-23T13:18:28.486782,290173,142
2026-06-23T13:18:28.486810,290174,140
2026-06-23T13:18:28.497006,290175,137
2026-06-23T13:18:28.497156,290176,135
2026-06-23T13:18:28.497237,290178,134
2026-06-23T13:18:28.497317,290179,134
2026-06-23T13:18:28.497395,290180,134
2026-06-23T13:18:28.497474,290181,133
2026-06-23T13:18:28.497552,290182,131
2026-06-23T13:18:28.497632,290183,129
2026-06-23T13:18:28.497710,290184,127
2026-06-23T13:18:28.497788,290185,127
2026-06-23T13:18:28.507426,290186,129
2026-06-23T13:18:28.507493,290187,128
2026-06-23T13:18:28.507526,290188,127
2026-06-23T13:18:28.507556,290189,125
2026-06-23T13:18:28.507618,290190,124
2026-06-23T13:18:28.507658,290191,124
2026-06-23T13:18:28.507690,290192,124
2026-06-23T13:18:28.507720,290193,124
2026-06-23T13:18:28.507749,290194,125
2026-06-23T13:18:28.507798,290195,123
2026-06-23T13:18:28.517876,290196,122
2026-06-23T13:18:28.518025,290197,120
2026-06-23T13:18:28.518108,290198,120
2026-06-23T13:18:28.518188,290199,118
2026-06-23T13:18:28.518266,290200,118
2026-06-23T13:18:28.518344,290201,118
2026-06-23T13:18:28.518422,290203,117
2026-06-23T13:18:28.518524,290204,118
2026-06-23T13:18:28.518580,290205,117
2026-06-23T13:18:28.518613,290206,120
2026-06-23T13:18:28.528332,290207,117
2026-06-23T13:18:28.528478,290208,116
2026-06-23T13:18:28.528558,290209,117
2026-06-23T13:18:28.528637,290210,118
2026-06-23T13:18:28.528714,290211,116
2026-06-23T13:18:28.528792,290212,117
2026-06-23T13:18:28.528869,290213,119
2026-06-23T13:18:28.528946,290214,118
2026-06-23T13:18:28.529023,290215,116
2026-06-23T13:18:28.529100,290216,115
2026-06-23T13:18:28.538729,290217,114
2026-06-23T13:18:28.538802,290218,115
2026-06-23T13:18:28.538833,290219,116
2026-06-23T13:18:28.538863,290220,116
2026-06-23T13:18:28.538891,290221,117
2026-06-23T13:18:28.538919,290222,115
2026-06-23T13:18:28.538946,290223,118
2026-06-23T13:18:28.538973,290224,125
2026-06-23T13:18:28.539001,290225,127
2026-06-23T13:18:28.539028,290226,127
2026-06-23T13:18:28.549179,290228,132
2026-06-23T13:18:28.549319,290229,133
2026-06-23T13:18:28.549402,290230,132
2026-06-23T13:18:28.549500,290231,131
2026-06-23T13:18:28.549585,290232,128
2026-06-23T13:18:28.549665,290233,129
2026-06-23T13:18:28.549742,290234,129
2026-06-23T13:18:28.549821,290235,130
2026-06-23T13:18:28.549899,290236,130
2026-06-23T13:18:28.549993,290237,129
2026-06-23T13:18:28.559627,290238,129
2026-06-23T13:18:28.559781,290239,128
2026-06-23T13:18:28.559860,290240,132
2026-06-23T13:18:28.560016,290241,132
2026-06-23T13:18:28.560115,290242,131
2026-06-23T13:18:28.560221,290243,130
2026-06-23T13:18:28.560316,290244,132
2026-06-23T13:18:28.560403,290245,131
2026-06-23T13:18:28.560481,290246,131
2026-06-23T13:18:28.560559,290247,130
2026-06-23T13:18:28.570104,290248,128
2026-06-23T13:18:28.570286,290249,126
2026-06-23T13:18:28.570400,290250,125
2026-06-23T13:18:28.570506,290252,127
2026-06-23T13:18:28.570608,290253,128
2026-06-23T13:18:28.570708,290254,127
2026-06-23T13:18:28.570807,290255,131
2026-06-23T13:18:28.570906,290256,131
2026-06-23T13:18:28.571005,290257,130
2026-06-23T13:18:28.571103,290258,129
2026-06-23T13:18:28.580566,290259,128
2026-06-23T13:18:28.580632,290260,127
2026-06-23T13:18:28.580670,290261,125
2026-06-23T13:18:28.580706,290262,123
2026-06-23T13:18:28.580742,290263,122
2026-06-23T13:18:28.580781,290264,119
2026-06-23T13:18:28.580819,290265,120
2026-06-23T13:18:28.580855,290266,122
2026-06-23T13:18:28.580889,290267,123
2026-06-23T13:18:28.580924,290268,124
2026-06-23T13:18:28.591025,290269,123
2026-06-23T13:18:28.591138,290270,122
2026-06-23T13:18:28.591220,290271,123
2026-06-23T13:18:28.591301,290272,121
2026-06-23T13:18:28.591378,290273,120
2026-06-23T13:18:28.591456,290274,121
2026-06-23T13:18:28.591533,290275,119
2026-06-23T13:18:28.591611,290277,118
2026-06-23T13:18:28.591687,290278,117
2026-06-23T13:18:28.591763,290279,116
2026-06-23T13:18:28.601376,290280,115
2026-06-23T13:18:28.601484,290281,115
2026-06-23T13:18:28.601567,290282,116
2026-06-23T13:18:28.601647,290283,118
2026-06-23T13:18:28.601727,290284,118
2026-06-23T13:18:28.601804,290285,117
2026-06-23T13:18:28.601882,290286,116
2026-06-23T13:18:28.601958,290287,116
2026-06-23T13:18:28.602052,290288,115
2026-06-23T13:18:28.602131,290289,113
2026-06-23T13:18:28.611883,290290,113
2026-06-23T13:18:28.611992,290291,112
2026-06-23T13:18:28.612095,290292,110
2026-06-23T13:18:28.612176,290293,108
2026-06-23T13:18:28.612254,290294,107
2026-06-23T13:18:28.612332,290295,106
2026-06-23T13:18:28.612409,290296,105
2026-06-23T13:18:28.612485,290297,104
2026-06-23T13:18:28.612574,290298,104
2026-06-23T13:18:28.612652,290299,109
2026-06-23T13:18:28.622362,290300,114
2026-06-23T13:18:28.622482,290302,114
2026-06-23T13:18:28.622566,290303,118
2026-06-23T13:18:28.622647,290304,121
2026-06-23T13:18:28.622725,290305,121
2026-06-23T13:18:28.622802,290306,120
2026-06-23T13:18:28.622878,290307,120
2026-06-23T13:18:28.622955,290308,120
2026-06-23T13:18:28.623031,290309,118
2026-06-23T13:18:28.623108,290310,118
2026-06-23T13:18:28.632783,290311,120
2026-06-23T13:18:28.632899,290312,122
2026-06-23T13:18:28.633023,290313,120
2026-06-23T13:18:28.633126,290314,121
2026-06-23T13:18:28.633223,290315,120
2026-06-23T13:18:28.633322,290316,120
2026-06-23T13:18:28.633420,290317,118
2026-06-23T13:18:28.633520,290318,118
2026-06-23T13:18:28.633617,290319,118
2026-06-23T13:18:28.633714,290320,117
2026-06-23T13:18:28.643222,290321,115
2026-06-23T13:18:28.643317,290322,114
2026-06-23T13:18:28.643396,290323,113
2026-06-23T13:18:28.643473,290324,113
2026-06-23T13:18:28.643548,290326,111
2026-06-23T13:18:28.643625,290327,110
2026-06-23T13:18:28.643703,290328,109
2026-06-23T13:18:28.643779,290329,109
2026-06-23T13:18:28.643855,290330,110
2026-06-23T13:18:28.643931,290331,112
2026-06-23T13:18:28.653671,290332,111
2026-06-23T13:18:28.653770,290333,112
2026-06-23T13:18:28.653848,290334,111
2026-06-23T13:18:28.653926,290335,111
2026-06-23T13:18:28.654002,290336,110
2026-06-23T13:18:28.654079,290337,109
2026-06-23T13:18:28.654156,290338,112
2026-06-23T13:18:28.654233,290339,111
2026-06-23T13:18:28.654309,290340,113
2026-06-23T13:18:28.654386,290341,114
2026-06-23T13:18:28.664085,290342,114
2026-06-23T13:18:28.664241,290343,114
2026-06-23T13:18:28.664327,290344,113
2026-06-23T13:18:28.664405,290345,111
2026-06-23T13:18:28.664482,290346,112
2026-06-23T13:18:28.664559,290347,115
2026-06-23T13:18:28.664635,290348,116
2026-06-23T13:18:28.664711,290349,114
2026-06-23T13:18:28.664787,290351,115
2026-06-23T13:18:28.664863,290352,114
2026-06-23T13:18:28.674611,290353,112
2026-06-23T13:18:28.674703,290354,111
2026-06-23T13:18:28.674780,290355,109
2026-06-23T13:18:28.674856,290356,108
2026-06-23T13:18:28.674932,290357,106
2026-06-23T13:18:28.675008,290358,105
2026-06-23T13:18:28.675084,290359,107
2026-06-23T13:18:28.675160,290360,109
2026-06-23T13:18:28.675236,290361,108
2026-06-23T13:18:28.675311,290362,108
2026-06-23T13:18:28.684981,290363,107
2026-06-23T13:18:28.685079,290364,106
2026-06-23T13:18:28.685157,290365,104
2026-06-23T13:18:28.685234,290366,102
2026-06-23T13:18:28.685312,290367,102
2026-06-23T13:18:28.685388,290368,100
2026-06-23T13:18:28.685461,290369,99
2026-06-23T13:18:28.685533,290370,99
2026-06-23T13:18:28.685609,290371,101
2026-06-23T13:18:28.685685,290372,101
2026-06-23T13:18:28.695423,290373,100
2026-06-23T13:18:28.695513,290374,100
2026-06-23T13:18:28.695591,290375,99
2026-06-23T13:18:28.695679,290376,98
2026-06-23T13:18:28.695752,290377,97
2026-06-23T13:18:28.695827,290378,96
2026-06-23T13:18:28.695898,290379,95
2026-06-23T13:18:28.695969,290380,94
2026-06-23T13:18:28.696040,290381,94
2026-06-23T13:18:28.696111,290382,97
2026-06-23T13:18:28.696182,290383,99
2026-06-23T13:18:28.705883,290384,99
2026-06-23T13:18:28.705980,290385,102
2026-06-23T13:18:28.706061,290386,103
2026-06-23T13:18:28.706140,290387,101
2026-06-23T13:18:28.706217,290388,101
2026-06-23T13:18:28.706294,290389,101
2026-06-23T13:18:28.706370,290390,101
2026-06-23T13:18:28.706445,290391,102
2026-06-23T13:18:28.706522,290392,100
2026-06-23T13:18:28.706594,290393,99
2026-06-23T13:18:28.716263,290394,98
2026-06-23T13:18:28.716456,290395,96
2026-06-23T13:18:28.716558,290396,95
2026-06-23T13:18:28.716653,290397,96
2026-06-23T13:18:28.716747,290398,95
2026-06-23T13:18:28.716841,290399,95
2026-06-23T13:18:28.716932,290400,95
2026-06-23T13:18:28.717024,290401,94
2026-06-23T13:18:28.717116,290402,93
2026-06-23T13:18:28.717206,290403,91
2026-06-23T13:18:28.717297,290404,90
2026-06-23T13:18:28.726732,290405,90
2026-06-23T13:18:28.726832,290406,90
2026-06-23T13:18:28.726907,290407,90
2026-06-23T13:18:28.726982,290408,91
2026-06-23T13:18:28.727054,290409,92
2026-06-23T13:18:28.727127,290409,92
2026-06-23T13:18:28.727199,290410,93
2026-06-23T13:18:28.727271,290411,92
2026-06-23T13:18:28.727344,290412,91
2026-06-23T13:18:28.727415,290413,90
2026-06-23T13:18:28.727487,290414,90
2026-06-23T13:18:28.737215,290415,89
2026-06-23T13:18:28.737312,290416,88
2026-06-23T13:18:28.737377,290417,87
2026-06-23T13:18:28.737441,290418,85
2026-06-23T13:18:28.737502,290419,85
2026-06-23T13:18:28.737561,290420,83
2026-06-23T13:18:28.737621,290421,82
2026-06-23T13:18:28.737686,290422,82
2026-06-23T13:18:28.737751,290423,83
2026-06-23T13:18:28.737811,290424,83
2026-06-23T13:18:28.737870,290425,82
2026-06-23T13:18:28.747628,290426,82
2026-06-23T13:18:28.747732,290427,82
2026-06-23T13:18:28.747807,290428,81
2026-06-23T13:18:28.747881,290429,80
2026-06-23T13:18:28.747954,290430,80
2026-06-23T13:18:28.748026,290430,79
2026-06-23T13:18:28.748097,290431,78
2026-06-23T13:18:28.748169,290432,77
2026-06-23T13:18:28.748241,290433,76
2026-06-23T13:18:28.748312,290434,75
2026-06-23T13:18:28.748383,290435,74
2026-06-23T13:18:28.758102,290436,73
2026-06-23T13:18:28.758196,290437,72
2026-06-23T13:18:28.758259,290438,72
2026-06-23T13:18:28.758320,290439,71
2026-06-23T13:18:28.758380,290440,71
2026-06-23T13:18:28.758439,290441,70
2026-06-23T13:18:28.758498,290442,69
2026-06-23T13:18:28.758557,290443,68
2026-06-23T13:18:28.758616,290444,72
2026-06-23T13:18:28.758675,290445,67
2026-06-23T13:18:28.758735,290446,67
2026-06-23T13:18:28.768589,290447,66
2026-06-23T13:18:28.768682,290448,66
2026-06-23T13:18:28.768746,290449,65
2026-06-23T13:18:28.768811,290450,64
2026-06-23T13:18:28.768872,290451,64
2026-06-23T13:18:28.768931,290452,64
2026-06-23T13:18:28.768990,290452,63
2026-06-23T13:18:28.769049,290453,62
2026-06-23T13:18:28.769108,290454,62
2026-06-23T13:18:28.769167,290455,62
2026-06-23T13:18:28.769225,290456,62
2026-06-23T13:18:28.778962,290457,60
2026-06-23T13:18:28.779067,290458,60
2026-06-23T13:18:28.779131,290459,60
2026-06-23T13:18:28.779193,290460,60
2026-06-23T13:18:28.779253,290461,60
2026-06-23T13:18:28.779313,290462,56
2026-06-23T13:18:28.779374,290463,61
2026-06-23T13:18:28.779433,290464,61
2026-06-23T13:18:28.779492,290465,61
2026-06-23T13:18:28.779551,290466,63
2026-06-23T13:18:28.789383,290467,65
2026-06-23T13:18:28.789487,290468,65
2026-06-23T13:18:28.789554,290469,64
2026-06-23T13:18:28.789615,290470,64
2026-06-23T13:18:28.789676,290471,63
2026-06-23T13:18:28.789736,290472,63
2026-06-23T13:18:28.789795,290473,64
2026-06-23T13:18:28.789854,290473,64
2026-06-23T13:18:28.789913,290474,64
2026-06-23T13:18:28.789972,290475,65
2026-06-23T13:18:28.790031,290476,65
2026-06-23T13:18:28.799748,290477,65
2026-06-23T13:18:28.799837,290478,67
2026-06-23T13:18:28.799911,290479,71
2026-06-23T13:18:28.799984,290480,76
2026-06-23T13:18:28.800075,290481,82
2026-06-23T13:18:28.800149,290482,88
2026-06-23T13:18:28.800220,290483,94
2026-06-23T13:18:28.800292,290484,97
2026-06-23T13:18:28.800367,290485,97
2026-06-23T13:18:28.800442,290486,96
2026-06-23T13:18:28.800515,290487,97
2026-06-23T13:18:28.810222,290488,95
2026-06-23T13:18:28.810322,290489,98
2026-06-23T13:18:28.810392,290490,100
2026-06-23T13:18:28.810458,290491,112
2026-06-23T13:18:28.810522,290492,120
2026-06-23T13:18:28.810585,290493,125
2026-06-23T13:18:28.810649,290494,126
2026-06-23T13:18:28.810712,290495,131
2026-06-23T13:18:28.810775,290496,145
2026-06-23T13:18:28.810837,290497,162
2026-06-23T13:18:28.820716,290498,179
2026-06-23T13:18:28.820811,290499,192
2026-06-23T13:18:28.820876,290500,196
2026-06-23T13:18:28.820939,290501,195
2026-06-23T13:18:28.821004,290502,192
2026-06-23T13:18:28.821067,290503,189
2026-06-23T13:18:28.821132,290504,187
2026-06-23T13:18:28.821194,290505,189
2026-06-23T13:18:28.821264,290506,195
2026-06-23T13:18:28.821326,290507,203
2026-06-23T13:18:28.831099,290508,214
2026-06-23T13:18:28.831227,290510,225
2026-06-23T13:18:28.831317,290511,231
2026-06-23T13:18:28.831400,290512,234
2026-06-23T13:18:28.831482,290513,232
2026-06-23T13:18:28.831560,290514,237
2026-06-23T13:18:28.831638,290515,245
2026-06-23T13:18:28.831715,290516,255
2026-06-23T13:18:28.831802,290517,261
2026-06-23T13:18:28.831879,290518,264
2026-06-23T13:18:28.841637,290519,265
2026-06-23T13:18:28.841742,290520,263
2026-06-23T13:18:28.841811,290521,258
2026-06-23T13:18:28.841876,290522,255
2026-06-23T13:18:28.841941,290523,254
2026-06-23T13:18:28.842005,290524,256
2026-06-23T13:18:28.842069,290525,258
2026-06-23T13:18:28.842131,290526,258
2026-06-23T13:18:28.842194,290527,258
2026-06-23T13:18:28.842257,290528,258
2026-06-23T13:18:28.851979,290529,256
2026-06-23T13:18:28.852065,290530,255
2026-06-23T13:18:28.852130,290531,251
2026-06-23T13:18:28.852194,290532,250
2026-06-23T13:18:28.852257,290533,255
2026-06-23T13:18:28.852321,290535,259
2026-06-23T13:18:28.852384,290536,262
2026-06-23T13:18:28.852446,290537,261
2026-06-23T13:18:28.852509,290538,256
2026-06-23T13:18:28.852575,290539,253
2026-06-23T13:18:28.862505,290540,251
2026-06-23T13:18:28.862612,290541,249
2026-06-23T13:18:28.862693,290542,248
2026-06-23T13:18:28.862771,290543,247
2026-06-23T13:18:28.862849,290544,243
2026-06-23T13:18:28.862930,290545,241
2026-06-23T13:18:28.863009,290546,243
2026-06-23T13:18:28.863107,290547,241
2026-06-23T13:18:28.863207,290548,238
2026-06-23T13:18:28.863284,290549,235
2026-06-23T13:18:28.872993,290550,235
2026-06-23T13:18:28.873095,290551,233
2026-06-23T13:18:28.873162,290552,230
2026-06-23T13:18:28.873228,290553,226
2026-06-23T13:18:28.873292,290554,225
2026-06-23T13:18:28.873355,290555,224
2026-06-23T13:18:28.873418,290556,228
2026-06-23T13:18:28.873481,290557,233
2026-06-23T13:18:28.873545,290559,242
2026-06-23T13:18:28.873608,290560,251
2026-06-23T13:18:28.883330,290561,257
2026-06-23T13:18:28.883424,290562,257
2026-06-23T13:18:28.883503,290563,253
2026-06-23T13:18:28.883581,290564,250
2026-06-23T13:18:28.883661,290565,249
2026-06-23T13:18:28.883737,290566,247
2026-06-23T13:18:28.883814,290567,244
2026-06-23T13:18:28.883954,290568,246
2026-06-23T13:18:28.884069,290569,253
2026-06-23T13:18:28.884157,290570,259
2026-06-23T13:18:28.893755,290571,262
2026-06-23T13:18:28.893863,290572,264
2026-06-23T13:18:28.893945,290573,263
2026-06-23T13:18:28.894024,290574,263
2026-06-23T13:18:28.894104,290575,259
2026-06-23T13:18:28.894182,290576,254
2026-06-23T13:18:28.894261,290577,249
2026-06-23T13:18:28.894337,290578,246
2026-06-23T13:18:28.894414,290579,244
2026-06-23T13:18:28.894490,290580,240
2026-06-23T13:18:28.904272,290581,235
2026-06-23T13:18:28.904366,290582,231
2026-06-23T13:18:28.904432,290584,229
2026-06-23T13:18:28.904495,290585,227
2026-06-23T13:18:28.904557,290586,224
2026-06-23T13:18:28.904621,290587,221
2026-06-23T13:18:28.904683,290588,216
2026-06-23T13:18:28.904751,290589,213
2026-06-23T13:18:28.904813,290590,209
2026-06-23T13:18:28.904876,290591,207
2026-06-23T13:18:28.914622,290592,213
2026-06-23T13:18:28.914730,290593,223
2026-06-23T13:18:28.914814,290594,230
2026-06-23T13:18:28.914895,290595,236
2026-06-23T13:18:28.914973,290596,237
2026-06-23T13:18:28.915050,290597,233
2026-06-23T13:18:28.915177,290598,230
2026-06-23T13:18:28.915269,290599,229
2026-06-23T13:18:28.915350,290600,227
2026-06-23T13:18:28.915427,290601,224
2026-06-23T13:18:28.925122,290602,219
2026-06-23T13:18:28.925232,290603,214
2026-06-23T13:18:28.925313,290604,211
2026-06-23T13:18:28.925393,290605,209
2026-06-23T13:18:28.925472,290606,207
2026-06-23T13:18:28.925549,290607,205
2026-06-23T13:18:28.925627,290609,201
2026-06-23T13:18:28.925704,290610,200
2026-06-23T13:18:28.925779,290611,199
2026-06-23T13:18:28.925856,290612,198
2026-06-23T13:18:28.935514,290613,198
2026-06-23T13:18:28.935617,290614,197
2026-06-23T13:18:28.935696,290615,195
2026-06-23T13:18:28.935773,290616,193
2026-06-23T13:18:28.935850,290617,192
2026-06-23T13:18:28.935926,290618,192
2026-06-23T13:18:28.936002,290619,191
2026-06-23T13:18:28.936078,290620,190
2026-06-23T13:18:28.936154,290621,186
2026-06-23T13:18:28.936229,290622,186
2026-06-23T13:18:28.946019,290623,188
2026-06-23T13:18:28.946125,290624,187
2026-06-23T13:18:28.946206,290625,186
2026-06-23T13:18:28.946311,290626,183
2026-06-23T13:18:28.946391,290627,183
2026-06-23T13:18:28.946469,290628,183
2026-06-23T13:18:28.946547,290629,181
2026-06-23T13:18:28.946624,290630,178
2026-06-23T13:18:28.946702,290631,176
2026-06-23T13:18:28.946779,290632,174
2026-06-23T13:18:28.956508,290634,172
2026-06-23T13:18:28.956621,290635,171
2026-06-23T13:18:28.956703,290636,171
2026-06-23T13:18:28.956781,290637,169
2026-06-23T13:18:28.956861,290638,167
2026-06-23T13:18:28.956941,290639,166
2026-06-23T13:18:28.957038,290640,165
2026-06-23T13:18:28.957116,290641,163
2026-06-23T13:18:28.957193,290642,161
2026-06-23T13:18:28.957272,290643,158
2026-06-23T13:18:28.966876,290644,158
2026-06-23T13:18:28.966967,290645,156
2026-06-23T13:18:28.967046,290646,156
2026-06-23T13:18:28.967138,290647,159
2026-06-23T13:18:28.967217,290648,158
2026-06-23T13:18:28.967293,290649,156
2026-06-23T13:18:28.967370,290650,153
2026-06-23T13:18:28.967446,290651,152
2026-06-23T13:18:28.967522,290652,152
2026-06-23T13:18:28.967597,290653,152
2026-06-23T13:18:28.977354,290654,154
2026-06-23T13:18:28.977465,290655,159
2026-06-23T13:18:28.977547,290656,166
2026-06-23T13:18:28.977625,290658,172
2026-06-23T13:18:28.977703,290659,173
2026-06-23T13:18:28.977779,290660,172
2026-06-23T13:18:28.977856,290661,176
2026-06-23T13:18:28.977932,290662,179
2026-06-23T13:18:28.978008,290663,181
2026-06-23T13:18:28.978084,290664,182
2026-06-23T13:18:28.987860,290665,182
2026-06-23T13:18:28.987975,290666,181
2026-06-23T13:18:28.988058,290667,186
2026-06-23T13:18:28.988136,290668,197
2026-06-23T13:18:28.988215,290669,206
2026-06-23T13:18:28.988294,290670,211
2026-06-23T13:18:28.988371,290671,211
2026-06-23T13:18:28.988448,290672,210
2026-06-23T13:18:28.988524,290673,218
2026-06-23T13:18:28.988600,290674,226
2026-06-23T13:18:28.998190,290675,229
2026-06-23T13:18:28.998309,290676,228
2026-06-23T13:18:28.998401,290677,226
2026-06-23T13:18:28.998482,290678,226
2026-06-23T13:18:28.998559,290679,228
2026-06-23T13:18:28.998636,290680,226
2026-06-23T13:18:28.998713,290681,227
2026-06-23T13:18:28.998790,290683,230
2026-06-23T13:18:28.998867,290684,236
2026-06-23T13:18:28.998943,290685,240
2026-06-23T13:18:29.008696,290686,242
2026-06-23T13:18:29.008809,290687,241
2026-06-23T13:18:29.008890,290688,239
2026-06-23T13:18:29.008968,290689,235
2026-06-23T13:18:29.009046,290690,232
2026-06-23T13:18:29.009123,290691,234
2026-06-23T13:18:29.009200,290692,238
2026-06-23T13:18:29.009304,290693,240
2026-06-23T13:18:29.009400,290694,239
2026-06-23T13:18:29.009511,290695,236
2026-06-23T13:18:29.019070,290696,231
2026-06-23T13:18:29.019177,290697,228
2026-06-23T13:18:29.019256,290698,227
2026-06-23T13:18:29.019334,290699,226
2026-06-23T13:18:29.019412,290700,223
2026-06-23T13:18:29.019489,290701,222
2026-06-23T13:18:29.019567,290702,220
2026-06-23T13:18:29.019643,290703,216
2026-06-23T13:18:29.019720,290704,212
2026-06-23T13:18:29.019796,290705,208
2026-06-23T13:18:29.029629,290706,204
2026-06-23T13:18:29.029745,290708,201
2026-06-23T13:18:29.029846,290709,198
2026-06-23T13:18:29.029925,290710,194
2026-06-23T13:18:29.030002,290711,191
2026-06-23T13:18:29.030079,290712,188
2026-06-23T13:18:29.030156,290713,185
2026-06-23T13:18:29.030232,290714,183
2026-06-23T13:18:29.030308,290715,182
2026-06-23T13:18:29.030398,290716,181
2026-06-23T13:18:29.040045,290717,180
2026-06-23T13:18:29.040163,290718,178
2026-06-23T13:18:29.040245,290719,175
2026-06-23T13:18:29.040323,290720,172
2026-06-23T13:18:29.040402,290721,170
2026-06-23T13:18:29.040480,290722,169
2026-06-23T13:18:29.040557,290723,170
2026-06-23T13:18:29.040635,290724,169
2026-06-23T13:18:29.040712,290725,167
2026-06-23T13:18:29.040788,290726,166
2026-06-23T13:18:29.050378,290727,165
2026-06-23T13:18:29.050488,290728,164
2026-06-23T13:18:29.050569,290729,161
2026-06-23T13:18:29.050650,290730,160
2026-06-23T13:18:29.050731,290731,159
2026-06-23T13:18:29.050807,290733,158
2026-06-23T13:18:29.050886,290734,155
2026-06-23T13:18:29.050962,290735,153
2026-06-23T13:18:29.051038,290736,152
2026-06-23T13:18:29.051113,290737,153
2026-06-23T13:18:29.060885,290738,153
2026-06-23T13:18:29.060990,290739,151
2026-06-23T13:18:29.061071,290740,149
2026-06-23T13:18:29.061149,290741,146
2026-06-23T13:18:29.061227,290742,144
2026-06-23T13:18:29.061304,290743,141
2026-06-23T13:18:29.061382,290744,140
2026-06-23T13:18:29.061458,290745,138
2026-06-23T13:18:29.061535,290746,136
2026-06-23T13:18:29.061611,290747,136
2026-06-23T13:18:29.071352,290748,137
2026-06-23T13:18:29.071464,290749,138
2026-06-23T13:18:29.071546,290750,137
2026-06-23T13:18:29.071625,290751,135
2026-06-23T13:18:29.071702,290752,133
2026-06-23T13:18:29.071779,290753,131
2026-06-23T13:18:29.071856,290754,129
2026-06-23T13:18:29.071935,290755,127
2026-06-23T13:18:29.072014,290757,125
2026-06-23T13:18:29.072090,290758,123
2026-06-23T13:18:29.081745,290759,121
2026-06-23T13:18:29.081836,290760,121
2026-06-23T13:18:29.081914,290761,120
2026-06-23T13:18:29.081991,290762,121
2026-06-23T13:18:29.082069,290763,124
2026-06-23T13:18:29.082146,290764,128
2026-06-23T13:18:29.082222,290765,130
2026-06-23T13:18:29.082298,290766,128
2026-06-23T13:18:29.082374,290767,131
2026-06-23T13:18:29.082450,290768,137
2026-06-23T13:18:29.092223,290769,144
2026-06-23T13:18:29.092330,290770,146
2026-06-23T13:18:29.092409,290771,144
2026-06-23T13:18:29.092487,290772,142
2026-06-23T13:18:29.092565,290773,140
2026-06-23T13:18:29.092669,290774,141
2026-06-23T13:18:29.092759,290775,143
2026-06-23T13:18:29.092853,290776,145
2026-06-23T13:18:29.092935,290777,147
2026-06-23T13:18:29.093013,290778,146
2026-06-23T13:18:29.102591,290779,144
2026-06-23T13:18:29.102686,290780,142
2026-06-23T13:18:29.102765,290782,141
2026-06-23T13:18:29.102842,290783,137
2026-06-23T13:18:29.102918,290784,138
2026-06-23T13:18:29.103000,290785,139
2026-06-23T13:18:29.103077,290786,138
2026-06-23T13:18:29.103153,290787,135
2026-06-23T13:18:29.103229,290788,133
2026-06-23T13:18:29.103304,290789,134
2026-06-23T13:18:29.113133,290790,133
2026-06-23T13:18:29.113240,290791,132
2026-06-23T13:18:29.113322,290792,131
2026-06-23T13:18:29.113402,290793,130
2026-06-23T13:18:29.113479,290794,129
2026-06-23T13:18:29.113559,290795,127
2026-06-23T13:18:29.113653,290796,125
2026-06-23T13:18:29.113731,290797,124
2026-06-23T13:18:29.113807,290798,122
2026-06-23T13:18:29.113883,290799,119
2026-06-23T13:18:29.123523,290800,118
2026-06-23T13:18:29.123658,290801,116
2026-06-23T13:18:29.123741,290802,115
2026-06-23T13:18:29.123819,290803,114
2026-06-23T13:18:29.123899,290804,112
2026-06-23T13:18:29.123975,290805,112
2026-06-23T13:18:29.124052,290807,111
2026-06-23T13:18:29.124128,290808,109
2026-06-23T13:18:29.124204,290809,108
2026-06-23T13:18:29.124281,290810,107
2026-06-23T13:18:29.133926,290811,106
2026-06-23T13:18:29.134065,290812,106
2026-06-23T13:18:29.134155,290813,104
2026-06-23T13:18:29.134236,290814,103
2026-06-23T13:18:29.134317,290815,101
2026-06-23T13:18:29.134394,290816,99
2026-06-23T13:18:29.134469,290817,99
2026-06-23T13:18:29.134543,290818,98
2026-06-23T13:18:29.134617,290819,98
2026-06-23T13:18:29.134690,290820,97
2026-06-23T13:18:29.134763,290821,96
2026-06-23T13:18:29.144421,290822,94
2026-06-23T13:18:29.144520,290823,93
2026-06-23T13:18:29.144596,290824,92
2026-06-23T13:18:29.144669,290825,91
2026-06-23T13:18:29.144741,290825,91
2026-06-23T13:18:29.144814,290826,90
2026-06-23T13:18:29.144886,290827,89
2026-06-23T13:18:29.144958,290828,88
2026-06-23T13:18:29.145029,290829,87
2026-06-23T13:18:29.145101,290830,86
2026-06-23T13:18:29.145172,290831,84
2026-06-23T13:18:29.154918,290832,83
2026-06-23T13:18:29.155030,290833,82
2026-06-23T13:18:29.155110,290834,82
2026-06-23T13:18:29.155182,290835,81
2026-06-23T13:18:29.155256,290836,81
2026-06-23T13:18:29.155328,290837,80
2026-06-23T13:18:29.155400,290838,79
2026-06-23T13:18:29.155471,290839,79
2026-06-23T13:18:29.155543,290840,78
2026-06-23T13:18:29.155614,290841,78
2026-06-23T13:18:29.155685,290842,77
2026-06-23T13:18:29.165304,290843,77
2026-06-23T13:18:29.165398,290844,77
2026-06-23T13:18:29.165471,290845,76
2026-06-23T13:18:29.165548,290846,75
2026-06-23T13:18:29.165620,290846,74
2026-06-23T13:18:29.165691,290847,73
2026-06-23T13:18:29.165762,290848,73
2026-06-23T13:18:29.165833,290849,73
2026-06-23T13:18:29.165904,290850,74
2026-06-23T13:18:29.165975,290851,73
2026-06-23T13:18:29.166051,290852,73
2026-06-23T13:18:29.175777,290853,72
2026-06-23T13:18:29.175893,290854,72
2026-06-23T13:18:29.175974,290855,72
2026-06-23T13:18:29.176049,290856,71
2026-06-23T13:18:29.176176,290857,71
2026-06-23T13:18:29.176260,290858,70
2026-06-23T13:18:29.176333,290859,70
2026-06-23T13:18:29.176406,290860,69
2026-06-23T13:18:29.176480,290861,68
2026-06-23T13:18:29.176552,290862,68
2026-06-23T13:18:29.176624,290863,68
2026-06-23T13:18:29.186198,290864,67
2026-06-23T13:18:29.186299,290865,67
2026-06-23T13:18:29.186373,290866,68
2026-06-23T13:18:29.186446,290867,71
2026-06-23T13:18:29.186519,290867,73
2026-06-23T13:18:29.186592,290868,73
2026-06-23T13:18:29.186665,290869,73
2026-06-23T13:18:29.186738,290870,72
2026-06-23T13:18:29.186810,290871,75
2026-06-23T13:18:29.186880,290872,75
2026-06-23T13:18:29.196610,290873,75
2026-06-23T13:18:29.196700,290874,75
2026-06-23T13:18:29.196773,290875,74
2026-06-23T13:18:29.196846,290876,75
2026-06-23T13:18:29.196918,290877,81
2026-06-23T13:18:29.196989,290878,81
2026-06-23T13:18:29.197076,290879,81
2026-06-23T13:18:29.197148,290880,80
2026-06-23T13:18:29.197220,290881,80
2026-06-23T13:18:29.197290,290882,80
2026-06-23T13:18:29.197361,290883,80
2026-06-23T13:18:29.207058,290884,79
2026-06-23T13:18:29.207155,290885,79
2026-06-23T13:18:29.207229,290886,78
2026-06-23T13:18:29.207301,290887,77
2026-06-23T13:18:29.207374,290888,77
2026-06-23T13:18:29.207448,290889,76
2026-06-23T13:18:29.207519,290889,76
2026-06-23T13:18:29.207591,290890,76
2026-06-23T13:18:29.207662,290891,76
2026-06-23T13:18:29.207734,290892,75
2026-06-23T13:18:29.207805,290893,75
2026-06-23T13:18:29.217431,290894,74
2026-06-23T13:18:29.217521,290895,74
2026-06-23T13:18:29.217594,290896,73
2026-06-23T13:18:29.217666,290897,73
2026-06-23T13:18:29.217736,290898,73
2026-06-23T13:18:29.217812,290899,74
2026-06-23T13:18:29.217890,290900,75
2026-06-23T13:18:29.217962,290901,75
2026-06-23T13:18:29.218033,290902,75
2026-06-23T13:18:29.218104,290903,75
2026-06-23T13:18:29.218177,290904,74
2026-06-23T13:18:29.227931,290905,75
2026-06-23T13:18:29.228016,290906,74
2026-06-23T13:18:29.228088,290907,73
2026-06-23T13:18:29.228159,290908,73
2026-06-23T13:18:29.228232,290909,72
2026-06-23T13:18:29.228303,290910,71
2026-06-23T13:18:29.228374,290910,71
2026-06-23T13:18:29.228445,290911,71
2026-06-23T13:18:29.228516,290912,71
2026-06-23T13:18:29.228587,290913,70
2026-06-23T13:18:29.228658,290914,70
2026-06-23T13:18:29.238456,290915,71
2026-06-23T13:18:29.238557,290916,71
2026-06-23T13:18:29.238632,290917,72
2026-06-23T13:18:29.238707,290918,73
2026-06-23T13:18:29.238778,290919,72
2026-06-23T13:18:29.238850,290920,71
2026-06-23T13:18:29.238920,290921,70
2026-06-23T13:18:29.238992,290922,70
2026-06-23T13:18:29.239063,290923,69
2026-06-23T13:18:29.239134,290924,69
2026-06-23T13:18:29.239205,290925,68
2026-06-23T13:18:29.248829,290926,68
2026-06-23T13:18:29.248912,290927,69
2026-06-23T13:18:29.248985,290928,69
2026-06-23T13:18:29.249057,290929,70
2026-06-23T13:18:29.249128,290930,71
2026-06-23T13:18:29.249199,290931,70
2026-06-23T13:18:29.249270,290931,69
2026-06-23T13:18:29.249341,290932,69
2026-06-23T13:18:29.249412,290933,69
2026-06-23T13:18:29.249483,290934,71
2026-06-23T13:18:29.249554,290935,71
2026-06-23T13:18:29.259282,290936,72
2026-06-23T13:18:29.259428,290937,73
2026-06-23T13:18:29.259511,290938,74
2026-06-23T13:18:29.259599,290939,74
2026-06-23T13:18:29.259673,290940,74
2026-06-23T13:18:29.259745,290941,74
2026-06-23T13:18:29.259819,290942,74
2026-06-23T13:18:29.259891,290943,76
2026-06-23T13:18:29.259963,290944,77
2026-06-23T13:18:29.260035,290945,77
2026-06-23T13:18:29.260107,290946,77
2026-06-23T13:18:29.269697,290947,76
2026-06-23T13:18:29.269807,290948,75
2026-06-23T13:18:29.269882,290949,74
2026-06-23T13:18:29.269955,290950,73
2026-06-23T13:18:29.270030,290951,72
2026-06-23T13:18:29.270102,290952,72
2026-06-23T13:18:29.270173,290953,71
2026-06-23T13:18:29.270244,290953,71
2026-06-23T13:18:29.270315,290954,70
2026-06-23T13:18:29.270387,290955,70
2026-06-23T13:18:29.270457,290956,68
2026-06-23T13:18:29.280156,290957,69
2026-06-23T13:18:29.280241,290958,69
2026-06-23T13:18:29.280333,290959,69
2026-06-23T13:18:29.280407,290960,69
2026-06-23T13:18:29.280479,290961,70
2026-06-23T13:18:29.280551,290962,72
2026-06-23T13:18:29.280621,290963,73
2026-06-23T13:18:29.280692,290964,75
2026-06-23T13:18:29.280764,290965,76
2026-06-23T13:18:29.280836,290966,76
2026-06-23T13:18:29.280909,290967,75
2026-06-23T13:18:29.290672,290968,75
2026-06-23T13:18:29.290772,290969,76
2026-06-23T13:18:29.290845,290970,77
2026-06-23T13:18:29.290916,290971,77
2026-06-23T13:18:29.290988,290972,78
2026-06-23T13:18:29.291059,290973,78
2026-06-23T13:18:29.291130,290974,78
2026-06-23T13:18:29.291200,290974,77
2026-06-23T13:18:29.291271,290975,76
2026-06-23T13:18:29.291344,290976,75
2026-06-23T13:18:29.291415,290977,75
2026-06-23T13:18:29.301028,290978,74
2026-06-23T13:18:29.301119,290979,73
2026-06-23T13:18:29.301195,290980,73
2026-06-23T13:18:29.301269,290981,72
2026-06-23T13:18:29.301340,290982,71
2026-06-23T13:18:29.301412,290983,70
2026-06-23T13:18:29.301483,290984,70
2026-06-23T13:18:29.301554,290985,70
2026-06-23T13:18:29.301632,290986,71
2026-06-23T13:18:29.301704,290987,73
2026-06-23T13:18:29.311405,290988,75
2026-06-23T13:18:29.311494,290989,77
2026-06-23T13:18:29.311567,290990,79
2026-06-23T13:18:29.311638,290991,82
2026-06-23T13:18:29.311709,290992,83
2026-06-23T13:18:29.311781,290993,84
2026-06-23T13:18:29.311852,290994,84
2026-06-23T13:18:29.311923,290995,84
2026-06-23T13:18:29.311994,290996,86
2026-06-23T13:18:29.312064,290996,90
2026-06-23T13:18:29.312135,290997,91
2026-06-23T13:18:29.321931,290998,93
2026-06-23T13:18:29.322034,290999,93
2026-06-23T13:18:29.322106,291000,92
2026-06-23T13:18:29.322177,291001,91
2026-06-23T13:18:29.322251,291002,90
2026-06-23T13:18:29.322322,291003,89
2026-06-23T13:18:29.322393,291004,87
2026-06-23T13:18:29.322464,291005,87
2026-06-23T13:18:29.322534,291006,85
2026-06-23T13:18:29.322605,291007,85
2026-06-23T13:18:29.322676,291008,84
2026-06-23T13:18:29.332332,291009,83
2026-06-23T13:18:29.332423,291010,82
2026-06-23T13:18:29.332496,291011,82
2026-06-23T13:18:29.332571,291012,81
2026-06-23T13:18:29.332642,291013,80
2026-06-23T13:18:29.332723,291014,80
2026-06-23T13:18:29.332794,291015,80
2026-06-23T13:18:29.332867,291016,80
2026-06-23T13:18:29.332937,291017,80
2026-06-23T13:18:29.333008,291017,80
2026-06-23T13:18:29.333079,291018,82
2026-06-23T13:18:29.342815,291019,82
2026-06-23T13:18:29.342931,291020,82
2026-06-23T13:18:29.343010,291021,81
2026-06-23T13:18:29.343084,291022,80
2026-06-23T13:18:29.343157,291023,80
2026-06-23T13:18:29.343231,291024,79
2026-06-23T13:18:29.343304,291025,79
2026-06-23T13:18:29.343376,291026,78
2026-06-23T13:18:29.343451,291027,77
2026-06-23T13:18:29.343523,291028,77
2026-06-23T13:18:29.343595,291029,76
2026-06-23T13:18:29.353245,291030,76
2026-06-23T13:18:29.353345,291031,77
2026-06-23T13:18:29.353419,291032,78
2026-06-23T13:18:29.353496,291033,77
2026-06-23T13:18:29.353568,291034,77
2026-06-23T13:18:29.353639,291035,77
2026-06-23T13:18:29.353710,291036,77
2026-06-23T13:18:29.353781,291037,76
2026-06-23T13:18:29.353852,291038,77
2026-06-23T13:18:29.353922,291038,79
2026-06-23T13:18:29.353993,291039,81
2026-06-23T13:18:29.363666,291040,84
2026-06-23T13:18:29.363776,291041,86
2026-06-23T13:18:29.363851,291042,89
2026-06-23T13:18:29.363922,291043,90
2026-06-23T13:18:29.363993,291044,91
2026-06-23T13:18:29.364064,291045,94
2026-06-23T13:18:29.364135,291046,92
2026-06-23T13:18:29.364206,291047,92
2026-06-23T13:18:29.364277,291048,91
2026-06-23T13:18:29.364350,291049,91
2026-06-23T13:18:29.364421,291050,91
2026-06-23T13:18:29.374134,291051,93
2026-06-23T13:18:29.374228,291052,94
2026-06-23T13:18:29.374301,291053,95
2026-06-23T13:18:29.374372,291054,94
2026-06-23T13:18:29.374443,291055,94
2026-06-23T13:18:29.374514,291056,96
2026-06-23T13:18:29.374585,291057,98
2026-06-23T13:18:29.374656,291058,99
2026-06-23T13:18:29.374726,291059,98
2026-06-23T13:18:29.374797,291060,99
2026-06-23T13:18:29.374873,291060,102
2026-06-23T13:18:29.384553,291062,105
2026-06-23T13:18:29.384650,291063,106
2026-06-23T13:18:29.384728,291064,107
2026-06-23T13:18:29.384804,291065,105
2026-06-23T13:18:29.384881,291066,105
2026-06-23T13:18:29.384960,291067,105
2026-06-23T13:18:29.385039,291068,104
2026-06-23T13:18:29.385114,291069,103
2026-06-23T13:18:29.385190,291070,105
2026-06-23T13:18:29.385265,291071,107
2026-06-23T13:18:29.395007,291072,107
2026-06-23T13:18:29.395099,291073,106
2026-06-23T13:18:29.395183,291074,106
2026-06-23T13:18:29.395269,291075,107
2026-06-23T13:18:29.395353,291076,108
2026-06-23T13:18:29.395438,291077,108
2026-06-23T13:18:29.395520,291078,107
2026-06-23T13:18:29.395601,291079,107
2026-06-23T13:18:29.395682,291080,108
2026-06-23T13:18:29.395759,291081,114
2026-06-23T13:18:29.405467,291082,111
2026-06-23T13:18:29.405568,291083,112
2026-06-23T13:18:29.405646,291084,112
2026-06-23T13:18:29.405725,291085,113
2026-06-23T13:18:29.405805,291087,113
2026-06-23T13:18:29.405881,291088,112
2026-06-23T13:18:29.405957,291089,111
2026-06-23T13:18:29.406034,291090,110
2026-06-23T13:18:29.406110,291091,109
2026-06-23T13:18:29.406185,291092,109
2026-06-23T13:18:29.415903,291093,111
2026-06-23T13:18:29.416026,291094,111
2026-06-23T13:18:29.416114,291095,109
2026-06-23T13:18:29.416196,291096,109
2026-06-23T13:18:29.416280,291097,113
2026-06-23T13:18:29.416426,291098,119
2026-06-23T13:18:29.416512,291099,124
2026-06-23T13:18:29.416590,291100,126
2026-06-23T13:18:29.416667,291101,127
2026-06-23T13:18:29.416743,291102,126
2026-06-23T13:18:29.426345,291103,125
2026-06-23T13:18:29.426439,291104,126
2026-06-23T13:18:29.426517,291105,130
2026-06-23T13:18:29.426594,291106,135
2026-06-23T13:18:29.426670,291107,141
2026-06-23T13:18:29.426747,291108,148
2026-06-23T13:18:29.426825,291109,151
2026-06-23T13:18:29.426900,291110,150
2026-06-23T13:18:29.426978,291112,154
2026-06-23T13:18:29.427054,291113,162
2026-06-23T13:18:29.436793,291114,170
2026-06-23T13:18:29.436894,291115,172
2026-06-23T13:18:29.436978,291116,170
2026-06-23T13:18:29.437055,291117,168
2026-06-23T13:18:29.437131,291118,167
2026-06-23T13:18:29.437207,291119,167
2026-06-23T13:18:29.437285,291120,170
2026-06-23T13:18:29.437362,291121,171
2026-06-23T13:18:29.437438,291122,170
2026-06-23T13:18:29.437513,291123,167
2026-06-23T13:18:29.447218,291124,165
2026-06-23T13:18:29.447330,291125,162
2026-06-23T13:18:29.447431,291126,162
2026-06-23T13:18:29.447543,291127,163
2026-06-23T13:18:29.447640,291128,166
2026-06-23T13:18:29.447736,291129,172
2026-06-23T13:18:29.447832,291130,174
2026-06-23T13:18:29.447929,291131,174
2026-06-23T13:18:29.448028,291132,180
2026-06-23T13:18:29.448137,291133,183
2026-06-23T13:18:29.457691,291134,181
2026-06-23T13:18:29.457789,291135,179
2026-06-23T13:18:29.457866,291137,180
2026-06-23T13:18:29.457942,291138,181
2026-06-23T13:18:29.458017,291139,181
2026-06-23T13:18:29.458092,291140,181
2026-06-23T13:18:29.458168,291141,179
2026-06-23T13:18:29.458244,291142,177
2026-06-23T13:18:29.458319,291143,173
2026-06-23T13:18:29.458395,291144,171
2026-06-23T13:18:29.468051,291145,169
2026-06-23T13:18:29.468162,291146,168
2026-06-23T13:18:29.468260,291147,167
2026-06-23T13:18:29.468347,291148,166
2026-06-23T13:18:29.468423,291149,163
2026-06-23T13:18:29.468499,291150,163
2026-06-23T13:18:29.468575,291151,161
2026-06-23T13:18:29.468651,291152,158
2026-06-23T13:18:29.468726,291153,158
2026-06-23T13:18:29.468802,291154,161
2026-06-23T13:18:29.478633,291155,163
2026-06-23T13:18:29.478724,291156,164
2026-06-23T13:18:29.478802,291157,163
2026-06-23T13:18:29.478879,291158,162
2026-06-23T13:18:29.478955,291159,166
2026-06-23T13:18:29.479031,291161,168
2026-06-23T13:18:29.479108,291162,170
2026-06-23T13:18:29.479184,291163,172
2026-06-23T13:18:29.479261,291164,172
2026-06-23T13:18:29.479338,291165,171
2026-06-23T13:18:29.489055,291166,169
2026-06-23T13:18:29.489154,291167,166
2026-06-23T13:18:29.489234,291168,165
2026-06-23T13:18:29.489311,291169,165
2026-06-23T13:18:29.489386,291170,166
2026-06-23T13:18:29.489463,291171,167
2026-06-23T13:18:29.489539,291172,168
2026-06-23T13:18:29.489614,291173,165
2026-06-23T13:18:29.489689,291174,163
2026-06-23T13:18:29.489765,291175,160
2026-06-23T13:18:29.499408,291176,157
2026-06-23T13:18:29.499496,291177,156
2026-06-23T13:18:29.499573,291178,156
2026-06-23T13:18:29.499650,291179,155
2026-06-23T13:18:29.499725,291180,156
2026-06-23T13:18:29.499801,291181,160
2026-06-23T13:18:29.499877,291182,166
2026-06-23T13:18:29.499953,291183,174
2026-06-23T13:18:29.500029,291184,173
2026-06-23T13:18:29.500105,291186,179
2026-06-23T13:18:29.509875,291187,187
2026-06-23T13:18:29.509967,291188,188
2026-06-23T13:18:29.510044,291189,186
2026-06-23T13:18:29.510120,291190,183
2026-06-23T13:18:29.510196,291191,182
2026-06-23T13:18:29.510271,291192,179
2026-06-23T13:18:29.510348,291193,180
2026-06-23T13:18:29.510425,291194,182
2026-06-23T13:18:29.510502,291195,182
2026-06-23T13:18:29.510577,291196,178
2026-06-23T13:18:29.520307,291197,177
2026-06-23T13:18:29.520402,291198,175
2026-06-23T13:18:29.520479,291199,172
2026-06-23T13:18:29.520554,291200,168
2026-06-23T13:18:29.520630,291201,165
2026-06-23T13:18:29.520705,291202,162
2026-06-23T13:18:29.520782,291203,159
2026-06-23T13:18:29.520858,291204,157
2026-06-23T13:18:29.520936,291205,155
2026-06-23T13:18:29.521015,291206,154
2026-06-23T13:18:29.530749,291207,150
2026-06-23T13:18:29.530835,291208,149
2026-06-23T13:18:29.530915,291209,148
2026-06-23T13:18:29.530991,291211,147
2026-06-23T13:18:29.531067,291212,145
2026-06-23T13:18:29.531145,291213,146
2026-06-23T13:18:29.531223,291214,149
2026-06-23T13:18:29.531300,291215,151
2026-06-23T13:18:29.531376,291216,150
2026-06-23T13:18:29.531452,291217,151
2026-06-23T13:18:29.541241,291218,152
2026-06-23T13:18:29.541342,291219,150
2026-06-23T13:18:29.541418,291220,149
2026-06-23T13:18:29.541495,291221,147
2026-06-23T13:18:29.541573,291222,144
2026-06-23T13:18:29.541652,291223,142
2026-06-23T13:18:29.541728,291224,143
2026-06-23T13:18:29.541810,291225,146
2026-06-23T13:18:29.541890,291226,153
2026-06-23T13:18:29.541973,291227,163
2026-06-23T13:18:29.551561,291228,166
2026-06-23T13:18:29.551653,291229,170
2026-06-23T13:18:29.551730,291230,180
2026-06-23T13:18:29.551807,291231,185
2026-06-23T13:18:29.551883,291232,185
2026-06-23T13:18:29.551959,291233,184
2026-06-23T13:18:29.552034,291234,184
2026-06-23T13:18:29.552110,291236,181
2026-06-23T13:18:29.552185,291237,178
2026-06-23T13:18:29.552261,291238,174
2026-06-23T13:18:29.562058,291239,171
2026-06-23T13:18:29.562172,291240,171
2026-06-23T13:18:29.562271,291241,170
2026-06-23T13:18:29.562373,291242,169
2026-06-23T13:18:29.562471,291243,167
2026-06-23T13:18:29.562568,291244,165
2026-06-23T13:18:29.562665,291245,163
2026-06-23T13:18:29.562762,291246,161
2026-06-23T13:18:29.562859,291247,158
2026-06-23T13:18:29.562956,291248,156
2026-06-23T13:18:29.572501,291249,156
2026-06-23T13:18:29.572596,291250,155
2026-06-23T13:18:29.572672,291251,153
2026-06-23T13:18:29.572748,291252,152
2026-06-23T13:18:29.572824,291253,154
2026-06-23T13:18:29.572900,291254,154
2026-06-23T13:18:29.572975,291255,152
2026-06-23T13:18:29.573050,291256,151
2026-06-23T13:18:29.573126,291257,152
2026-06-23T13:18:29.573201,291258,152
2026-06-23T13:18:29.582941,291260,153
2026-06-23T13:18:29.583045,291261,152
2026-06-23T13:18:29.583122,291262,150
2026-06-23T13:18:29.583199,291263,148
2026-06-23T13:18:29.583275,291264,147
2026-06-23T13:18:29.583351,291265,149
2026-06-23T13:18:29.583427,291266,150
2026-06-23T13:18:29.583502,291267,149
2026-06-23T13:18:29.583578,291268,149
2026-06-23T13:18:29.583653,291269,147
2026-06-23T13:18:29.593420,291270,147
2026-06-23T13:18:29.593557,291271,145
2026-06-23T13:18:29.593642,291272,144
2026-06-23T13:18:29.593725,291273,142
2026-06-23T13:18:29.593807,291274,140
2026-06-23T13:18:29.593937,291275,139
2026-06-23T13:18:29.594019,291276,138
2026-06-23T13:18:29.594096,291277,137
2026-06-23T13:18:29.594174,291278,135
2026-06-23T13:18:29.594251,291279,135
2026-06-23T13:18:29.603863,291280,134
2026-06-23T13:18:29.603982,291281,133
2026-06-23T13:18:29.604052,291282,131
2026-06-23T13:18:29.604115,291283,129
2026-06-23T13:18:29.604187,291285,128
2026-06-23T13:18:29.604257,291286,128
2026-06-23T13:18:29.604319,291287,128
2026-06-23T13:18:29.604382,291288,128
2026-06-23T13:18:29.604444,291289,126
2026-06-23T13:18:29.604506,291290,125
2026-06-23T13:18:29.614291,291291,123
2026-06-23T13:18:29.614384,291292,123
2026-06-23T13:18:29.614462,291293,125
2026-06-23T13:18:29.614538,291294,125
2026-06-23T13:18:29.614614,291295,124
2026-06-23T13:18:29.614690,291296,123
2026-06-23T13:18:29.614766,291297,123
2026-06-23T13:18:29.614872,291298,124
2026-06-23T13:18:29.614966,291299,125
2026-06-23T13:18:29.615046,291300,125
2026-06-23T13:18:29.624792,291301,122
2026-06-23T13:18:29.624907,291302,120
2026-06-23T13:18:29.624988,291303,120
2026-06-23T13:18:29.625066,291304,119
2026-06-23T13:18:29.625144,291305,117
2026-06-23T13:18:29.625220,291306,115
2026-06-23T13:18:29.625297,291307,115
2026-06-23T13:18:29.625373,291308,116
2026-06-23T13:18:29.625449,291310,118
2026-06-23T13:18:29.625526,291311,118
2026-06-23T13:18:29.635119,291312,118
2026-06-23T13:18:29.635223,291313,118
2026-06-23T13:18:29.635301,291314,119
2026-06-23T13:18:29.635378,291315,120
2026-06-23T13:18:29.635456,291316,119
2026-06-23T13:18:29.635532,291317,117
2026-06-23T13:18:29.635609,291318,113
2026-06-23T13:18:29.635684,291319,116
2026-06-23T13:18:29.635760,291320,114
2026-06-23T13:18:29.635835,291321,116
2026-06-23T13:18:29.645646,291322,118
2026-06-23T13:18:29.645745,291323,118
2026-06-23T13:18:29.645824,291324,118
2026-06-23T13:18:29.645900,291325,117
2026-06-23T13:18:29.645979,291326,115
2026-06-23T13:18:29.646054,291327,113
2026-06-23T13:18:29.646145,291328,114
2026-06-23T13:18:29.646221,291329,116
2026-06-23T13:18:29.646296,291330,115
2026-06-23T13:18:29.646372,291331,113
2026-06-23T13:18:29.656099,291332,112
2026-06-23T13:18:29.656202,291333,113
2026-06-23T13:18:29.656279,291335,113
2026-06-23T13:18:29.656355,291336,109
2026-06-23T13:18:29.656434,291337,110
2026-06-23T13:18:29.656513,291338,111
2026-06-23T13:18:29.656599,291339,110
2026-06-23T13:18:29.656675,291340,109
2026-06-23T13:18:29.656750,291341,109
2026-06-23T13:18:29.656826,291342,108
2026-06-23T13:18:29.666481,291343,109
2026-06-23T13:18:29.666572,291344,111
2026-06-23T13:18:29.666667,291345,111
2026-06-23T13:18:29.666748,291346,111
2026-06-23T13:18:29.666826,291347,110
2026-06-23T13:18:29.666903,291348,110
2026-06-23T13:18:29.666981,291349,112
2026-06-23T13:18:29.667057,291350,116
2026-06-23T13:18:29.667136,291351,119
2026-06-23T13:18:29.667212,291352,120
2026-06-23T13:18:29.676971,291353,119
2026-06-23T13:18:29.677066,291354,117
2026-06-23T13:18:29.677143,291355,116
2026-06-23T13:18:29.677219,291356,116
2026-06-23T13:18:29.677295,291357,117
2026-06-23T13:18:29.677371,291359,120
2026-06-23T13:18:29.677447,291360,121
2026-06-23T13:18:29.677522,291361,121
2026-06-23T13:18:29.677598,291362,122
2026-06-23T13:18:29.677674,291363,121
2026-06-23T13:18:29.687458,291364,120
2026-06-23T13:18:29.687562,291365,117
2026-06-23T13:18:29.687640,291366,115
2026-06-23T13:18:29.687715,291367,116
2026-06-23T13:18:29.687805,291368,116
2026-06-23T13:18:29.687881,291369,115
2026-06-23T13:18:29.687957,291370,115
2026-06-23T13:18:29.688032,291371,116
2026-06-23T13:18:29.688108,291372,115
2026-06-23T13:18:29.688183,291373,115
2026-06-23T13:18:29.697840,291374,113
2026-06-23T13:18:29.697963,291375,116
2026-06-23T13:18:29.698051,291376,119
2026-06-23T13:18:29.698132,291377,120
2026-06-23T13:18:29.698211,291378,119
2026-06-23T13:18:29.698290,291379,118
2026-06-23T13:18:29.698368,291380,118
2026-06-23T13:18:29.698458,291381,121
2026-06-23T13:18:29.698538,291382,120
2026-06-23T13:18:29.698615,291384,121
2026-06-23T13:18:29.708316,291385,122
2026-06-23T13:18:29.708428,291386,124
2026-06-23T13:18:29.708509,291387,124
2026-06-23T13:18:29.708587,291388,123
2026-06-23T13:18:29.708665,291389,121
2026-06-23T13:18:29.708742,291390,119
2026-06-23T13:18:29.708818,291391,118
2026-06-23T13:18:29.708894,291392,116
2026-06-23T13:18:29.708970,291393,115
2026-06-23T13:18:29.709048,291394,114
2026-06-23T13:18:29.718658,291395,113
2026-06-23T13:18:29.718769,291396,112
2026-06-23T13:18:29.718849,291397,112
2026-06-23T13:18:29.718928,291398,110
2026-06-23T13:18:29.719006,291399,109
2026-06-23T13:18:29.719083,291400,108
2026-06-23T13:18:29.719161,291401,106
2026-06-23T13:18:29.719237,291402,104
2026-06-23T13:18:29.719314,291403,102
2026-06-23T13:18:29.719390,291404,101
2026-06-23T13:18:29.729165,291405,100
2026-06-23T13:18:29.729264,291406,99
2026-06-23T13:18:29.729343,291407,98
2026-06-23T13:18:29.729417,291408,98
2026-06-23T13:18:29.729493,291409,99
2026-06-23T13:18:29.729588,291410,100
2026-06-23T13:18:29.729665,291411,100
2026-06-23T13:18:29.729758,291412,99
2026-06-23T13:18:29.729831,291413,99
2026-06-23T13:18:29.729907,291414,100
2026-06-23T13:18:29.739624,291415,100
2026-06-23T13:18:29.739734,291416,100
2026-06-23T13:18:29.739809,291417,98
2026-06-23T13:18:29.739882,291418,96
2026-06-23T13:18:29.739957,291419,96
2026-06-23T13:18:29.740029,291420,95
2026-06-23T13:18:29.740101,291421,95
2026-06-23T13:18:29.740177,291422,93
2026-06-23T13:18:29.740252,291423,93
2026-06-23T13:18:29.740339,291424,91
2026-06-23T13:18:29.740412,291425,91
2026-06-23T13:18:29.750022,291426,91
2026-06-23T13:18:29.750113,291427,90
2026-06-23T13:18:29.750189,291428,91
2026-06-23T13:18:29.750287,291429,92
2026-06-23T13:18:29.750362,291430,94
2026-06-23T13:18:29.750437,291431,94
2026-06-23T13:18:29.750511,291432,93
2026-06-23T13:18:29.750586,291433,94
2026-06-23T13:18:29.750659,291434,94
2026-06-23T13:18:29.750733,291435,94
2026-06-23T13:18:29.750805,291436,95
2026-06-23T13:18:29.760427,291436,96
2026-06-23T13:18:29.760529,291437,96
2026-06-23T13:18:29.760607,291438,96
2026-06-23T13:18:29.760682,291439,97
2026-06-23T13:18:29.760755,291440,98
2026-06-23T13:18:29.760827,291441,98
2026-06-23T13:18:29.760899,291442,99
2026-06-23T13:18:29.760971,291443,99
2026-06-23T13:18:29.761043,291444,99
2026-06-23T13:18:29.761120,291445,101
2026-06-23T13:18:29.761197,291446,102
2026-06-23T13:18:29.770945,291447,101
2026-06-23T13:18:29.771051,291448,99
2026-06-23T13:18:29.771127,291449,97
2026-06-23T13:18:29.771201,291450,96
2026-06-23T13:18:29.771273,291451,95
2026-06-23T13:18:29.771345,291452,93
2026-06-23T13:18:29.771417,291453,93
2026-06-23T13:18:29.771488,291454,92
2026-06-23T13:18:29.771559,291455,91
2026-06-23T13:18:29.771631,291456,91
2026-06-23T13:18:29.781232,291457,93
2026-06-23T13:18:29.781326,291458,94
2026-06-23T13:18:29.781403,291459,96
2026-06-23T13:18:29.781480,291460,100
2026-06-23T13:18:29.781557,291461,103
2026-06-23T13:18:29.781633,291462,102
2026-06-23T13:18:29.781710,291463,105
2026-06-23T13:18:29.781786,291464,113
2026-06-23T13:18:29.781861,291465,119
2026-06-23T13:18:29.781937,291466,120
2026-06-23T13:18:29.782013,291467,120
2026-06-23T13:18:29.791808,291468,119
2026-06-23T13:18:29.791918,291469,118
2026-06-23T13:18:29.791989,291470,121
2026-06-23T13:18:29.792054,291471,115
2026-06-23T13:18:29.792122,291472,114
2026-06-23T13:18:29.792188,291473,113
2026-06-23T13:18:29.792254,291474,111
2026-06-23T13:18:29.792368,291475,110
2026-06-23T13:18:29.792471,291476,110
2026-06-23T13:18:29.792537,291477,109
2026-06-23T13:18:29.802224,291478,109
2026-06-23T13:18:29.802325,291479,110
2026-06-23T13:18:29.802403,291481,112
2026-06-23T13:18:29.802481,291482,113
2026-06-23T13:18:29.802568,291483,111
2026-06-23T13:18:29.802651,291484,110
2026-06-23T13:18:29.802727,291485,108
2026-06-23T13:18:29.802803,291486,109
2026-06-23T13:18:29.802878,291487,109
2026-06-23T13:18:29.802955,291488,109
2026-06-23T13:18:29.812711,291489,108
2026-06-23T13:18:29.812851,291490,107
2026-06-23T13:18:29.812952,291491,105
2026-06-23T13:18:29.813033,291492,104
2026-06-23T13:18:29.813112,291493,103
2026-06-23T13:18:29.813190,291494,103
2026-06-23T13:18:29.813267,291495,104
2026-06-23T13:18:29.813343,291496,103
2026-06-23T13:18:29.813419,291497,104
2026-06-23T13:18:29.813495,291498,106
2026-06-23T13:18:29.823162,291499,105
2026-06-23T13:18:29.823274,291500,103
2026-06-23T13:18:29.823354,291501,103
2026-06-23T13:18:29.823432,291502,102
2026-06-23T13:18:29.823510,291503,101
2026-06-23T13:18:29.823589,291504,100
2026-06-23T13:18:29.823661,291506,99
2026-06-23T13:18:29.823734,291506,99
2026-06-23T13:18:29.823811,291507,104
2026-06-23T13:18:29.823888,291508,110
2026-06-23T13:18:29.833523,291510,113
2026-06-23T13:18:29.833619,291511,112
2026-06-23T13:18:29.833699,291512,115
2026-06-23T13:18:29.833775,291513,115
2026-06-23T13:18:29.833851,291514,117
2026-06-23T13:18:29.833928,291515,120
2026-06-23T13:18:29.834004,291516,121
2026-06-23T13:18:29.834080,291517,120
2026-06-23T13:18:29.834156,291518,119
2026-06-23T13:18:29.834231,291519,117
2026-06-23T13:18:29.843946,291520,116
2026-06-23T13:18:29.844061,291521,117
2026-06-23T13:18:29.844143,291522,120
2026-06-23T13:18:29.844223,291523,119
2026-06-23T13:18:29.844302,291524,121
2026-06-23T13:18:29.844379,291525,122
2026-06-23T13:18:29.844455,291526,120
2026-06-23T13:18:29.844532,291527,119
2026-06-23T13:18:29.844609,291528,118
2026-06-23T13:18:29.844685,291529,117
2026-06-23T13:18:29.854410,291530,117
2026-06-23T13:18:29.854514,291531,117
2026-06-23T13:18:29.854592,291532,117
2026-06-23T13:18:29.854672,291533,117
2026-06-23T13:18:29.854749,291535,118
2026-06-23T13:18:29.854826,291536,116
2026-06-23T13:18:29.854902,291537,115
2026-06-23T13:18:29.854978,291538,114
2026-06-23T13:18:29.855054,291539,113
2026-06-23T13:18:29.855129,291540,112
2026-06-23T13:18:29.864892,291541,113
2026-06-23T13:18:29.864997,291542,113
2026-06-23T13:18:29.865078,291543,113
2026-06-23T13:18:29.865156,291544,113
2026-06-23T13:18:29.865234,291545,112
2026-06-23T13:18:29.865311,291546,111
2026-06-23T13:18:29.865387,291547,110
2026-06-23T13:18:29.865463,291548,108
2026-06-23T13:18:29.865538,291549,106
2026-06-23T13:18:29.865614,291550,106
2026-06-23T13:18:29.875368,291551,108
2026-06-23T13:18:29.875474,291552,108
2026-06-23T13:18:29.875554,291553,106
2026-06-23T13:18:29.875632,291554,104
2026-06-23T13:18:29.875741,291555,104
2026-06-23T13:18:29.875819,291556,104
2026-06-23T13:18:29.875935,291557,103
2026-06-23T13:18:29.876024,291559,103
2026-06-23T13:18:29.876144,291560,102
2026-06-23T13:18:29.876242,291561,103
2026-06-23T13:18:29.885749,291562,103
2026-06-23T13:18:29.885843,291563,104
2026-06-23T13:18:29.885921,291564,105
2026-06-23T13:18:29.885998,291565,107
2026-06-23T13:18:29.886074,291566,105
2026-06-23T13:18:29.886150,291567,108
2026-06-23T13:18:29.886226,291568,111
2026-06-23T13:18:29.886302,291569,114
2026-06-23T13:18:29.886378,291570,116
2026-06-23T13:18:29.886454,291571,115
2026-06-23T13:18:29.896204,291572,116
2026-06-23T13:18:29.896302,291573,116
2026-06-23T13:18:29.896383,291574,117
2026-06-23T13:18:29.896462,291575,121
2026-06-23T13:18:29.896540,291576,122
2026-06-23T13:18:29.896618,291577,121
2026-06-23T13:18:29.896696,291578,119
2026-06-23T13:18:29.896772,291579,118
2026-06-23T13:18:29.896850,291580,118
2026-06-23T13:18:29.896926,291581,119
2026-06-23T13:18:29.906696,291582,120
2026-06-23T13:18:29.906803,291584,119
2026-06-23T13:18:29.906883,291585,119
2026-06-23T13:18:29.906961,291586,120
2026-06-23T13:18:29.907059,291587,119
2026-06-23T13:18:29.907137,291588,119
2026-06-23T13:18:29.907218,291589,118
2026-06-23T13:18:29.907295,291590,118
2026-06-23T13:18:29.907371,291591,120
2026-06-23T13:18:29.907447,291592,119
2026-06-23T13:18:29.917102,291593,119
2026-06-23T13:18:29.917193,291594,119
2026-06-23T13:18:29.917272,291595,119
2026-06-23T13:18:29.917349,291596,118
2026-06-23T13:18:29.917426,291597,119
2026-06-23T13:18:29.917503,291598,118
2026-06-23T13:18:29.917579,291599,116
2026-06-23T13:18:29.917655,291600,116
2026-06-23T13:18:29.917732,291601,115
2026-06-23T13:18:29.917807,291602,114
2026-06-23T13:18:29.927597,291603,115
2026-06-23T13:18:29.927699,291604,115
2026-06-23T13:18:29.927781,291605,115
2026-06-23T13:18:29.927859,291606,113
2026-06-23T13:18:29.927936,291607,112
2026-06-23T13:18:29.928012,291609,112
2026-06-23T13:18:29.928089,291610,111
2026-06-23T13:18:29.928165,291611,112
2026-06-23T13:18:29.928241,291612,111
2026-06-23T13:18:29.928318,291613,109
2026-06-23T13:18:29.938058,291614,108
2026-06-23T13:18:29.938170,291615,107
2026-06-23T13:18:29.938253,291616,106
2026-06-23T13:18:29.938331,291617,104
2026-06-23T13:18:29.938408,291618,104
2026-06-23T13:18:29.938489,291619,103
2026-06-23T13:18:29.938577,291620,102
2026-06-23T13:18:29.938653,291621,101
2026-06-23T13:18:29.938725,291622,99
2026-06-23T13:18:29.938806,291623,99
2026-06-23T13:18:29.948397,291624,102
2026-06-23T13:18:29.948485,291625,103
2026-06-23T13:18:29.948564,291626,102
2026-06-23T13:18:29.948640,291627,100
2026-06-23T13:18:29.948716,291628,100
2026-06-23T13:18:29.948796,291629,101
2026-06-23T13:18:29.948867,291630,98
2026-06-23T13:18:29.948939,291631,97
2026-06-23T13:18:29.949012,291632,95
2026-06-23T13:18:29.949083,291633,96
2026-06-23T13:18:29.958866,291634,96
2026-06-23T13:18:29.958969,291635,96
2026-06-23T13:18:29.959044,291636,98
2026-06-23T13:18:29.959122,291637,101
2026-06-23T13:18:29.959199,291638,100
2026-06-23T13:18:29.959317,291639,99
2026-06-23T13:18:29.959420,291640,100
2026-06-23T13:18:29.959528,291641,101
2026-06-23T13:18:29.959617,291642,101
2026-06-23T13:18:29.959696,291643,101
2026-06-23T13:18:29.959775,291644,101
2026-06-23T13:18:29.969310,291645,99
2026-06-23T13:18:29.969422,291646,101
2026-06-23T13:18:29.969501,291647,103
2026-06-23T13:18:29.969579,291648,102
2026-06-23T13:18:29.969655,291649,100
2026-06-23T13:18:29.969728,291650,99
2026-06-23T13:18:29.969801,291651,97
2026-06-23T13:18:29.969872,291652,98
2026-06-23T13:18:29.969943,291653,97
2026-06-23T13:18:29.970027,291654,98
2026-06-23T13:18:29.979794,291655,98
2026-06-23T13:18:29.979885,291656,98
2026-06-23T13:18:29.979961,291657,97
2026-06-23T13:18:29.980035,291658,97
2026-06-23T13:18:29.980125,291659,95
2026-06-23T13:18:29.980199,291660,94
2026-06-23T13:18:29.980271,291661,95
2026-06-23T13:18:29.980343,291662,94
2026-06-23T13:18:29.980414,291663,93
2026-06-23T13:18:29.980487,291664,93
2026-06-23T13:18:29.980573,291665,93
2026-06-23T13:18:29.990146,291666,92
2026-06-23T13:18:29.990251,291667,91
2026-06-23T13:18:29.990324,291667,90
2026-06-23T13:18:29.990400,291668,89
2026-06-23T13:18:29.990472,291669,88
2026-06-23T13:18:29.990545,291670,89
2026-06-23T13:18:29.990618,291671,87
2026-06-23T13:18:29.990689,291672,87
2026-06-23T13:18:29.990760,291673,87
2026-06-23T13:18:29.990831,291674,87
2026-06-23T13:18:29.990902,291675,86
2026-06-23T13:18:30.000565,291676,85
2026-06-23T13:18:30.000655,291677,85
2026-06-23T13:18:30.000730,291678,86
2026-06-23T13:18:30.000803,291679,87
2026-06-23T13:18:30.000877,291680,89
2026-06-23T13:18:30.000950,291681,90
2026-06-23T13:18:30.001021,291682,90
2026-06-23T13:18:30.001095,291683,90
2026-06-23T13:18:30.001167,291684,89
2026-06-23T13:18:30.001239,291685,88
2026-06-23T13:18:30.001310,291686,88
2026-06-23T13:18:30.011075,291687,94
2026-06-23T13:18:30.011167,291688,100
2026-06-23T13:18:30.011246,291689,100
2026-06-23T13:18:30.011323,291690,104
2026-06-23T13:18:30.011400,291691,105
2026-06-23T13:18:30.011476,291692,105
2026-06-23T13:18:30.011553,291693,108
2026-06-23T13:18:30.011629,291694,112
2026-06-23T13:18:30.011705,291695,114
2026-06-23T13:18:30.011781,291696,113
2026-06-23T13:18:30.021553,291697,113
2026-06-23T13:18:30.021657,291698,111
2026-06-23T13:18:30.021740,291699,112
2026-06-23T13:18:30.021815,291700,112
2026-06-23T13:18:30.021891,291701,110
2026-06-23T13:18:30.021967,291702,110
2026-06-23T13:18:30.022043,291703,110
2026-06-23T13:18:30.022118,291704,110
2026-06-23T13:18:30.022194,291705,112
2026-06-23T13:18:30.022269,291706,114
2026-06-23T13:18:30.031964,291707,118
2026-06-23T13:18:30.032082,291708,122
2026-06-23T13:18:30.032181,291709,121
2026-06-23T13:18:30.032278,291710,122
2026-06-23T13:18:30.032375,291712,122
2026-06-23T13:18:30.032472,291713,122
2026-06-23T13:18:30.032569,291714,124
2026-06-23T13:18:30.032666,291715,125
2026-06-23T13:18:30.032763,291716,125
2026-06-23T13:18:30.032861,291717,124
2026-06-23T13:18:30.042365,291718,122
2026-06-23T13:18:30.042465,291719,121
2026-06-23T13:18:30.042545,291720,119
2026-06-23T13:18:30.042649,291721,117
2026-06-23T13:18:30.042736,291722,115
2026-06-23T13:18:30.042874,291723,114
2026-06-23T13:18:30.042959,291724,116
2026-06-23T13:18:30.043037,291725,118
2026-06-23T13:18:30.043114,291726,117
2026-06-23T13:18:30.043190,291727,117
2026-06-23T13:18:30.052831,291728,116
2026-06-23T13:18:30.052940,291729,116
2026-06-23T13:18:30.053023,291730,117
2026-06-23T13:18:30.053101,291731,117
2026-06-23T13:18:30.053180,291732,115
2026-06-23T13:18:30.053256,291733,115
2026-06-23T13:18:30.053332,291734,115
2026-06-23T13:18:30.053408,291735,115
2026-06-23T13:18:30.053484,291737,113
2026-06-23T13:18:30.053561,291738,114
2026-06-23T13:18:30.063301,291739,112
2026-06-23T13:18:30.063390,291740,111
2026-06-23T13:18:30.063467,291741,110
2026-06-23T13:18:30.063543,291742,109
2026-06-23T13:18:30.063618,291743,108
2026-06-23T13:18:30.063695,291744,107
2026-06-23T13:18:30.063776,291745,106
2026-06-23T13:18:30.063854,291746,107
2026-06-23T13:18:30.063931,291747,111
2026-06-23T13:18:30.064013,291748,117
2026-06-23T13:18:30.073702,291749,117
2026-06-23T13:18:30.073799,291750,117
2026-06-23T13:18:30.073877,291751,121
2026-06-23T13:18:30.073953,291752,124
2026-06-23T13:18:30.074029,291753,125
2026-06-23T13:18:30.074105,291754,125
2026-06-23T13:18:30.074180,291755,124
2026-06-23T13:18:30.074256,291756,123
2026-06-23T13:18:30.074331,291757,122
2026-06-23T13:18:30.074406,291758,120
2026-06-23T13:18:30.084069,291759,119
2026-06-23T13:18:30.084159,291761,117
2026-06-23T13:18:30.084239,291762,118
2026-06-23T13:18:30.084316,291763,117
2026-06-23T13:18:30.084392,291764,115
2026-06-23T13:18:30.084467,291765,115
2026-06-23T13:18:30.084543,291766,115
2026-06-23T13:18:30.084618,291767,115
2026-06-23T13:18:30.084693,291768,115
2026-06-23T13:18:30.084768,291769,114
2026-06-23T13:18:30.094586,291770,113
2026-06-23T13:18:30.094678,291771,113
2026-06-23T13:18:30.094755,291772,112
2026-06-23T13:18:30.094832,291773,113
2026-06-23T13:18:30.094907,291774,113
2026-06-23T13:18:30.094982,291775,114
2026-06-23T13:18:30.095058,291776,113
2026-06-23T13:18:30.095134,291777,113
2026-06-23T13:18:30.095211,291778,113
2026-06-23T13:18:30.095286,291779,112
2026-06-23T13:18:30.105110,291780,110
2026-06-23T13:18:30.105215,291781,110
2026-06-23T13:18:30.105293,291782,109
2026-06-23T13:18:30.105370,291783,109
2026-06-23T13:18:30.105446,291784,108
2026-06-23T13:18:30.105523,291786,107
2026-06-23T13:18:30.105599,291787,107
2026-06-23T13:18:30.105674,291788,105
2026-06-23T13:18:30.105750,291789,104
2026-06-23T13:18:30.105825,291790,103
2026-06-23T13:18:30.115416,291791,102
2026-06-23T13:18:30.115505,291792,100
2026-06-23T13:18:30.115580,291793,99
2026-06-23T13:18:30.115657,291794,101
2026-06-23T13:18:30.115733,291795,100
2026-06-23T13:18:30.115809,291796,102
2026-06-23T13:18:30.115885,291797,102
2026-06-23T13:18:30.115961,291798,104
2026-06-23T13:18:30.116036,291799,106
2026-06-23T13:18:30.116111,291800,106
2026-06-23T13:18:30.125910,291801,108
2026-06-23T13:18:30.126003,291802,114
2026-06-23T13:18:30.126080,291803,114
2026-06-23T13:18:30.126157,291804,114
2026-06-23T13:18:30.126237,291805,112
2026-06-23T13:18:30.126315,291806,110
2026-06-23T13:18:30.126405,291807,109
2026-06-23T13:18:30.126497,291808,109
2026-06-23T13:18:30.126574,291809,109
2026-06-23T13:18:30.126649,291810,106
2026-06-23T13:18:30.136343,291811,105
2026-06-23T13:18:30.136447,291813,104
2026-06-23T13:18:30.136527,291814,102
2026-06-23T13:18:30.136604,291815,101
2026-06-23T13:18:30.136680,291816,100
2026-06-23T13:18:30.136756,291817,100
2026-06-23T13:18:30.136827,291818,99
2026-06-23T13:18:30.136899,291819,98
2026-06-23T13:18:30.136970,291820,98
2026-06-23T13:18:30.137041,291821,99
2026-06-23T13:18:30.146754,291822,100
2026-06-23T13:18:30.146851,291823,98
2026-06-23T13:18:30.146930,291824,100
2026-06-23T13:18:30.147007,291825,101
2026-06-23T13:18:30.147083,291826,102
2026-06-23T13:18:30.147160,291827,104
2026-06-23T13:18:30.147235,291828,103
2026-06-23T13:18:30.147311,291829,102
2026-06-23T13:18:30.147387,291830,101
2026-06-23T13:18:30.147464,291831,103
2026-06-23T13:18:30.157197,291832,103
2026-06-23T13:18:30.157296,291833,103
2026-06-23T13:18:30.157373,291834,105
2026-06-23T13:18:30.157450,291835,104
2026-06-23T13:18:30.157526,291836,106
2026-06-23T13:18:30.157601,291837,109
2026-06-23T13:18:30.157677,291838,108
2026-06-23T13:18:30.157753,291839,110
2026-06-23T13:18:30.157829,291840,114
2026-06-23T13:18:30.157904,291841,116
2026-06-23T13:18:30.167557,291842,117
2026-06-23T13:18:30.167656,291843,117
2026-06-23T13:18:30.167733,291844,117
2026-06-23T13:18:30.167809,291845,116
2026-06-23T13:18:30.167884,291846,115
2026-06-23T13:18:30.167960,291848,114
2026-06-23T13:18:30.168036,291849,112
2026-06-23T13:18:30.168112,291850,113
2026-06-23T13:18:30.168187,291851,113
2026-06-23T13:18:30.168262,291852,112
2026-06-23T13:18:30.178049,291853,113
2026-06-23T13:18:30.178160,291854,113
2026-06-23T13:18:30.178259,291855,112
2026-06-23T13:18:30.178355,291856,115
2026-06-23T13:18:30.178452,291857,118
2026-06-23T13:18:30.178548,291858,117
2026-06-23T13:18:30.178644,291859,117
2026-06-23T13:18:30.178740,291860,119
2026-06-23T13:18:30.178837,291861,119
2026-06-23T13:18:30.178933,291862,118
2026-06-23T13:18:30.188587,291863,118
2026-06-23T13:18:30.188690,291864,118
2026-06-23T13:18:30.188770,291865,121
2026-06-23T13:18:30.188846,291866,125
2026-06-23T13:18:30.188922,291867,125
2026-06-23T13:18:30.188997,291868,126
2026-06-23T13:18:30.189073,291869,130
2026-06-23T13:18:30.189149,291870,132
2026-06-23T13:18:30.189224,291871,131
2026-06-23T13:18:30.189299,291873,129
2026-06-23T13:18:30.198930,291874,128
2026-06-23T13:18:30.199026,291875,128
2026-06-23T13:18:30.199109,291876,126
2026-06-23T13:18:30.199185,291877,125
2026-06-23T13:18:30.199261,291878,124
2026-06-23T13:18:30.199336,291879,123
2026-06-23T13:18:30.199412,291880,123
2026-06-23T13:18:30.199497,291881,124
2026-06-23T13:18:30.199573,291882,122
2026-06-23T13:18:30.199649,291883,121
2026-06-23T13:18:30.209427,291884,119
2026-06-23T13:18:30.209531,291885,118
2026-06-23T13:18:30.209610,291886,116
2026-06-23T13:18:30.209687,291887,114
2026-06-23T13:18:30.209763,291888,113
2026-06-23T13:18:30.209842,291889,113
2026-06-23T13:18:30.209918,291890,112
2026-06-23T13:18:30.209994,291891,112
2026-06-23T13:18:30.210070,291892,112
2026-06-23T13:18:30.210144,291893,112
2026-06-23T13:18:30.219845,291894,110
2026-06-23T13:18:30.219942,291895,108
2026-06-23T13:18:30.220024,291897,106
2026-06-23T13:18:30.220100,291898,106
2026-06-23T13:18:30.220176,291899,105
2026-06-23T13:18:30.220252,291900,107
2026-06-23T13:18:30.220327,291901,109
2026-06-23T13:18:30.220403,291902,109
2026-06-23T13:18:30.220478,291903,110
2026-06-23T13:18:30.220553,291904,111
2026-06-23T13:18:30.230293,291905,110
2026-06-23T13:18:30.230409,291906,110
2026-06-23T13:18:30.230509,291907,109
2026-06-23T13:18:30.230612,291908,109
2026-06-23T13:18:30.230712,291909,109
2026-06-23T13:18:30.230813,291910,108
2026-06-23T13:18:30.230912,291911,106
2026-06-23T13:18:30.231013,291912,106
2026-06-23T13:18:30.231113,291913,104
2026-06-23T13:18:30.231214,291914,105
2026-06-23T13:18:30.240736,291915,105
2026-06-23T13:18:30.240835,291916,105
2026-06-23T13:18:30.240912,291917,110
2026-06-23T13:18:30.240989,291918,115
2026-06-23T13:18:30.241065,291919,115
2026-06-23T13:18:30.241141,291920,116
2026-06-23T13:18:30.241217,291922,121
2026-06-23T13:18:30.241293,291923,123
2026-06-23T13:18:30.241369,291924,123
2026-06-23T13:18:30.241445,291925,121
2026-06-23T13:18:30.251111,291926,121
2026-06-23T13:18:30.251215,291927,123
2026-06-23T13:18:30.251293,291928,125
2026-06-23T13:18:30.251370,291929,123
2026-06-23T13:18:30.251446,291930,124
2026-06-23T13:18:30.251522,291931,125
2026-06-23T13:18:30.251597,291932,124
2026-06-23T13:18:30.251673,291933,122
2026-06-23T13:18:30.251748,291934,122
2026-06-23T13:18:30.251823,291935,122
2026-06-23T13:18:30.261526,291936,122
2026-06-23T13:18:30.261685,291937,122
2026-06-23T13:18:30.261768,291938,124
2026-06-23T13:18:30.261847,291939,124
2026-06-23T13:18:30.261925,291940,122
2026-06-23T13:18:30.262002,291941,121
2026-06-23T13:18:30.262078,291942,119
2026-06-23T13:18:30.262155,291943,117
2026-06-23T13:18:30.262232,291944,117
2026-06-23T13:18:30.262308,291945,116
2026-06-23T13:18:30.271984,291947,117
2026-06-23T13:18:30.272112,291948,117
2026-06-23T13:18:30.272183,291949,116
2026-06-23T13:18:30.272249,291950,113
2026-06-23T13:18:30.272314,291951,114
2026-06-23T13:18:30.272379,291952,115
2026-06-23T13:18:30.272445,291953,114
2026-06-23T13:18:30.272509,291954,113
2026-06-23T13:18:30.272574,291955,111
2026-06-23T13:18:30.272646,291956,111
2026-06-23T13:18:30.282486,291957,109
2026-06-23T13:18:30.282601,291958,108
2026-06-23T13:18:30.282673,291959,106
2026-06-23T13:18:30.282740,291960,105
2026-06-23T13:18:30.282806,291961,105
2026-06-23T13:18:30.282871,291962,105
2026-06-23T13:18:30.282938,291963,104
2026-06-23T13:18:30.283004,291964,103
2026-06-23T13:18:30.283068,291965,103
2026-06-23T13:18:30.283131,291966,101
2026-06-23T13:18:30.292843,291967,102
2026-06-23T13:18:30.292942,291968,102
2026-06-23T13:18:30.292999,291969,101
2026-06-23T13:18:30.293058,291970,104
2026-06-23T13:18:30.293114,291972,108
2026-06-23T13:18:30.293169,291973,110
2026-06-23T13:18:30.293227,291974,111
2026-06-23T13:18:30.293282,291975,112
2026-06-23T13:18:30.293339,291976,112
2026-06-23T13:18:30.293394,291977,110
2026-06-23T13:18:30.303282,291978,109
2026-06-23T13:18:30.303387,291979,109
2026-06-23T13:18:30.303442,291980,109
2026-06-23T13:18:30.303493,291981,108
2026-06-23T13:18:30.303543,291982,106
2026-06-23T13:18:30.303592,291983,107
2026-06-23T13:18:30.303641,291984,108
2026-06-23T13:18:30.303690,291985,107
2026-06-23T13:18:30.303738,291986,106
2026-06-23T13:18:30.303786,291987,104
2026-06-23T13:18:30.313730,291988,103
2026-06-23T13:18:30.313810,291989,104
2026-06-23T13:18:30.313852,291990,105
2026-06-23T13:18:30.313892,291991,104
2026-06-23T13:18:30.313931,291992,103
2026-06-23T13:18:30.313969,291993,102
2026-06-23T13:18:30.314007,291994,103
2026-06-23T13:18:30.314044,291996,106
2026-06-23T13:18:30.314082,291997,106
2026-06-23T13:18:30.314119,291998,106
2026-06-23T13:18:30.324148,291999,107
2026-06-23T13:18:30.324219,292000,107
2026-06-23T13:18:30.324255,292001,106
2026-06-23T13:18:30.324288,292002,105
2026-06-23T13:18:30.324321,292003,104
2026-06-23T13:18:30.324353,292004,102
2026-06-23T13:18:30.324385,292005,102
2026-06-23T13:18:30.324416,292006,103
2026-06-23T13:18:30.324449,292007,101
2026-06-23T13:18:30.324480,292008,104
2026-06-23T13:18:30.334584,292009,103
2026-06-23T13:18:30.334659,292010,102
2026-06-23T13:18:30.334698,292011,103
2026-06-23T13:18:30.334734,292012,102
2026-06-23T13:18:30.334770,292013,100
2026-06-23T13:18:30.334803,292014,99
2026-06-23T13:18:30.334837,292015,99
2026-06-23T13:18:30.334870,292016,98
2026-06-23T13:18:30.334903,292017,99
2026-06-23T13:18:30.334935,292018,99
2026-06-23T13:18:30.334967,292019,98
2026-06-23T13:18:30.345051,292020,96
2026-06-23T13:18:30.345098,292021,95
2026-06-23T13:18:30.345128,292022,94
2026-06-23T13:18:30.345157,292023,93
2026-06-23T13:18:30.345186,292024,91
2026-06-23T13:18:30.345215,292025,91
2026-06-23T13:18:30.345243,292026,90
2026-06-23T13:18:30.345272,292027,91
2026-06-23T13:18:30.345300,292028,93
2026-06-23T13:18:30.345328,292029,93
2026-06-23T13:18:30.345356,292030,93
2026-06-23T13:18:30.355515,292031,95
2026-06-23T13:18:30.355580,292031,96
2026-06-23T13:18:30.355613,292032,96
2026-06-23T13:18:30.355644,292033,95
2026-06-23T13:18:30.355674,292034,94
2026-06-23T13:18:30.355704,292035,92
2026-06-23T13:18:30.355734,292036,91
2026-06-23T13:18:30.355763,292037,91
2026-06-23T13:18:30.355793,292038,90
2026-06-23T13:18:30.355823,292039,89
2026-06-23T13:18:30.355852,292040,89
2026-06-23T13:18:30.365955,292041,90
2026-06-23T13:18:30.365995,292042,89
2026-06-23T13:18:30.366028,292043,88
2026-06-23T13:18:30.366060,292044,83
2026-06-23T13:18:30.366093,292045,89
2026-06-23T13:18:30.366125,292046,92
2026-06-23T13:18:30.366156,292047,94
2026-06-23T13:18:30.366188,292048,93
2026-06-23T13:18:30.366220,292049,96
2026-06-23T13:18:30.366251,292050,96
2026-06-23T13:18:30.366283,292051,97
2026-06-23T13:18:30.376384,292052,98
2026-06-23T13:18:30.376432,292052,96
2026-06-23T13:18:30.376489,292053,95
2026-06-23T13:18:30.376539,292054,94
2026-06-23T13:18:30.376576,292055,93
2026-06-23T13:18:30.376610,292056,94
2026-06-23T13:18:30.376644,292057,98
2026-06-23T13:18:30.376676,292058,98
2026-06-23T13:18:30.376709,292059,96
2026-06-23T13:18:30.376740,292060,96
2026-06-23T13:18:30.376772,292061,97
2026-06-23T13:18:30.386895,292062,98
2026-06-23T13:18:30.386946,292063,97
2026-06-23T13:18:30.386981,292064,96
2026-06-23T13:18:30.387016,292065,95
2026-06-23T13:18:30.387054,292066,93
2026-06-23T13:18:30.387088,292067,92
2026-06-23T13:18:30.387123,292068,91
2026-06-23T13:18:30.387158,292069,90
2026-06-23T13:18:30.387192,292070,89
2026-06-23T13:18:30.387227,292071,89
2026-06-23T13:18:30.387262,292072,88
2026-06-23T13:18:30.397346,292073,87
2026-06-23T13:18:30.397502,292073,87
2026-06-23T13:18:30.397583,292074,86
2026-06-23T13:18:30.397658,292075,85
2026-06-23T13:18:30.397732,292076,84
2026-06-23T13:18:30.397806,292077,84
2026-06-23T13:18:30.397880,292078,83
2026-06-23T13:18:30.397953,292079,82
2026-06-23T13:18:30.398026,292080,82
2026-06-23T13:18:30.398099,292081,82
2026-06-23T13:18:30.407765,292082,84
2026-06-23T13:18:30.407890,292083,86
2026-06-23T13:18:30.407988,292084,87
2026-06-23T13:18:30.408080,292085,85
2026-06-23T13:18:30.408173,292086,84
2026-06-23T13:18:30.408265,292087,84
2026-06-23T13:18:30.408357,292088,85
2026-06-23T13:18:30.408452,292089,85
2026-06-23T13:18:30.408544,292090,88
2026-06-23T13:18:30.408705,292091,89
2026-06-23T13:18:30.408841,292092,90
2026-06-23T13:18:30.418206,292093,90
2026-06-23T13:18:30.418360,292094,89
2026-06-23T13:18:30.418439,292095,89
2026-06-23T13:18:30.418514,292095,88
2026-06-23T13:18:30.418588,292096,87
2026-06-23T13:18:30.418663,292097,88
2026-06-23T13:18:30.418736,292098,89
2026-06-23T13:18:30.418904,292099,90
2026-06-23T13:18:30.419023,292100,90
2026-06-23T13:18:30.419120,292101,91
2026-06-23T13:18:30.419215,292102,90
2026-06-23T13:18:30.428665,292103,92
2026-06-23T13:18:30.428784,292104,95
2026-06-23T13:18:30.428882,292105,95
2026-06-23T13:18:30.428978,292106,94
2026-06-23T13:18:30.429073,292107,93
2026-06-23T13:18:30.429166,292108,92
2026-06-23T13:18:30.429257,292109,90
2026-06-23T13:18:30.429347,292110,89
2026-06-23T13:18:30.429438,292111,88
2026-06-23T13:18:30.429528,292112,88
2026-06-23T13:18:30.429621,292113,87
2026-06-23T13:18:30.439117,292114,89
2026-06-23T13:18:30.439212,292115,91
2026-06-23T13:18:30.439288,292116,92
2026-06-23T13:18:30.439363,292116,92
2026-06-23T13:18:30.439434,292117,93
2026-06-23T13:18:30.439506,292118,94
2026-06-23T13:18:30.439580,292119,95
2026-06-23T13:18:30.439651,292120,93
2026-06-23T13:18:30.439722,292121,94
2026-06-23T13:18:30.439793,292122,94
2026-06-23T13:18:30.439864,292123,95
2026-06-23T13:18:30.449562,292124,95
2026-06-23T13:18:30.449646,292125,95
2026-06-23T13:18:30.449738,292126,94
2026-06-23T13:18:30.449810,292127,93
2026-06-23T13:18:30.449883,292128,94
2026-06-23T13:18:30.449954,292129,94
2026-06-23T13:18:30.450026,292130,94
2026-06-23T13:18:30.450098,292131,94
2026-06-23T13:18:30.450171,292132,92
2026-06-23T13:18:30.450243,292133,92
2026-06-23T13:18:30.450315,292134,93
2026-06-23T13:18:30.459998,292135,94
2026-06-23T13:18:30.460111,292136,92
2026-06-23T13:18:30.460190,292137,92
2026-06-23T13:18:30.460265,292137,91
2026-06-23T13:18:30.460340,292138,92
2026-06-23T13:18:30.460413,292139,93
2026-06-23T13:18:30.460486,292140,95
2026-06-23T13:18:30.460558,292141,96
2026-06-23T13:18:30.460630,292142,95
2026-06-23T13:18:30.460703,292143,96
2026-06-23T13:18:30.460775,292144,96
2026-06-23T13:18:30.470438,292145,95
2026-06-23T13:18:30.470533,292146,93
2026-06-23T13:18:30.470607,292147,92
2026-06-23T13:18:30.470679,292148,90
2026-06-23T13:18:30.470751,292149,90
2026-06-23T13:18:30.470823,292150,91
2026-06-23T13:18:30.470894,292151,92
2026-06-23T13:18:30.470966,292152,93
2026-06-23T13:18:30.471037,292153,92
2026-06-23T13:18:30.471107,292154,92
2026-06-23T13:18:30.471178,292155,91
2026-06-23T13:18:30.480879,292156,92
2026-06-23T13:18:30.480969,292157,89
2026-06-23T13:18:30.481042,292158,89
2026-06-23T13:18:30.481114,292159,87
2026-06-23T13:18:30.481186,292159,88
2026-06-23T13:18:30.481259,292160,88
2026-06-23T13:18:30.481330,292161,90
2026-06-23T13:18:30.481402,292162,92
2026-06-23T13:18:30.481473,292163,95
2026-06-23T13:18:30.481544,292164,95
2026-06-23T13:18:30.481615,292165,95
2026-06-23T13:18:30.491357,292166,95
2026-06-23T13:18:30.491452,292167,94
2026-06-23T13:18:30.491524,292168,94
2026-06-23T13:18:30.491594,292169,98
2026-06-23T13:18:30.491667,292170,99
2026-06-23T13:18:30.491743,292171,101
2026-06-23T13:18:30.491821,292172,102
2026-06-23T13:18:30.491897,292173,102
2026-06-23T13:18:30.491974,292174,100
2026-06-23T13:18:30.492049,292175,100
2026-06-23T13:18:30.501736,292176,99
2026-06-23T13:18:30.501826,292177,97
2026-06-23T13:18:30.501899,292178,97
2026-06-23T13:18:30.501971,292179,95
2026-06-23T13:18:30.502042,292180,94
2026-06-23T13:18:30.502113,292181,93
2026-06-23T13:18:30.502185,292182,94
2026-06-23T13:18:30.502256,292183,94
2026-06-23T13:18:30.502327,292184,93
2026-06-23T13:18:30.502397,292185,92
2026-06-23T13:18:30.502469,292186,92
2026-06-23T13:18:30.512243,292187,92
2026-06-23T13:18:30.512328,292188,91
2026-06-23T13:18:30.512401,292189,89
2026-06-23T13:18:30.512476,292190,88
2026-06-23T13:18:30.512547,292190,87
2026-06-23T13:18:30.512619,292191,86
2026-06-23T13:18:30.512689,292192,85
2026-06-23T13:18:30.512761,292193,84
2026-06-23T13:18:30.512834,292194,83
2026-06-23T13:18:30.512905,292195,82
2026-06-23T13:18:30.512995,292196,81
2026-06-23T13:18:30.522653,292197,81
2026-06-23T13:18:30.522745,292198,80
2026-06-23T13:18:30.522817,292199,79
2026-06-23T13:18:30.522888,292200,78
2026-06-23T13:18:30.522961,292201,77
2026-06-23T13:18:30.523032,292202,77
2026-06-23T13:18:30.523102,292203,76
2026-06-23T13:18:30.523173,292204,75
2026-06-23T13:18:30.523245,292205,74
2026-06-23T13:18:30.523316,292206,73
2026-06-23T13:18:30.523387,292207,72
2026-06-23T13:18:30.533084,292208,68
2026-06-23T13:18:30.533167,292209,72
2026-06-23T13:18:30.533281,292210,71
2026-06-23T13:18:30.533378,292211,70
2026-06-23T13:18:30.533470,292211,70
2026-06-23T13:18:30.533561,292212,70
2026-06-23T13:18:30.533654,292213,69
2026-06-23T13:18:30.533745,292214,69
2026-06-23T13:18:30.533836,292215,68
2026-06-23T13:18:30.533926,292216,67
2026-06-23T13:18:30.534016,292217,67
2026-06-23T13:18:30.543518,292218,66
2026-06-23T13:18:30.543603,292219,65
2026-06-23T13:18:30.543677,292220,65
2026-06-23T13:18:30.543750,292221,65
2026-06-23T13:18:30.543822,292222,64
2026-06-23T13:18:30.543894,292223,64
2026-06-23T13:18:30.543965,292224,64
2026-06-23T13:18:30.544037,292225,63
2026-06-23T13:18:30.544108,292226,63
2026-06-23T13:18:30.544179,292227,64
2026-06-23T13:18:30.544249,292228,64
2026-06-23T13:18:30.554020,292229,66
2026-06-23T13:18:30.554115,292230,70
2026-06-23T13:18:30.554188,292231,75
2026-06-23T13:18:30.554260,292232,77
2026-06-23T13:18:30.554331,292233,79
2026-06-23T13:18:30.554402,292233,83
2026-06-23T13:18:30.554472,292234,83
2026-06-23T13:18:30.554543,292235,82
2026-06-23T13:18:30.554613,292236,82
2026-06-23T13:18:30.554683,292237,82
2026-06-23T13:18:30.554754,292238,82
2026-06-23T13:18:30.564396,292239,84
2026-06-23T13:18:30.564517,292240,85
2026-06-23T13:18:30.564664,292241,86
2026-06-23T13:18:30.564764,292242,86
2026-06-23T13:18:30.564843,292243,87
2026-06-23T13:18:30.564919,292244,91
2026-06-23T13:18:30.564993,292245,94
2026-06-23T13:18:30.565066,292246,94
2026-06-23T13:18:30.565139,292247,92
2026-06-23T13:18:30.565211,292248,92
2026-06-23T13:18:30.565283,292249,93
2026-06-23T13:18:30.574908,292250,93
2026-06-23T13:18:30.574999,292251,92
2026-06-23T13:18:30.575071,292252,91
2026-06-23T13:18:30.575143,292253,90
2026-06-23T13:18:30.575214,292254,89
2026-06-23T13:18:30.575285,292254,88
2026-06-23T13:18:30.575356,292255,87
2026-06-23T13:18:30.575427,292256,87
2026-06-23T13:18:30.575498,292257,86
2026-06-23T13:18:30.575569,292258,88
2026-06-23T13:18:30.585292,292259,84
2026-06-23T13:18:30.585396,292260,83
2026-06-23T13:18:30.585468,292261,82
2026-06-23T13:18:30.585540,292262,83
2026-06-23T13:18:30.585612,292263,82
2026-06-23T13:18:30.585684,292264,81
2026-06-23T13:18:30.585756,292265,80
2026-06-23T13:18:30.585827,292266,79
2026-06-23T13:18:30.585899,292267,78
2026-06-23T13:18:30.585971,292268,79
2026-06-23T13:18:30.586042,292269,81
2026-06-23T13:18:30.595681,292270,81
2026-06-23T13:18:30.595765,292271,81
2026-06-23T13:18:30.595839,292272,80
2026-06-23T13:18:30.595910,292273,80
2026-06-23T13:18:30.595982,292274,80
2026-06-23T13:18:30.596053,292275,80
2026-06-23T13:18:30.596124,292275,79
2026-06-23T13:18:30.596194,292276,78
2026-06-23T13:18:30.596265,292277,77
2026-06-23T13:18:30.596337,292278,76
2026-06-23T13:18:30.596410,292279,75
2026-06-23T13:18:30.606171,292280,75
2026-06-23T13:18:30.606311,292281,74
2026-06-23T13:18:30.606395,292282,73
2026-06-23T13:18:30.606476,292283,72
2026-06-23T13:18:30.606551,292284,71
2026-06-23T13:18:30.606625,292285,72
2026-06-23T13:18:30.606698,292286,72
2026-06-23T13:18:30.606774,292287,71
2026-06-23T13:18:30.606850,292288,69
2026-06-23T13:18:30.606925,292289,69
2026-06-23T13:18:30.606999,292290,68
2026-06-23T13:18:30.616544,292291,67
2026-06-23T13:18:30.616673,292292,66
2026-06-23T13:18:30.616741,292293,66
2026-06-23T13:18:30.616803,292294,66
2026-06-23T13:18:30.616863,292295,67
2026-06-23T13:18:30.616923,292296,69
2026-06-23T13:18:30.616984,292297,71
2026-06-23T13:18:30.617043,292297,72
2026-06-23T13:18:30.617102,292298,73
2026-06-23T13:18:30.617160,292299,72
2026-06-23T13:18:30.617229,292300,73
2026-06-23T13:18:30.627026,292301,75
2026-06-23T13:18:30.627149,292302,76
2026-06-23T13:18:30.627229,292303,76
2026-06-23T13:18:30.627304,292304,76
2026-06-23T13:18:30.627378,292305,76
2026-06-23T13:18:30.627456,292306,76
2026-06-23T13:18:30.627529,292307,76
2026-06-23T13:18:30.627604,292308,75
2026-06-23T13:18:30.627681,292309,75
2026-06-23T13:18:30.627754,292310,79
2026-06-23T13:18:30.627827,292311,80
2026-06-23T13:18:30.637470,292312,80
2026-06-23T13:18:30.637577,292313,81
2026-06-23T13:18:30.637640,292314,78
2026-06-23T13:18:30.637701,292315,78
2026-06-23T13:18:30.637761,292316,77
2026-06-23T13:18:30.637822,292317,77
2026-06-23T13:18:30.637886,292318,77
2026-06-23T13:18:30.637947,292318,76
2026-06-23T13:18:30.638007,292319,75
2026-06-23T13:18:30.638066,292320,76
2026-06-23T13:18:30.638125,292321,77
2026-06-23T13:18:30.647920,292322,79
2026-06-23T13:18:30.648019,292323,81
2026-06-23T13:18:30.648078,292324,84
2026-06-23T13:18:30.648161,292325,83
2026-06-23T13:18:30.648228,292326,85
2026-06-23T13:18:30.648285,292327,87
2026-06-23T13:18:30.648338,292328,87
2026-06-23T13:18:30.648391,292329,90
2026-06-23T13:18:30.648443,292330,89
2026-06-23T13:18:30.648495,292331,89
2026-06-23T13:18:30.648545,292332,89
2026-06-23T13:18:30.658376,292333,89
2026-06-23T13:18:30.658496,292334,90
2026-06-23T13:18:30.658581,292335,91
2026-06-23T13:18:30.658708,292336,92
2026-06-23T13:18:30.658762,292337,91
2026-06-23T13:18:30.658822,292338,91
2026-06-23T13:18:30.658871,292339,92
2026-06-23T13:18:30.658918,292339,94
2026-06-23T13:18:30.658987,292340,93
2026-06-23T13:18:30.659052,292341,93
2026-06-23T13:18:30.659101,292342,95
2026-06-23T13:18:30.668749,292343,95
2026-06-23T13:18:30.668826,292344,94
2026-06-23T13:18:30.668868,292345,93
2026-06-23T13:18:30.668909,292346,92
2026-06-23T13:18:30.668949,292347,93
2026-06-23T13:18:30.668989,292348,94
2026-06-23T13:18:30.669028,292349,95
2026-06-23T13:18:30.669066,292350,95
2026-06-23T13:18:30.669105,292351,93
2026-06-23T13:18:30.669143,292352,92
2026-06-23T13:18:30.669182,292353,92
2026-06-23T13:18:30.679275,292354,92
2026-06-23T13:18:30.679403,292355,91
2026-06-23T13:18:30.679505,292356,90
2026-06-23T13:18:30.679600,292357,89
2026-06-23T13:18:30.679696,292358,89
2026-06-23T13:18:30.679791,292359,88
2026-06-23T13:18:30.679885,292360,87
2026-06-23T13:18:30.679977,292361,87
2026-06-23T13:18:30.680071,292361,86
2026-06-23T13:18:30.680163,292362,86
2026-06-23T13:18:30.680256,292363,85
2026-06-23T13:18:30.689704,292364,84
2026-06-23T13:18:30.689800,292365,84
2026-06-23T13:18:30.689882,292366,84
2026-06-23T13:18:30.689955,292367,86
2026-06-23T13:18:30.690027,292368,86
2026-06-23T13:18:30.690102,292369,87
2026-06-23T13:18:30.690174,292370,86
2026-06-23T13:18:30.690246,292371,86
2026-06-23T13:18:30.690317,292372,87
2026-06-23T13:18:30.690390,292373,85
2026-06-23T13:18:30.700044,292374,85
2026-06-23T13:18:30.700161,292375,84
2026-06-23T13:18:30.700257,292376,84
2026-06-23T13:18:30.700351,292377,83
2026-06-23T13:18:30.700443,292378,82
2026-06-23T13:18:30.700535,292379,82
2026-06-23T13:18:30.700625,292380,82
2026-06-23T13:18:30.700716,292381,85
2026-06-23T13:18:30.700808,292382,86
2026-06-23T13:18:30.700899,292382,87
2026-06-23T13:18:30.700989,292383,88
2026-06-23T13:18:30.710519,292384,89
2026-06-23T13:18:30.710622,292385,91
2026-06-23T13:18:30.710699,292386,91
2026-06-23T13:18:30.710773,292387,92
2026-06-23T13:18:30.710846,292388,93
2026-06-23T13:18:30.710918,292389,93
2026-06-23T13:18:30.710989,292390,94
2026-06-23T13:18:30.711063,292391,96
2026-06-23T13:18:30.711135,292392,95
2026-06-23T13:18:30.711208,292393,96
2026-06-23T13:18:30.711278,292394,97
2026-06-23T13:18:30.721002,292395,98
2026-06-23T13:18:30.721100,292396,98
2026-06-23T13:18:30.721174,292397,97
2026-06-23T13:18:30.721247,292398,96
2026-06-23T13:18:30.721319,292399,95
2026-06-23T13:18:30.721390,292400,94
2026-06-23T13:18:30.721461,292401,94
2026-06-23T13:18:30.721533,292402,95
2026-06-23T13:18:30.721604,292403,94
2026-06-23T13:18:30.721675,292403,93
2026-06-23T13:18:30.721746,292404,92
2026-06-23T13:18:30.731487,292405,91
2026-06-23T13:18:30.731579,292406,90
2026-06-23T13:18:30.731658,292407,89
2026-06-23T13:18:30.731733,292408,87
2026-06-23T13:18:30.731806,292409,86
2026-06-23T13:18:30.731882,292410,86
2026-06-23T13:18:30.731954,292411,86
2026-06-23T13:18:30.732026,292412,85
2026-06-23T13:18:30.732098,292413,85
2026-06-23T13:18:30.732169,292414,84
2026-06-23T13:18:30.732241,292415,83
2026-06-23T13:18:30.741946,292416,81
2026-06-23T13:18:30.742039,292417,80
2026-06-23T13:18:30.742112,292418,80
2026-06-23T13:18:30.742184,292419,79
2026-06-23T13:18:30.742302,292420,79
2026-06-23T13:18:30.742406,292421,78
2026-06-23T13:18:30.742518,292422,77
2026-06-23T13:18:30.742608,292423,76
2026-06-23T13:18:30.742683,292424,76
2026-06-23T13:18:30.742758,292425,75
2026-06-23T13:18:30.742831,292425,75
2026-06-23T13:18:30.752313,292426,75
2026-06-23T13:18:30.752405,292427,75
2026-06-23T13:18:30.752478,292428,75
2026-06-23T13:18:30.752550,292429,74
2026-06-23T13:18:30.752622,292430,73
2026-06-23T13:18:30.752695,292431,73
2026-06-23T13:18:30.752766,292432,73
2026-06-23T13:18:30.752837,292433,72
2026-06-23T13:18:30.752908,292434,76
2026-06-23T13:18:30.752979,292435,81
2026-06-23T13:18:30.753051,292436,85
2026-06-23T13:18:30.762776,292437,84
2026-06-23T13:18:30.762886,292438,85
2026-06-23T13:18:30.762979,292439,85
2026-06-23T13:18:30.763072,292440,85
2026-06-23T13:18:30.763163,292441,84
2026-06-23T13:18:30.763260,292442,85
2026-06-23T13:18:30.763352,292443,84
2026-06-23T13:18:30.763453,292444,83
2026-06-23T13:18:30.763546,292445,82
2026-06-23T13:18:30.763637,292446,83
2026-06-23T13:18:30.763729,292446,85
2026-06-23T13:18:30.773217,292447,87
2026-06-23T13:18:30.773310,292448,88
2026-06-23T13:18:30.773384,292449,89
2026-06-23T13:18:30.773460,292450,90
2026-06-23T13:18:30.773532,292451,90
2026-06-23T13:18:30.773603,292452,89
2026-06-23T13:18:30.773675,292453,88
2026-06-23T13:18:30.773746,292454,89
2026-06-23T13:18:30.773818,292455,88
2026-06-23T13:18:30.773894,292456,88
2026-06-23T13:18:30.773966,292457,86
